date,USA_central_bank_rate_value,USA_central_bank_rate_days_since_update,UK_central_bank_rate_value,UK_central_bank_rate_days_since_update,UK_central_bank_rate_value_sqrt,USA_central_bank_rate_value_sqrt
2014-01-01,,,,,,
2014-01-02,0.07,0.0,,,,0.2645751311064591
2014-01-03,0.08,0.0,,,,0.282842712474619
2014-01-06,0.08,0.0,,,,0.282842712474619
2014-01-07,0.08,0.0,,,,0.282842712474619
2014-01-08,0.07,0.0,,,,0.2645751311064591
2014-01-09,0.07,0.0,,,,0.2645751311064591
2014-01-10,0.07,0.0,,,,0.2645751311064591
2014-01-13,0.07,0.0,,,,0.2645751311064591
2014-01-14,0.07,0.0,,,,0.2645751311064591
2014-01-15,0.07,0.0,,,,0.2645751311064591
2014-01-16,0.07,0.0,,,,0.2645751311064591
2014-01-17,0.07,0.0,,,,0.2645751311064591
2014-01-20,0.07,3.0,,,,0.2645751311064591
2014-01-21,0.07,4.0,,,,0.2645751311064591
2014-01-22,0.07,0.0,,,,0.2645751311064591
2014-01-23,0.07,0.0,,,,0.2645751311064591
2014-01-24,0.07,0.0,,,,0.2645751311064591
2014-01-27,0.07,0.0,,,,0.2645751311064591
2014-01-28,0.07,0.0,,,,0.2645751311064591
2014-01-29,0.07,0.0,,,,0.2645751311064591
2014-01-30,0.07,0.0,,,,0.2645751311064591
2014-01-31,0.07,0.0,,,,0.2645751311064591
2014-02-03,0.07,0.0,,,,0.2645751311064591
2014-02-04,0.07,0.0,,,,0.2645751311064591
2014-02-05,0.07,0.0,,,,0.2645751311064591
2014-02-06,0.07,0.0,,,,0.2645751311064591
2014-02-07,0.07,0.0,,,,0.2645751311064591
2014-02-10,0.06,0.0,,,,0.2449489742783178
2014-02-11,0.06,0.0,,,,0.2449489742783178
2014-02-12,0.06,0.0,,,,0.2449489742783178
2014-02-13,0.06,1.0,,,,0.2449489742783178
2014-02-14,0.06,0.0,,,,0.2449489742783178
2014-02-17,0.06,3.0,,,,0.2449489742783178
2014-02-18,0.06,0.0,,,,0.2449489742783178
2014-02-19,0.07,0.0,,,,0.2645751311064591
2014-02-20,0.07,0.0,,,,0.2645751311064591
2014-02-21,0.07,0.0,,,,0.2645751311064591
2014-02-24,0.07,0.0,,,,0.2645751311064591
2014-02-25,0.07,0.0,,,,0.2645751311064591
2014-02-26,0.07,0.0,,,,0.2645751311064591
2014-02-27,0.07,0.0,,,,0.2645751311064591
2014-02-28,0.07,0.0,,,,0.2645751311064591
2014-03-03,0.07,3.0,,,,0.2645751311064591
2014-03-04,0.07,0.0,,,,0.2645751311064591
2014-03-05,0.07,0.0,,,,0.2645751311064591
2014-03-06,0.08,0.0,,,,0.282842712474619
2014-03-07,0.08,0.0,,,,0.282842712474619
2014-03-10,0.08,0.0,,,,0.282842712474619
2014-03-11,0.08,0.0,,,,0.282842712474619
2014-03-12,0.08,0.0,,,,0.282842712474619
2014-03-13,0.08,0.0,,,,0.282842712474619
2014-03-14,0.08,0.0,,,,0.282842712474619
2014-03-17,0.08,3.0,,,,0.282842712474619
2014-03-18,0.08,0.0,,,,0.282842712474619
2014-03-19,0.08,0.0,,,,0.282842712474619
2014-03-20,0.08,0.0,,,,0.282842712474619
2014-03-21,0.08,0.0,,,,0.282842712474619
2014-03-24,0.08,0.0,,,,0.282842712474619
2014-03-25,0.09,0.0,,,,0.3
2014-03-26,0.09,0.0,,,,0.3
2014-03-27,0.08,0.0,,,,0.282842712474619
2014-03-28,0.08,0.0,,,,0.282842712474619
2014-03-31,0.08,0.0,,,,0.282842712474619
2014-04-01,0.08,0.0,,,,0.282842712474619
2014-04-02,0.08,0.0,,,,0.282842712474619
2014-04-03,0.09,0.0,,,,0.3
2014-04-04,0.08,0.0,,,,0.282842712474619
2014-04-07,0.08,0.0,,,,0.282842712474619
2014-04-08,0.08,0.0,,,,0.282842712474619
2014-04-09,0.08,0.0,,,,0.282842712474619
2014-04-10,0.08,0.0,,,,0.282842712474619
2014-04-11,0.08,0.0,,,,0.282842712474619
2014-04-14,0.09,0.0,,,,0.3
2014-04-15,0.09,0.0,,,,0.3
2014-04-16,0.1,0.0,,,,0.31622776601683794
2014-04-17,0.09,0.0,,,,0.3
2014-04-18,0.09,0.0,,,,0.3
2014-04-21,0.1,0.0,,,,0.31622776601683794
2014-04-22,0.1,0.0,,,,0.31622776601683794
2014-04-23,0.1,0.0,,,,0.31622776601683794
2014-04-24,0.1,0.0,,,,0.31622776601683794
2014-04-25,0.1,0.0,,,,0.31622776601683794
2014-04-28,0.09,0.0,,,,0.3
2014-04-29,0.09,0.0,,,,0.3
2014-04-30,0.1,0.0,,,,0.31622776601683794
2014-05-01,0.09,0.0,,,,0.3
2014-05-02,0.09,0.0,,,,0.3
2014-05-05,0.09,0.0,,,,0.3
2014-05-06,0.09,0.0,,,,0.3
2014-05-07,0.09,0.0,,,,0.3
2014-05-08,0.08,0.0,,,,0.282842712474619
2014-05-09,0.08,0.0,,,,0.282842712474619
2014-05-12,0.08,0.0,,,,0.282842712474619
2014-05-13,0.08,0.0,,,,0.282842712474619
2014-05-14,0.09,0.0,,,,0.3
2014-05-15,0.08,0.0,,,,0.282842712474619
2014-05-16,0.09,0.0,,,,0.3
2014-05-19,0.09,0.0,,,,0.3
2014-05-20,0.09,0.0,,,,0.3
2014-05-21,0.09,0.0,,,,0.3
2014-05-22,0.09,0.0,,,,0.3
2014-05-23,0.09,0.0,,,,0.3
2014-05-26,0.09,3.0,,,,0.3
2014-05-27,0.09,0.0,,,,0.3
2014-05-28,0.09,0.0,,,,0.3
2014-05-29,0.09,0.0,,,,0.3
2014-05-30,0.09,0.0,,,,0.3
2014-06-02,0.09,3.0,,,,0.3
2014-06-03,0.09,0.0,,,,0.3
2014-06-04,0.1,0.0,,,,0.31622776601683794
2014-06-05,0.09,0.0,,,,0.3
2014-06-06,0.09,0.0,,,,0.3
2014-06-09,0.09,0.0,,,,0.3
2014-06-10,0.09,0.0,,,,0.3
2014-06-11,0.09,0.0,,,,0.3
2014-06-12,0.09,0.0,,,,0.3
2014-06-13,0.09,0.0,,,,0.3
2014-06-16,0.1,0.0,,,,0.31622776601683794
2014-06-17,0.1,0.0,,,,0.31622776601683794
2014-06-18,0.1,0.0,,,,0.31622776601683794
2014-06-19,0.1,0.0,,,,0.31622776601683794
2014-06-20,0.1,0.0,,,,0.31622776601683794
2014-06-23,0.1,0.0,,,,0.31622776601683794
2014-06-24,0.1,0.0,,,,0.31622776601683794
2014-06-25,0.1,0.0,,,,0.31622776601683794
2014-06-26,0.1,0.0,,,,0.31622776601683794
2014-06-27,0.1,0.0,,,,0.31622776601683794
2014-06-30,0.1,0.0,,,,0.31622776601683794
2014-07-01,0.1,0.0,,,,0.31622776601683794
2014-07-02,0.1,0.0,,,,0.31622776601683794
2014-07-03,0.1,0.0,,,,0.31622776601683794
2014-07-04,0.1,1.0,,,,0.31622776601683794
2014-07-07,0.09,0.0,,,,0.3
2014-07-08,0.1,0.0,,,,0.31622776601683794
2014-07-09,0.09,0.0,,,,0.3
2014-07-10,0.09,0.0,,,,0.3
2014-07-11,0.09,0.0,,,,0.3
2014-07-14,0.09,0.0,,,,0.3
2014-07-15,0.09,0.0,,,,0.3
2014-07-16,0.09,0.0,,,,0.3
2014-07-17,0.09,0.0,,,,0.3
2014-07-18,0.09,0.0,,,,0.3
2014-07-21,0.09,0.0,,,,0.3
2014-07-22,0.09,0.0,,,,0.3
2014-07-23,0.09,0.0,,,,0.3
2014-07-24,0.09,0.0,,,,0.3
2014-07-25,0.09,0.0,,,,0.3
2014-07-28,0.09,0.0,,,,0.3
2014-07-29,0.09,0.0,,,,0.3
2014-07-30,0.09,0.0,,,,0.3
2014-07-31,0.09,0.0,,,,0.3
2014-08-01,0.08,0.0,,,,0.282842712474619
2014-08-04,0.09,0.0,,,,0.3
2014-08-05,0.09,0.0,,,,0.3
2014-08-06,0.09,0.0,,,,0.3
2014-08-07,0.09,0.0,,,,0.3
2014-08-08,0.09,0.0,,,,0.3
2014-08-11,0.09,0.0,,,,0.3
2014-08-12,0.09,0.0,,,,0.3
2014-08-13,0.09,0.0,,,,0.3
2014-08-14,0.09,0.0,,,,0.3
2014-08-15,0.09,0.0,,,,0.3
2014-08-18,0.09,0.0,,,,0.3
2014-08-19,0.09,0.0,,,,0.3
2014-08-20,0.09,0.0,,,,0.3
2014-08-21,0.09,0.0,,,,0.3
2014-08-22,0.09,0.0,,,,0.3
2014-08-25,0.09,0.0,,,,0.3
2014-08-26,0.09,0.0,,,,0.3
2014-08-27,0.09,0.0,,,,0.3
2014-08-28,0.09,0.0,,,,0.3
2014-08-29,0.09,0.0,,,,0.3
2014-09-01,0.09,3.0,,,,0.3
2014-09-02,0.07,0.0,,,,0.2645751311064591
2014-09-03,0.09,0.0,,,,0.3
2014-09-04,0.09,0.0,,,,0.3
2014-09-05,0.09,0.0,,,,0.3
2014-09-08,0.09,0.0,,,,0.3
2014-09-09,0.09,0.0,,,,0.3
2014-09-10,0.09,0.0,,,,0.3
2014-09-11,0.09,0.0,,,,0.3
2014-09-12,0.09,0.0,,,,0.3
2014-09-15,0.09,0.0,,,,0.3
2014-09-16,0.09,0.0,,,,0.3
2014-09-17,0.09,0.0,,,,0.3
2014-09-18,0.09,1.0,,,,0.3
2014-09-19,0.09,0.0,,,,0.3
2014-09-22,0.09,0.0,,,,0.3
2014-09-23,0.09,0.0,,,,0.3
2014-09-24,0.09,0.0,,,,0.3
2014-09-25,0.09,0.0,,,,0.3
2014-09-26,0.09,0.0,,,,0.3
2014-09-29,0.09,0.0,,,,0.3
2014-09-30,0.08,0.0,,,,0.282842712474619
2014-10-01,0.07,0.0,,,,0.2645751311064591
2014-10-02,0.09,0.0,,,,0.3
2014-10-03,0.09,0.0,,,,0.3
2014-10-06,0.09,0.0,,,,0.3
2014-10-07,0.09,0.0,,,,0.3
2014-10-08,0.09,0.0,,,,0.3
2014-10-09,0.09,0.0,,,,0.3
2014-10-10,0.08,0.0,,,,0.282842712474619
2014-10-13,0.08,3.0,,,,0.282842712474619
2014-10-14,0.09,0.0,,,,0.3
2014-10-15,0.09,0.0,,,,0.3
2014-10-16,0.09,0.0,,,,0.3
2014-10-17,0.09,0.0,,,,0.3
2014-10-20,0.09,0.0,,,,0.3
2014-10-21,0.09,0.0,,,,0.3
2014-10-22,0.09,0.0,,,,0.3
2014-10-23,0.09,0.0,,,,0.3
2014-10-24,0.09,0.0,,,,0.3
2014-10-27,0.09,0.0,,,,0.3
2014-10-28,0.09,0.0,,,,0.3
2014-10-29,0.09,0.0,,,,0.3
2014-10-30,0.09,0.0,,,,0.3
2014-10-31,0.09,0.0,,,,0.3
2014-11-03,0.07,0.0,0.422,0.0,0.6496152707564686,0.2645751311064591
2014-11-04,0.09,0.0,0.422,1.0,0.6496152707564686,0.3
2014-11-05,0.1,0.0,0.422,2.0,0.6496152707564686,0.31622776601683794
2014-11-06,0.09,0.0,0.422,3.0,0.6496152707564686,0.3
2014-11-07,0.09,0.0,0.422,4.0,0.6496152707564686,0.3
2014-11-10,0.09,0.0,0.422,7.0,0.6496152707564686,0.3
2014-11-11,0.09,1.0,0.422,8.0,0.6496152707564686,0.3
2014-11-12,0.09,0.0,0.422,9.0,0.6496152707564686,0.3
2014-11-13,0.09,0.0,0.422,10.0,0.6496152707564686,0.3
2014-11-14,0.09,0.0,0.422,11.0,0.6496152707564686,0.3
2014-11-17,0.09,0.0,0.422,14.0,0.6496152707564686,0.3
2014-11-18,0.09,0.0,0.422,15.0,0.6496152707564686,0.3
2014-11-19,0.11,0.0,0.422,16.0,0.6496152707564686,0.33166247903553997
2014-11-20,0.1,0.0,0.422,17.0,0.6496152707564686,0.31622776601683794
2014-11-21,0.1,0.0,0.422,18.0,0.6496152707564686,0.31622776601683794
2014-11-24,0.1,0.0,0.422,21.0,0.6496152707564686,0.31622776601683794
2014-11-25,0.1,0.0,0.422,22.0,0.6496152707564686,0.31622776601683794
2014-11-26,0.1,0.0,0.422,23.0,0.6496152707564686,0.31622776601683794
2014-11-27,0.1,1.0,0.422,24.0,0.6496152707564686,0.31622776601683794
2014-11-28,0.1,0.0,0.422,25.0,0.6496152707564686,0.31622776601683794
2014-12-01,0.08,0.0,0.4314,0.0,0.656810474946921,0.282842712474619
2014-12-02,0.08,0.0,0.4314,1.0,0.656810474946921,0.282842712474619
2014-12-03,0.12,0.0,0.4314,2.0,0.656810474946921,0.34641016151377546
2014-12-04,0.12,0.0,0.4314,3.0,0.656810474946921,0.34641016151377546
2014-12-05,0.12,0.0,0.4314,4.0,0.656810474946921,0.34641016151377546
2014-12-08,0.12,0.0,0.4314,7.0,0.656810474946921,0.34641016151377546
2014-12-09,0.12,0.0,0.4314,8.0,0.656810474946921,0.34641016151377546
2014-12-10,0.12,0.0,0.4314,9.0,0.656810474946921,0.34641016151377546
2014-12-11,0.12,0.0,0.4314,10.0,0.656810474946921,0.34641016151377546
2014-12-12,0.12,0.0,0.4314,11.0,0.656810474946921,0.34641016151377546
2014-12-15,0.12,0.0,0.4314,14.0,0.656810474946921,0.34641016151377546
2014-12-16,0.11,0.0,0.4314,15.0,0.656810474946921,0.33166247903553997
2014-12-17,0.12,0.0,0.4314,16.0,0.656810474946921,0.34641016151377546
2014-12-18,0.13,0.0,0.4314,17.0,0.656810474946921,0.36055512754639896
2014-12-19,0.13,0.0,0.4314,18.0,0.656810474946921,0.36055512754639896
2014-12-22,0.13,0.0,0.4314,21.0,0.656810474946921,0.36055512754639896
2014-12-23,0.13,0.0,0.4314,22.0,0.656810474946921,0.36055512754639896
2014-12-24,0.13,0.0,0.4314,23.0,0.656810474946921,0.36055512754639896
2014-12-25,0.13,1.0,0.4314,24.0,0.656810474946921,0.36055512754639896
2014-12-26,0.13,2.0,0.4314,25.0,0.656810474946921,0.36055512754639896
2014-12-29,0.13,0.0,0.4314,28.0,0.656810474946921,0.36055512754639896
2014-12-30,0.13,0.0,0.4314,29.0,0.656810474946921,0.36055512754639896
2014-12-31,0.13,0.0,0.4314,30.0,0.656810474946921,0.36055512754639896
2015-01-01,0.13,1.0,0.4314,31.0,0.656810474946921,0.36055512754639896
2015-01-02,0.13,2.0,0.4326,0.0,0.6577233460962139,0.36055512754639896
2015-01-05,0.06,0.0,0.4326,3.0,0.6577233460962139,0.2449489742783178
2015-01-06,0.12,0.0,0.4326,0.0,0.6577233460962139,0.34641016151377546
2015-01-07,0.12,0.0,0.4326,1.0,0.6577233460962139,0.34641016151377546
2015-01-08,0.12,0.0,0.4326,2.0,0.6577233460962139,0.34641016151377546
2015-01-09,0.12,0.0,0.4326,3.0,0.6577233460962139,0.34641016151377546
2015-01-12,0.12,0.0,0.4326,6.0,0.6577233460962139,0.34641016151377546
2015-01-13,0.12,0.0,0.4326,7.0,0.6577233460962139,0.34641016151377546
2015-01-14,0.12,0.0,0.4326,8.0,0.6577233460962139,0.34641016151377546
2015-01-15,0.12,0.0,0.4326,9.0,0.6577233460962139,0.34641016151377546
2015-01-16,0.12,0.0,0.4326,10.0,0.6577233460962139,0.34641016151377546
2015-01-19,0.12,3.0,0.4326,13.0,0.6577233460962139,0.34641016151377546
2015-01-20,0.12,0.0,0.4326,14.0,0.6577233460962139,0.34641016151377546
2015-01-21,0.13,0.0,0.4326,15.0,0.6577233460962139,0.36055512754639896
2015-01-22,0.12,0.0,0.4326,16.0,0.6577233460962139,0.34641016151377546
2015-01-23,0.12,0.0,0.4326,17.0,0.6577233460962139,0.34641016151377546
2015-01-26,0.12,0.0,0.4326,20.0,0.6577233460962139,0.34641016151377546
2015-01-27,0.12,0.0,0.4326,21.0,0.6577233460962139,0.34641016151377546
2015-01-28,0.11,0.0,0.4326,22.0,0.6577233460962139,0.33166247903553997
2015-01-29,0.12,0.0,0.4326,23.0,0.6577233460962139,0.34641016151377546
2015-01-30,0.11,0.0,0.4326,24.0,0.6577233460962139,0.33166247903553997
2015-02-02,0.06,0.0,0.4326,27.0,0.6577233460962139,0.2449489742783178
2015-02-03,0.12,0.0,0.4281,0.0,0.6542935121182236,0.34641016151377546
2015-02-04,0.12,0.0,0.4281,1.0,0.6542935121182236,0.34641016151377546
2015-02-05,0.11,0.0,0.4281,2.0,0.6542935121182236,0.33166247903553997
2015-02-06,0.12,0.0,0.4281,3.0,0.6542935121182236,0.34641016151377546
2015-02-09,0.11,0.0,0.4281,6.0,0.6542935121182236,0.33166247903553997
2015-02-10,0.12,0.0,0.4281,7.0,0.6542935121182236,0.34641016151377546
2015-02-11,0.12,0.0,0.4281,8.0,0.6542935121182236,0.34641016151377546
2015-02-12,0.12,0.0,0.4281,9.0,0.6542935121182236,0.34641016151377546
2015-02-13,0.12,0.0,0.4281,10.0,0.6542935121182236,0.34641016151377546
2015-02-16,0.12,3.0,0.4281,13.0,0.6542935121182236,0.34641016151377546
2015-02-17,0.12,4.0,0.4281,14.0,0.6542935121182236,0.34641016151377546
2015-02-18,0.12,0.0,0.4281,15.0,0.6542935121182236,0.34641016151377546
2015-02-19,0.12,0.0,0.4281,16.0,0.6542935121182236,0.34641016151377546
2015-02-20,0.12,0.0,0.4281,17.0,0.6542935121182236,0.34641016151377546
2015-02-23,0.12,0.0,0.4281,20.0,0.6542935121182236,0.34641016151377546
2015-02-24,0.11,0.0,0.4281,21.0,0.6542935121182236,0.33166247903553997
2015-02-25,0.11,0.0,0.4281,22.0,0.6542935121182236,0.33166247903553997
2015-02-26,0.11,0.0,0.4281,23.0,0.6542935121182236,0.33166247903553997
2015-02-27,0.11,0.0,0.4281,24.0,0.6542935121182236,0.33166247903553997
2015-03-02,0.06,0.0,0.435,0.0,0.6595452979136459,0.2449489742783178
2015-03-03,0.12,0.0,0.435,1.0,0.6595452979136459,0.34641016151377546
2015-03-04,0.12,0.0,0.435,2.0,0.6595452979136459,0.34641016151377546
2015-03-05,0.12,1.0,0.435,3.0,0.6595452979136459,0.34641016151377546
2015-03-06,0.11,0.0,0.435,4.0,0.6595452979136459,0.33166247903553997
2015-03-09,0.12,0.0,0.435,7.0,0.6595452979136459,0.34641016151377546
2015-03-10,0.12,0.0,0.435,8.0,0.6595452979136459,0.34641016151377546
2015-03-11,0.12,0.0,0.435,9.0,0.6595452979136459,0.34641016151377546
2015-03-12,0.11,0.0,0.435,10.0,0.6595452979136459,0.33166247903553997
2015-03-13,0.11,0.0,0.435,11.0,0.6595452979136459,0.33166247903553997
2015-03-16,0.11,0.0,0.435,14.0,0.6595452979136459,0.33166247903553997
2015-03-17,0.12,0.0,0.435,15.0,0.6595452979136459,0.34641016151377546
2015-03-18,0.12,0.0,0.435,16.0,0.6595452979136459,0.34641016151377546
2015-03-19,0.11,0.0,0.435,17.0,0.6595452979136459,0.33166247903553997
2015-03-20,0.12,0.0,0.435,18.0,0.6595452979136459,0.34641016151377546
2015-03-23,0.12,0.0,0.435,21.0,0.6595452979136459,0.34641016151377546
2015-03-24,0.12,0.0,0.435,22.0,0.6595452979136459,0.34641016151377546
2015-03-25,0.11,0.0,0.435,23.0,0.6595452979136459,0.33166247903553997
2015-03-26,0.12,0.0,0.435,24.0,0.6595452979136459,0.34641016151377546
2015-03-27,0.11,0.0,0.435,25.0,0.6595452979136459,0.33166247903553997
2015-03-30,0.12,0.0,0.435,28.0,0.6595452979136459,0.34641016151377546
2015-03-31,0.12,0.0,0.435,29.0,0.6595452979136459,0.34641016151377546
2015-04-01,0.06,0.0,0.4318,0.0,0.6571149062378665,0.2449489742783178
2015-04-02,0.12,0.0,0.4318,1.0,0.6571149062378665,0.34641016151377546
2015-04-03,0.12,1.0,0.4318,2.0,0.6571149062378665,0.34641016151377546
2015-04-06,0.12,0.0,0.4318,5.0,0.6571149062378665,0.34641016151377546
2015-04-07,0.13,0.0,0.4318,6.0,0.6571149062378665,0.36055512754639896
2015-04-08,0.12,0.0,0.4318,7.0,0.6571149062378665,0.34641016151377546
2015-04-09,0.12,0.0,0.4318,8.0,0.6571149062378665,0.34641016151377546
2015-04-10,0.12,0.0,0.4318,9.0,0.6571149062378665,0.34641016151377546
2015-04-13,0.12,0.0,0.4318,12.0,0.6571149062378665,0.34641016151377546
2015-04-14,0.12,0.0,0.4318,13.0,0.6571149062378665,0.34641016151377546
2015-04-15,0.13,0.0,0.4318,14.0,0.6571149062378665,0.36055512754639896
2015-04-16,0.13,0.0,0.4318,15.0,0.6571149062378665,0.36055512754639896
2015-04-17,0.13,0.0,0.4318,16.0,0.6571149062378665,0.36055512754639896
2015-04-20,0.13,0.0,0.4318,19.0,0.6571149062378665,0.36055512754639896
2015-04-21,0.13,0.0,0.4318,20.0,0.6571149062378665,0.36055512754639896
2015-04-22,0.13,0.0,0.4318,21.0,0.6571149062378665,0.36055512754639896
2015-04-23,0.13,0.0,0.4318,22.0,0.6571149062378665,0.36055512754639896
2015-04-24,0.13,0.0,0.4318,23.0,0.6571149062378665,0.36055512754639896
2015-04-27,0.13,0.0,0.4318,26.0,0.6571149062378665,0.36055512754639896
2015-04-28,0.13,0.0,0.4318,27.0,0.6571149062378665,0.36055512754639896
2015-04-29,0.13,0.0,0.4318,28.0,0.6571149062378665,0.36055512754639896
2015-04-30,0.13,0.0,0.4318,29.0,0.6571149062378665,0.36055512754639896
2015-05-01,0.08,0.0,0.4566,0.0,0.6757218362610461,0.282842712474619
2015-05-04,0.13,0.0,0.4566,3.0,0.6757218362610461,0.36055512754639896
2015-05-05,0.13,0.0,0.4566,4.0,0.6757218362610461,0.36055512754639896
2015-05-06,0.13,0.0,0.4566,5.0,0.6757218362610461,0.36055512754639896
2015-05-07,0.13,0.0,0.4566,6.0,0.6757218362610461,0.36055512754639896
2015-05-08,0.13,0.0,0.4566,7.0,0.6757218362610461,0.36055512754639896
2015-05-11,0.13,0.0,0.4566,10.0,0.6757218362610461,0.36055512754639896
2015-05-12,0.13,0.0,0.4566,11.0,0.6757218362610461,0.36055512754639896
2015-05-13,0.13,0.0,0.4566,12.0,0.6757218362610461,0.36055512754639896
2015-05-14,0.13,0.0,0.4566,13.0,0.6757218362610461,0.36055512754639896
2015-05-15,0.13,0.0,0.4566,14.0,0.6757218362610461,0.36055512754639896
2015-05-18,0.13,0.0,0.4566,17.0,0.6757218362610461,0.36055512754639896
2015-05-19,0.13,1.0,0.4566,18.0,0.6757218362610461,0.36055512754639896
2015-05-20,0.13,0.0,0.4566,19.0,0.6757218362610461,0.36055512754639896
2015-05-21,0.12,0.0,0.4566,20.0,0.6757218362610461,0.34641016151377546
2015-05-22,0.12,0.0,0.4566,21.0,0.6757218362610461,0.34641016151377546
2015-05-25,0.12,3.0,0.4566,24.0,0.6757218362610461,0.34641016151377546
2015-05-26,0.13,0.0,0.4566,25.0,0.6757218362610461,0.36055512754639896
2015-05-27,0.13,1.0,0.4566,26.0,0.6757218362610461,0.36055512754639896
2015-05-28,0.12,0.0,0.4566,27.0,0.6757218362610461,0.34641016151377546
2015-05-29,0.12,0.0,0.4566,28.0,0.6757218362610461,0.34641016151377546
2015-06-01,0.08,0.0,0.42,0.0,0.648074069840786,0.282842712474619
2015-06-02,0.08,0.0,0.42,1.0,0.648074069840786,0.282842712474619
2015-06-03,0.12,0.0,0.42,2.0,0.648074069840786,0.34641016151377546
2015-06-04,0.13,0.0,0.42,3.0,0.648074069840786,0.36055512754639896
2015-06-05,0.13,0.0,0.42,4.0,0.648074069840786,0.36055512754639896
2015-06-08,0.13,0.0,0.42,7.0,0.648074069840786,0.36055512754639896
2015-06-09,0.13,0.0,0.42,8.0,0.648074069840786,0.36055512754639896
2015-06-10,0.13,0.0,0.42,9.0,0.648074069840786,0.36055512754639896
2015-06-11,0.13,0.0,0.42,10.0,0.648074069840786,0.36055512754639896
2015-06-12,0.13,0.0,0.42,11.0,0.648074069840786,0.36055512754639896
2015-06-15,0.13,0.0,0.42,14.0,0.648074069840786,0.36055512754639896
2015-06-16,0.13,0.0,0.42,15.0,0.648074069840786,0.36055512754639896
2015-06-17,0.14,0.0,0.42,16.0,0.648074069840786,0.37416573867739417
2015-06-18,0.14,0.0,0.42,17.0,0.648074069840786,0.37416573867739417
2015-06-19,0.14,0.0,0.42,18.0,0.648074069840786,0.37416573867739417
2015-06-22,0.13,0.0,0.42,21.0,0.648074069840786,0.36055512754639896
2015-06-23,0.13,0.0,0.42,22.0,0.648074069840786,0.36055512754639896
2015-06-24,0.13,0.0,0.42,23.0,0.648074069840786,0.36055512754639896
2015-06-25,0.13,0.0,0.42,24.0,0.648074069840786,0.36055512754639896
2015-06-26,0.13,0.0,0.42,25.0,0.648074069840786,0.36055512754639896
2015-06-29,0.13,0.0,0.42,28.0,0.648074069840786,0.36055512754639896
2015-06-30,0.14,0.0,0.42,29.0,0.648074069840786,0.37416573867739417
2015-07-01,0.08,0.0,0.46,0.0,0.6782329983125268,0.282842712474619
2015-07-02,0.13,0.0,0.46,1.0,0.6782329983125268,0.36055512754639896
2015-07-03,0.13,1.0,0.46,2.0,0.6782329983125268,0.36055512754639896
2015-07-06,0.13,0.0,0.46,5.0,0.6782329983125268,0.36055512754639896
2015-07-07,0.13,0.0,0.46,6.0,0.6782329983125268,0.36055512754639896
2015-07-08,0.13,1.0,0.46,7.0,0.6782329983125268,0.36055512754639896
2015-07-09,0.13,0.0,0.46,8.0,0.6782329983125268,0.36055512754639896
2015-07-10,0.13,0.0,0.46,9.0,0.6782329983125268,0.36055512754639896
2015-07-13,0.13,0.0,0.46,12.0,0.6782329983125268,0.36055512754639896
2015-07-14,0.13,0.0,0.46,13.0,0.6782329983125268,0.36055512754639896
2015-07-15,0.13,0.0,0.46,14.0,0.6782329983125268,0.36055512754639896
2015-07-16,0.13,0.0,0.46,15.0,0.6782329983125268,0.36055512754639896
2015-07-17,0.14,0.0,0.46,16.0,0.6782329983125268,0.37416573867739417
2015-07-20,0.13,0.0,0.46,19.0,0.6782329983125268,0.36055512754639896
2015-07-21,0.14,0.0,0.46,20.0,0.6782329983125268,0.37416573867739417
2015-07-22,0.13,0.0,0.46,21.0,0.6782329983125268,0.36055512754639896
2015-07-23,0.13,0.0,0.46,22.0,0.6782329983125268,0.36055512754639896
2015-07-24,0.13,0.0,0.46,23.0,0.6782329983125268,0.36055512754639896
2015-07-27,0.13,0.0,0.46,26.0,0.6782329983125268,0.36055512754639896
2015-07-28,0.13,0.0,0.46,27.0,0.6782329983125268,0.36055512754639896
2015-07-29,0.14,0.0,0.46,28.0,0.6782329983125268,0.37416573867739417
2015-07-30,0.14,0.0,0.46,29.0,0.6782329983125268,0.37416573867739417
2015-07-31,0.14,0.0,0.46,30.0,0.6782329983125268,0.37416573867739417
2015-08-03,0.08,0.0,0.46,0.0,0.6782329983125268,0.282842712474619
2015-08-04,0.14,0.0,0.46,1.0,0.6782329983125268,0.37416573867739417
2015-08-05,0.14,0.0,0.46,2.0,0.6782329983125268,0.37416573867739417
2015-08-06,0.14,0.0,0.46,3.0,0.6782329983125268,0.37416573867739417
2015-08-07,0.14,0.0,0.46,4.0,0.6782329983125268,0.37416573867739417
2015-08-10,0.14,0.0,0.46,7.0,0.6782329983125268,0.37416573867739417
2015-08-11,0.14,0.0,0.46,8.0,0.6782329983125268,0.37416573867739417
2015-08-12,0.15,0.0,0.46,9.0,0.6782329983125268,0.3872983346207417
2015-08-13,0.15,0.0,0.46,10.0,0.6782329983125268,0.3872983346207417
2015-08-14,0.15,0.0,0.46,11.0,0.6782329983125268,0.3872983346207417
2015-08-17,0.14,0.0,0.46,14.0,0.6782329983125268,0.37416573867739417
2015-08-18,0.15,0.0,0.46,15.0,0.6782329983125268,0.3872983346207417
2015-08-19,0.15,0.0,0.46,16.0,0.6782329983125268,0.3872983346207417
2015-08-20,0.15,0.0,0.46,17.0,0.6782329983125268,0.3872983346207417
2015-08-21,0.15,0.0,0.46,18.0,0.6782329983125268,0.3872983346207417
2015-08-24,0.15,0.0,0.46,21.0,0.6782329983125268,0.3872983346207417
2015-08-25,0.15,0.0,0.46,22.0,0.6782329983125268,0.3872983346207417
2015-08-26,0.15,0.0,0.46,23.0,0.6782329983125268,0.3872983346207417
2015-08-27,0.14,0.0,0.46,24.0,0.6782329983125268,0.37416573867739417
2015-08-28,0.14,1.0,0.46,25.0,0.6782329983125268,0.37416573867739417
2015-08-31,0.14,0.0,0.46,28.0,0.6782329983125268,0.37416573867739417
2015-09-01,0.14,0.0,0.46,0.0,0.6782329983125268,0.37416573867739417
2015-09-02,0.14,0.0,0.46,1.0,0.6782329983125268,0.37416573867739417
2015-09-03,0.14,0.0,0.46,2.0,0.6782329983125268,0.37416573867739417
2015-09-04,0.14,1.0,0.46,3.0,0.6782329983125268,0.37416573867739417
2015-09-07,0.14,0.0,0.46,6.0,0.6782329983125268,0.37416573867739417
2015-09-08,0.14,0.0,0.46,7.0,0.6782329983125268,0.37416573867739417
2015-09-09,0.14,0.0,0.46,8.0,0.6782329983125268,0.37416573867739417
2015-09-10,0.14,0.0,0.46,9.0,0.6782329983125268,0.37416573867739417
2015-09-11,0.14,0.0,0.46,10.0,0.6782329983125268,0.37416573867739417
2015-09-14,0.14,0.0,0.46,13.0,0.6782329983125268,0.37416573867739417
2015-09-15,0.14,0.0,0.46,14.0,0.6782329983125268,0.37416573867739417
2015-09-16,0.14,0.0,0.46,15.0,0.6782329983125268,0.37416573867739417
2015-09-17,0.14,0.0,0.46,16.0,0.6782329983125268,0.37416573867739417
2015-09-18,0.14,0.0,0.46,17.0,0.6782329983125268,0.37416573867739417
2015-09-21,0.14,0.0,0.46,20.0,0.6782329983125268,0.37416573867739417
2015-09-22,0.14,0.0,0.46,21.0,0.6782329983125268,0.37416573867739417
2015-09-23,0.14,0.0,0.46,22.0,0.6782329983125268,0.37416573867739417
2015-09-24,0.14,0.0,0.46,23.0,0.6782329983125268,0.37416573867739417
2015-09-25,0.14,0.0,0.46,24.0,0.6782329983125268,0.37416573867739417
2015-09-28,0.13,0.0,0.46,27.0,0.6782329983125268,0.36055512754639896
2015-09-29,0.13,0.0,0.46,28.0,0.6782329983125268,0.36055512754639896
2015-09-30,0.13,0.0,0.46,29.0,0.6782329983125268,0.36055512754639896
2015-10-01,0.07,0.0,0.46,0.0,0.6782329983125268,0.2645751311064591
2015-10-02,0.13,0.0,0.46,1.0,0.6782329983125268,0.36055512754639896
2015-10-05,0.13,0.0,0.46,4.0,0.6782329983125268,0.36055512754639896
2015-10-06,0.13,0.0,0.46,5.0,0.6782329983125268,0.36055512754639896
2015-10-07,0.13,0.0,0.46,6.0,0.6782329983125268,0.36055512754639896
2015-10-08,0.13,0.0,0.46,7.0,0.6782329983125268,0.36055512754639896
2015-10-09,0.13,0.0,0.46,8.0,0.6782329983125268,0.36055512754639896
2015-10-12,0.13,3.0,0.46,11.0,0.6782329983125268,0.36055512754639896
2015-10-13,0.13,0.0,0.46,12.0,0.6782329983125268,0.36055512754639896
2015-10-14,0.13,0.0,0.46,13.0,0.6782329983125268,0.36055512754639896
2015-10-15,0.13,0.0,0.46,14.0,0.6782329983125268,0.36055512754639896
2015-10-16,0.13,0.0,0.46,15.0,0.6782329983125268,0.36055512754639896
2015-10-19,0.13,0.0,0.46,18.0,0.6782329983125268,0.36055512754639896
2015-10-20,0.13,0.0,0.46,19.0,0.6782329983125268,0.36055512754639896
2015-10-21,0.13,0.0,0.46,20.0,0.6782329983125268,0.36055512754639896
2015-10-22,0.13,0.0,0.46,21.0,0.6782329983125268,0.36055512754639896
2015-10-23,0.12,0.0,0.46,22.0,0.6782329983125268,0.34641016151377546
2015-10-26,0.12,0.0,0.46,25.0,0.6782329983125268,0.34641016151377546
2015-10-27,0.12,0.0,0.46,26.0,0.6782329983125268,0.34641016151377546
2015-10-28,0.12,0.0,0.46,27.0,0.6782329983125268,0.34641016151377546
2015-10-29,0.12,0.0,0.46,28.0,0.6782329983125268,0.34641016151377546
2015-10-30,0.12,0.0,0.46,29.0,0.6782329983125268,0.34641016151377546
2015-11-02,0.07,0.0,0.46,0.0,0.6782329983125268,0.2645751311064591
2015-11-03,0.12,0.0,0.46,1.0,0.6782329983125268,0.34641016151377546
2015-11-04,0.12,0.0,0.46,2.0,0.6782329983125268,0.34641016151377546
2015-11-05,0.12,0.0,0.46,3.0,0.6782329983125268,0.34641016151377546
2015-11-06,0.12,0.0,0.46,4.0,0.6782329983125268,0.34641016151377546
2015-11-09,0.12,0.0,0.46,7.0,0.6782329983125268,0.34641016151377546
2015-11-10,0.12,0.0,0.46,8.0,0.6782329983125268,0.34641016151377546
2015-11-11,0.12,1.0,0.46,9.0,0.6782329983125268,0.34641016151377546
2015-11-12,0.12,0.0,0.46,10.0,0.6782329983125268,0.34641016151377546
2015-11-13,0.12,0.0,0.46,11.0,0.6782329983125268,0.34641016151377546
2015-11-16,0.12,0.0,0.46,14.0,0.6782329983125268,0.34641016151377546
2015-11-17,0.12,0.0,0.46,15.0,0.6782329983125268,0.34641016151377546
2015-11-18,0.13,0.0,0.46,16.0,0.6782329983125268,0.36055512754639896
2015-11-19,0.12,0.0,0.46,17.0,0.6782329983125268,0.34641016151377546
2015-11-20,0.12,0.0,0.46,18.0,0.6782329983125268,0.34641016151377546
2015-11-23,0.12,0.0,0.46,21.0,0.6782329983125268,0.34641016151377546
2015-11-24,0.12,0.0,0.46,22.0,0.6782329983125268,0.34641016151377546
2015-11-25,0.12,0.0,0.46,23.0,0.6782329983125268,0.34641016151377546
2015-11-26,0.12,1.0,0.46,24.0,0.6782329983125268,0.34641016151377546
2015-11-27,0.12,0.0,0.46,25.0,0.6782329983125268,0.34641016151377546
2015-11-30,0.12,0.0,0.46,28.0,0.6782329983125268,0.34641016151377546
2015-12-01,0.12,0.0,0.46,0.0,0.6782329983125268,0.34641016151377546
2015-12-02,0.13,0.0,0.46,1.0,0.6782329983125268,0.36055512754639896
2015-12-03,0.13,0.0,0.46,2.0,0.6782329983125268,0.36055512754639896
2015-12-04,0.13,0.0,0.46,3.0,0.6782329983125268,0.36055512754639896
2015-12-07,0.13,0.0,0.46,6.0,0.6782329983125268,0.36055512754639896
2015-12-08,0.13,0.0,0.46,7.0,0.6782329983125268,0.36055512754639896
2015-12-09,0.13,0.0,0.46,8.0,0.6782329983125268,0.36055512754639896
2015-12-10,0.14,0.0,0.46,9.0,0.6782329983125268,0.37416573867739417
2015-12-11,0.14,0.0,0.46,10.0,0.6782329983125268,0.37416573867739417
2015-12-14,0.14,0.0,0.46,13.0,0.6782329983125268,0.37416573867739417
2015-12-15,0.15,0.0,0.46,14.0,0.6782329983125268,0.3872983346207417
2015-12-16,0.15,0.0,0.46,15.0,0.6782329983125268,0.3872983346207417
2015-12-17,0.15,0.0,0.46,16.0,0.6782329983125268,0.3872983346207417
2015-12-18,0.37,0.0,0.46,17.0,0.6782329983125268,0.6082762530298219
2015-12-21,0.37,0.0,0.46,20.0,0.6782329983125268,0.6082762530298219
2015-12-22,0.37,0.0,0.46,21.0,0.6782329983125268,0.6082762530298219
2015-12-23,0.36,0.0,0.46,22.0,0.6782329983125268,0.6
2015-12-24,0.36,0.0,0.46,23.0,0.6782329983125268,0.6
2015-12-25,0.36,1.0,0.46,24.0,0.6782329983125268,0.6
2015-12-28,0.36,0.0,0.46,27.0,0.6782329983125268,0.6
2015-12-29,0.36,0.0,0.46,28.0,0.6782329983125268,0.6
2015-12-30,0.36,0.0,0.46,29.0,0.6782329983125268,0.6
2015-12-31,0.35,0.0,0.46,30.0,0.6782329983125268,0.5916079783099616
2016-01-01,0.35,1.0,0.46,31.0,0.6782329983125268,0.5916079783099616
2016-01-04,0.2,0.0,0.46,0.0,0.6782329983125268,0.4472135954999579
2016-01-05,0.2,0.0,0.46,1.0,0.6782329983125268,0.4472135954999579
2016-01-06,0.36,0.0,0.46,2.0,0.6782329983125268,0.6
2016-01-07,0.36,0.0,0.46,3.0,0.6782329983125268,0.6
2016-01-08,0.36,0.0,0.46,4.0,0.6782329983125268,0.6
2016-01-11,0.36,0.0,0.46,7.0,0.6782329983125268,0.6
2016-01-12,0.36,0.0,0.46,8.0,0.6782329983125268,0.6
2016-01-13,0.36,0.0,0.46,9.0,0.6782329983125268,0.6
2016-01-14,0.36,0.0,0.46,10.0,0.6782329983125268,0.6
2016-01-15,0.36,0.0,0.46,11.0,0.6782329983125268,0.6
2016-01-18,0.36,3.0,0.46,14.0,0.6782329983125268,0.6
2016-01-19,0.36,0.0,0.46,15.0,0.6782329983125268,0.6
2016-01-20,0.36,0.0,0.46,16.0,0.6782329983125268,0.6
2016-01-21,0.37,0.0,0.46,17.0,0.6782329983125268,0.6082762530298219
2016-01-22,0.37,1.0,0.46,18.0,0.6782329983125268,0.6082762530298219
2016-01-25,0.37,4.0,0.46,21.0,0.6782329983125268,0.6082762530298219
2016-01-26,0.37,5.0,0.46,22.0,0.6782329983125268,0.6082762530298219
2016-01-27,0.38,0.0,0.46,23.0,0.6782329983125268,0.6164414002968976
2016-01-28,0.38,0.0,0.46,24.0,0.6782329983125268,0.6164414002968976
2016-01-29,0.38,0.0,0.46,25.0,0.6782329983125268,0.6164414002968976
2016-02-01,0.29,0.0,0.47,0.0,0.6855654600401044,0.5385164807134504
2016-02-02,0.38,0.0,0.47,1.0,0.6855654600401044,0.6164414002968976
2016-02-03,0.38,0.0,0.47,2.0,0.6855654600401044,0.6164414002968976
2016-02-04,0.38,0.0,0.47,3.0,0.6855654600401044,0.6164414002968976
2016-02-05,0.38,0.0,0.47,4.0,0.6855654600401044,0.6164414002968976
2016-02-08,0.38,0.0,0.47,7.0,0.6855654600401044,0.6164414002968976
2016-02-09,0.38,0.0,0.47,8.0,0.6855654600401044,0.6164414002968976
2016-02-10,0.38,0.0,0.47,9.0,0.6855654600401044,0.6164414002968976
2016-02-11,0.38,0.0,0.47,10.0,0.6855654600401044,0.6164414002968976
2016-02-12,0.38,0.0,0.47,11.0,0.6855654600401044,0.6164414002968976
2016-02-15,0.38,3.0,0.47,14.0,0.6855654600401044,0.6164414002968976
2016-02-16,0.38,0.0,0.47,15.0,0.6855654600401044,0.6164414002968976
2016-02-17,0.38,0.0,0.47,16.0,0.6855654600401044,0.6164414002968976
2016-02-18,0.37,0.0,0.47,17.0,0.6855654600401044,0.6082762530298219
2016-02-19,0.38,0.0,0.47,18.0,0.6855654600401044,0.6164414002968976
2016-02-22,0.38,0.0,0.47,21.0,0.6855654600401044,0.6164414002968976
2016-02-23,0.38,0.0,0.47,22.0,0.6855654600401044,0.6164414002968976
2016-02-24,0.38,0.0,0.47,23.0,0.6855654600401044,0.6164414002968976
2016-02-25,0.38,0.0,0.47,24.0,0.6855654600401044,0.6164414002968976
2016-02-26,0.37,0.0,0.47,25.0,0.6855654600401044,0.6082762530298219
2016-02-29,0.37,0.0,0.47,28.0,0.6855654600401044,0.6082762530298219
2016-03-01,0.29,0.0,0.47,0.0,0.6855654600401044,0.5385164807134504
2016-03-02,0.36,0.0,0.47,1.0,0.6855654600401044,0.6
2016-03-03,0.37,0.0,0.47,2.0,0.6855654600401044,0.6082762530298219
2016-03-04,0.37,0.0,0.47,3.0,0.6855654600401044,0.6082762530298219
2016-03-07,0.36,0.0,0.47,6.0,0.6855654600401044,0.6
2016-03-08,0.36,0.0,0.47,7.0,0.6855654600401044,0.6
2016-03-09,0.36,0.0,0.47,8.0,0.6855654600401044,0.6
2016-03-10,0.36,0.0,0.47,9.0,0.6855654600401044,0.6
2016-03-11,0.36,0.0,0.47,10.0,0.6855654600401044,0.6
2016-03-14,0.36,0.0,0.47,13.0,0.6855654600401044,0.6
2016-03-15,0.36,0.0,0.47,14.0,0.6855654600401044,0.6
2016-03-16,0.37,0.0,0.47,15.0,0.6855654600401044,0.6082762530298219
2016-03-17,0.37,0.0,0.47,16.0,0.6855654600401044,0.6082762530298219
2016-03-18,0.37,0.0,0.47,17.0,0.6855654600401044,0.6082762530298219
2016-03-21,0.37,0.0,0.47,20.0,0.6855654600401044,0.6082762530298219
2016-03-22,0.37,0.0,0.47,21.0,0.6855654600401044,0.6082762530298219
2016-03-23,0.37,0.0,0.47,22.0,0.6855654600401044,0.6082762530298219
2016-03-24,0.37,0.0,0.47,23.0,0.6855654600401044,0.6082762530298219
2016-03-25,0.37,0.0,0.47,24.0,0.6855654600401044,0.6082762530298219
2016-03-28,0.37,0.0,0.47,27.0,0.6855654600401044,0.6082762530298219
2016-03-29,0.37,0.0,0.47,28.0,0.6855654600401044,0.6082762530298219
2016-03-30,0.37,0.0,0.47,29.0,0.6855654600401044,0.6082762530298219
2016-03-31,0.37,0.0,0.47,30.0,0.6855654600401044,0.6082762530298219
2016-04-01,0.25,0.0,0.46,0.0,0.6782329983125268,0.5
2016-04-04,0.37,0.0,0.46,3.0,0.6782329983125268,0.6082762530298219
2016-04-05,0.37,0.0,0.46,4.0,0.6782329983125268,0.6082762530298219
2016-04-06,0.37,0.0,0.46,5.0,0.6782329983125268,0.6082762530298219
2016-04-07,0.37,0.0,0.46,6.0,0.6782329983125268,0.6082762530298219
2016-04-08,0.37,0.0,0.46,7.0,0.6782329983125268,0.6082762530298219
2016-04-11,0.37,0.0,0.46,10.0,0.6782329983125268,0.6082762530298219
2016-04-12,0.37,0.0,0.46,11.0,0.6782329983125268,0.6082762530298219
2016-04-13,0.37,0.0,0.46,12.0,0.6782329983125268,0.6082762530298219
2016-04-14,0.37,0.0,0.46,13.0,0.6782329983125268,0.6082762530298219
2016-04-15,0.37,0.0,0.46,14.0,0.6782329983125268,0.6082762530298219
2016-04-18,0.37,0.0,0.46,17.0,0.6782329983125268,0.6082762530298219
2016-04-19,0.37,0.0,0.46,18.0,0.6782329983125268,0.6082762530298219
2016-04-20,0.37,0.0,0.46,19.0,0.6782329983125268,0.6082762530298219
2016-04-21,0.37,0.0,0.46,20.0,0.6782329983125268,0.6082762530298219
2016-04-22,0.37,0.0,0.46,21.0,0.6782329983125268,0.6082762530298219
2016-04-25,0.37,0.0,0.46,24.0,0.6782329983125268,0.6082762530298219
2016-04-26,0.37,0.0,0.46,25.0,0.6782329983125268,0.6082762530298219
2016-04-27,0.37,0.0,0.46,26.0,0.6782329983125268,0.6082762530298219
2016-04-28,0.37,0.0,0.46,27.0,0.6782329983125268,0.6082762530298219
2016-04-29,0.37,0.0,0.46,28.0,0.6782329983125268,0.6082762530298219
2016-05-02,0.3,0.0,0.46,31.0,0.6782329983125268,0.5477225575051661
2016-05-03,0.37,0.0,0.46,32.0,0.6782329983125268,0.6082762530298219
2016-05-04,0.37,0.0,0.46,33.0,0.6782329983125268,0.6082762530298219
2016-05-05,0.37,0.0,0.46,34.0,0.6782329983125268,0.6082762530298219
2016-05-06,0.37,0.0,0.46,35.0,0.6782329983125268,0.6082762530298219
2016-05-09,0.37,0.0,0.46,38.0,0.6782329983125268,0.6082762530298219
2016-05-10,0.37,0.0,0.46,39.0,0.6782329983125268,0.6082762530298219
2016-05-11,0.37,0.0,0.46,40.0,0.6782329983125268,0.6082762530298219
2016-05-12,0.37,0.0,0.46,41.0,0.6782329983125268,0.6082762530298219
2016-05-13,0.37,0.0,0.46,42.0,0.6782329983125268,0.6082762530298219
2016-05-16,0.37,0.0,0.46,45.0,0.6782329983125268,0.6082762530298219
2016-05-17,0.37,0.0,0.46,46.0,0.6782329983125268,0.6082762530298219
2016-05-18,0.37,0.0,0.46,47.0,0.6782329983125268,0.6082762530298219
2016-05-19,0.37,0.0,0.46,48.0,0.6782329983125268,0.6082762530298219
2016-05-20,0.37,0.0,0.46,49.0,0.6782329983125268,0.6082762530298219
2016-05-23,0.37,0.0,0.46,52.0,0.6782329983125268,0.6082762530298219
2016-05-24,0.37,0.0,0.46,53.0,0.6782329983125268,0.6082762530298219
2016-05-25,0.37,0.0,0.46,54.0,0.6782329983125268,0.6082762530298219
2016-05-26,0.37,0.0,0.46,55.0,0.6782329983125268,0.6082762530298219
2016-05-27,0.37,0.0,0.46,56.0,0.6782329983125268,0.6082762530298219
2016-05-30,0.37,3.0,0.46,59.0,0.6782329983125268,0.6082762530298219
2016-05-31,0.37,0.0,0.46,60.0,0.6782329983125268,0.6082762530298219
2016-06-01,0.29,0.0,0.46,0.0,0.6782329983125268,0.5385164807134504
2016-06-02,0.37,0.0,0.46,1.0,0.6782329983125268,0.6082762530298219
2016-06-03,0.37,0.0,0.46,2.0,0.6782329983125268,0.6082762530298219
2016-06-06,0.37,0.0,0.46,5.0,0.6782329983125268,0.6082762530298219
2016-06-07,0.37,0.0,0.46,6.0,0.6782329983125268,0.6082762530298219
2016-06-08,0.37,0.0,0.46,7.0,0.6782329983125268,0.6082762530298219
2016-06-09,0.37,0.0,0.46,8.0,0.6782329983125268,0.6082762530298219
2016-06-10,0.37,0.0,0.46,9.0,0.6782329983125268,0.6082762530298219
2016-06-13,0.37,0.0,0.46,12.0,0.6782329983125268,0.6082762530298219
2016-06-14,0.37,0.0,0.46,13.0,0.6782329983125268,0.6082762530298219
2016-06-15,0.37,0.0,0.46,14.0,0.6782329983125268,0.6082762530298219
2016-06-16,0.37,0.0,0.46,15.0,0.6782329983125268,0.6082762530298219
2016-06-17,0.38,0.0,0.46,16.0,0.6782329983125268,0.6164414002968976
2016-06-20,0.38,0.0,0.46,19.0,0.6782329983125268,0.6164414002968976
2016-06-21,0.38,0.0,0.46,20.0,0.6782329983125268,0.6164414002968976
2016-06-22,0.38,0.0,0.46,21.0,0.6782329983125268,0.6164414002968976
2016-06-23,0.38,0.0,0.46,22.0,0.6782329983125268,0.6164414002968976
2016-06-24,0.39,0.0,0.46,23.0,0.6782329983125268,0.6244997998398398
2016-06-27,0.4,0.0,0.46,26.0,0.6782329983125268,0.6324555320336759
2016-06-28,0.41,0.0,0.46,27.0,0.6782329983125268,0.6403124237432849
2016-06-29,0.41,0.0,0.46,28.0,0.6782329983125268,0.6403124237432849
2016-06-30,0.41,0.0,0.46,29.0,0.6782329983125268,0.6403124237432849
2016-07-01,0.3,0.0,0.46,0.0,0.6782329983125268,0.5477225575051661
2016-07-04,0.3,3.0,0.46,3.0,0.6782329983125268,0.5477225575051661
2016-07-05,0.41,0.0,0.46,4.0,0.6782329983125268,0.6403124237432849
2016-07-06,0.4,0.0,0.46,5.0,0.6782329983125268,0.6324555320336759
2016-07-07,0.4,0.0,0.46,6.0,0.6782329983125268,0.6324555320336759
2016-07-08,0.4,0.0,0.46,7.0,0.6782329983125268,0.6324555320336759
2016-07-11,0.4,0.0,0.46,10.0,0.6782329983125268,0.6324555320336759
2016-07-12,0.4,0.0,0.46,11.0,0.6782329983125268,0.6324555320336759
2016-07-13,0.4,0.0,0.46,12.0,0.6782329983125268,0.6324555320336759
2016-07-14,0.4,0.0,0.46,13.0,0.6782329983125268,0.6324555320336759
2016-07-15,0.4,0.0,0.46,14.0,0.6782329983125268,0.6324555320336759
2016-07-18,0.4,0.0,0.46,17.0,0.6782329983125268,0.6324555320336759
2016-07-19,0.4,0.0,0.46,18.0,0.6782329983125268,0.6324555320336759
2016-07-20,0.4,0.0,0.46,19.0,0.6782329983125268,0.6324555320336759
2016-07-21,0.4,0.0,0.46,20.0,0.6782329983125268,0.6324555320336759
2016-07-22,0.4,0.0,0.46,21.0,0.6782329983125268,0.6324555320336759
2016-07-25,0.4,0.0,0.46,24.0,0.6782329983125268,0.6324555320336759
2016-07-26,0.4,0.0,0.46,25.0,0.6782329983125268,0.6324555320336759
2016-07-27,0.4,0.0,0.46,26.0,0.6782329983125268,0.6324555320336759
2016-07-28,0.4,0.0,0.46,27.0,0.6782329983125268,0.6324555320336759
2016-07-29,0.4,0.0,0.46,28.0,0.6782329983125268,0.6324555320336759
2016-08-01,0.3,0.0,0.46,0.0,0.6782329983125268,0.5477225575051661
2016-08-02,0.3,0.0,0.46,1.0,0.6782329983125268,0.5477225575051661
2016-08-03,0.4,0.0,0.46,2.0,0.6782329983125268,0.6324555320336759
2016-08-04,0.4,0.0,0.46,3.0,0.6782329983125268,0.6324555320336759
2016-08-05,0.4,0.0,0.46,4.0,0.6782329983125268,0.6324555320336759
2016-08-08,0.4,0.0,0.46,7.0,0.6782329983125268,0.6324555320336759
2016-08-09,0.4,0.0,0.46,8.0,0.6782329983125268,0.6324555320336759
2016-08-10,0.4,0.0,0.46,9.0,0.6782329983125268,0.6324555320336759
2016-08-11,0.4,0.0,0.46,10.0,0.6782329983125268,0.6324555320336759
2016-08-12,0.4,0.0,0.46,11.0,0.6782329983125268,0.6324555320336759
2016-08-15,0.4,0.0,0.46,14.0,0.6782329983125268,0.6324555320336759
2016-08-16,0.4,0.0,0.46,15.0,0.6782329983125268,0.6324555320336759
2016-08-17,0.4,0.0,0.46,16.0,0.6782329983125268,0.6324555320336759
2016-08-18,0.4,0.0,0.46,17.0,0.6782329983125268,0.6324555320336759
2016-08-19,0.4,0.0,0.46,18.0,0.6782329983125268,0.6324555320336759
2016-08-22,0.4,0.0,0.46,21.0,0.6782329983125268,0.6324555320336759
2016-08-23,0.4,0.0,0.46,22.0,0.6782329983125268,0.6324555320336759
2016-08-24,0.4,0.0,0.46,23.0,0.6782329983125268,0.6324555320336759
2016-08-25,0.4,0.0,0.46,24.0,0.6782329983125268,0.6324555320336759
2016-08-26,0.4,0.0,0.46,25.0,0.6782329983125268,0.6324555320336759
2016-08-29,0.4,0.0,0.46,28.0,0.6782329983125268,0.6324555320336759
2016-08-30,0.4,0.0,0.46,29.0,0.6782329983125268,0.6324555320336759
2016-08-31,0.4,0.0,0.46,30.0,0.6782329983125268,0.6324555320336759
2016-09-01,0.3,0.0,0.25,0.0,0.5,0.5477225575051661
2016-09-02,0.4,0.0,0.25,1.0,0.5,0.6324555320336759
2016-09-05,0.4,3.0,0.25,4.0,0.5,0.6324555320336759
2016-09-06,0.4,0.0,0.25,5.0,0.5,0.6324555320336759
2016-09-07,0.4,0.0,0.25,6.0,0.5,0.6324555320336759
2016-09-08,0.4,0.0,0.25,7.0,0.5,0.6324555320336759
2016-09-09,0.4,0.0,0.25,8.0,0.5,0.6324555320336759
2016-09-12,0.4,0.0,0.25,11.0,0.5,0.6324555320336759
2016-09-13,0.4,0.0,0.25,12.0,0.5,0.6324555320336759
2016-09-14,0.4,0.0,0.25,13.0,0.5,0.6324555320336759
2016-09-15,0.4,0.0,0.25,14.0,0.5,0.6324555320336759
2016-09-16,0.4,0.0,0.25,15.0,0.5,0.6324555320336759
2016-09-19,0.4,0.0,0.25,18.0,0.5,0.6324555320336759
2016-09-20,0.4,0.0,0.25,19.0,0.5,0.6324555320336759
2016-09-21,0.4,0.0,0.25,20.0,0.5,0.6324555320336759
2016-09-22,0.4,0.0,0.25,21.0,0.5,0.6324555320336759
2016-09-23,0.4,0.0,0.25,22.0,0.5,0.6324555320336759
2016-09-26,0.4,0.0,0.25,25.0,0.5,0.6324555320336759
2016-09-27,0.4,0.0,0.25,26.0,0.5,0.6324555320336759
2016-09-28,0.4,0.0,0.25,27.0,0.5,0.6324555320336759
2016-09-29,0.4,0.0,0.25,28.0,0.5,0.6324555320336759
2016-09-30,0.4,0.0,0.25,29.0,0.5,0.6324555320336759
2016-10-03,0.29,0.0,0.21,0.0,0.458257569495584,0.5385164807134504
2016-10-04,0.4,0.0,0.21,1.0,0.458257569495584,0.6324555320336759
2016-10-05,0.4,0.0,0.21,2.0,0.458257569495584,0.6324555320336759
2016-10-06,0.4,0.0,0.21,3.0,0.458257569495584,0.6324555320336759
2016-10-07,0.4,0.0,0.21,4.0,0.458257569495584,0.6324555320336759
2016-10-10,0.4,3.0,0.21,7.0,0.458257569495584,0.6324555320336759
2016-10-11,0.4,0.0,0.21,8.0,0.458257569495584,0.6324555320336759
2016-10-12,0.41,0.0,0.21,9.0,0.458257569495584,0.6403124237432849
2016-10-13,0.41,0.0,0.21,10.0,0.458257569495584,0.6403124237432849
2016-10-14,0.41,0.0,0.21,11.0,0.458257569495584,0.6403124237432849
2016-10-17,0.41,0.0,0.21,14.0,0.458257569495584,0.6403124237432849
2016-10-18,0.41,0.0,0.21,15.0,0.458257569495584,0.6403124237432849
2016-10-19,0.41,0.0,0.21,16.0,0.458257569495584,0.6403124237432849
2016-10-20,0.41,0.0,0.21,17.0,0.458257569495584,0.6403124237432849
2016-10-21,0.41,0.0,0.21,18.0,0.458257569495584,0.6403124237432849
2016-10-24,0.41,0.0,0.21,21.0,0.458257569495584,0.6403124237432849
2016-10-25,0.41,0.0,0.21,22.0,0.458257569495584,0.6403124237432849
2016-10-26,0.41,0.0,0.21,23.0,0.458257569495584,0.6403124237432849
2016-10-27,0.41,0.0,0.21,24.0,0.458257569495584,0.6403124237432849
2016-10-28,0.41,0.0,0.21,25.0,0.458257569495584,0.6403124237432849
2016-10-31,0.41,0.0,0.21,28.0,0.458257569495584,0.6403124237432849
2016-11-01,0.41,0.0,0.21,0.0,0.458257569495584,0.6403124237432849
2016-11-02,0.41,0.0,0.21,1.0,0.458257569495584,0.6403124237432849
2016-11-03,0.41,0.0,0.21,2.0,0.458257569495584,0.6403124237432849
2016-11-04,0.41,0.0,0.21,3.0,0.458257569495584,0.6403124237432849
2016-11-07,0.41,0.0,0.21,6.0,0.458257569495584,0.6403124237432849
2016-11-08,0.41,0.0,0.21,7.0,0.458257569495584,0.6403124237432849
2016-11-09,0.41,0.0,0.21,8.0,0.458257569495584,0.6403124237432849
2016-11-10,0.41,0.0,0.21,9.0,0.458257569495584,0.6403124237432849
2016-11-11,0.41,1.0,0.21,10.0,0.458257569495584,0.6403124237432849
2016-11-14,0.41,0.0,0.21,13.0,0.458257569495584,0.6403124237432849
2016-11-15,0.41,0.0,0.21,14.0,0.458257569495584,0.6403124237432849
2016-11-16,0.41,0.0,0.21,15.0,0.458257569495584,0.6403124237432849
2016-11-17,0.41,0.0,0.21,16.0,0.458257569495584,0.6403124237432849
2016-11-18,0.41,0.0,0.21,17.0,0.458257569495584,0.6403124237432849
2016-11-21,0.41,0.0,0.21,20.0,0.458257569495584,0.6403124237432849
2016-11-22,0.41,0.0,0.21,21.0,0.458257569495584,0.6403124237432849
2016-11-23,0.41,0.0,0.21,22.0,0.458257569495584,0.6403124237432849
2016-11-24,0.41,1.0,0.21,23.0,0.458257569495584,0.6403124237432849
2016-11-25,0.41,0.0,0.21,24.0,0.458257569495584,0.6403124237432849
2016-11-28,0.41,0.0,0.21,27.0,0.458257569495584,0.6403124237432849
2016-11-29,0.41,0.0,0.21,28.0,0.458257569495584,0.6403124237432849
2016-11-30,0.41,0.0,0.21,29.0,0.458257569495584,0.6403124237432849
2016-12-01,0.31,0.0,0.21,0.0,0.458257569495584,0.5567764362830022
2016-12-02,0.41,0.0,0.21,1.0,0.458257569495584,0.6403124237432849
2016-12-05,0.41,0.0,0.21,4.0,0.458257569495584,0.6403124237432849
2016-12-06,0.41,0.0,0.21,5.0,0.458257569495584,0.6403124237432849
2016-12-07,0.41,0.0,0.21,6.0,0.458257569495584,0.6403124237432849
2016-12-08,0.41,0.0,0.21,7.0,0.458257569495584,0.6403124237432849
2016-12-09,0.41,0.0,0.21,8.0,0.458257569495584,0.6403124237432849
2016-12-12,0.41,0.0,0.21,11.0,0.458257569495584,0.6403124237432849
2016-12-13,0.41,0.0,0.21,12.0,0.458257569495584,0.6403124237432849
2016-12-14,0.41,0.0,0.21,13.0,0.458257569495584,0.6403124237432849
2016-12-15,0.41,0.0,0.21,14.0,0.458257569495584,0.6403124237432849
2016-12-16,0.66,0.0,0.21,15.0,0.458257569495584,0.812403840463596
2016-12-19,0.66,0.0,0.21,18.0,0.458257569495584,0.812403840463596
2016-12-20,0.66,0.0,0.21,19.0,0.458257569495584,0.812403840463596
2016-12-21,0.66,0.0,0.21,20.0,0.458257569495584,0.812403840463596
2016-12-22,0.66,0.0,0.21,21.0,0.458257569495584,0.812403840463596
2016-12-23,0.66,0.0,0.21,22.0,0.458257569495584,0.812403840463596
2016-12-26,0.66,3.0,0.21,25.0,0.458257569495584,0.812403840463596
2016-12-27,0.66,0.0,0.21,26.0,0.458257569495584,0.812403840463596
2016-12-28,0.66,0.0,0.21,27.0,0.458257569495584,0.812403840463596
2016-12-29,0.66,0.0,0.21,28.0,0.458257569495584,0.812403840463596
2016-12-30,0.66,0.0,0.21,29.0,0.458257569495584,0.812403840463596
2017-01-02,0.66,3.0,0.21,32.0,0.458257569495584,0.812403840463596
2017-01-03,0.55,0.0,0.21,0.0,0.458257569495584,0.7416198487095663
2017-01-04,0.66,0.0,0.21,1.0,0.458257569495584,0.812403840463596
2017-01-05,0.66,0.0,0.21,2.0,0.458257569495584,0.812403840463596
2017-01-06,0.66,0.0,0.21,3.0,0.458257569495584,0.812403840463596
2017-01-09,0.66,0.0,0.21,6.0,0.458257569495584,0.812403840463596
2017-01-10,0.66,0.0,0.21,7.0,0.458257569495584,0.812403840463596
2017-01-11,0.66,0.0,0.21,8.0,0.458257569495584,0.812403840463596
2017-01-12,0.66,0.0,0.21,9.0,0.458257569495584,0.812403840463596
2017-01-13,0.66,0.0,0.21,10.0,0.458257569495584,0.812403840463596
2017-01-16,0.66,3.0,0.21,13.0,0.458257569495584,0.812403840463596
2017-01-17,0.66,0.0,0.21,14.0,0.458257569495584,0.812403840463596
2017-01-18,0.66,0.0,0.21,15.0,0.458257569495584,0.812403840463596
2017-01-19,0.66,0.0,0.21,16.0,0.458257569495584,0.812403840463596
2017-01-20,0.66,1.0,0.21,17.0,0.458257569495584,0.812403840463596
2017-01-23,0.66,0.0,0.21,20.0,0.458257569495584,0.812403840463596
2017-01-24,0.66,0.0,0.21,21.0,0.458257569495584,0.812403840463596
2017-01-25,0.66,0.0,0.21,22.0,0.458257569495584,0.812403840463596
2017-01-26,0.66,0.0,0.21,23.0,0.458257569495584,0.812403840463596
2017-01-27,0.66,0.0,0.21,24.0,0.458257569495584,0.812403840463596
2017-01-30,0.66,0.0,0.21,27.0,0.458257569495584,0.812403840463596
2017-01-31,0.66,0.0,0.21,28.0,0.458257569495584,0.812403840463596
2017-02-01,0.56,0.0,0.21,0.0,0.458257569495584,0.7483314773547883
2017-02-02,0.66,0.0,0.21,1.0,0.458257569495584,0.812403840463596
2017-02-03,0.66,0.0,0.21,2.0,0.458257569495584,0.812403840463596
2017-02-06,0.66,0.0,0.21,5.0,0.458257569495584,0.812403840463596
2017-02-07,0.66,0.0,0.21,6.0,0.458257569495584,0.812403840463596
2017-02-08,0.66,0.0,0.21,7.0,0.458257569495584,0.812403840463596
2017-02-09,0.66,0.0,0.21,8.0,0.458257569495584,0.812403840463596
2017-02-10,0.66,0.0,0.21,9.0,0.458257569495584,0.812403840463596
2017-02-13,0.66,0.0,0.21,12.0,0.458257569495584,0.812403840463596
2017-02-14,0.66,0.0,0.21,13.0,0.458257569495584,0.812403840463596
2017-02-15,0.66,0.0,0.21,14.0,0.458257569495584,0.812403840463596
2017-02-16,0.66,0.0,0.21,15.0,0.458257569495584,0.812403840463596
2017-02-17,0.66,0.0,0.21,16.0,0.458257569495584,0.812403840463596
2017-02-20,0.66,3.0,0.21,19.0,0.458257569495584,0.812403840463596
2017-02-21,0.66,0.0,0.21,20.0,0.458257569495584,0.812403840463596
2017-02-22,0.66,0.0,0.21,21.0,0.458257569495584,0.812403840463596
2017-02-23,0.66,0.0,0.21,22.0,0.458257569495584,0.812403840463596
2017-02-24,0.66,0.0,0.21,23.0,0.458257569495584,0.812403840463596
2017-02-27,0.66,0.0,0.21,26.0,0.458257569495584,0.812403840463596
2017-02-28,0.66,0.0,0.21,27.0,0.458257569495584,0.812403840463596
2017-03-01,0.57,0.0,0.21,0.0,0.458257569495584,0.7549834435270749
2017-03-02,0.66,0.0,0.21,1.0,0.458257569495584,0.812403840463596
2017-03-03,0.66,0.0,0.21,2.0,0.458257569495584,0.812403840463596
2017-03-06,0.66,0.0,0.21,5.0,0.458257569495584,0.812403840463596
2017-03-07,0.66,0.0,0.21,6.0,0.458257569495584,0.812403840463596
2017-03-08,0.66,0.0,0.21,7.0,0.458257569495584,0.812403840463596
2017-03-09,0.66,0.0,0.21,8.0,0.458257569495584,0.812403840463596
2017-03-10,0.66,0.0,0.21,9.0,0.458257569495584,0.812403840463596
2017-03-13,0.66,0.0,0.21,12.0,0.458257569495584,0.812403840463596
2017-03-14,0.66,0.0,0.21,13.0,0.458257569495584,0.812403840463596
2017-03-15,0.66,0.0,0.21,14.0,0.458257569495584,0.812403840463596
2017-03-16,0.66,0.0,0.21,15.0,0.458257569495584,0.812403840463596
2017-03-17,0.91,0.0,0.21,16.0,0.458257569495584,0.9539392014169457
2017-03-20,0.91,0.0,0.21,19.0,0.458257569495584,0.9539392014169457
2017-03-21,0.91,0.0,0.21,20.0,0.458257569495584,0.9539392014169457
2017-03-22,0.91,0.0,0.21,21.0,0.458257569495584,0.9539392014169457
2017-03-23,0.91,0.0,0.21,22.0,0.458257569495584,0.9539392014169457
2017-03-24,0.91,0.0,0.21,23.0,0.458257569495584,0.9539392014169457
2017-03-27,0.91,0.0,0.21,26.0,0.458257569495584,0.9539392014169457
2017-03-28,0.91,0.0,0.21,27.0,0.458257569495584,0.9539392014169457
2017-03-29,0.91,0.0,0.21,28.0,0.458257569495584,0.9539392014169457
2017-03-30,0.91,0.0,0.21,29.0,0.458257569495584,0.9539392014169457
2017-03-31,0.91,0.0,0.21,30.0,0.458257569495584,0.9539392014169457
2017-04-03,0.82,0.0,0.21,0.0,0.458257569495584,0.9055385138137416
2017-04-04,0.82,1.0,0.21,1.0,0.458257569495584,0.9055385138137416
2017-04-05,0.91,0.0,0.21,2.0,0.458257569495584,0.9539392014169457
2017-04-06,0.91,0.0,0.21,3.0,0.458257569495584,0.9539392014169457
2017-04-07,0.91,0.0,0.21,4.0,0.458257569495584,0.9539392014169457
2017-04-10,0.91,0.0,0.21,7.0,0.458257569495584,0.9539392014169457
2017-04-11,0.91,0.0,0.21,8.0,0.458257569495584,0.9539392014169457
2017-04-12,0.91,0.0,0.21,9.0,0.458257569495584,0.9539392014169457
2017-04-13,0.91,0.0,0.21,10.0,0.458257569495584,0.9539392014169457
2017-04-14,0.91,0.0,0.21,11.0,0.458257569495584,0.9539392014169457
2017-04-17,0.91,0.0,0.21,14.0,0.458257569495584,0.9539392014169457
2017-04-18,0.91,0.0,0.21,15.0,0.458257569495584,0.9539392014169457
2017-04-19,0.91,0.0,0.21,16.0,0.458257569495584,0.9539392014169457
2017-04-20,0.91,0.0,0.21,17.0,0.458257569495584,0.9539392014169457
2017-04-21,0.91,0.0,0.21,18.0,0.458257569495584,0.9539392014169457
2017-04-24,0.91,0.0,0.21,21.0,0.458257569495584,0.9539392014169457
2017-04-25,0.91,0.0,0.21,22.0,0.458257569495584,0.9539392014169457
2017-04-26,0.91,0.0,0.21,23.0,0.458257569495584,0.9539392014169457
2017-04-27,0.91,0.0,0.21,24.0,0.458257569495584,0.9539392014169457
2017-04-28,0.91,0.0,0.21,25.0,0.458257569495584,0.9539392014169457
2017-05-01,0.83,0.0,0.21,0.0,0.458257569495584,0.9110433579144299
2017-05-02,0.91,0.0,0.21,1.0,0.458257569495584,0.9539392014169457
2017-05-03,0.91,0.0,0.21,2.0,0.458257569495584,0.9539392014169457
2017-05-04,0.91,0.0,0.21,3.0,0.458257569495584,0.9539392014169457
2017-05-05,0.91,1.0,0.21,4.0,0.458257569495584,0.9539392014169457
2017-05-08,0.91,0.0,0.21,7.0,0.458257569495584,0.9539392014169457
2017-05-09,0.91,0.0,0.21,8.0,0.458257569495584,0.9539392014169457
2017-05-10,0.91,0.0,0.21,9.0,0.458257569495584,0.9539392014169457
2017-05-11,0.91,0.0,0.21,10.0,0.458257569495584,0.9539392014169457
2017-05-12,0.91,0.0,0.21,11.0,0.458257569495584,0.9539392014169457
2017-05-15,0.91,0.0,0.21,14.0,0.458257569495584,0.9539392014169457
2017-05-16,0.91,0.0,0.21,15.0,0.458257569495584,0.9539392014169457
2017-05-17,0.91,0.0,0.21,16.0,0.458257569495584,0.9539392014169457
2017-05-18,0.91,0.0,0.21,17.0,0.458257569495584,0.9539392014169457
2017-05-19,0.91,0.0,0.21,18.0,0.458257569495584,0.9539392014169457
2017-05-22,0.91,0.0,0.21,21.0,0.458257569495584,0.9539392014169457
2017-05-23,0.91,0.0,0.21,22.0,0.458257569495584,0.9539392014169457
2017-05-24,0.91,0.0,0.21,23.0,0.458257569495584,0.9539392014169457
2017-05-25,0.91,0.0,0.21,24.0,0.458257569495584,0.9539392014169457
2017-05-26,0.91,0.0,0.21,25.0,0.458257569495584,0.9539392014169457
2017-05-29,0.91,3.0,0.21,28.0,0.458257569495584,0.9539392014169457
2017-05-30,0.91,0.0,0.21,29.0,0.458257569495584,0.9539392014169457
2017-05-31,0.91,0.0,0.21,30.0,0.458257569495584,0.9539392014169457
2017-06-01,0.82,0.0,0.21,31.0,0.458257569495584,0.9055385138137416
2017-06-02,0.82,1.0,0.21,32.0,0.458257569495584,0.9055385138137416
2017-06-05,0.82,4.0,0.21,35.0,0.458257569495584,0.9055385138137416
2017-06-06,0.82,5.0,0.21,36.0,0.458257569495584,0.9055385138137416
2017-06-07,0.82,6.0,0.21,37.0,0.458257569495584,0.9055385138137416
2017-06-08,0.82,7.0,0.21,38.0,0.458257569495584,0.9055385138137416
2017-06-09,0.91,0.0,0.21,39.0,0.458257569495584,0.9539392014169457
2017-06-12,0.91,0.0,0.21,42.0,0.458257569495584,0.9539392014169457
2017-06-13,0.91,0.0,0.21,43.0,0.458257569495584,0.9539392014169457
2017-06-14,0.91,0.0,0.21,44.0,0.458257569495584,0.9539392014169457
2017-06-15,0.91,0.0,0.21,45.0,0.458257569495584,0.9539392014169457
2017-06-16,1.16,0.0,0.21,46.0,0.458257569495584,1.0770329614269007
2017-06-19,1.16,0.0,0.21,49.0,0.458257569495584,1.0770329614269007
2017-06-20,1.16,0.0,0.21,50.0,0.458257569495584,1.0770329614269007
2017-06-21,1.16,0.0,0.21,51.0,0.458257569495584,1.0770329614269007
2017-06-22,1.16,0.0,0.21,52.0,0.458257569495584,1.0770329614269007
2017-06-23,1.16,0.0,0.21,53.0,0.458257569495584,1.0770329614269007
2017-06-26,1.16,0.0,0.21,56.0,0.458257569495584,1.0770329614269007
2017-06-27,1.16,0.0,0.21,57.0,0.458257569495584,1.0770329614269007
2017-06-28,1.16,0.0,0.21,58.0,0.458257569495584,1.0770329614269007
2017-06-29,1.16,0.0,0.21,59.0,0.458257569495584,1.0770329614269007
2017-06-30,1.16,0.0,0.21,60.0,0.458257569495584,1.0770329614269007
2017-07-03,1.06,0.0,0.21,0.0,0.458257569495584,1.0295630140987
2017-07-04,1.06,1.0,0.21,1.0,0.458257569495584,1.0295630140987
2017-07-05,1.16,0.0,0.21,2.0,0.458257569495584,1.0770329614269007
2017-07-06,1.16,0.0,0.21,3.0,0.458257569495584,1.0770329614269007
2017-07-07,1.16,0.0,0.21,4.0,0.458257569495584,1.0770329614269007
2017-07-10,1.16,0.0,0.21,7.0,0.458257569495584,1.0770329614269007
2017-07-11,1.16,0.0,0.21,8.0,0.458257569495584,1.0770329614269007
2017-07-12,1.16,0.0,0.21,9.0,0.458257569495584,1.0770329614269007
2017-07-13,1.16,0.0,0.21,10.0,0.458257569495584,1.0770329614269007
2017-07-14,1.16,0.0,0.21,11.0,0.458257569495584,1.0770329614269007
2017-07-17,1.16,0.0,0.21,14.0,0.458257569495584,1.0770329614269007
2017-07-18,1.16,0.0,0.21,15.0,0.458257569495584,1.0770329614269007
2017-07-19,1.16,0.0,0.21,16.0,0.458257569495584,1.0770329614269007
2017-07-20,1.16,0.0,0.21,17.0,0.458257569495584,1.0770329614269007
2017-07-21,1.16,0.0,0.21,18.0,0.458257569495584,1.0770329614269007
2017-07-24,1.16,0.0,0.21,21.0,0.458257569495584,1.0770329614269007
2017-07-25,1.16,0.0,0.21,22.0,0.458257569495584,1.0770329614269007
2017-07-26,1.16,0.0,0.21,23.0,0.458257569495584,1.0770329614269007
2017-07-27,1.16,0.0,0.21,24.0,0.458257569495584,1.0770329614269007
2017-07-28,1.16,0.0,0.21,25.0,0.458257569495584,1.0770329614269007
2017-07-31,1.16,0.0,0.21,28.0,0.458257569495584,1.0770329614269007
2017-08-01,1.07,0.0,0.21,29.0,0.458257569495584,1.03440804327886
2017-08-02,1.16,0.0,0.21,30.0,0.458257569495584,1.0770329614269007
2017-08-03,1.16,0.0,0.21,31.0,0.458257569495584,1.0770329614269007
2017-08-04,1.16,0.0,0.21,32.0,0.458257569495584,1.0770329614269007
2017-08-07,1.16,0.0,0.21,35.0,0.458257569495584,1.0770329614269007
2017-08-08,1.16,0.0,0.21,36.0,0.458257569495584,1.0770329614269007
2017-08-09,1.16,0.0,0.21,37.0,0.458257569495584,1.0770329614269007
2017-08-10,1.16,0.0,0.21,38.0,0.458257569495584,1.0770329614269007
2017-08-11,1.16,0.0,0.21,39.0,0.458257569495584,1.0770329614269007
2017-08-14,1.16,0.0,0.21,42.0,0.458257569495584,1.0770329614269007
2017-08-15,1.16,0.0,0.21,43.0,0.458257569495584,1.0770329614269007
2017-08-16,1.16,0.0,0.21,44.0,0.458257569495584,1.0770329614269007
2017-08-17,1.16,0.0,0.21,45.0,0.458257569495584,1.0770329614269007
2017-08-18,1.16,0.0,0.21,46.0,0.458257569495584,1.0770329614269007
2017-08-21,1.16,0.0,0.21,49.0,0.458257569495584,1.0770329614269007
2017-08-22,1.16,0.0,0.21,50.0,0.458257569495584,1.0770329614269007
2017-08-23,1.16,0.0,0.21,51.0,0.458257569495584,1.0770329614269007
2017-08-24,1.16,0.0,0.21,52.0,0.458257569495584,1.0770329614269007
2017-08-25,1.16,0.0,0.21,53.0,0.458257569495584,1.0770329614269007
2017-08-28,1.16,0.0,0.21,56.0,0.458257569495584,1.0770329614269007
2017-08-29,1.16,0.0,0.21,57.0,0.458257569495584,1.0770329614269007
2017-08-30,1.16,0.0,0.21,58.0,0.458257569495584,1.0770329614269007
2017-08-31,1.16,0.0,0.21,59.0,0.458257569495584,1.0770329614269007
2017-09-01,1.07,0.0,0.21,0.0,0.458257569495584,1.03440804327886
2017-09-04,1.07,3.0,0.21,3.0,0.458257569495584,1.03440804327886
2017-09-05,1.16,0.0,0.21,4.0,0.458257569495584,1.0770329614269007
2017-09-06,1.16,0.0,0.21,5.0,0.458257569495584,1.0770329614269007
2017-09-07,1.16,0.0,0.21,6.0,0.458257569495584,1.0770329614269007
2017-09-08,1.16,0.0,0.21,7.0,0.458257569495584,1.0770329614269007
2017-09-11,1.16,0.0,0.21,10.0,0.458257569495584,1.0770329614269007
2017-09-12,1.16,0.0,0.21,11.0,0.458257569495584,1.0770329614269007
2017-09-13,1.16,0.0,0.21,12.0,0.458257569495584,1.0770329614269007
2017-09-14,1.16,0.0,0.21,13.0,0.458257569495584,1.0770329614269007
2017-09-15,1.16,0.0,0.21,14.0,0.458257569495584,1.0770329614269007
2017-09-18,1.16,0.0,0.21,17.0,0.458257569495584,1.0770329614269007
2017-09-19,1.16,0.0,0.21,18.0,0.458257569495584,1.0770329614269007
2017-09-20,1.16,0.0,0.21,19.0,0.458257569495584,1.0770329614269007
2017-09-21,1.16,0.0,0.21,20.0,0.458257569495584,1.0770329614269007
2017-09-22,1.16,0.0,0.21,21.0,0.458257569495584,1.0770329614269007
2017-09-25,1.16,0.0,0.21,24.0,0.458257569495584,1.0770329614269007
2017-09-26,1.16,0.0,0.21,25.0,0.458257569495584,1.0770329614269007
2017-09-27,1.16,0.0,0.21,26.0,0.458257569495584,1.0770329614269007
2017-09-28,1.16,0.0,0.21,27.0,0.458257569495584,1.0770329614269007
2017-09-29,1.16,0.0,0.21,28.0,0.458257569495584,1.0770329614269007
2017-10-02,1.06,0.0,0.21,0.0,0.458257569495584,1.0295630140987
2017-10-03,1.16,0.0,0.21,1.0,0.458257569495584,1.0770329614269007
2017-10-04,1.16,0.0,0.21,2.0,0.458257569495584,1.0770329614269007
2017-10-05,1.16,0.0,0.21,3.0,0.458257569495584,1.0770329614269007
2017-10-06,1.16,0.0,0.21,4.0,0.458257569495584,1.0770329614269007
2017-10-09,1.16,3.0,0.21,7.0,0.458257569495584,1.0770329614269007
2017-10-10,1.16,0.0,0.21,8.0,0.458257569495584,1.0770329614269007
2017-10-11,1.16,0.0,0.21,9.0,0.458257569495584,1.0770329614269007
2017-10-12,1.16,0.0,0.21,10.0,0.458257569495584,1.0770329614269007
2017-10-13,1.16,0.0,0.21,11.0,0.458257569495584,1.0770329614269007
2017-10-16,1.16,0.0,0.21,14.0,0.458257569495584,1.0770329614269007
2017-10-17,1.16,0.0,0.21,15.0,0.458257569495584,1.0770329614269007
2017-10-18,1.16,0.0,0.21,16.0,0.458257569495584,1.0770329614269007
2017-10-19,1.16,0.0,0.21,17.0,0.458257569495584,1.0770329614269007
2017-10-20,1.16,0.0,0.21,18.0,0.458257569495584,1.0770329614269007
2017-10-23,1.16,0.0,0.21,21.0,0.458257569495584,1.0770329614269007
2017-10-24,1.16,0.0,0.21,22.0,0.458257569495584,1.0770329614269007
2017-10-25,1.16,0.0,0.21,23.0,0.458257569495584,1.0770329614269007
2017-10-26,1.16,0.0,0.21,24.0,0.458257569495584,1.0770329614269007
2017-10-27,1.16,0.0,0.21,25.0,0.458257569495584,1.0770329614269007
2017-10-30,1.16,0.0,0.21,28.0,0.458257569495584,1.0770329614269007
2017-10-31,1.16,0.0,0.21,29.0,0.458257569495584,1.0770329614269007
2017-11-01,1.07,0.0,0.21,0.0,0.458257569495584,1.03440804327886
2017-11-02,1.16,0.0,0.21,1.0,0.458257569495584,1.0770329614269007
2017-11-03,1.16,0.0,0.21,2.0,0.458257569495584,1.0770329614269007
2017-11-06,1.16,0.0,0.21,5.0,0.458257569495584,1.0770329614269007
2017-11-07,1.16,0.0,0.21,6.0,0.458257569495584,1.0770329614269007
2017-11-08,1.16,0.0,0.21,7.0,0.458257569495584,1.0770329614269007
2017-11-09,1.16,0.0,0.21,8.0,0.458257569495584,1.0770329614269007
2017-11-10,1.16,1.0,0.21,9.0,0.458257569495584,1.0770329614269007
2017-11-13,1.16,0.0,0.21,12.0,0.458257569495584,1.0770329614269007
2017-11-14,1.16,0.0,0.21,13.0,0.458257569495584,1.0770329614269007
2017-11-15,1.16,0.0,0.21,14.0,0.458257569495584,1.0770329614269007
2017-11-16,1.16,0.0,0.21,15.0,0.458257569495584,1.0770329614269007
2017-11-17,1.16,0.0,0.21,16.0,0.458257569495584,1.0770329614269007
2017-11-20,1.16,0.0,0.21,19.0,0.458257569495584,1.0770329614269007
2017-11-21,1.16,0.0,0.21,20.0,0.458257569495584,1.0770329614269007
2017-11-22,1.16,0.0,0.21,21.0,0.458257569495584,1.0770329614269007
2017-11-23,1.16,1.0,0.21,22.0,0.458257569495584,1.0770329614269007
2017-11-24,1.16,0.0,0.21,23.0,0.458257569495584,1.0770329614269007
2017-11-27,1.16,0.0,0.21,26.0,0.458257569495584,1.0770329614269007
2017-11-28,1.16,0.0,0.21,27.0,0.458257569495584,1.0770329614269007
2017-11-29,1.16,0.0,0.21,28.0,0.458257569495584,1.0770329614269007
2017-11-30,1.16,0.0,0.21,29.0,0.458257569495584,1.0770329614269007
2017-12-01,1.07,0.0,0.45,0.0,0.6708203932499369,1.03440804327886
2017-12-04,1.16,0.0,0.45,3.0,0.6708203932499369,1.0770329614269007
2017-12-05,1.16,0.0,0.45,4.0,0.6708203932499369,1.0770329614269007
2017-12-06,1.16,0.0,0.45,5.0,0.6708203932499369,1.0770329614269007
2017-12-07,1.16,0.0,0.45,6.0,0.6708203932499369,1.0770329614269007
2017-12-08,1.16,0.0,0.45,7.0,0.6708203932499369,1.0770329614269007
2017-12-11,1.16,0.0,0.45,10.0,0.6708203932499369,1.0770329614269007
2017-12-12,1.16,0.0,0.45,11.0,0.6708203932499369,1.0770329614269007
2017-12-13,1.17,0.0,0.45,12.0,0.6708203932499369,1.0816653826391966
2017-12-14,1.17,0.0,0.45,13.0,0.6708203932499369,1.0816653826391966
2017-12-15,1.41,0.0,0.45,14.0,0.6708203932499369,1.1874342087037917
2017-12-18,1.41,0.0,0.45,17.0,0.6708203932499369,1.1874342087037917
2017-12-19,1.42,0.0,0.45,18.0,0.6708203932499369,1.1916375287812984
2017-12-20,1.42,0.0,0.45,19.0,0.6708203932499369,1.1916375287812984
2017-12-21,1.42,0.0,0.45,20.0,0.6708203932499369,1.1916375287812984
2017-12-22,1.42,0.0,0.45,21.0,0.6708203932499369,1.1916375287812984
2017-12-25,1.42,3.0,0.45,24.0,0.6708203932499369,1.1916375287812984
2017-12-26,1.42,0.0,0.45,25.0,0.6708203932499369,1.1916375287812984
2017-12-27,1.42,0.0,0.45,26.0,0.6708203932499369,1.1916375287812984
2017-12-28,1.42,0.0,0.45,27.0,0.6708203932499369,1.1916375287812984
2017-12-29,1.42,0.0,0.45,28.0,0.6708203932499369,1.1916375287812984
2018-01-01,1.42,3.0,0.45,31.0,0.6708203932499369,1.1916375287812984
2018-01-02,1.33,0.0,0.4287,0.0,0.6547518613948341,1.1532562594670797
2018-01-03,1.42,0.0,0.4287,1.0,0.6547518613948341,1.1916375287812984
2018-01-04,1.42,0.0,0.4287,2.0,0.6547518613948341,1.1916375287812984
2018-01-05,1.42,0.0,0.4287,3.0,0.6547518613948341,1.1916375287812984
2018-01-08,1.42,0.0,0.4283,1.0,0.654446330878247,1.1916375287812984
2018-01-09,1.42,0.0,0.4283,2.0,0.654446330878247,1.1916375287812984
2018-01-10,1.42,0.0,0.4283,3.0,0.654446330878247,1.1916375287812984
2018-01-11,1.42,0.0,0.4283,4.0,0.654446330878247,1.1916375287812984
2018-01-12,1.42,0.0,0.4283,5.0,0.654446330878247,1.1916375287812984
2018-01-15,1.42,3.0,0.4283,8.0,0.654446330878247,1.1916375287812984
2018-01-16,1.42,0.0,0.4283,9.0,0.654446330878247,1.1916375287812984
2018-01-17,1.42,0.0,0.4283,10.0,0.654446330878247,1.1916375287812984
2018-01-18,1.42,0.0,0.4283,11.0,0.654446330878247,1.1916375287812984
2018-01-19,1.42,0.0,0.4283,12.0,0.654446330878247,1.1916375287812984
2018-01-22,1.42,0.0,0.4283,15.0,0.654446330878247,1.1916375287812984
2018-01-23,1.42,0.0,0.4283,16.0,0.654446330878247,1.1916375287812984
2018-01-24,1.42,0.0,0.4283,17.0,0.654446330878247,1.1916375287812984
2018-01-25,1.42,0.0,0.4283,18.0,0.654446330878247,1.1916375287812984
2018-01-26,1.42,0.0,0.4283,19.0,0.654446330878247,1.1916375287812984
2018-01-29,1.42,0.0,0.4283,22.0,0.654446330878247,1.1916375287812984
2018-01-30,1.42,0.0,0.4283,23.0,0.654446330878247,1.1916375287812984
2018-01-31,1.42,0.0,0.4283,24.0,0.654446330878247,1.1916375287812984
2018-02-01,1.34,0.0,0.4283,25.0,0.654446330878247,1.1575836902790226
2018-02-02,1.42,0.0,0.4283,26.0,0.654446330878247,1.1916375287812984
2018-02-05,1.42,0.0,0.4283,29.0,0.654446330878247,1.1916375287812984
2018-02-06,1.42,0.0,0.4283,30.0,0.654446330878247,1.1916375287812984
2018-02-07,1.42,0.0,0.4283,31.0,0.654446330878247,1.1916375287812984
2018-02-08,1.42,0.0,0.4283,32.0,0.654446330878247,1.1916375287812984
2018-02-09,1.42,0.0,0.4283,33.0,0.654446330878247,1.1916375287812984
2018-02-12,1.42,0.0,0.4283,36.0,0.654446330878247,1.1916375287812984
2018-02-13,1.42,0.0,0.4283,37.0,0.654446330878247,1.1916375287812984
2018-02-14,1.42,0.0,0.4283,38.0,0.654446330878247,1.1916375287812984
2018-02-15,1.42,0.0,0.4283,39.0,0.654446330878247,1.1916375287812984
2018-02-16,1.42,0.0,0.4283,40.0,0.654446330878247,1.1916375287812984
2018-02-19,1.42,3.0,0.4283,43.0,0.654446330878247,1.1916375287812984
2018-02-20,1.42,0.0,0.4283,44.0,0.654446330878247,1.1916375287812984
2018-02-21,1.42,0.0,0.4283,45.0,0.654446330878247,1.1916375287812984
2018-02-22,1.42,0.0,0.4283,46.0,0.654446330878247,1.1916375287812984
2018-02-23,1.42,0.0,0.4283,47.0,0.654446330878247,1.1916375287812984
2018-02-26,1.42,0.0,0.4283,50.0,0.654446330878247,1.1916375287812984
2018-02-27,1.42,0.0,0.4283,51.0,0.654446330878247,1.1916375287812984
2018-02-28,1.42,0.0,0.4283,52.0,0.654446330878247,1.1916375287812984
2018-03-01,1.35,0.0,0.4283,53.0,0.654446330878247,1.161895003862225
2018-03-02,1.35,1.0,0.4283,54.0,0.654446330878247,1.161895003862225
2018-03-05,1.42,0.0,0.4283,57.0,0.654446330878247,1.1916375287812984
2018-03-06,1.42,0.0,0.4283,58.0,0.654446330878247,1.1916375287812984
2018-03-07,1.42,0.0,0.4283,59.0,0.654446330878247,1.1916375287812984
2018-03-08,1.42,0.0,0.4283,60.0,0.654446330878247,1.1916375287812984
2018-03-09,1.42,0.0,0.4598,0.0,0.6780855403265874,1.1916375287812984
2018-03-12,1.42,0.0,0.4598,3.0,0.6780855403265874,1.1916375287812984
2018-03-13,1.42,0.0,0.4598,4.0,0.6780855403265874,1.1916375287812984
2018-03-14,1.42,0.0,0.4598,5.0,0.6780855403265874,1.1916375287812984
2018-03-15,1.42,0.0,0.4598,6.0,0.6780855403265874,1.1916375287812984
2018-03-16,1.43,0.0,0.4598,7.0,0.6780855403265874,1.1958260743101399
2018-03-19,1.43,0.0,0.4598,10.0,0.6780855403265874,1.1958260743101399
2018-03-20,1.43,0.0,0.4598,11.0,0.6780855403265874,1.1958260743101399
2018-03-21,1.44,0.0,0.4598,12.0,0.6780855403265874,1.2
2018-03-22,1.44,0.0,0.4598,13.0,0.6780855403265874,1.2
2018-03-23,1.68,0.0,0.4598,14.0,0.6780855403265874,1.296148139681572
2018-03-26,1.68,0.0,0.4598,17.0,0.6780855403265874,1.296148139681572
2018-03-27,1.68,0.0,0.4598,18.0,0.6780855403265874,1.296148139681572
2018-03-28,1.68,0.0,0.4598,19.0,0.6780855403265874,1.296148139681572
2018-03-29,1.68,0.0,0.4598,20.0,0.6780855403265874,1.296148139681572
2018-03-30,1.68,0.0,0.4598,21.0,0.6780855403265874,1.296148139681572
2018-04-02,1.67,0.0,0.4598,24.0,0.6780855403265874,1.2922847983320085
2018-04-03,1.68,0.0,0.4598,25.0,0.6780855403265874,1.296148139681572
2018-04-04,1.69,0.0,0.4598,26.0,0.6780855403265874,1.3
2018-04-05,1.69,0.0,0.4637,0.0,0.6809552114493287,1.3
2018-04-06,1.69,0.0,0.4637,1.0,0.6809552114493287,1.3
2018-04-09,1.69,0.0,0.4637,4.0,0.6809552114493287,1.3
2018-04-10,1.69,0.0,0.4637,5.0,0.6809552114493287,1.3
2018-04-11,1.69,0.0,0.4637,6.0,0.6809552114493287,1.3
2018-04-12,1.69,0.0,0.4637,7.0,0.6809552114493287,1.3
2018-04-13,1.69,0.0,0.4637,8.0,0.6809552114493287,1.3
2018-04-16,1.69,0.0,0.4637,11.0,0.6809552114493287,1.3
2018-04-17,1.69,0.0,0.4637,12.0,0.6809552114493287,1.3
2018-04-18,1.69,0.0,0.4637,13.0,0.6809552114493287,1.3
2018-04-19,1.69,0.0,0.4637,14.0,0.6809552114493287,1.3
2018-04-20,1.69,0.0,0.4637,15.0,0.6809552114493287,1.3
2018-04-23,1.7,0.0,0.4637,18.0,0.6809552114493287,1.3038404810405297
2018-04-24,1.7,0.0,0.4637,19.0,0.6809552114493287,1.3038404810405297
2018-04-25,1.7,0.0,0.4637,20.0,0.6809552114493287,1.3038404810405297
2018-04-26,1.7,0.0,0.4637,21.0,0.6809552114493287,1.3038404810405297
2018-04-27,1.7,0.0,0.4637,22.0,0.6809552114493287,1.3038404810405297
2018-04-30,1.7,0.0,0.4637,25.0,0.6809552114493287,1.3038404810405297
2018-05-01,1.69,0.0,0.4637,26.0,0.6809552114493287,1.3
2018-05-02,1.7,0.0,0.4637,27.0,0.6809552114493287,1.3038404810405297
2018-05-03,1.7,0.0,0.4637,28.0,0.6809552114493287,1.3038404810405297
2018-05-04,1.7,0.0,0.4637,29.0,0.6809552114493287,1.3038404810405297
2018-05-07,1.7,0.0,0.4637,32.0,0.6809552114493287,1.3038404810405297
2018-05-08,1.7,0.0,0.4637,33.0,0.6809552114493287,1.3038404810405297
2018-05-09,1.7,0.0,0.4637,34.0,0.6809552114493287,1.3038404810405297
2018-05-10,1.7,0.0,0.4637,35.0,0.6809552114493287,1.3038404810405297
2018-05-11,1.7,0.0,0.4637,36.0,0.6809552114493287,1.3038404810405297
2018-05-14,1.7,0.0,0.4637,39.0,0.6809552114493287,1.3038404810405297
2018-05-15,1.7,0.0,0.4637,40.0,0.6809552114493287,1.3038404810405297
2018-05-16,1.7,0.0,0.4637,41.0,0.6809552114493287,1.3038404810405297
2018-05-17,1.7,0.0,0.4637,42.0,0.6809552114493287,1.3038404810405297
2018-05-18,1.7,0.0,0.4637,43.0,0.6809552114493287,1.3038404810405297
2018-05-21,1.7,0.0,0.4637,46.0,0.6809552114493287,1.3038404810405297
2018-05-22,1.7,0.0,0.4637,47.0,0.6809552114493287,1.3038404810405297
2018-05-23,1.7,0.0,0.4637,48.0,0.6809552114493287,1.3038404810405297
2018-05-24,1.7,0.0,0.4637,49.0,0.6809552114493287,1.3038404810405297
2018-05-25,1.7,0.0,0.4637,50.0,0.6809552114493287,1.3038404810405297
2018-05-28,1.7,3.0,0.4637,53.0,0.6809552114493287,1.3038404810405297
2018-05-29,1.7,0.0,0.4637,54.0,0.6809552114493287,1.3038404810405297
2018-05-30,1.7,0.0,0.4637,55.0,0.6809552114493287,1.3038404810405297
2018-05-31,1.7,0.0,0.4637,56.0,0.6809552114493287,1.3038404810405297
2018-06-01,1.7,0.0,0.4637,57.0,0.6809552114493287,1.3038404810405297
2018-06-04,1.7,0.0,0.4637,60.0,0.6809552114493287,1.3038404810405297
2018-06-05,1.7,0.0,0.4529,0.0,0.6729784543356496,1.3038404810405297
2018-06-06,1.7,0.0,0.4529,1.0,0.6729784543356496,1.3038404810405297
2018-06-07,1.7,0.0,0.4529,2.0,0.6729784543356496,1.3038404810405297
2018-06-08,1.7,0.0,0.4529,3.0,0.6729784543356496,1.3038404810405297
2018-06-11,1.7,0.0,0.4529,6.0,0.6729784543356496,1.3038404810405297
2018-06-12,1.7,0.0,0.4529,7.0,0.6729784543356496,1.3038404810405297
2018-06-13,1.7,0.0,0.4529,8.0,0.6729784543356496,1.3038404810405297
2018-06-14,1.7,0.0,0.4529,9.0,0.6729784543356496,1.3038404810405297
2018-06-15,1.9,0.0,0.4529,10.0,0.6729784543356496,1.378404875209022
2018-06-18,1.9,0.0,0.4529,13.0,0.6729784543356496,1.378404875209022
2018-06-19,1.9,0.0,0.4529,14.0,0.6729784543356496,1.378404875209022
2018-06-20,1.91,0.0,0.4529,15.0,0.6729784543356496,1.3820274961085253
2018-06-21,1.92,0.0,0.4529,16.0,0.6729784543356496,1.3856406460551018
2018-06-22,1.92,0.0,0.4529,17.0,0.6729784543356496,1.3856406460551018
2018-06-25,1.92,0.0,0.4529,20.0,0.6729784543356496,1.3856406460551018
2018-06-26,1.92,0.0,0.4529,21.0,0.6729784543356496,1.3856406460551018
2018-06-27,1.92,0.0,0.4529,22.0,0.6729784543356496,1.3856406460551018
2018-06-28,1.91,0.0,0.4529,23.0,0.6729784543356496,1.3820274961085253
2018-06-29,1.91,0.0,0.4529,24.0,0.6729784543356496,1.3820274961085253
2018-07-02,1.91,0.0,0.4529,27.0,0.6729784543356496,1.3820274961085253
2018-07-03,1.91,0.0,0.4507,0.0,0.671341939699882,1.3820274961085253
2018-07-04,1.91,1.0,0.4507,1.0,0.671341939699882,1.3820274961085253
2018-07-05,1.91,0.0,0.4507,2.0,0.671341939699882,1.3820274961085253
2018-07-06,1.91,0.0,0.4507,3.0,0.671341939699882,1.3820274961085253
2018-07-09,1.91,0.0,0.4507,6.0,0.671341939699882,1.3820274961085253
2018-07-10,1.91,0.0,0.4507,7.0,0.671341939699882,1.3820274961085253
2018-07-11,1.91,0.0,0.4507,8.0,0.671341939699882,1.3820274961085253
2018-07-12,1.91,0.0,0.4507,9.0,0.671341939699882,1.3820274961085253
2018-07-13,1.91,0.0,0.4507,10.0,0.671341939699882,1.3820274961085253
2018-07-16,1.91,0.0,0.4507,13.0,0.671341939699882,1.3820274961085253
2018-07-17,1.91,0.0,0.4507,14.0,0.671341939699882,1.3820274961085253
2018-07-18,1.91,0.0,0.4507,15.0,0.671341939699882,1.3820274961085253
2018-07-19,1.91,0.0,0.4507,16.0,0.671341939699882,1.3820274961085253
2018-07-20,1.91,0.0,0.4507,17.0,0.671341939699882,1.3820274961085253
2018-07-23,1.91,0.0,0.4507,20.0,0.671341939699882,1.3820274961085253
2018-07-24,1.91,0.0,0.4507,21.0,0.671341939699882,1.3820274961085253
2018-07-25,1.91,0.0,0.4507,22.0,0.671341939699882,1.3820274961085253
2018-07-26,1.91,0.0,0.4507,23.0,0.671341939699882,1.3820274961085253
2018-07-27,1.91,0.0,0.4507,24.0,0.671341939699882,1.3820274961085253
2018-07-30,1.91,0.0,0.4507,27.0,0.671341939699882,1.3820274961085253
2018-07-31,1.91,0.0,0.4507,28.0,0.671341939699882,1.3820274961085253
2018-08-01,1.91,0.0,0.4507,29.0,0.671341939699882,1.3820274961085253
2018-08-02,1.91,0.0,0.4545,0.0,0.674166151627327,1.3820274961085253
2018-08-03,1.91,0.0,0.4545,1.0,0.674166151627327,1.3820274961085253
2018-08-06,1.91,0.0,0.4545,4.0,0.674166151627327,1.3820274961085253
2018-08-07,1.91,0.0,0.4545,5.0,0.674166151627327,1.3820274961085253
2018-08-08,1.91,0.0,0.4545,6.0,0.674166151627327,1.3820274961085253
2018-08-09,1.91,0.0,0.4545,7.0,0.674166151627327,1.3820274961085253
2018-08-10,1.91,0.0,0.4545,8.0,0.674166151627327,1.3820274961085253
2018-08-13,1.91,0.0,0.4545,11.0,0.674166151627327,1.3820274961085253
2018-08-14,1.91,0.0,0.4545,12.0,0.674166151627327,1.3820274961085253
2018-08-15,1.91,0.0,0.4545,13.0,0.674166151627327,1.3820274961085253
2018-08-16,1.91,0.0,0.4545,14.0,0.674166151627327,1.3820274961085253
2018-08-17,1.92,0.0,0.4545,15.0,0.674166151627327,1.3856406460551018
2018-08-20,1.92,0.0,0.4545,18.0,0.674166151627327,1.3856406460551018
2018-08-21,1.92,0.0,0.4545,19.0,0.674166151627327,1.3856406460551018
2018-08-22,1.92,0.0,0.4545,20.0,0.674166151627327,1.3856406460551018
2018-08-23,1.92,0.0,0.4545,21.0,0.674166151627327,1.3856406460551018
2018-08-24,1.92,0.0,0.4545,22.0,0.674166151627327,1.3856406460551018
2018-08-27,1.92,0.0,0.4545,25.0,0.674166151627327,1.3856406460551018
2018-08-28,1.92,0.0,0.4545,26.0,0.674166151627327,1.3856406460551018
2018-08-29,1.92,0.0,0.4545,27.0,0.674166151627327,1.3856406460551018
2018-08-30,1.92,0.0,0.4545,28.0,0.674166151627327,1.3856406460551018
2018-08-31,1.92,0.0,0.4545,29.0,0.674166151627327,1.3856406460551018
2018-09-03,1.92,3.0,0.4545,32.0,0.674166151627327,1.3856406460551018
2018-09-04,1.91,0.0,0.6911,0.0,0.831324244804637,1.3820274961085253
2018-09-05,1.92,0.0,0.6911,1.0,0.831324244804637,1.3856406460551018
2018-09-06,1.92,0.0,0.6911,2.0,0.831324244804637,1.3856406460551018
2018-09-07,1.92,0.0,0.6911,3.0,0.831324244804637,1.3856406460551018
2018-09-10,1.92,0.0,0.6911,6.0,0.831324244804637,1.3856406460551018
2018-09-11,1.92,0.0,0.6911,7.0,0.831324244804637,1.3856406460551018
2018-09-12,1.92,0.0,0.6911,8.0,0.831324244804637,1.3856406460551018
2018-09-13,1.92,0.0,0.6911,0.0,0.831324244804637,1.3856406460551018
2018-09-14,1.92,0.0,0.6911,1.0,0.831324244804637,1.3856406460551018
2018-09-17,1.92,0.0,0.6911,4.0,0.831324244804637,1.3856406460551018
2018-09-18,1.92,0.0,0.6911,5.0,0.831324244804637,1.3856406460551018
2018-09-19,1.92,0.0,0.6911,6.0,0.831324244804637,1.3856406460551018
2018-09-20,1.92,0.0,0.6911,7.0,0.831324244804637,1.3856406460551018
2018-09-21,1.92,0.0,0.6911,8.0,0.831324244804637,1.3856406460551018
2018-09-24,1.92,0.0,0.6911,11.0,0.831324244804637,1.3856406460551018
2018-09-25,1.93,0.0,0.6911,12.0,0.831324244804637,1.3892443989449805
2018-09-26,1.93,0.0,0.6911,13.0,0.831324244804637,1.3892443989449805
2018-09-27,1.93,0.0,0.6911,14.0,0.831324244804637,1.3892443989449805
2018-09-28,2.18,0.0,0.6911,15.0,0.831324244804637,1.47648230602334
2018-10-01,2.18,0.0,0.6911,18.0,0.831324244804637,1.47648230602334
2018-10-02,2.18,0.0,0.6911,19.0,0.831324244804637,1.47648230602334
2018-10-03,2.18,0.0,0.6911,20.0,0.831324244804637,1.47648230602334
2018-10-04,2.18,0.0,0.6911,21.0,0.831324244804637,1.47648230602334
2018-10-05,2.18,0.0,0.6911,22.0,0.831324244804637,1.47648230602334
2018-10-08,2.18,3.0,0.6911,25.0,0.831324244804637,1.47648230602334
2018-10-09,2.18,0.0,0.7012,0.0,0.8373768566183329,1.47648230602334
2018-10-10,2.18,0.0,0.7012,1.0,0.8373768566183329,1.47648230602334
2018-10-11,2.18,0.0,0.7012,2.0,0.8373768566183329,1.47648230602334
2018-10-12,2.18,0.0,0.7012,3.0,0.8373768566183329,1.47648230602334
2018-10-15,2.18,0.0,0.7012,6.0,0.8373768566183329,1.47648230602334
2018-10-16,2.18,0.0,0.7012,7.0,0.8373768566183329,1.47648230602334
2018-10-17,2.18,0.0,0.7012,8.0,0.8373768566183329,1.47648230602334
2018-10-18,2.19,0.0,0.7012,9.0,0.8373768566183329,1.4798648586948742
2018-10-19,2.19,0.0,0.7012,10.0,0.8373768566183329,1.4798648586948742
2018-10-22,2.19,0.0,0.7012,13.0,0.8373768566183329,1.4798648586948742
2018-10-23,2.19,0.0,0.7012,14.0,0.8373768566183329,1.4798648586948742
2018-10-24,2.2,0.0,0.7012,15.0,0.8373768566183329,1.4832396974191326
2018-10-25,2.2,0.0,0.7012,16.0,0.8373768566183329,1.4832396974191326
2018-10-26,2.2,0.0,0.7012,17.0,0.8373768566183329,1.4832396974191326
2018-10-29,2.2,0.0,0.7012,20.0,0.8373768566183329,1.4832396974191326
2018-10-30,2.2,0.0,0.7012,21.0,0.8373768566183329,1.4832396974191326
2018-10-31,2.2,0.0,0.7012,22.0,0.8373768566183329,1.4832396974191326
2018-11-01,2.2,0.0,0.7012,23.0,0.8373768566183329,1.4832396974191326
2018-11-02,2.2,0.0,0.7012,24.0,0.8373768566183329,1.4832396974191326
2018-11-05,2.19,0.0,0.7012,27.0,0.8373768566183329,1.4798648586948742
2018-11-06,2.2,0.0,0.7012,28.0,0.8373768566183329,1.4832396974191326
2018-11-07,2.2,0.0,0.7012,29.0,0.8373768566183329,1.4832396974191326
2018-11-08,2.2,0.0,0.7012,30.0,0.8373768566183329,1.4832396974191326
2018-11-09,2.2,0.0,0.7012,31.0,0.8373768566183329,1.4832396974191326
2018-11-12,2.2,3.0,0.7012,34.0,0.8373768566183329,1.4832396974191326
2018-11-13,2.19,0.0,0.7011,0.0,0.8373171442171717,1.4798648586948742
2018-11-14,2.2,0.0,0.7011,1.0,0.8373171442171717,1.4832396974191326
2018-11-15,2.2,0.0,0.7011,2.0,0.8373171442171717,1.4832396974191326
2018-11-16,2.2,0.0,0.7011,3.0,0.8373171442171717,1.4832396974191326
2018-11-19,2.2,0.0,0.7011,6.0,0.8373171442171717,1.4832396974191326
2018-11-20,2.2,0.0,0.7011,7.0,0.8373171442171717,1.4832396974191326
2018-11-21,2.2,0.0,0.7011,8.0,0.8373171442171717,1.4832396974191326
2018-11-22,2.2,1.0,0.7011,9.0,0.8373171442171717,1.4832396974191326
2018-11-23,2.2,0.0,0.7011,10.0,0.8373171442171717,1.4832396974191326
2018-11-26,2.2,0.0,0.7011,13.0,0.8373171442171717,1.4832396974191326
2018-11-27,2.2,0.0,0.7011,14.0,0.8373171442171717,1.4832396974191326
2018-11-28,2.2,0.0,0.7011,15.0,0.8373171442171717,1.4832396974191326
2018-11-29,2.2,0.0,0.7011,16.0,0.8373171442171717,1.4832396974191326
2018-11-30,2.2,0.0,0.7011,17.0,0.8373171442171717,1.4832396974191326
2018-12-03,2.2,0.0,0.7011,20.0,0.8373171442171717,1.4832396974191326
2018-12-04,2.19,0.0,0.7011,21.0,0.8373171442171717,1.4798648586948742
2018-12-05,2.19,1.0,0.7011,22.0,0.8373171442171717,1.4798648586948742
2018-12-06,2.2,0.0,0.7011,23.0,0.8373171442171717,1.4832396974191326
2018-12-07,2.2,0.0,0.7011,24.0,0.8373171442171717,1.4832396974191326
2018-12-10,2.19,0.0,0.7011,27.0,0.8373171442171717,1.4798648586948742
2018-12-11,2.19,0.0,0.7011,28.0,0.8373171442171717,1.4798648586948742
2018-12-12,2.19,0.0,0.7011,29.0,0.8373171442171717,1.4798648586948742
2018-12-13,2.19,0.0,0.7011,30.0,0.8373171442171717,1.4798648586948742
2018-12-14,2.19,0.0,0.7011,31.0,0.8373171442171717,1.4798648586948742
2018-12-17,2.19,0.0,0.7017,0.0,0.8376753547765388,1.4798648586948742
2018-12-18,2.2,0.0,0.7017,1.0,0.8376753547765388,1.4832396974191326
2018-12-19,2.2,0.0,0.7017,2.0,0.8376753547765388,1.4832396974191326
2018-12-20,2.2,0.0,0.7017,3.0,0.8376753547765388,1.4832396974191326
2018-12-21,2.4,0.0,0.7017,4.0,0.8376753547765388,1.5491933384829668
2018-12-24,2.4,3.0,0.7017,7.0,0.8376753547765388,1.5491933384829668
2018-12-25,2.4,4.0,0.7017,8.0,0.8376753547765388,1.5491933384829668
2018-12-26,2.4,0.0,0.7017,9.0,0.8376753547765388,1.5491933384829668
2018-12-27,2.4,0.0,0.7017,10.0,0.8376753547765388,1.5491933384829668
2018-12-28,2.4,0.0,0.7017,11.0,0.8376753547765388,1.5491933384829668
2018-12-31,2.4,0.0,0.7017,14.0,0.8376753547765388,1.5491933384829668
2019-01-01,2.4,1.0,0.7017,15.0,0.8376753547765388,1.5491933384829668
2019-01-02,2.4,0.0,0.7017,16.0,0.8376753547765388,1.5491933384829668
2019-01-03,2.4,0.0,0.7017,17.0,0.8376753547765388,1.5491933384829668
2019-01-04,2.4,0.0,0.7017,18.0,0.8376753547765388,1.5491933384829668
2019-01-07,2.4,0.0,0.7017,21.0,0.8376753547765388,1.5491933384829668
2019-01-08,2.4,0.0,0.7017,22.0,0.8376753547765388,1.5491933384829668
2019-01-09,2.4,0.0,0.7017,23.0,0.8376753547765388,1.5491933384829668
2019-01-10,2.4,0.0,0.7017,24.0,0.8376753547765388,1.5491933384829668
2019-01-11,2.4,0.0,0.7017,25.0,0.8376753547765388,1.5491933384829668
2019-01-14,2.4,3.0,0.7017,28.0,0.8376753547765388,1.5491933384829668
2019-01-15,2.4,0.0,0.7027,0.0,0.8382720322186588,1.5491933384829668
2019-01-16,2.4,0.0,0.7027,1.0,0.8382720322186588,1.5491933384829668
2019-01-17,2.4,0.0,0.7027,2.0,0.8382720322186588,1.5491933384829668
2019-01-18,2.4,0.0,0.7027,3.0,0.8382720322186588,1.5491933384829668
2019-01-21,2.4,3.0,0.7027,6.0,0.8382720322186588,1.5491933384829668
2019-01-22,2.4,0.0,0.7027,7.0,0.8382720322186588,1.5491933384829668
2019-01-23,2.4,0.0,0.7027,8.0,0.8382720322186588,1.5491933384829668
2019-01-24,2.4,0.0,0.7027,9.0,0.8382720322186588,1.5491933384829668
2019-01-25,2.4,0.0,0.7027,10.0,0.8382720322186588,1.5491933384829668
2019-01-28,2.4,0.0,0.7027,13.0,0.8382720322186588,1.5491933384829668
2019-01-29,2.4,0.0,0.7027,14.0,0.8382720322186588,1.5491933384829668
2019-01-30,2.4,0.0,0.7027,15.0,0.8382720322186588,1.5491933384829668
2019-01-31,2.4,0.0,0.7027,16.0,0.8382720322186588,1.5491933384829668
2019-02-01,2.4,0.0,0.7027,17.0,0.8382720322186588,1.5491933384829668
2019-02-04,2.4,0.0,0.7027,20.0,0.8382720322186588,1.5491933384829668
2019-02-05,2.4,0.0,0.7027,21.0,0.8382720322186588,1.5491933384829668
2019-02-06,2.4,0.0,0.7027,22.0,0.8382720322186588,1.5491933384829668
2019-02-07,2.4,0.0,0.7027,23.0,0.8382720322186588,1.5491933384829668
2019-02-08,2.4,0.0,0.7027,24.0,0.8382720322186588,1.5491933384829668
2019-02-11,2.4,0.0,0.7027,27.0,0.8382720322186588,1.5491933384829668
2019-02-12,2.4,0.0,0.7027,28.0,0.8382720322186588,1.5491933384829668
2019-02-13,2.4,0.0,0.7053,0.0,0.8398214095865859,1.5491933384829668
2019-02-14,2.4,0.0,0.7053,1.0,0.8398214095865859,1.5491933384829668
2019-02-15,2.4,0.0,0.7053,2.0,0.8398214095865859,1.5491933384829668
2019-02-18,2.4,3.0,0.7053,5.0,0.8398214095865859,1.5491933384829668
2019-02-19,2.4,0.0,0.7053,6.0,0.8398214095865859,1.5491933384829668
2019-02-20,2.4,1.0,0.7053,7.0,0.8398214095865859,1.5491933384829668
2019-02-21,2.4,0.0,0.7053,8.0,0.8398214095865859,1.5491933384829668
2019-02-22,2.4,0.0,0.7053,9.0,0.8398214095865859,1.5491933384829668
2019-02-25,2.4,0.0,0.7053,12.0,0.8398214095865859,1.5491933384829668
2019-02-26,2.4,0.0,0.7053,13.0,0.8398214095865859,1.5491933384829668
2019-02-27,2.4,0.0,0.7053,14.0,0.8398214095865859,1.5491933384829668
2019-02-28,2.4,0.0,0.7053,15.0,0.8398214095865859,1.5491933384829668
2019-03-01,2.4,0.0,0.7053,16.0,0.8398214095865859,1.5491933384829668
2019-03-04,2.4,0.0,0.7053,19.0,0.8398214095865859,1.5491933384829668
2019-03-05,2.4,0.0,0.7053,20.0,0.8398214095865859,1.5491933384829668
2019-03-06,2.4,0.0,0.7053,21.0,0.8398214095865859,1.5491933384829668
2019-03-07,2.4,0.0,0.7053,22.0,0.8398214095865859,1.5491933384829668
2019-03-08,2.4,0.0,0.7053,23.0,0.8398214095865859,1.5491933384829668
2019-03-11,2.4,0.0,0.7053,26.0,0.8398214095865859,1.5491933384829668
2019-03-12,2.4,0.0,0.7053,27.0,0.8398214095865859,1.5491933384829668
2019-03-13,2.4,0.0,0.7053,28.0,0.8398214095865859,1.5491933384829668
2019-03-14,2.4,0.0,0.7053,29.0,0.8398214095865859,1.5491933384829668
2019-03-15,2.4,0.0,0.7053,30.0,0.8398214095865859,1.5491933384829668
2019-03-18,2.4,0.0,0.7053,33.0,0.8398214095865859,1.5491933384829668
2019-03-19,2.4,0.0,0.7053,34.0,0.8398214095865859,1.5491933384829668
2019-03-20,2.4,0.0,0.7053,35.0,0.8398214095865859,1.5491933384829668
2019-03-21,2.41,0.0,0.7053,36.0,0.8398214095865859,1.5524174696260025
2019-03-22,2.41,0.0,0.7053,37.0,0.8398214095865859,1.5524174696260025
2019-03-25,2.41,0.0,0.7053,40.0,0.8398214095865859,1.5524174696260025
2019-03-26,2.4,0.0,0.7053,41.0,0.8398214095865859,1.5491933384829668
2019-03-27,2.4,0.0,0.7053,42.0,0.8398214095865859,1.5491933384829668
2019-03-28,2.41,0.0,0.7053,43.0,0.8398214095865859,1.5524174696260025
2019-03-29,2.41,0.0,0.7053,44.0,0.8398214095865859,1.5524174696260025
2019-04-01,2.43,0.0,0.7053,47.0,0.8398214095865859,1.5588457268119895
2019-04-02,2.41,0.0,0.7053,48.0,0.8398214095865859,1.5524174696260025
2019-04-03,2.41,0.0,0.7053,49.0,0.8398214095865859,1.5524174696260025
2019-04-04,2.41,0.0,0.7053,50.0,0.8398214095865859,1.5524174696260025
2019-04-05,2.41,0.0,0.7053,51.0,0.8398214095865859,1.5524174696260025
2019-04-08,2.41,0.0,0.7053,54.0,0.8398214095865859,1.5524174696260025
2019-04-09,2.41,0.0,0.7053,55.0,0.8398214095865859,1.5524174696260025
2019-04-10,2.41,0.0,0.7053,56.0,0.8398214095865859,1.5524174696260025
2019-04-11,2.41,0.0,0.7053,0.0,0.8398214095865859,1.5524174696260025
2019-04-12,2.41,0.0,0.7053,1.0,0.8398214095865859,1.5524174696260025
2019-04-15,2.41,0.0,0.7053,4.0,0.8398214095865859,1.5524174696260025
2019-04-16,2.41,0.0,0.7053,5.0,0.8398214095865859,1.5524174696260025
2019-04-17,2.41,0.0,0.7053,6.0,0.8398214095865859,1.5524174696260025
2019-04-18,2.42,0.0,0.7053,7.0,0.8398214095865859,1.5556349186104046
2019-04-19,2.43,0.0,0.7053,8.0,0.8398214095865859,1.5588457268119895
2019-04-22,2.44,0.0,0.7053,11.0,0.8398214095865859,1.5620499351813308
2019-04-23,2.44,0.0,0.7053,12.0,0.8398214095865859,1.5620499351813308
2019-04-24,2.44,0.0,0.7053,13.0,0.8398214095865859,1.5620499351813308
2019-04-25,2.44,0.0,0.7053,14.0,0.8398214095865859,1.5620499351813308
2019-04-26,2.44,0.0,0.7053,15.0,0.8398214095865859,1.5620499351813308
2019-04-29,2.44,0.0,0.7053,18.0,0.8398214095865859,1.5620499351813308
2019-04-30,2.45,0.0,0.7053,19.0,0.8398214095865859,1.5652475842498528
2019-05-01,2.45,0.0,0.7053,20.0,0.8398214095865859,1.5652475842498528
2019-05-02,2.45,0.0,0.7053,21.0,0.8398214095865859,1.5652475842498528
2019-05-03,2.41,0.0,0.7053,22.0,0.8398214095865859,1.5524174696260025
2019-05-06,2.4,0.0,0.7053,25.0,0.8398214095865859,1.5491933384829668
2019-05-07,2.4,0.0,0.7053,26.0,0.8398214095865859,1.5491933384829668
2019-05-08,2.4,0.0,0.7053,27.0,0.8398214095865859,1.5491933384829668
2019-05-09,2.39,0.0,0.7053,28.0,0.8398214095865859,1.5459624833740306
2019-05-10,2.38,0.0,0.7053,29.0,0.8398214095865859,1.5427248620541512
2019-05-13,2.38,0.0,0.7053,32.0,0.8398214095865859,1.5427248620541512
2019-05-14,2.38,0.0,0.7053,33.0,0.8398214095865859,1.5427248620541512
2019-05-15,2.38,0.0,0.7053,34.0,0.8398214095865859,1.5427248620541512
2019-05-16,2.4,0.0,0.7053,35.0,0.8398214095865859,1.5491933384829668
2019-05-17,2.39,0.0,0.7053,36.0,0.8398214095865859,1.5459624833740306
2019-05-20,2.39,0.0,0.7053,39.0,0.8398214095865859,1.5459624833740306
2019-05-21,2.39,0.0,0.7053,40.0,0.8398214095865859,1.5459624833740306
2019-05-22,2.39,0.0,0.7081,0.0,0.841486779456457,1.5459624833740306
2019-05-23,2.38,0.0,0.7081,1.0,0.841486779456457,1.5427248620541512
2019-05-24,2.38,0.0,0.7081,2.0,0.841486779456457,1.5427248620541512
2019-05-27,2.38,3.0,0.7081,5.0,0.841486779456457,1.5427248620541512
2019-05-28,2.38,0.0,0.7081,6.0,0.841486779456457,1.5427248620541512
2019-05-29,2.39,0.0,0.7081,7.0,0.841486779456457,1.5459624833740306
2019-05-30,2.39,0.0,0.7081,8.0,0.841486779456457,1.5459624833740306
2019-05-31,2.39,0.0,0.7081,9.0,0.841486779456457,1.5459624833740306
2019-06-03,2.4,0.0,0.7081,12.0,0.841486779456457,1.5491933384829668
2019-06-04,2.38,0.0,0.7081,13.0,0.841486779456457,1.5427248620541512
2019-06-05,2.38,0.0,0.7081,14.0,0.841486779456457,1.5427248620541512
2019-06-06,2.38,0.0,0.7081,15.0,0.841486779456457,1.5427248620541512
2019-06-07,2.37,0.0,0.7081,16.0,0.841486779456457,1.5394804318340654
2019-06-10,2.37,0.0,0.7081,19.0,0.841486779456457,1.5394804318340654
2019-06-11,2.37,0.0,0.7081,20.0,0.841486779456457,1.5394804318340654
2019-06-12,2.37,0.0,0.7081,21.0,0.841486779456457,1.5394804318340654
2019-06-13,2.37,0.0,0.7081,22.0,0.841486779456457,1.5394804318340654
2019-06-14,2.37,0.0,0.7094,0.0,0.8422588675698226,1.5394804318340654
2019-06-17,2.36,0.0,0.7094,3.0,0.8422588675698226,1.5362291495737217
2019-06-18,2.36,0.0,0.7094,4.0,0.8422588675698226,1.5362291495737217
2019-06-19,2.37,0.0,0.7094,5.0,0.8422588675698226,1.5394804318340654
2019-06-20,2.37,0.0,0.7094,6.0,0.8422588675698226,1.5394804318340654
2019-06-21,2.37,0.0,0.7094,7.0,0.8422588675698226,1.5394804318340654
2019-06-24,2.38,0.0,0.7094,10.0,0.8422588675698226,1.5427248620541512
2019-06-25,2.38,0.0,0.7094,11.0,0.8422588675698226,1.5427248620541512
2019-06-26,2.38,0.0,0.7094,12.0,0.8422588675698226,1.5427248620541512
2019-06-27,2.38,0.0,0.7094,13.0,0.8422588675698226,1.5427248620541512
2019-06-28,2.38,0.0,0.7094,14.0,0.8422588675698226,1.5427248620541512
2019-07-01,2.4,0.0,0.7094,17.0,0.8422588675698226,1.5491933384829668
2019-07-02,2.4,0.0,0.7094,18.0,0.8422588675698226,1.5491933384829668
2019-07-03,2.4,0.0,0.7094,19.0,0.8422588675698226,1.5491933384829668
2019-07-04,2.4,1.0,0.7094,20.0,0.8422588675698226,1.5491933384829668
2019-07-05,2.41,0.0,0.7094,21.0,0.8422588675698226,1.5524174696260025
2019-07-08,2.42,0.0,0.7094,24.0,0.8422588675698226,1.5556349186104046
2019-07-09,2.41,0.0,0.7094,25.0,0.8422588675698226,1.5524174696260025
2019-07-10,2.41,0.0,0.7094,26.0,0.8422588675698226,1.5524174696260025
2019-07-11,2.41,0.0,0.709,0.0,0.8420213774008354,1.5524174696260025
2019-07-12,2.4,0.0,0.709,1.0,0.8420213774008354,1.5491933384829668
2019-07-15,2.38,0.0,0.709,4.0,0.8420213774008354,1.5427248620541512
2019-07-16,2.4,0.0,0.709,5.0,0.8420213774008354,1.5491933384829668
2019-07-17,2.41,0.0,0.709,6.0,0.8420213774008354,1.5524174696260025
2019-07-18,2.41,0.0,0.709,7.0,0.8420213774008354,1.5524174696260025
2019-07-19,2.41,0.0,0.709,8.0,0.8420213774008354,1.5524174696260025
2019-07-22,2.41,0.0,0.709,11.0,0.8420213774008354,1.5524174696260025
2019-07-23,2.4,0.0,0.709,12.0,0.8420213774008354,1.5491933384829668
2019-07-24,2.4,0.0,0.709,13.0,0.8420213774008354,1.5491933384829668
2019-07-25,2.4,0.0,0.709,14.0,0.8420213774008354,1.5491933384829668
2019-07-26,2.4,0.0,0.709,15.0,0.8420213774008354,1.5491933384829668
2019-07-29,2.4,0.0,0.709,18.0,0.8420213774008354,1.5491933384829668
2019-07-30,2.4,0.0,0.709,19.0,0.8420213774008354,1.5491933384829668
2019-07-31,2.39,0.0,0.709,20.0,0.8420213774008354,1.5459624833740306
2019-08-01,2.4,0.0,0.709,21.0,0.8420213774008354,1.5491933384829668
2019-08-02,2.14,0.0,0.709,22.0,0.8420213774008354,1.4628738838327795
2019-08-05,2.14,0.0,0.709,25.0,0.8420213774008354,1.4628738838327795
2019-08-06,2.14,0.0,0.709,26.0,0.8420213774008354,1.4628738838327795
2019-08-07,2.13,0.0,0.709,27.0,0.8420213774008354,1.4594519519326423
2019-08-08,2.12,0.0,0.709,28.0,0.8420213774008354,1.4560219778561037
2019-08-09,2.12,0.0,0.709,29.0,0.8420213774008354,1.4560219778561037
2019-08-12,2.12,0.0,0.709,32.0,0.8420213774008354,1.4560219778561037
2019-08-13,2.12,0.0,0.709,33.0,0.8420213774008354,1.4560219778561037
2019-08-14,2.12,0.0,0.709,34.0,0.8420213774008354,1.4560219778561037
2019-08-15,2.12,0.0,0.709,35.0,0.8420213774008354,1.4560219778561037
2019-08-16,2.13,0.0,0.709,36.0,0.8420213774008354,1.4594519519326423
2019-08-19,2.13,0.0,0.709,39.0,0.8420213774008354,1.4594519519326423
2019-08-20,2.13,0.0,0.709,40.0,0.8420213774008354,1.4594519519326423
2019-08-21,2.13,0.0,0.709,41.0,0.8420213774008354,1.4594519519326423
2019-08-22,2.12,0.0,0.709,42.0,0.8420213774008354,1.4560219778561037
2019-08-23,2.12,0.0,0.709,43.0,0.8420213774008354,1.4560219778561037
2019-08-26,2.12,0.0,0.709,46.0,0.8420213774008354,1.4560219778561037
2019-08-27,2.12,0.0,0.709,47.0,0.8420213774008354,1.4560219778561037
2019-08-28,2.12,0.0,0.709,48.0,0.8420213774008354,1.4560219778561037
2019-08-29,2.12,0.0,0.709,49.0,0.8420213774008354,1.4560219778561037
2019-08-30,2.12,0.0,0.709,50.0,0.8420213774008354,1.4560219778561037
2019-09-02,2.12,3.0,0.709,53.0,0.8420213774008354,1.4560219778561037
2019-09-03,2.13,0.0,0.709,54.0,0.8420213774008354,1.4594519519326423
2019-09-04,2.13,0.0,0.709,55.0,0.8420213774008354,1.4594519519326423
2019-09-05,2.13,0.0,0.709,56.0,0.8420213774008354,1.4594519519326423
2019-09-06,2.13,0.0,0.709,57.0,0.8420213774008354,1.4594519519326423
2019-09-09,2.12,0.0,0.709,60.0,0.8420213774008354,1.4560219778561037
2019-09-10,2.13,0.0,0.709,61.0,0.8420213774008354,1.4594519519326423
2019-09-11,2.13,0.0,0.7101,0.0,0.8426743143112884,1.4594519519326423
2019-09-12,2.13,0.0,0.7101,1.0,0.8426743143112884,1.4594519519326423
2019-09-13,2.13,0.0,0.7101,2.0,0.8426743143112884,1.4594519519326423
2019-09-16,2.14,0.0,0.7101,5.0,0.8426743143112884,1.4628738838327795
2019-09-17,2.25,0.0,0.7101,6.0,0.8426743143112884,1.5
2019-09-18,2.3,0.0,0.7101,7.0,0.8426743143112884,1.51657508881031
2019-09-19,2.25,0.0,0.7101,8.0,0.8426743143112884,1.5
2019-09-20,1.9,0.0,0.7101,9.0,0.8426743143112884,1.378404875209022
2019-09-23,1.9,0.0,0.7101,12.0,0.8426743143112884,1.378404875209022
2019-09-24,1.9,0.0,0.7101,13.0,0.8426743143112884,1.378404875209022
2019-09-25,1.9,0.0,0.7101,14.0,0.8426743143112884,1.378404875209022
2019-09-26,1.9,0.0,0.7101,15.0,0.8426743143112884,1.378404875209022
2019-09-27,1.85,0.0,0.7101,16.0,0.8426743143112884,1.3601470508735443
2019-09-30,1.83,0.0,0.7101,19.0,0.8426743143112884,1.3527749258468684
2019-10-01,1.9,0.0,0.7101,20.0,0.8426743143112884,1.378404875209022
2019-10-02,1.88,0.0,0.7101,21.0,0.8426743143112884,1.3711309200802089
2019-10-03,1.85,0.0,0.7101,22.0,0.8426743143112884,1.3601470508735443
2019-10-04,1.83,0.0,0.7101,23.0,0.8426743143112884,1.3527749258468684
2019-10-07,1.82,0.0,0.7101,26.0,0.8426743143112884,1.3490737563232043
2019-10-08,1.82,0.0,0.7101,27.0,0.8426743143112884,1.3490737563232043
2019-10-09,1.82,0.0,0.7098,0.0,0.8424962907930218,1.3490737563232043
2019-10-10,1.82,0.0,0.7098,1.0,0.8424962907930218,1.3490737563232043
2019-10-11,1.82,0.0,0.7098,2.0,0.8424962907930218,1.3490737563232043
2019-10-14,1.82,3.0,0.7098,5.0,0.8424962907930218,1.3490737563232043
2019-10-15,1.82,0.0,0.7098,6.0,0.8424962907930218,1.3490737563232043
2019-10-16,1.9,0.0,0.7098,7.0,0.8424962907930218,1.378404875209022
2019-10-17,1.9,0.0,0.7098,8.0,0.8424962907930218,1.378404875209022
2019-10-18,1.85,0.0,0.7098,9.0,0.8424962907930218,1.3601470508735443
2019-10-21,1.85,0.0,0.7098,12.0,0.8424962907930218,1.3601470508735443
2019-10-22,1.85,0.0,0.7098,13.0,0.8424962907930218,1.3601470508735443
2019-10-23,1.85,0.0,0.7098,14.0,0.8424962907930218,1.3601470508735443
2019-10-24,1.85,0.0,0.7098,15.0,0.8424962907930218,1.3601470508735443
2019-10-25,1.85,0.0,0.7098,16.0,0.8424962907930218,1.3601470508735443
2019-10-28,1.83,0.0,0.7098,19.0,0.8424962907930218,1.3527749258468684
2019-10-29,1.83,0.0,0.7098,20.0,0.8424962907930218,1.3527749258468684
2019-10-30,1.82,0.0,0.7098,21.0,0.8424962907930218,1.3490737563232043
2019-10-31,1.82,0.0,0.7098,22.0,0.8424962907930218,1.3490737563232043
2019-11-01,1.58,0.0,0.7098,23.0,0.8424962907930218,1.2569805089976536
2019-11-04,1.57,0.0,0.7098,26.0,0.8424962907930218,1.2529964086141667
2019-11-05,1.56,0.0,0.7098,27.0,0.8424962907930218,1.2489995996796797
2019-11-06,1.56,0.0,0.7098,28.0,0.8424962907930218,1.2489995996796797
2019-11-07,1.55,0.0,0.7098,29.0,0.8424962907930218,1.2449899597988732
2019-11-08,1.55,0.0,0.7098,30.0,0.8424962907930218,1.2449899597988732
2019-11-11,1.55,3.0,0.7098,33.0,0.8424962907930218,1.2449899597988732
2019-11-12,1.55,0.0,0.7098,34.0,0.8424962907930218,1.2449899597988732
2019-11-13,1.55,0.0,0.7098,35.0,0.8424962907930218,1.2449899597988732
2019-11-14,1.55,0.0,0.7098,36.0,0.8424962907930218,1.2449899597988732
2019-11-15,1.55,0.0,0.7098,37.0,0.8424962907930218,1.2449899597988732
2019-11-18,1.55,0.0,0.7098,40.0,0.8424962907930218,1.2449899597988732
2019-11-19,1.55,0.0,0.7098,41.0,0.8424962907930218,1.2449899597988732
2019-11-20,1.55,0.0,0.7098,42.0,0.8424962907930218,1.2449899597988732
2019-11-21,1.55,0.0,0.7098,43.0,0.8424962907930218,1.2449899597988732
2019-11-22,1.55,0.0,0.7098,44.0,0.8424962907930218,1.2449899597988732
2019-11-25,1.55,0.0,0.7098,47.0,0.8424962907930218,1.2449899597988732
2019-11-26,1.55,0.0,0.7098,48.0,0.8424962907930218,1.2449899597988732
2019-11-27,1.55,0.0,0.7098,49.0,0.8424962907930218,1.2449899597988732
2019-11-28,1.55,1.0,0.7098,50.0,0.8424962907930218,1.2449899597988732
2019-11-29,1.55,0.0,0.7098,51.0,0.8424962907930218,1.2449899597988732
2019-12-02,1.56,0.0,0.7098,54.0,0.8424962907930218,1.2489995996796797
2019-12-03,1.56,0.0,0.7098,55.0,0.8424962907930218,1.2489995996796797
2019-12-04,1.55,0.0,0.7098,56.0,0.8424962907930218,1.2449899597988732
2019-12-05,1.55,0.0,0.7098,57.0,0.8424962907930218,1.2449899597988732
2019-12-06,1.55,0.0,0.7098,58.0,0.8424962907930218,1.2449899597988732
2019-12-09,1.55,0.0,0.7098,61.0,0.8424962907930218,1.2449899597988732
2019-12-10,1.55,0.0,0.7098,62.0,0.8424962907930218,1.2449899597988732
2019-12-11,1.55,0.0,0.7098,63.0,0.8424962907930218,1.2449899597988732
2019-12-12,1.55,0.0,0.71,0.0,0.8426149773176358,1.2449899597988732
2019-12-13,1.55,0.0,0.71,1.0,0.8426149773176358,1.2449899597988732
2019-12-16,1.55,0.0,0.71,4.0,0.8426149773176358,1.2449899597988732
2019-12-17,1.56,0.0,0.71,5.0,0.8426149773176358,1.2489995996796797
2019-12-18,1.55,0.0,0.71,6.0,0.8426149773176358,1.2449899597988732
2019-12-19,1.55,0.0,0.71,7.0,0.8426149773176358,1.2449899597988732
2019-12-20,1.55,0.0,0.71,8.0,0.8426149773176358,1.2449899597988732
2019-12-23,1.55,0.0,0.71,11.0,0.8426149773176358,1.2449899597988732
2019-12-24,1.55,1.0,0.71,12.0,0.8426149773176358,1.2449899597988732
2019-12-25,1.55,2.0,0.71,13.0,0.8426149773176358,1.2449899597988732
2019-12-26,1.55,0.0,0.71,14.0,0.8426149773176358,1.2449899597988732
2019-12-27,1.55,0.0,0.71,15.0,0.8426149773176358,1.2449899597988732
2019-12-30,1.55,0.0,0.71,18.0,0.8426149773176358,1.2449899597988732
2019-12-31,1.55,0.0,0.71,19.0,0.8426149773176358,1.2449899597988732
2020-01-01,1.55,1.0,0.71,20.0,0.8426149773176358,1.2449899597988732
2020-01-02,1.55,0.0,0.71,21.0,0.8426149773176358,1.2449899597988732
2020-01-03,1.55,0.0,0.71,22.0,0.8426149773176358,1.2449899597988732
2020-01-06,1.55,0.0,0.71,25.0,0.8426149773176358,1.2449899597988732
2020-01-07,1.55,0.0,0.71,26.0,0.8426149773176358,1.2449899597988732
2020-01-08,1.55,0.0,0.71,27.0,0.8426149773176358,1.2449899597988732
2020-01-09,1.55,0.0,0.71,28.0,0.8426149773176358,1.2449899597988732
2020-01-10,1.55,0.0,0.71,29.0,0.8426149773176358,1.2449899597988732
2020-01-13,1.54,0.0,0.71,32.0,0.8426149773176358,1.2409673645990857
2020-01-14,1.54,0.0,0.71,33.0,0.8426149773176358,1.2409673645990857
2020-01-15,1.54,0.0,0.7105,0.0,0.8429116205154606,1.2409673645990857
2020-01-16,1.54,0.0,0.7105,1.0,0.8429116205154606,1.2409673645990857
2020-01-17,1.54,0.0,0.7105,2.0,0.8429116205154606,1.2409673645990857
2020-01-20,1.54,3.0,0.7105,5.0,0.8429116205154606,1.2409673645990857
2020-01-21,1.55,0.0,0.7105,6.0,0.8429116205154606,1.2449899597988732
2020-01-22,1.55,0.0,0.7105,7.0,0.8429116205154606,1.2449899597988732
2020-01-23,1.55,0.0,0.7105,8.0,0.8429116205154606,1.2449899597988732
2020-01-24,1.55,0.0,0.7105,9.0,0.8429116205154606,1.2449899597988732
2020-01-27,1.55,0.0,0.7105,12.0,0.8429116205154606,1.2449899597988732
2020-01-28,1.55,0.0,0.7105,13.0,0.8429116205154606,1.2449899597988732
2020-01-29,1.55,0.0,0.7105,14.0,0.8429116205154606,1.2449899597988732
2020-01-30,1.55,0.0,0.7105,15.0,0.8429116205154606,1.2449899597988732
2020-01-31,1.6,0.0,0.7105,16.0,0.8429116205154606,1.2649110640673518
2020-02-03,1.59,0.0,0.7105,19.0,0.8429116205154606,1.2609520212918492
2020-02-04,1.59,0.0,0.7105,20.0,0.8429116205154606,1.2609520212918492
2020-02-05,1.59,0.0,0.7105,21.0,0.8429116205154606,1.2609520212918492
2020-02-06,1.59,0.0,0.7105,22.0,0.8429116205154606,1.2609520212918492
2020-02-07,1.59,0.0,0.7105,23.0,0.8429116205154606,1.2609520212918492
2020-02-10,1.58,0.0,0.7105,26.0,0.8429116205154606,1.2569805089976536
2020-02-11,1.58,0.0,0.7105,27.0,0.8429116205154606,1.2569805089976536
2020-02-12,1.58,0.0,0.7105,28.0,0.8429116205154606,1.2569805089976536
2020-02-13,1.58,0.0,0.7105,29.0,0.8429116205154606,1.2569805089976536
2020-02-14,1.58,0.0,0.7105,30.0,0.8429116205154606,1.2569805089976536
2020-02-17,1.58,3.0,0.7105,33.0,0.8429116205154606,1.2569805089976536
2020-02-18,1.58,0.0,0.7105,34.0,0.8429116205154606,1.2569805089976536
2020-02-19,1.59,0.0,0.7105,35.0,0.8429116205154606,1.2609520212918492
2020-02-20,1.59,0.0,0.7105,36.0,0.8429116205154606,1.2609520212918492
2020-02-21,1.59,0.0,0.7105,37.0,0.8429116205154606,1.2609520212918492
2020-02-24,1.58,0.0,0.7105,40.0,0.8429116205154606,1.2569805089976536
2020-02-25,1.58,0.0,0.7105,41.0,0.8429116205154606,1.2569805089976536
2020-02-26,1.58,0.0,0.7105,42.0,0.8429116205154606,1.2569805089976536
2020-02-27,1.58,0.0,0.7105,43.0,0.8429116205154606,1.2569805089976536
2020-02-28,1.58,0.0,0.7105,44.0,0.8429116205154606,1.2569805089976536
2020-03-02,1.58,0.0,0.7105,47.0,0.8429116205154606,1.2569805089976536
2020-03-03,1.59,0.0,0.7105,48.0,0.8429116205154606,1.2609520212918492
2020-03-04,1.59,0.0,0.7105,49.0,0.8429116205154606,1.2609520212918492
2020-03-05,1.09,0.0,0.7105,50.0,0.8429116205154606,1.044030650891055
2020-03-06,1.09,0.0,0.7105,51.0,0.8429116205154606,1.044030650891055
2020-03-09,1.09,0.0,0.7105,54.0,0.8429116205154606,1.044030650891055
2020-03-10,1.09,0.0,0.7105,55.0,0.8429116205154606,1.044030650891055
2020-03-11,1.09,0.0,0.7104,0.0,0.8428523002282191,1.044030650891055
2020-03-12,1.09,0.0,0.7104,1.0,0.8428523002282191,1.044030650891055
2020-03-13,1.1,0.0,0.7104,2.0,0.8428523002282191,1.0488088481701516
2020-03-16,1.1,0.0,0.7104,5.0,0.8428523002282191,1.0488088481701516
2020-03-17,0.25,0.0,0.7104,6.0,0.8428523002282191,0.5
2020-03-18,0.25,0.0,0.7104,7.0,0.8428523002282191,0.5
2020-03-19,0.25,0.0,0.7104,8.0,0.8428523002282191,0.5
2020-03-20,0.2,0.0,0.7104,9.0,0.8428523002282191,0.4472135954999579
2020-03-23,0.15,0.0,0.7104,12.0,0.8428523002282191,0.3872983346207417
2020-03-24,0.15,0.0,0.7104,13.0,0.8428523002282191,0.3872983346207417
2020-03-25,0.12,0.0,0.7104,14.0,0.8428523002282191,0.34641016151377546
2020-03-26,0.1,0.0,0.7104,15.0,0.8428523002282191,0.31622776601683794
2020-03-27,0.1,0.0,0.7104,16.0,0.8428523002282191,0.31622776601683794
2020-03-30,0.1,0.0,0.7104,19.0,0.8428523002282191,0.31622776601683794
2020-03-31,0.09,0.0,0.7104,20.0,0.8428523002282191,0.3
2020-04-01,0.08,0.0,0.7104,21.0,0.8428523002282191,0.282842712474619
2020-04-02,0.06,0.0,0.7104,22.0,0.8428523002282191,0.2449489742783178
2020-04-03,0.05,0.0,0.7104,23.0,0.8428523002282191,0.22360679774997896
2020-04-06,0.05,0.0,0.7104,26.0,0.8428523002282191,0.22360679774997896
2020-04-07,0.05,0.0,0.7104,27.0,0.8428523002282191,0.22360679774997896
2020-04-08,0.05,0.0,0.7104,28.0,0.8428523002282191,0.22360679774997896
2020-04-09,0.05,0.0,0.7104,29.0,0.8428523002282191,0.22360679774997896
2020-04-10,0.05,0.0,0.7104,30.0,0.8428523002282191,0.22360679774997896
2020-04-13,0.05,0.0,0.3192,2.0,0.5649778756730214,0.22360679774997896
2020-04-14,0.05,0.0,0.3192,3.0,0.5649778756730214,0.22360679774997896
2020-04-15,0.05,0.0,0.3192,4.0,0.5649778756730214,0.22360679774997896
2020-04-16,0.05,0.0,0.3192,5.0,0.5649778756730214,0.22360679774997896
2020-04-17,0.05,0.0,0.3192,6.0,0.5649778756730214,0.22360679774997896
2020-04-20,0.05,0.0,0.3192,9.0,0.5649778756730214,0.22360679774997896
2020-04-21,0.05,0.0,0.3192,10.0,0.5649778756730214,0.22360679774997896
2020-04-22,0.05,0.0,0.3192,11.0,0.5649778756730214,0.22360679774997896
2020-04-23,0.05,0.0,0.3192,12.0,0.5649778756730214,0.22360679774997896
2020-04-24,0.04,0.0,0.3192,13.0,0.5649778756730214,0.2
2020-04-27,0.05,0.0,0.3192,16.0,0.5649778756730214,0.22360679774997896
2020-04-28,0.04,0.0,0.3192,17.0,0.5649778756730214,0.2
2020-04-29,0.04,0.0,0.3192,18.0,0.5649778756730214,0.2
2020-04-30,0.04,0.0,0.3192,19.0,0.5649778756730214,0.2
2020-05-01,0.05,0.0,0.3192,20.0,0.5649778756730214,0.22360679774997896
2020-05-04,0.05,0.0,0.3192,23.0,0.5649778756730214,0.22360679774997896
2020-05-05,0.05,0.0,0.3192,24.0,0.5649778756730214,0.22360679774997896
2020-05-06,0.05,0.0,0.3192,25.0,0.5649778756730214,0.22360679774997896
2020-05-07,0.05,0.0,0.3192,26.0,0.5649778756730214,0.22360679774997896
2020-05-08,0.05,0.0,0.3192,27.0,0.5649778756730214,0.22360679774997896
2020-05-11,0.05,0.0,0.3192,30.0,0.5649778756730214,0.22360679774997896
2020-05-12,0.05,0.0,0.3192,31.0,0.5649778756730214,0.22360679774997896
2020-05-13,0.05,0.0,0.3192,32.0,0.5649778756730214,0.22360679774997896
2020-05-14,0.05,0.0,0.7026,0.0,0.8382123835878351,0.22360679774997896
2020-05-15,0.05,0.0,0.7026,1.0,0.8382123835878351,0.22360679774997896
2020-05-18,0.05,0.0,0.7026,4.0,0.8382123835878351,0.22360679774997896
2020-05-19,0.05,0.0,0.7026,5.0,0.8382123835878351,0.22360679774997896
2020-05-20,0.05,0.0,0.7026,6.0,0.8382123835878351,0.22360679774997896
2020-05-21,0.05,0.0,0.7026,7.0,0.8382123835878351,0.22360679774997896
2020-05-22,0.05,0.0,0.7026,8.0,0.8382123835878351,0.22360679774997896
2020-05-25,0.05,3.0,0.7026,11.0,0.8382123835878351,0.22360679774997896
2020-05-26,0.05,0.0,0.7026,12.0,0.8382123835878351,0.22360679774997896
2020-05-27,0.05,0.0,0.7026,13.0,0.8382123835878351,0.22360679774997896
2020-05-28,0.05,0.0,0.7026,14.0,0.8382123835878351,0.22360679774997896
2020-05-29,0.05,0.0,0.7026,15.0,0.8382123835878351,0.22360679774997896
2020-06-01,0.05,0.0,0.7026,18.0,0.8382123835878351,0.22360679774997896
2020-06-02,0.05,0.0,0.7026,19.0,0.8382123835878351,0.22360679774997896
2020-06-03,0.06,0.0,0.7026,20.0,0.8382123835878351,0.2449489742783178
2020-06-04,0.06,0.0,0.7026,21.0,0.8382123835878351,0.2449489742783178
2020-06-05,0.06,0.0,0.7026,22.0,0.8382123835878351,0.2449489742783178
2020-06-08,0.07,0.0,0.7026,25.0,0.8382123835878351,0.2645751311064591
2020-06-09,0.07,0.0,0.7026,26.0,0.8382123835878351,0.2645751311064591
2020-06-10,0.07,0.0,0.7026,27.0,0.8382123835878351,0.2645751311064591
2020-06-11,0.08,0.0,0.0674,0.0,0.2596150997149434,0.282842712474619
2020-06-12,0.08,0.0,0.0674,1.0,0.2596150997149434,0.282842712474619
2020-06-15,0.08,0.0,0.0674,4.0,0.2596150997149434,0.282842712474619
2020-06-16,0.08,0.0,0.0674,5.0,0.2596150997149434,0.282842712474619
2020-06-17,0.09,0.0,0.0674,6.0,0.2596150997149434,0.3
2020-06-18,0.09,0.0,0.0674,7.0,0.2596150997149434,0.3
2020-06-19,0.09,0.0,0.0674,8.0,0.2596150997149434,0.3
2020-06-22,0.09,0.0,0.0674,11.0,0.2596150997149434,0.3
2020-06-23,0.08,0.0,0.0674,12.0,0.2596150997149434,0.282842712474619
2020-06-24,0.08,0.0,0.0674,13.0,0.2596150997149434,0.282842712474619
2020-06-25,0.08,0.0,0.0674,14.0,0.2596150997149434,0.282842712474619
2020-06-26,0.08,0.0,0.0674,15.0,0.2596150997149434,0.282842712474619
2020-06-29,0.08,0.0,0.0674,18.0,0.2596150997149434,0.282842712474619
2020-06-30,0.08,0.0,0.0674,19.0,0.2596150997149434,0.282842712474619
2020-07-01,0.08,0.0,0.0674,20.0,0.2596150997149434,0.282842712474619
2020-07-02,0.08,0.0,0.0674,21.0,0.2596150997149434,0.282842712474619
2020-07-03,0.08,1.0,0.0674,22.0,0.2596150997149434,0.282842712474619
2020-07-06,0.09,0.0,0.0674,25.0,0.2596150997149434,0.3
2020-07-07,0.09,0.0,0.0674,26.0,0.2596150997149434,0.3
2020-07-08,0.09,0.0,0.0674,27.0,0.2596150997149434,0.3
2020-07-09,0.09,0.0,0.0674,28.0,0.2596150997149434,0.3
2020-07-10,0.09,0.0,0.0646,0.0,0.2541653005427767,0.3
2020-07-13,0.09,0.0,0.0646,3.0,0.2541653005427767,0.3
2020-07-14,0.09,0.0,0.0646,4.0,0.2541653005427767,0.3
2020-07-15,0.09,0.0,0.0646,5.0,0.2541653005427767,0.3
2020-07-16,0.1,0.0,0.0646,6.0,0.2541653005427767,0.31622776601683794
2020-07-17,0.1,0.0,0.0646,7.0,0.2541653005427767,0.31622776601683794
2020-07-20,0.09,0.0,0.0646,10.0,0.2541653005427767,0.3
2020-07-21,0.1,0.0,0.0646,11.0,0.2541653005427767,0.31622776601683794
2020-07-22,0.1,0.0,0.0646,12.0,0.2541653005427767,0.31622776601683794
2020-07-23,0.09,0.0,0.0646,13.0,0.2541653005427767,0.3
2020-07-24,0.09,0.0,0.0646,14.0,0.2541653005427767,0.3
2020-07-27,0.09,0.0,0.0646,17.0,0.2541653005427767,0.3
2020-07-28,0.1,0.0,0.0646,18.0,0.2541653005427767,0.31622776601683794
2020-07-29,0.1,0.0,0.0646,19.0,0.2541653005427767,0.31622776601683794
2020-07-30,0.1,0.0,0.0646,20.0,0.2541653005427767,0.31622776601683794
2020-07-31,0.1,0.0,0.0646,21.0,0.2541653005427767,0.31622776601683794
2020-08-03,0.1,0.0,0.0646,24.0,0.2541653005427767,0.31622776601683794
2020-08-04,0.1,0.0,0.0646,25.0,0.2541653005427767,0.31622776601683794
2020-08-05,0.1,0.0,0.0646,26.0,0.2541653005427767,0.31622776601683794
2020-08-06,0.1,0.0,0.0646,27.0,0.2541653005427767,0.31622776601683794
2020-08-07,0.1,0.0,0.0646,28.0,0.2541653005427767,0.31622776601683794
2020-08-10,0.1,0.0,0.0646,31.0,0.2541653005427767,0.31622776601683794
2020-08-11,0.1,0.0,0.0646,32.0,0.2541653005427767,0.31622776601683794
2020-08-12,0.1,0.0,0.0646,33.0,0.2541653005427767,0.31622776601683794
2020-08-13,0.1,0.0,0.0646,34.0,0.2541653005427767,0.31622776601683794
2020-08-14,0.1,0.0,0.0646,35.0,0.2541653005427767,0.31622776601683794
2020-08-17,0.1,0.0,0.0646,38.0,0.2541653005427767,0.31622776601683794
2020-08-18,0.1,0.0,0.0646,39.0,0.2541653005427767,0.31622776601683794
2020-08-19,0.09,0.0,0.0646,40.0,0.2541653005427767,0.3
2020-08-20,0.09,0.0,0.0646,41.0,0.2541653005427767,0.3
2020-08-21,0.09,0.0,0.0646,42.0,0.2541653005427767,0.3
2020-08-24,0.09,0.0,0.0646,45.0,0.2541653005427767,0.3
2020-08-25,0.09,0.0,0.0646,46.0,0.2541653005427767,0.3
2020-08-26,0.09,0.0,0.0646,47.0,0.2541653005427767,0.3
2020-08-27,0.09,0.0,0.0646,48.0,0.2541653005427767,0.3
2020-08-28,0.08,0.0,0.0646,49.0,0.2541653005427767,0.282842712474619
2020-08-31,0.09,0.0,0.0646,52.0,0.2541653005427767,0.3
2020-09-01,0.09,0.0,0.0646,53.0,0.2541653005427767,0.3
2020-09-02,0.09,0.0,0.0646,54.0,0.2541653005427767,0.3
2020-09-03,0.09,0.0,0.0646,55.0,0.2541653005427767,0.3
2020-09-04,0.09,0.0,0.0646,56.0,0.2541653005427767,0.3
2020-09-07,0.09,3.0,0.0646,59.0,0.2541653005427767,0.3
2020-09-08,0.09,0.0,0.0646,60.0,0.2541653005427767,0.3
2020-09-09,0.09,0.0,0.0646,61.0,0.2541653005427767,0.3
2020-09-10,0.09,0.0,0.0599,0.0,0.24474476501040834,0.3
2020-09-11,0.09,0.0,0.0599,1.0,0.24474476501040834,0.3
2020-09-14,0.09,0.0,0.0599,4.0,0.24474476501040834,0.3
2020-09-15,0.09,0.0,0.0599,5.0,0.24474476501040834,0.3
2020-09-16,0.09,0.0,0.0599,6.0,0.24474476501040834,0.3
2020-09-17,0.09,0.0,0.0599,7.0,0.24474476501040834,0.3
2020-09-18,0.09,0.0,0.0599,8.0,0.24474476501040834,0.3
2020-09-21,0.09,0.0,0.0599,11.0,0.24474476501040834,0.3
2020-09-22,0.09,0.0,0.0599,12.0,0.24474476501040834,0.3
2020-09-23,0.09,0.0,0.0599,13.0,0.24474476501040834,0.3
2020-09-24,0.09,0.0,0.0599,14.0,0.24474476501040834,0.3
2020-09-25,0.09,0.0,0.0599,15.0,0.24474476501040834,0.3
2020-09-28,0.09,0.0,0.0599,18.0,0.24474476501040834,0.3
2020-09-29,0.09,0.0,0.0599,19.0,0.24474476501040834,0.3
2020-09-30,0.09,0.0,0.0599,20.0,0.24474476501040834,0.3
2020-10-01,0.09,0.0,0.0599,21.0,0.24474476501040834,0.3
2020-10-02,0.09,0.0,0.0599,22.0,0.24474476501040834,0.3
2020-10-05,0.09,0.0,0.0599,25.0,0.24474476501040834,0.3
2020-10-06,0.09,0.0,0.0599,26.0,0.24474476501040834,0.3
2020-10-07,0.09,0.0,0.0599,27.0,0.24474476501040834,0.3
2020-10-08,0.09,0.0,0.0599,28.0,0.24474476501040834,0.3
2020-10-09,0.09,0.0,0.0562,0.0,0.23706539182259395,0.3
2020-10-12,0.09,3.0,0.0562,3.0,0.23706539182259395,0.3
2020-10-13,0.09,0.0,0.0562,4.0,0.23706539182259395,0.3
2020-10-14,0.09,0.0,0.0562,5.0,0.23706539182259395,0.3
2020-10-15,0.09,0.0,0.0562,6.0,0.23706539182259395,0.3
2020-10-16,0.09,0.0,0.0562,7.0,0.23706539182259395,0.3
2020-10-19,0.09,0.0,0.0562,10.0,0.23706539182259395,0.3
2020-10-20,0.09,0.0,0.0562,11.0,0.23706539182259395,0.3
2020-10-21,0.09,0.0,0.0562,12.0,0.23706539182259395,0.3
2020-10-22,0.09,0.0,0.0562,13.0,0.23706539182259395,0.3
2020-10-23,0.09,0.0,0.0562,14.0,0.23706539182259395,0.3
2020-10-26,0.09,0.0,0.0562,17.0,0.23706539182259395,0.3
2020-10-27,0.09,0.0,0.0562,18.0,0.23706539182259395,0.3
2020-10-28,0.09,0.0,0.0562,19.0,0.23706539182259395,0.3
2020-10-29,0.09,0.0,0.0562,20.0,0.23706539182259395,0.3
2020-10-30,0.09,0.0,0.0562,21.0,0.23706539182259395,0.3
2020-11-02,0.09,0.0,0.0562,24.0,0.23706539182259395,0.3
2020-11-03,0.09,0.0,0.0562,25.0,0.23706539182259395,0.3
2020-11-04,0.09,0.0,0.0562,26.0,0.23706539182259395,0.3
2020-11-05,0.09,0.0,0.0562,27.0,0.23706539182259395,0.3
2020-11-06,0.09,0.0,0.0562,28.0,0.23706539182259395,0.3
2020-11-09,0.09,0.0,0.0562,31.0,0.23706539182259395,0.3
2020-11-10,0.09,0.0,0.0538,0.0,0.23194827009486405,0.3
2020-11-11,0.09,1.0,0.0538,1.0,0.23194827009486405,0.3
2020-11-12,0.09,0.0,0.0538,2.0,0.23194827009486405,0.3
2020-11-13,0.09,0.0,0.0538,3.0,0.23194827009486405,0.3
2020-11-16,0.09,0.0,0.0538,6.0,0.23194827009486405,0.3
2020-11-17,0.09,0.0,0.0538,7.0,0.23194827009486405,0.3
2020-11-18,0.09,0.0,0.0538,8.0,0.23194827009486405,0.3
2020-11-19,0.09,0.0,0.0538,9.0,0.23194827009486405,0.3
2020-11-20,0.08,0.0,0.0538,10.0,0.23194827009486405,0.282842712474619
2020-11-23,0.08,0.0,0.0538,13.0,0.23194827009486405,0.282842712474619
2020-11-24,0.08,0.0,0.0538,14.0,0.23194827009486405,0.282842712474619
2020-11-25,0.08,0.0,0.0538,15.0,0.23194827009486405,0.282842712474619
2020-11-26,0.08,1.0,0.0538,16.0,0.23194827009486405,0.282842712474619
2020-11-27,0.08,0.0,0.0538,17.0,0.23194827009486405,0.282842712474619
2020-11-30,0.08,0.0,0.0538,20.0,0.23194827009486405,0.282842712474619
2020-12-01,0.09,0.0,0.0538,21.0,0.23194827009486405,0.3
2020-12-02,0.09,0.0,0.0538,22.0,0.23194827009486405,0.3
2020-12-03,0.09,0.0,0.0538,23.0,0.23194827009486405,0.3
2020-12-04,0.09,0.0,0.0538,24.0,0.23194827009486405,0.3
2020-12-07,0.09,0.0,0.0538,27.0,0.23194827009486405,0.3
2020-12-08,0.09,0.0,0.0538,28.0,0.23194827009486405,0.3
2020-12-09,0.09,0.0,0.0538,29.0,0.23194827009486405,0.3
2020-12-10,0.09,0.0,0.0538,30.0,0.23194827009486405,0.3
2020-12-11,0.09,0.0,0.0538,31.0,0.23194827009486405,0.3
2020-12-14,0.09,0.0,0.0538,34.0,0.23194827009486405,0.3
2020-12-15,0.09,0.0,0.0538,35.0,0.23194827009486405,0.3
2020-12-16,0.09,0.0,0.0538,36.0,0.23194827009486405,0.3
2020-12-17,0.09,0.0,0.0538,37.0,0.23194827009486405,0.3
2020-12-18,0.09,0.0,0.0538,38.0,0.23194827009486405,0.3
2020-12-21,0.09,0.0,0.0538,41.0,0.23194827009486405,0.3
2020-12-22,0.09,0.0,0.0538,42.0,0.23194827009486405,0.3
2020-12-23,0.09,0.0,0.0538,43.0,0.23194827009486405,0.3
2020-12-24,0.09,1.0,0.0538,44.0,0.23194827009486405,0.3
2020-12-25,0.09,2.0,0.0538,45.0,0.23194827009486405,0.3
2020-12-28,0.09,0.0,0.0538,48.0,0.23194827009486405,0.3
2020-12-29,0.09,0.0,0.0538,49.0,0.23194827009486405,0.3
2020-12-30,0.09,0.0,0.0538,50.0,0.23194827009486405,0.3
2020-12-31,0.09,0.0,0.0538,51.0,0.23194827009486405,0.3
2021-01-01,0.09,1.0,0.0538,52.0,0.23194827009486405,0.3
2021-01-04,0.09,0.0,0.0538,55.0,0.23194827009486405,0.3
2021-01-05,0.09,0.0,0.0538,56.0,0.23194827009486405,0.3
2021-01-06,0.09,0.0,0.0538,57.0,0.23194827009486405,0.3
2021-01-07,0.09,0.0,0.0538,58.0,0.23194827009486405,0.3
2021-01-08,0.09,0.0,0.4598,0.0,0.6780855403265874,0.3
2021-01-11,0.09,0.0,0.4598,3.0,0.6780855403265874,0.3
2021-01-12,0.09,0.0,0.4598,4.0,0.6780855403265874,0.3
2021-01-13,0.09,0.0,0.4598,5.0,0.6780855403265874,0.3
2021-01-14,0.09,0.0,0.4598,6.0,0.6780855403265874,0.3
2021-01-15,0.09,0.0,0.4598,7.0,0.6780855403265874,0.3
2021-01-18,0.09,3.0,0.4598,10.0,0.6780855403265874,0.3
2021-01-19,0.09,0.0,0.05,0.0,0.22360679774997896,0.3
2021-01-20,0.09,1.0,0.05,1.0,0.22360679774997896,0.3
2021-01-21,0.09,0.0,0.05,2.0,0.22360679774997896,0.3
2021-01-22,0.08,0.0,0.05,3.0,0.22360679774997896,0.282842712474619
2021-01-25,0.08,0.0,0.05,6.0,0.22360679774997896,0.282842712474619
2021-01-26,0.08,0.0,0.05,7.0,0.22360679774997896,0.282842712474619
2021-01-27,0.08,0.0,0.05,8.0,0.22360679774997896,0.282842712474619
2021-01-28,0.08,0.0,0.05,9.0,0.22360679774997896,0.282842712474619
2021-01-29,0.07,0.0,0.05,10.0,0.22360679774997896,0.2645751311064591
2021-02-01,0.07,0.0,0.05,13.0,0.22360679774997896,0.2645751311064591
2021-02-02,0.07,0.0,0.05,14.0,0.22360679774997896,0.2645751311064591
2021-02-03,0.08,0.0,0.05,15.0,0.22360679774997896,0.282842712474619
2021-02-04,0.08,0.0,0.05,16.0,0.22360679774997896,0.282842712474619
2021-02-05,0.08,0.0,0.05,17.0,0.22360679774997896,0.282842712474619
2021-02-08,0.08,0.0,0.05,20.0,0.22360679774997896,0.282842712474619
2021-02-09,0.08,0.0,0.05,21.0,0.22360679774997896,0.282842712474619
2021-02-10,0.08,0.0,0.05,22.0,0.22360679774997896,0.282842712474619
2021-02-11,0.08,0.0,0.05,23.0,0.22360679774997896,0.282842712474619
2021-02-12,0.08,0.0,0.05,24.0,0.22360679774997896,0.282842712474619
2021-02-15,0.08,3.0,0.05,27.0,0.22360679774997896,0.282842712474619
2021-02-16,0.08,0.0,0.05,28.0,0.22360679774997896,0.282842712474619
2021-02-17,0.08,0.0,0.05,29.0,0.22360679774997896,0.282842712474619
2021-02-18,0.08,0.0,0.05,30.0,0.22360679774997896,0.282842712474619
2021-02-19,0.07,0.0,0.05,31.0,0.22360679774997896,0.2645751311064591
2021-02-22,0.07,0.0,0.05,34.0,0.22360679774997896,0.2645751311064591
2021-02-23,0.07,0.0,0.05,35.0,0.22360679774997896,0.2645751311064591
2021-02-24,0.07,0.0,0.05,36.0,0.22360679774997896,0.2645751311064591
2021-02-25,0.07,0.0,0.05,37.0,0.22360679774997896,0.2645751311064591
2021-02-26,0.07,0.0,0.05,38.0,0.22360679774997896,0.2645751311064591
2021-03-01,0.07,0.0,0.05,41.0,0.22360679774997896,0.2645751311064591
2021-03-02,0.07,0.0,0.05,42.0,0.22360679774997896,0.2645751311064591
2021-03-03,0.07,0.0,0.05,43.0,0.22360679774997896,0.2645751311064591
2021-03-04,0.07,0.0,0.05,44.0,0.22360679774997896,0.2645751311064591
2021-03-05,0.07,0.0,0.05,45.0,0.22360679774997896,0.2645751311064591
2021-03-08,0.07,0.0,0.05,48.0,0.22360679774997896,0.2645751311064591
2021-03-09,0.07,0.0,0.05,49.0,0.22360679774997896,0.2645751311064591
2021-03-10,0.07,0.0,0.0494,0.0,0.22226110770892868,0.2645751311064591
2021-03-11,0.07,0.0,0.0494,1.0,0.22226110770892868,0.2645751311064591
2021-03-12,0.07,0.0,0.0494,2.0,0.22226110770892868,0.2645751311064591
2021-03-15,0.07,0.0,0.0494,5.0,0.22226110770892868,0.2645751311064591
2021-03-16,0.07,0.0,0.0494,6.0,0.22226110770892868,0.2645751311064591
2021-03-17,0.07,0.0,0.0494,7.0,0.22226110770892868,0.2645751311064591
2021-03-18,0.07,0.0,0.0494,8.0,0.22226110770892868,0.2645751311064591
2021-03-19,0.07,0.0,0.0494,9.0,0.22226110770892868,0.2645751311064591
2021-03-22,0.07,0.0,0.0494,12.0,0.22226110770892868,0.2645751311064591
2021-03-23,0.07,0.0,0.0494,13.0,0.22226110770892868,0.2645751311064591
2021-03-24,0.07,0.0,0.0494,14.0,0.22226110770892868,0.2645751311064591
2021-03-25,0.07,0.0,0.0494,15.0,0.22226110770892868,0.2645751311064591
2021-03-26,0.07,0.0,0.0494,16.0,0.22226110770892868,0.2645751311064591
2021-03-29,0.07,0.0,0.0494,19.0,0.22226110770892868,0.2645751311064591
2021-03-30,0.07,0.0,0.0494,20.0,0.22226110770892868,0.2645751311064591
2021-03-31,0.07,0.0,0.0494,21.0,0.22226110770892868,0.2645751311064591
2021-04-01,0.06,0.0,0.0494,22.0,0.22226110770892868,0.2449489742783178
2021-04-02,0.07,0.0,0.0494,23.0,0.22226110770892868,0.2645751311064591
2021-04-05,0.07,0.0,0.0494,26.0,0.22226110770892868,0.2645751311064591
2021-04-06,0.07,0.0,0.0494,27.0,0.22226110770892868,0.2645751311064591
2021-04-07,0.07,0.0,0.0494,28.0,0.22226110770892868,0.2645751311064591
2021-04-08,0.07,0.0,0.0494,29.0,0.22226110770892868,0.2645751311064591
2021-04-09,0.07,0.0,0.0494,30.0,0.22226110770892868,0.2645751311064591
2021-04-12,0.07,0.0,0.0494,33.0,0.22226110770892868,0.2645751311064591
2021-04-13,0.07,0.0,0.0494,34.0,0.22226110770892868,0.2645751311064591
2021-04-14,0.07,0.0,0.0486,0.0,0.220454076850486,0.2645751311064591
2021-04-15,0.07,0.0,0.0486,1.0,0.220454076850486,0.2645751311064591
2021-04-16,0.07,0.0,0.0486,2.0,0.220454076850486,0.2645751311064591
2021-04-19,0.07,0.0,0.0486,5.0,0.220454076850486,0.2645751311064591
2021-04-20,0.07,0.0,0.0486,6.0,0.220454076850486,0.2645751311064591
2021-04-21,0.07,0.0,0.0486,7.0,0.220454076850486,0.2645751311064591
2021-04-22,0.07,0.0,0.0486,8.0,0.220454076850486,0.2645751311064591
2021-04-23,0.07,0.0,0.0486,9.0,0.220454076850486,0.2645751311064591
2021-04-26,0.07,0.0,0.0486,12.0,0.220454076850486,0.2645751311064591
2021-04-27,0.07,0.0,0.0486,13.0,0.220454076850486,0.2645751311064591
2021-04-28,0.07,0.0,0.0486,14.0,0.220454076850486,0.2645751311064591
2021-04-29,0.07,0.0,0.0486,15.0,0.220454076850486,0.2645751311064591
2021-04-30,0.06,0.0,0.0486,16.0,0.220454076850486,0.2449489742783178
2021-05-03,0.05,0.0,0.0486,19.0,0.220454076850486,0.22360679774997896
2021-05-04,0.05,0.0,0.0486,20.0,0.220454076850486,0.22360679774997896
2021-05-05,0.06,0.0,0.0486,21.0,0.220454076850486,0.2449489742783178
2021-05-06,0.06,0.0,0.0486,22.0,0.220454076850486,0.2449489742783178
2021-05-07,0.06,0.0,0.0486,23.0,0.220454076850486,0.2449489742783178
2021-05-10,0.06,0.0,0.0486,26.0,0.220454076850486,0.2449489742783178
2021-05-11,0.06,0.0,0.0486,27.0,0.220454076850486,0.2449489742783178
2021-05-12,0.06,0.0,0.05,0.0,0.22360679774997896,0.2449489742783178
2021-05-13,0.06,0.0,0.05,1.0,0.22360679774997896,0.2449489742783178
2021-05-14,0.06,0.0,0.05,2.0,0.22360679774997896,0.2449489742783178
2021-05-17,0.06,0.0,0.05,5.0,0.22360679774997896,0.2449489742783178
2021-05-18,0.06,0.0,0.05,6.0,0.22360679774997896,0.2449489742783178
2021-05-19,0.06,0.0,0.05,7.0,0.22360679774997896,0.2449489742783178
2021-05-20,0.06,0.0,0.05,8.0,0.22360679774997896,0.2449489742783178
2021-05-21,0.06,0.0,0.05,9.0,0.22360679774997896,0.2449489742783178
2021-05-24,0.06,0.0,0.05,12.0,0.22360679774997896,0.2449489742783178
2021-05-25,0.06,0.0,0.05,13.0,0.22360679774997896,0.2449489742783178
2021-05-26,0.06,0.0,0.05,14.0,0.22360679774997896,0.2449489742783178
2021-05-27,0.06,0.0,0.05,15.0,0.22360679774997896,0.2449489742783178
2021-05-28,0.06,0.0,0.05,16.0,0.22360679774997896,0.2449489742783178
2021-05-31,0.06,3.0,0.05,19.0,0.22360679774997896,0.2449489742783178
2021-06-01,0.05,0.0,0.05,20.0,0.22360679774997896,0.22360679774997896
2021-06-02,0.06,0.0,0.05,21.0,0.22360679774997896,0.2449489742783178
2021-06-03,0.06,0.0,0.05,22.0,0.22360679774997896,0.2449489742783178
2021-06-04,0.06,0.0,0.05,23.0,0.22360679774997896,0.2449489742783178
2021-06-07,0.06,0.0,0.05,26.0,0.22360679774997896,0.2449489742783178
2021-06-08,0.06,0.0,0.05,27.0,0.22360679774997896,0.2449489742783178
2021-06-09,0.06,0.0,0.05,28.0,0.22360679774997896,0.2449489742783178
2021-06-10,0.06,0.0,0.0486,0.0,0.220454076850486,0.2449489742783178
2021-06-11,0.06,0.0,0.0486,1.0,0.220454076850486,0.2449489742783178
2021-06-14,0.06,0.0,0.0486,4.0,0.220454076850486,0.2449489742783178
2021-06-15,0.06,0.0,0.0486,5.0,0.220454076850486,0.2449489742783178
2021-06-16,0.06,0.0,0.0486,6.0,0.220454076850486,0.2449489742783178
2021-06-17,0.06,0.0,0.0486,7.0,0.220454076850486,0.2449489742783178
2021-06-18,0.06,1.0,0.0486,8.0,0.220454076850486,0.2449489742783178
2021-06-21,0.1,0.0,0.0486,11.0,0.220454076850486,0.31622776601683794
2021-06-22,0.1,0.0,0.0486,12.0,0.220454076850486,0.31622776601683794
2021-06-23,0.1,0.0,0.0486,13.0,0.220454076850486,0.31622776601683794
2021-06-24,0.1,0.0,0.0486,14.0,0.220454076850486,0.31622776601683794
2021-06-25,0.1,0.0,0.0486,15.0,0.220454076850486,0.31622776601683794
2021-06-28,0.1,0.0,0.0486,18.0,0.220454076850486,0.31622776601683794
2021-06-29,0.1,0.0,0.0486,19.0,0.220454076850486,0.31622776601683794
2021-06-30,0.1,0.0,0.0486,20.0,0.220454076850486,0.31622776601683794
2021-07-01,0.08,0.0,0.0486,21.0,0.220454076850486,0.282842712474619
2021-07-02,0.1,0.0,0.0486,22.0,0.220454076850486,0.31622776601683794
2021-07-05,0.1,3.0,0.0486,25.0,0.220454076850486,0.31622776601683794
2021-07-06,0.1,0.0,0.0486,26.0,0.220454076850486,0.31622776601683794
2021-07-07,0.1,0.0,0.0486,27.0,0.220454076850486,0.31622776601683794
2021-07-08,0.1,0.0,0.0486,28.0,0.220454076850486,0.31622776601683794
2021-07-09,0.1,0.0,0.0486,29.0,0.220454076850486,0.31622776601683794
2021-07-12,0.1,0.0,0.0486,32.0,0.220454076850486,0.31622776601683794
2021-07-13,0.1,0.0,0.0498,0.0,0.22315913604421397,0.31622776601683794
2021-07-14,0.1,0.0,0.0498,1.0,0.22315913604421397,0.31622776601683794
2021-07-15,0.1,0.0,0.0498,2.0,0.22315913604421397,0.31622776601683794
2021-07-16,0.1,0.0,0.0498,3.0,0.22315913604421397,0.31622776601683794
2021-07-19,0.1,0.0,0.0498,6.0,0.22315913604421397,0.31622776601683794
2021-07-20,0.1,0.0,0.0498,7.0,0.22315913604421397,0.31622776601683794
2021-07-21,0.1,0.0,0.0498,8.0,0.22315913604421397,0.31622776601683794
2021-07-22,0.1,0.0,0.0498,9.0,0.22315913604421397,0.31622776601683794
2021-07-23,0.1,0.0,0.0498,10.0,0.22315913604421397,0.31622776601683794
2021-07-26,0.1,0.0,0.0498,13.0,0.22315913604421397,0.31622776601683794
2021-07-27,0.1,0.0,0.0498,14.0,0.22315913604421397,0.31622776601683794
2021-07-28,0.1,0.0,0.0498,15.0,0.22315913604421397,0.31622776601683794
2021-07-29,0.1,0.0,0.0498,16.0,0.22315913604421397,0.31622776601683794
2021-07-30,0.1,0.0,0.0498,17.0,0.22315913604421397,0.31622776601683794
2021-08-02,0.07,0.0,0.0498,20.0,0.22315913604421397,0.2645751311064591
2021-08-03,0.1,0.0,0.0498,21.0,0.22315913604421397,0.31622776601683794
2021-08-04,0.1,0.0,0.0498,22.0,0.22315913604421397,0.31622776601683794
2021-08-05,0.1,0.0,0.0498,23.0,0.22315913604421397,0.31622776601683794
2021-08-06,0.1,0.0,0.0498,24.0,0.22315913604421397,0.31622776601683794
2021-08-09,0.1,0.0,0.0498,27.0,0.22315913604421397,0.31622776601683794
2021-08-10,0.1,0.0,0.0498,28.0,0.22315913604421397,0.31622776601683794
2021-08-11,0.1,0.0,0.0498,29.0,0.22315913604421397,0.31622776601683794
2021-08-12,0.1,0.0,0.0506,0.0,0.22494443758403984,0.31622776601683794
2021-08-13,0.1,0.0,0.0506,1.0,0.22494443758403984,0.31622776601683794
2021-08-16,0.1,0.0,0.0506,4.0,0.22494443758403984,0.31622776601683794
2021-08-17,0.1,0.0,0.0506,5.0,0.22494443758403984,0.31622776601683794
2021-08-18,0.1,0.0,0.0506,6.0,0.22494443758403984,0.31622776601683794
2021-08-19,0.09,0.0,0.0506,7.0,0.22494443758403984,0.3
2021-08-20,0.09,0.0,0.0506,8.0,0.22494443758403984,0.3
2021-08-23,0.09,0.0,0.0506,11.0,0.22494443758403984,0.3
2021-08-24,0.09,0.0,0.0506,12.0,0.22494443758403984,0.3
2021-08-25,0.09,0.0,0.0506,13.0,0.22494443758403984,0.3
2021-08-26,0.09,0.0,0.0506,14.0,0.22494443758403984,0.3
2021-08-27,0.09,0.0,0.0506,15.0,0.22494443758403984,0.3
2021-08-30,0.08,0.0,0.0506,18.0,0.22494443758403984,0.282842712474619
2021-08-31,0.08,0.0,0.0506,19.0,0.22494443758403984,0.282842712474619
2021-09-01,0.06,0.0,0.0506,20.0,0.22494443758403984,0.2449489742783178
2021-09-02,0.08,0.0,0.0506,21.0,0.22494443758403984,0.282842712474619
2021-09-03,0.08,0.0,0.0506,22.0,0.22494443758403984,0.282842712474619
2021-09-06,0.08,3.0,0.0506,25.0,0.22494443758403984,0.282842712474619
2021-09-07,0.08,0.0,0.0506,26.0,0.22494443758403984,0.282842712474619
2021-09-08,0.08,0.0,0.0506,27.0,0.22494443758403984,0.282842712474619
2021-09-09,0.08,0.0,0.0506,28.0,0.22494443758403984,0.282842712474619
2021-09-10,0.08,0.0,0.0506,29.0,0.22494443758403984,0.282842712474619
2021-09-13,0.08,0.0,0.0506,32.0,0.22494443758403984,0.282842712474619
2021-09-14,0.08,0.0,0.0506,33.0,0.22494443758403984,0.282842712474619
2021-09-15,0.08,0.0,0.0504,0.0,0.22449944320643647,0.282842712474619
2021-09-16,0.08,0.0,0.0504,1.0,0.22449944320643647,0.282842712474619
2021-09-17,0.08,0.0,0.0504,2.0,0.22449944320643647,0.282842712474619
2021-09-20,0.08,0.0,0.0504,5.0,0.22449944320643647,0.282842712474619
2021-09-21,0.08,0.0,0.0504,6.0,0.22449944320643647,0.282842712474619
2021-09-22,0.08,0.0,0.0504,7.0,0.22449944320643647,0.282842712474619
2021-09-23,0.08,0.0,0.0504,8.0,0.22449944320643647,0.282842712474619
2021-09-24,0.08,0.0,0.0504,9.0,0.22449944320643647,0.282842712474619
2021-09-27,0.08,0.0,0.0504,12.0,0.22449944320643647,0.282842712474619
2021-09-28,0.08,0.0,0.0504,13.0,0.22449944320643647,0.282842712474619
2021-09-29,0.08,0.0,0.0504,14.0,0.22449944320643647,0.282842712474619
2021-09-30,0.08,0.0,0.0504,15.0,0.22449944320643647,0.282842712474619
2021-10-01,0.06,0.0,0.0504,16.0,0.22449944320643647,0.2449489742783178
2021-10-04,0.08,0.0,0.0504,19.0,0.22449944320643647,0.282842712474619
2021-10-05,0.08,0.0,0.0504,20.0,0.22449944320643647,0.282842712474619
2021-10-06,0.08,0.0,0.0504,21.0,0.22449944320643647,0.282842712474619
2021-10-07,0.08,0.0,0.0504,22.0,0.22449944320643647,0.282842712474619
2021-10-08,0.08,0.0,0.0504,23.0,0.22449944320643647,0.282842712474619
2021-10-11,0.08,3.0,0.0504,26.0,0.22449944320643647,0.282842712474619
2021-10-12,0.08,0.0,0.0504,27.0,0.22449944320643647,0.282842712474619
2021-10-13,0.08,0.0,0.0504,28.0,0.22449944320643647,0.282842712474619
2021-10-14,0.08,0.0,0.0504,29.0,0.22449944320643647,0.282842712474619
2021-10-15,0.08,0.0,0.0504,30.0,0.22449944320643647,0.282842712474619
2021-10-18,0.08,0.0,0.0504,33.0,0.22449944320643647,0.282842712474619
2021-10-19,0.08,0.0,0.0504,34.0,0.22449944320643647,0.282842712474619
2021-10-20,0.08,0.0,0.0504,35.0,0.22449944320643647,0.282842712474619
2021-10-21,0.08,0.0,0.0504,36.0,0.22449944320643647,0.282842712474619
2021-10-22,0.08,0.0,0.0504,37.0,0.22449944320643647,0.282842712474619
2021-10-25,0.08,0.0,0.0504,40.0,0.22449944320643647,0.282842712474619
2021-10-26,0.08,0.0,0.0504,41.0,0.22449944320643647,0.282842712474619
2021-10-27,0.08,0.0,0.0504,42.0,0.22449944320643647,0.282842712474619
2021-10-28,0.08,0.0,0.0504,43.0,0.22449944320643647,0.282842712474619
2021-10-29,0.08,0.0,0.0504,44.0,0.22449944320643647,0.282842712474619
2021-11-01,0.07,0.0,0.0504,47.0,0.22449944320643647,0.2645751311064591
2021-11-02,0.08,0.0,0.0504,48.0,0.22449944320643647,0.282842712474619
2021-11-03,0.08,0.0,0.0504,49.0,0.22449944320643647,0.282842712474619
2021-11-04,0.08,0.0,0.0504,50.0,0.22449944320643647,0.282842712474619
2021-11-05,0.08,0.0,0.0504,51.0,0.22449944320643647,0.282842712474619
2021-11-08,0.08,0.0,0.0504,54.0,0.22449944320643647,0.282842712474619
2021-11-09,0.08,0.0,0.0504,55.0,0.22449944320643647,0.282842712474619
2021-11-10,0.08,0.0,0.0504,56.0,0.22449944320643647,0.282842712474619
2021-11-11,0.08,1.0,0.0502,0.0,0.2240535650240808,0.282842712474619
2021-11-12,0.08,0.0,0.0502,1.0,0.2240535650240808,0.282842712474619
2021-11-15,0.08,0.0,0.0502,4.0,0.2240535650240808,0.282842712474619
2021-11-16,0.08,0.0,0.0502,5.0,0.2240535650240808,0.282842712474619
2021-11-17,0.08,0.0,0.0502,6.0,0.2240535650240808,0.282842712474619
2021-11-18,0.08,0.0,0.0502,7.0,0.2240535650240808,0.282842712474619
2021-11-19,0.08,0.0,0.0502,8.0,0.2240535650240808,0.282842712474619
2021-11-22,0.08,0.0,0.0502,11.0,0.2240535650240808,0.282842712474619
2021-11-23,0.08,0.0,0.0502,12.0,0.2240535650240808,0.282842712474619
2021-11-24,0.08,0.0,0.0502,13.0,0.2240535650240808,0.282842712474619
2021-11-25,0.08,1.0,0.0502,14.0,0.2240535650240808,0.282842712474619
2021-11-26,0.08,0.0,0.0502,15.0,0.2240535650240808,0.282842712474619
2021-11-29,0.08,0.0,0.0502,18.0,0.2240535650240808,0.282842712474619
2021-11-30,0.08,0.0,0.0502,19.0,0.2240535650240808,0.282842712474619
2021-12-01,0.07,0.0,0.0502,20.0,0.2240535650240808,0.2645751311064591
2021-12-02,0.08,0.0,0.0502,21.0,0.2240535650240808,0.282842712474619
2021-12-03,0.08,0.0,0.0502,22.0,0.2240535650240808,0.282842712474619
2021-12-06,0.08,0.0,0.0502,25.0,0.2240535650240808,0.282842712474619
2021-12-07,0.08,0.0,0.0502,26.0,0.2240535650240808,0.282842712474619
2021-12-08,0.08,0.0,0.0502,27.0,0.2240535650240808,0.282842712474619
2021-12-09,0.08,0.0,0.0502,28.0,0.2240535650240808,0.282842712474619
2021-12-10,0.08,0.0,0.0468,0.0,0.21633307652783937,0.282842712474619
2021-12-13,0.08,0.0,0.0468,3.0,0.21633307652783937,0.282842712474619
2021-12-14,0.08,0.0,0.0468,4.0,0.21633307652783937,0.282842712474619
2021-12-15,0.08,0.0,0.0468,5.0,0.21633307652783937,0.282842712474619
2021-12-16,0.08,0.0,0.0468,6.0,0.21633307652783937,0.282842712474619
2021-12-17,0.08,0.0,0.0468,7.0,0.21633307652783937,0.282842712474619
2021-12-20,0.08,0.0,0.0468,10.0,0.21633307652783937,0.282842712474619
2021-12-21,0.08,0.0,0.0468,11.0,0.21633307652783937,0.282842712474619
2021-12-22,0.08,0.0,0.0468,12.0,0.21633307652783937,0.282842712474619
2021-12-23,0.08,0.0,0.0468,13.0,0.21633307652783937,0.282842712474619
2021-12-24,0.08,1.0,0.0468,14.0,0.21633307652783937,0.282842712474619
2021-12-27,0.08,0.0,0.0468,17.0,0.21633307652783937,0.282842712474619
2021-12-28,0.08,0.0,0.0468,18.0,0.21633307652783937,0.282842712474619
2021-12-29,0.08,0.0,0.0468,19.0,0.21633307652783937,0.282842712474619
2021-12-30,0.08,0.0,0.0468,20.0,0.21633307652783937,0.282842712474619
2021-12-31,0.08,1.0,0.0468,21.0,0.21633307652783937,0.282842712474619
2022-01-03,0.07,0.0,0.0468,24.0,0.21633307652783937,0.2645751311064591
2022-01-04,0.07,0.0,0.0468,25.0,0.21633307652783937,0.2645751311064591
2022-01-05,0.08,0.0,0.0468,26.0,0.21633307652783937,0.282842712474619
2022-01-06,0.08,0.0,0.0468,27.0,0.21633307652783937,0.282842712474619
2022-01-07,0.08,0.0,0.0468,28.0,0.21633307652783937,0.282842712474619
2022-01-10,0.08,0.0,0.0468,31.0,0.21633307652783937,0.282842712474619
2022-01-11,0.08,0.0,0.0468,32.0,0.21633307652783937,0.282842712474619
2022-01-12,0.08,0.0,0.0468,33.0,0.21633307652783937,0.282842712474619
2022-01-13,0.08,0.0,0.0468,34.0,0.21633307652783937,0.282842712474619
2022-01-14,0.08,0.0,0.0468,35.0,0.21633307652783937,0.282842712474619
2022-01-17,0.08,3.0,0.0468,38.0,0.21633307652783937,0.282842712474619
2022-01-18,0.08,0.0,0.11,0.0,0.33166247903553997,0.282842712474619
2022-01-19,0.08,0.0,0.11,1.0,0.33166247903553997,0.282842712474619
2022-01-20,0.08,0.0,0.11,2.0,0.33166247903553997,0.282842712474619
2022-01-21,0.08,0.0,0.11,3.0,0.33166247903553997,0.282842712474619
2022-01-24,0.08,0.0,0.11,6.0,0.33166247903553997,0.282842712474619
2022-01-25,0.08,0.0,0.11,7.0,0.33166247903553997,0.282842712474619
2022-01-26,0.08,0.0,0.11,8.0,0.33166247903553997,0.282842712474619
2022-01-27,0.08,0.0,0.11,9.0,0.33166247903553997,0.282842712474619
2022-01-28,0.08,0.0,0.11,10.0,0.33166247903553997,0.282842712474619
2022-01-31,0.08,0.0,0.11,13.0,0.33166247903553997,0.282842712474619
2022-02-01,0.08,0.0,0.11,14.0,0.33166247903553997,0.282842712474619
2022-02-02,0.08,0.0,0.11,15.0,0.33166247903553997,0.282842712474619
2022-02-03,0.08,0.0,0.11,16.0,0.33166247903553997,0.282842712474619
2022-02-04,0.08,0.0,0.11,17.0,0.33166247903553997,0.282842712474619
2022-02-07,0.08,0.0,0.11,20.0,0.33166247903553997,0.282842712474619
2022-02-08,0.08,0.0,0.11,21.0,0.33166247903553997,0.282842712474619
2022-02-09,0.08,0.0,0.11,22.0,0.33166247903553997,0.282842712474619
2022-02-10,0.08,0.0,0.11,23.0,0.33166247903553997,0.282842712474619
2022-02-11,0.08,0.0,0.11,24.0,0.33166247903553997,0.282842712474619
2022-02-14,0.08,0.0,0.11,27.0,0.33166247903553997,0.282842712474619
2022-02-15,0.08,0.0,0.11,28.0,0.33166247903553997,0.282842712474619
2022-02-16,0.08,0.0,0.11,29.0,0.33166247903553997,0.282842712474619
2022-02-17,0.08,0.0,0.11,30.0,0.33166247903553997,0.282842712474619
2022-02-18,0.08,0.0,0.11,31.0,0.33166247903553997,0.282842712474619
2022-02-21,0.08,3.0,0.11,34.0,0.33166247903553997,0.282842712474619
2022-02-22,0.08,0.0,0.11,35.0,0.33166247903553997,0.282842712474619
2022-02-23,0.08,0.0,0.11,36.0,0.33166247903553997,0.282842712474619
2022-02-24,0.08,0.0,0.11,37.0,0.33166247903553997,0.282842712474619
2022-02-25,0.08,0.0,0.11,38.0,0.33166247903553997,0.282842712474619
2022-02-28,0.08,0.0,0.11,41.0,0.33166247903553997,0.282842712474619
2022-03-01,0.08,0.0,0.11,42.0,0.33166247903553997,0.282842712474619
2022-03-02,0.08,0.0,0.11,43.0,0.33166247903553997,0.282842712474619
2022-03-03,0.08,0.0,0.11,44.0,0.33166247903553997,0.282842712474619
2022-03-04,0.08,0.0,0.11,45.0,0.33166247903553997,0.282842712474619
2022-03-07,0.08,0.0,0.11,48.0,0.33166247903553997,0.282842712474619
2022-03-08,0.08,0.0,0.11,49.0,0.33166247903553997,0.282842712474619
2022-03-09,0.08,0.0,0.11,50.0,0.33166247903553997,0.282842712474619
2022-03-10,0.08,0.0,0.1141,0.0,0.3377869150810907,0.282842712474619
2022-03-11,0.08,0.0,0.1141,1.0,0.3377869150810907,0.282842712474619
2022-03-14,0.08,0.0,0.1141,4.0,0.3377869150810907,0.282842712474619
2022-03-15,0.08,0.0,0.1141,5.0,0.3377869150810907,0.282842712474619
2022-03-16,0.08,0.0,0.1141,6.0,0.3377869150810907,0.282842712474619
2022-03-17,0.08,0.0,0.1141,7.0,0.3377869150810907,0.282842712474619
2022-03-18,0.33,0.0,0.1141,8.0,0.3377869150810907,0.5744562646538028
2022-03-21,0.33,0.0,0.1141,11.0,0.3377869150810907,0.5744562646538028
2022-03-22,0.33,0.0,0.1141,12.0,0.3377869150810907,0.5744562646538028
2022-03-23,0.33,0.0,0.1141,13.0,0.3377869150810907,0.5744562646538028
2022-03-24,0.33,0.0,0.1141,14.0,0.3377869150810907,0.5744562646538028
2022-03-25,0.33,0.0,0.1141,15.0,0.3377869150810907,0.5744562646538028
2022-03-28,0.33,0.0,0.1141,18.0,0.3377869150810907,0.5744562646538028
2022-03-29,0.33,0.0,0.1141,19.0,0.3377869150810907,0.5744562646538028
2022-03-30,0.33,0.0,0.1141,20.0,0.3377869150810907,0.5744562646538028
2022-03-31,0.33,0.0,0.1141,21.0,0.3377869150810907,0.5744562646538028
2022-04-01,0.33,0.0,0.1141,22.0,0.3377869150810907,0.5744562646538028
2022-04-04,0.33,0.0,0.1141,25.0,0.3377869150810907,0.5744562646538028
2022-04-05,0.33,0.0,0.1141,26.0,0.3377869150810907,0.5744562646538028
2022-04-06,0.33,0.0,0.1141,27.0,0.3377869150810907,0.5744562646538028
2022-04-07,0.33,0.0,0.1141,28.0,0.3377869150810907,0.5744562646538028
2022-04-08,0.33,0.0,0.1141,29.0,0.3377869150810907,0.5744562646538028
2022-04-11,0.33,0.0,0.1141,32.0,0.3377869150810907,0.5744562646538028
2022-04-12,0.33,0.0,0.1141,33.0,0.3377869150810907,0.5744562646538028
2022-04-13,0.33,0.0,0.1141,34.0,0.3377869150810907,0.5744562646538028
2022-04-14,0.33,0.0,0.5623,0.0,0.7498666548127073,0.5744562646538028
2022-04-15,0.33,0.0,0.5623,1.0,0.7498666548127073,0.5744562646538028
2022-04-18,0.33,0.0,0.5623,4.0,0.7498666548127073,0.5744562646538028
2022-04-19,0.33,0.0,0.5623,5.0,0.7498666548127073,0.5744562646538028
2022-04-20,0.33,0.0,0.5623,6.0,0.7498666548127073,0.5744562646538028
2022-04-21,0.33,0.0,0.5623,7.0,0.7498666548127073,0.5744562646538028
2022-04-22,0.33,0.0,0.5623,8.0,0.7498666548127073,0.5744562646538028
2022-04-25,0.33,0.0,0.5623,11.0,0.7498666548127073,0.5744562646538028
2022-04-26,0.33,0.0,0.5623,12.0,0.7498666548127073,0.5744562646538028
2022-04-27,0.33,0.0,0.5623,13.0,0.7498666548127073,0.5744562646538028
2022-04-28,0.33,0.0,0.5623,14.0,0.7498666548127073,0.5744562646538028
2022-04-29,0.33,0.0,0.5623,15.0,0.7498666548127073,0.5744562646538028
2022-05-02,0.33,0.0,0.5623,18.0,0.7498666548127073,0.5744562646538028
2022-05-03,0.33,0.0,0.5623,19.0,0.7498666548127073,0.5744562646538028
2022-05-04,0.33,0.0,0.5623,20.0,0.7498666548127073,0.5744562646538028
2022-05-05,0.33,0.0,0.5623,21.0,0.7498666548127073,0.5744562646538028
2022-05-06,0.83,0.0,0.5623,22.0,0.7498666548127073,0.9110433579144299
2022-05-09,0.83,0.0,0.5623,25.0,0.7498666548127073,0.9110433579144299
2022-05-10,0.83,0.0,0.5623,26.0,0.7498666548127073,0.9110433579144299
2022-05-11,0.83,0.0,0.5623,27.0,0.7498666548127073,0.9110433579144299
2022-05-12,0.83,0.0,0.5623,28.0,0.7498666548127073,0.9110433579144299
2022-05-13,0.83,0.0,0.5623,29.0,0.7498666548127073,0.9110433579144299
2022-05-16,0.83,0.0,0.5623,32.0,0.7498666548127073,0.9110433579144299
2022-05-17,0.83,0.0,0.5623,33.0,0.7498666548127073,0.9110433579144299
2022-05-18,0.83,0.0,0.5623,34.0,0.7498666548127073,0.9110433579144299
2022-05-19,0.83,0.0,0.5623,35.0,0.7498666548127073,0.9110433579144299
2022-05-20,0.83,0.0,0.5623,36.0,0.7498666548127073,0.9110433579144299
2022-05-23,0.83,0.0,0.5623,39.0,0.7498666548127073,0.9110433579144299
2022-05-24,0.83,0.0,0.5623,40.0,0.7498666548127073,0.9110433579144299
2022-05-25,0.83,0.0,0.5623,41.0,0.7498666548127073,0.9110433579144299
2022-05-26,0.83,0.0,0.5623,42.0,0.7498666548127073,0.9110433579144299
2022-05-27,0.83,0.0,0.5623,43.0,0.7498666548127073,0.9110433579144299
2022-05-30,0.83,3.0,0.5623,46.0,0.7498666548127073,0.9110433579144299
2022-05-31,0.83,0.0,0.5623,47.0,0.7498666548127073,0.9110433579144299
2022-06-01,0.83,0.0,0.5623,48.0,0.7498666548127073,0.9110433579144299
2022-06-02,0.83,0.0,0.5623,49.0,0.7498666548127073,0.9110433579144299
2022-06-03,0.83,0.0,0.5623,50.0,0.7498666548127073,0.9110433579144299
2022-06-06,0.83,0.0,0.5623,53.0,0.7498666548127073,0.9110433579144299
2022-06-07,0.83,0.0,0.5623,54.0,0.7498666548127073,0.9110433579144299
2022-06-08,0.83,0.0,0.5623,55.0,0.7498666548127073,0.9110433579144299
2022-06-09,0.83,0.0,0.5623,56.0,0.7498666548127073,0.9110433579144299
2022-06-10,0.83,0.0,0.5623,57.0,0.7498666548127073,0.9110433579144299
2022-06-13,0.83,0.0,0.5623,60.0,0.7498666548127073,0.9110433579144299
2022-06-14,0.83,0.0,0.9158,0.0,0.9569743988216194,0.9110433579144299
2022-06-15,0.83,0.0,0.9158,1.0,0.9569743988216194,0.9110433579144299
2022-06-16,0.83,0.0,0.9158,2.0,0.9569743988216194,0.9110433579144299
2022-06-17,1.58,0.0,0.9158,3.0,0.9569743988216194,1.2569805089976536
2022-06-20,1.58,3.0,0.9158,6.0,0.9569743988216194,1.2569805089976536
2022-06-21,1.58,0.0,0.9158,7.0,0.9569743988216194,1.2569805089976536
2022-06-22,1.58,0.0,0.9158,8.0,0.9569743988216194,1.2569805089976536
2022-06-23,1.58,0.0,0.9158,9.0,0.9569743988216194,1.2569805089976536
2022-06-24,1.58,0.0,0.9158,10.0,0.9569743988216194,1.2569805089976536
2022-06-27,1.58,0.0,0.9158,13.0,0.9569743988216194,1.2569805089976536
2022-06-28,1.58,0.0,0.9158,14.0,0.9569743988216194,1.2569805089976536
2022-06-29,1.58,0.0,0.9158,15.0,0.9569743988216194,1.2569805089976536
2022-06-30,1.58,0.0,0.9158,16.0,0.9569743988216194,1.2569805089976536
2022-07-01,1.58,0.0,0.9158,17.0,0.9569743988216194,1.2569805089976536
2022-07-04,1.58,3.0,0.9158,20.0,0.9569743988216194,1.2569805089976536
2022-07-05,1.58,0.0,0.9158,21.0,0.9569743988216194,1.2569805089976536
2022-07-06,1.58,0.0,0.9158,22.0,0.9569743988216194,1.2569805089976536
2022-07-07,1.58,0.0,0.9158,23.0,0.9569743988216194,1.2569805089976536
2022-07-08,1.58,0.0,0.9158,24.0,0.9569743988216194,1.2569805089976536
2022-07-11,1.58,0.0,0.9158,27.0,0.9569743988216194,1.2569805089976536
2022-07-12,1.58,0.0,0.9158,28.0,0.9569743988216194,1.2569805089976536
2022-07-13,1.58,0.0,1.0767,0.0,1.037641556608061,1.2569805089976536
2022-07-14,1.58,0.0,1.0767,1.0,1.037641556608061,1.2569805089976536
2022-07-15,1.58,0.0,1.0767,2.0,1.037641556608061,1.2569805089976536
2022-07-18,1.58,0.0,1.0767,5.0,1.037641556608061,1.2569805089976536
2022-07-19,1.58,0.0,1.0767,6.0,1.037641556608061,1.2569805089976536
2022-07-20,1.58,0.0,1.0767,7.0,1.037641556608061,1.2569805089976536
2022-07-21,1.58,0.0,1.0767,8.0,1.037641556608061,1.2569805089976536
2022-07-22,1.58,0.0,1.0767,9.0,1.037641556608061,1.2569805089976536
2022-07-25,1.58,0.0,1.0767,12.0,1.037641556608061,1.2569805089976536
2022-07-26,1.58,0.0,1.0767,13.0,1.037641556608061,1.2569805089976536
2022-07-27,1.58,0.0,1.0767,14.0,1.037641556608061,1.2569805089976536
2022-07-28,1.58,0.0,1.0767,15.0,1.037641556608061,1.2569805089976536
2022-07-29,2.33,0.0,1.0767,16.0,1.037641556608061,1.5264337522473748
2022-08-01,2.32,0.0,1.0767,19.0,1.037641556608061,1.5231546211727816
2022-08-02,2.32,0.0,1.0767,20.0,1.037641556608061,1.5231546211727816
2022-08-03,2.33,0.0,1.0767,21.0,1.037641556608061,1.5264337522473748
2022-08-04,2.33,0.0,1.0767,22.0,1.037641556608061,1.5264337522473748
2022-08-05,2.33,0.0,1.0767,23.0,1.037641556608061,1.5264337522473748
2022-08-08,2.33,0.0,1.0767,26.0,1.037641556608061,1.5264337522473748
2022-08-09,2.33,0.0,1.0767,27.0,1.037641556608061,1.5264337522473748
2022-08-10,2.33,0.0,1.1908,0.0,1.0912378292562992,1.5264337522473748
2022-08-11,2.33,0.0,1.1908,1.0,1.0912378292562992,1.5264337522473748
2022-08-12,2.33,0.0,1.1908,2.0,1.0912378292562992,1.5264337522473748
2022-08-15,2.33,0.0,1.1908,5.0,1.0912378292562992,1.5264337522473748
2022-08-16,2.33,0.0,1.1908,6.0,1.0912378292562992,1.5264337522473748
2022-08-17,2.33,0.0,1.1908,7.0,1.0912378292562992,1.5264337522473748
2022-08-18,2.33,0.0,1.1908,8.0,1.0912378292562992,1.5264337522473748
2022-08-19,2.33,0.0,1.1908,9.0,1.0912378292562992,1.5264337522473748
2022-08-22,2.33,0.0,1.1908,12.0,1.0912378292562992,1.5264337522473748
2022-08-23,2.33,0.0,1.1908,13.0,1.0912378292562992,1.5264337522473748
2022-08-24,2.33,0.0,1.1908,14.0,1.0912378292562992,1.5264337522473748
2022-08-25,2.33,0.0,1.1908,15.0,1.0912378292562992,1.5264337522473748
2022-08-26,2.33,0.0,1.1908,16.0,1.0912378292562992,1.5264337522473748
2022-08-29,2.33,0.0,1.1908,19.0,1.0912378292562992,1.5264337522473748
2022-08-30,2.33,0.0,1.1908,20.0,1.0912378292562992,1.5264337522473748
2022-08-31,2.33,0.0,1.1908,21.0,1.0912378292562992,1.5264337522473748
2022-09-01,2.33,0.0,1.1908,22.0,1.0912378292562992,1.5264337522473748
2022-09-02,2.33,0.0,1.1908,23.0,1.0912378292562992,1.5264337522473748
2022-09-05,2.33,3.0,1.1908,26.0,1.0912378292562992,1.5264337522473748
2022-09-06,2.33,0.0,1.1908,27.0,1.0912378292562992,1.5264337522473748
2022-09-07,2.33,0.0,1.1908,28.0,1.0912378292562992,1.5264337522473748
2022-09-08,2.33,0.0,1.1908,29.0,1.0912378292562992,1.5264337522473748
2022-09-09,2.33,0.0,1.1908,30.0,1.0912378292562992,1.5264337522473748
2022-09-12,2.33,0.0,1.1908,33.0,1.0912378292562992,1.5264337522473748
2022-09-13,2.33,0.0,1.1908,34.0,1.0912378292562992,1.5264337522473748
2022-09-14,2.33,0.0,1.622,0.0,1.2735776379946375,1.5264337522473748
2022-09-15,2.33,0.0,1.622,1.0,1.2735776379946375,1.5264337522473748
2022-09-16,2.33,0.0,1.622,2.0,1.2735776379946375,1.5264337522473748
2022-09-19,2.33,0.0,1.622,5.0,1.2735776379946375,1.5264337522473748
2022-09-20,2.33,0.0,1.622,6.0,1.2735776379946375,1.5264337522473748
2022-09-21,2.33,0.0,1.622,7.0,1.2735776379946375,1.5264337522473748
2022-09-22,2.33,0.0,1.622,8.0,1.2735776379946375,1.5264337522473748
2022-09-23,3.08,0.0,1.622,9.0,1.2735776379946375,1.7549928774784245
2022-09-26,3.08,0.0,1.622,12.0,1.2735776379946375,1.7549928774784245
2022-09-27,3.08,0.0,1.622,13.0,1.2735776379946375,1.7549928774784245
2022-09-28,3.08,0.0,1.622,14.0,1.2735776379946375,1.7549928774784245
2022-09-29,3.08,0.0,1.622,15.0,1.2735776379946375,1.7549928774784245
2022-09-30,3.08,0.0,1.622,16.0,1.2735776379946375,1.7549928774784245
2022-10-03,3.08,0.0,1.622,19.0,1.2735776379946375,1.7549928774784245
2022-10-04,3.08,0.0,1.622,20.0,1.2735776379946375,1.7549928774784245
2022-10-05,3.08,0.0,1.622,21.0,1.2735776379946375,1.7549928774784245
2022-10-06,3.08,0.0,1.622,22.0,1.2735776379946375,1.7549928774784245
2022-10-07,3.08,0.0,1.622,23.0,1.2735776379946375,1.7549928774784245
2022-10-10,3.08,3.0,1.622,26.0,1.2735776379946375,1.7549928774784245
2022-10-11,3.08,0.0,1.622,27.0,1.2735776379946375,1.7549928774784245
2022-10-12,3.08,0.0,1.622,28.0,1.2735776379946375,1.7549928774784245
2022-10-13,3.08,0.0,1.622,29.0,1.2735776379946375,1.7549928774784245
2022-10-14,3.08,0.0,1.622,30.0,1.2735776379946375,1.7549928774784245
2022-10-17,3.08,0.0,1.622,33.0,1.2735776379946375,1.7549928774784245
2022-10-18,3.08,0.0,1.622,34.0,1.2735776379946375,1.7549928774784245
2022-10-19,3.08,0.0,1.622,35.0,1.2735776379946375,1.7549928774784245
2022-10-20,3.08,0.0,1.622,36.0,1.2735776379946375,1.7549928774784245
2022-10-21,3.08,0.0,1.622,37.0,1.2735776379946375,1.7549928774784245
2022-10-24,3.08,0.0,1.622,40.0,1.2735776379946375,1.7549928774784245
2022-10-25,3.08,0.0,1.622,41.0,1.2735776379946375,1.7549928774784245
2022-10-26,3.08,0.0,1.622,42.0,1.2735776379946375,1.7549928774784245
2022-10-27,3.08,0.0,1.622,43.0,1.2735776379946375,1.7549928774784245
2022-10-28,3.08,0.0,1.622,44.0,1.2735776379946375,1.7549928774784245
2022-10-31,3.08,0.0,1.622,47.0,1.2735776379946375,1.7549928774784245
2022-11-01,3.08,0.0,1.622,48.0,1.2735776379946375,1.7549928774784245
2022-11-02,3.08,0.0,1.622,49.0,1.2735776379946375,1.7549928774784245
2022-11-03,3.08,0.0,1.622,50.0,1.2735776379946375,1.7549928774784245
2022-11-04,3.83,0.0,1.622,51.0,1.2735776379946375,1.9570385790780926
2022-11-07,3.83,0.0,1.622,54.0,1.2735776379946375,1.9570385790780926
2022-11-08,3.83,0.0,1.622,55.0,1.2735776379946375,1.9570385790780926
2022-11-09,3.83,0.0,1.622,56.0,1.2735776379946375,1.9570385790780926
2022-11-10,3.83,0.0,1.622,57.0,1.2735776379946375,1.9570385790780926
2022-11-11,3.83,1.0,2.1857,0.0,1.478411309480552,1.9570385790780926
2022-11-14,3.83,0.0,2.1857,3.0,1.478411309480552,1.9570385790780926
2022-11-15,3.83,0.0,2.1857,4.0,1.478411309480552,1.9570385790780926
2022-11-16,3.83,0.0,2.1857,5.0,1.478411309480552,1.9570385790780926
2022-11-17,3.83,0.0,2.1857,6.0,1.478411309480552,1.9570385790780926
2022-11-18,3.83,0.0,2.1857,7.0,1.478411309480552,1.9570385790780926
2022-11-21,3.83,0.0,2.1857,10.0,1.478411309480552,1.9570385790780926
2022-11-22,3.83,0.0,2.1857,11.0,1.478411309480552,1.9570385790780926
2022-11-23,3.83,0.0,2.1857,12.0,1.478411309480552,1.9570385790780926
2022-11-24,3.83,1.0,2.1857,13.0,1.478411309480552,1.9570385790780926
2022-11-25,3.83,0.0,2.1857,14.0,1.478411309480552,1.9570385790780926
2022-11-28,3.83,0.0,2.1857,17.0,1.478411309480552,1.9570385790780926
2022-11-29,3.83,0.0,2.1857,18.0,1.478411309480552,1.9570385790780926
2022-11-30,3.83,0.0,2.1857,19.0,1.478411309480552,1.9570385790780926
2022-12-01,3.83,0.0,2.1857,20.0,1.478411309480552,1.9570385790780926
2022-12-02,3.83,0.0,2.1857,21.0,1.478411309480552,1.9570385790780926
2022-12-05,3.83,0.0,2.1857,24.0,1.478411309480552,1.9570385790780926
2022-12-06,3.83,0.0,2.1857,25.0,1.478411309480552,1.9570385790780926
2022-12-07,3.83,0.0,2.1857,26.0,1.478411309480552,1.9570385790780926
2022-12-08,3.83,0.0,2.1857,27.0,1.478411309480552,1.9570385790780926
2022-12-09,3.83,0.0,2.1857,28.0,1.478411309480552,1.9570385790780926
2022-12-12,3.83,0.0,2.8599,2.0,1.6911238866505316,1.9570385790780926
2022-12-13,3.83,0.0,2.8599,3.0,1.6911238866505316,1.9570385790780926
2022-12-14,3.83,0.0,2.8599,4.0,1.6911238866505316,1.9570385790780926
2022-12-15,3.83,0.0,2.8599,5.0,1.6911238866505316,1.9570385790780926
2022-12-16,4.33,0.0,2.8599,6.0,1.6911238866505316,2.080865204668481
2022-12-19,4.33,0.0,2.8599,9.0,1.6911238866505316,2.080865204668481
2022-12-20,4.33,0.0,2.8599,10.0,1.6911238866505316,2.080865204668481
2022-12-21,4.33,0.0,2.8599,11.0,1.6911238866505316,2.080865204668481
2022-12-22,4.33,0.0,2.8599,12.0,1.6911238866505316,2.080865204668481
2022-12-23,4.33,0.0,2.8599,13.0,1.6911238866505316,2.080865204668481
2022-12-26,4.33,3.0,2.8599,16.0,1.6911238866505316,2.080865204668481
2022-12-27,4.33,0.0,2.8599,17.0,1.6911238866505316,2.080865204668481
2022-12-28,4.33,0.0,2.8599,18.0,1.6911238866505316,2.080865204668481
2022-12-29,4.33,0.0,2.8599,19.0,1.6911238866505316,2.080865204668481
2022-12-30,4.33,0.0,2.8599,20.0,1.6911238866505316,2.080865204668481
2023-01-02,4.33,3.0,2.8599,23.0,1.6911238866505316,2.080865204668481
2023-01-03,4.33,0.0,2.8599,24.0,1.6911238866505316,2.080865204668481
2023-01-04,4.33,0.0,2.8599,25.0,1.6911238866505316,2.080865204668481
2023-01-05,4.33,0.0,2.8599,26.0,1.6911238866505316,2.080865204668481
2023-01-06,4.33,0.0,2.8599,27.0,1.6911238866505316,2.080865204668481
2023-01-09,4.33,0.0,2.8599,30.0,1.6911238866505316,2.080865204668481
2023-01-10,4.33,0.0,2.8599,31.0,1.6911238866505316,2.080865204668481
2023-01-11,4.33,0.0,2.8599,32.0,1.6911238866505316,2.080865204668481
2023-01-12,4.33,0.0,2.8599,33.0,1.6911238866505316,2.080865204668481
2023-01-13,4.33,0.0,2.8599,34.0,1.6911238866505316,2.080865204668481
2023-01-16,4.33,3.0,2.8599,37.0,1.6911238866505316,2.080865204668481
2023-01-17,4.33,0.0,2.8599,38.0,1.6911238866505316,2.080865204668481
2023-01-18,4.33,0.0,2.8599,39.0,1.6911238866505316,2.080865204668481
2023-01-19,4.33,0.0,2.8599,40.0,1.6911238866505316,2.080865204668481
2023-01-20,4.33,0.0,2.8599,41.0,1.6911238866505316,2.080865204668481
2023-01-23,4.33,0.0,2.8599,44.0,1.6911238866505316,2.080865204668481
2023-01-24,4.33,0.0,2.8599,45.0,1.6911238866505316,2.080865204668481
2023-01-25,4.33,0.0,2.8599,46.0,1.6911238866505316,2.080865204668481
2023-01-26,4.33,0.0,2.8599,47.0,1.6911238866505316,2.080865204668481
2023-01-27,4.33,0.0,2.8599,48.0,1.6911238866505316,2.080865204668481
2023-01-30,4.33,0.0,2.8599,51.0,1.6911238866505316,2.080865204668481
2023-01-31,4.33,0.0,2.8599,52.0,1.6911238866505316,2.080865204668481
2023-02-01,4.33,0.0,2.8599,53.0,1.6911238866505316,2.080865204668481
2023-02-02,4.33,0.0,2.8599,54.0,1.6911238866505316,2.080865204668481
2023-02-03,4.58,0.0,2.8599,55.0,1.6911238866505316,2.1400934559032696
2023-02-06,4.58,0.0,2.8599,58.0,1.6911238866505316,2.1400934559032696
2023-02-07,4.58,0.0,2.8599,59.0,1.6911238866505316,2.1400934559032696
2023-02-08,4.58,0.0,2.8599,60.0,1.6911238866505316,2.1400934559032696
2023-02-09,4.58,0.0,2.8599,61.0,1.6911238866505316,2.1400934559032696
2023-02-10,4.57,0.0,2.8599,62.0,1.6911238866505316,2.137755832643195
2023-02-13,4.58,0.0,3.1779,0.0,1.7826665420094696,2.1400934559032696
2023-02-14,4.58,0.0,3.1779,1.0,1.7826665420094696,2.1400934559032696
2023-02-15,4.58,0.0,3.1779,2.0,1.7826665420094696,2.1400934559032696
2023-02-16,4.58,0.0,3.1779,3.0,1.7826665420094696,2.1400934559032696
2023-02-17,4.58,0.0,3.1779,4.0,1.7826665420094696,2.1400934559032696
2023-02-20,4.58,3.0,3.1779,7.0,1.7826665420094696,2.1400934559032696
2023-02-21,4.58,0.0,3.1779,8.0,1.7826665420094696,2.1400934559032696
2023-02-22,4.58,0.0,3.1779,9.0,1.7826665420094696,2.1400934559032696
2023-02-23,4.58,0.0,3.1779,10.0,1.7826665420094696,2.1400934559032696
2023-02-24,4.58,0.0,3.1779,11.0,1.7826665420094696,2.1400934559032696
2023-02-27,4.58,0.0,3.1779,14.0,1.7826665420094696,2.1400934559032696
2023-02-28,4.57,0.0,3.1779,15.0,1.7826665420094696,2.137755832643195
2023-03-01,4.57,0.0,3.1779,16.0,1.7826665420094696,2.137755832643195
2023-03-02,4.58,0.0,3.1779,17.0,1.7826665420094696,2.1400934559032696
2023-03-03,4.57,0.0,3.1779,18.0,1.7826665420094696,2.137755832643195
2023-03-06,4.57,0.0,3.1779,21.0,1.7826665420094696,2.137755832643195
2023-03-07,4.57,0.0,3.1779,22.0,1.7826665420094696,2.137755832643195
2023-03-08,4.57,0.0,3.1779,23.0,1.7826665420094696,2.137755832643195
2023-03-09,4.57,0.0,3.9021,0.0,1.975373382426725,2.137755832643195
2023-03-10,4.57,0.0,3.9021,1.0,1.975373382426725,2.137755832643195
2023-03-13,4.57,0.0,3.9021,4.0,1.975373382426725,2.137755832643195
2023-03-14,4.57,0.0,3.9021,5.0,1.975373382426725,2.137755832643195
2023-03-15,4.58,0.0,3.9021,6.0,1.975373382426725,2.1400934559032696
2023-03-16,4.58,0.0,3.9021,7.0,1.975373382426725,2.1400934559032696
2023-03-17,4.58,0.0,3.9021,8.0,1.975373382426725,2.1400934559032696
2023-03-20,4.58,0.0,3.9021,11.0,1.975373382426725,2.1400934559032696
2023-03-21,4.58,0.0,3.9021,12.0,1.975373382426725,2.1400934559032696
2023-03-22,4.58,0.0,3.9021,13.0,1.975373382426725,2.1400934559032696
2023-03-23,4.58,0.0,3.9021,14.0,1.975373382426725,2.1400934559032696
2023-03-24,4.83,0.0,3.9021,15.0,1.975373382426725,2.1977260975835913
2023-03-27,4.83,0.0,3.9021,18.0,1.975373382426725,2.1977260975835913
2023-03-28,4.83,0.0,3.9021,19.0,1.975373382426725,2.1977260975835913
2023-03-29,4.83,0.0,3.9021,20.0,1.975373382426725,2.1977260975835913
2023-03-30,4.83,0.0,3.9021,21.0,1.975373382426725,2.1977260975835913
2023-03-31,4.83,0.0,3.9021,22.0,1.975373382426725,2.1977260975835913
2023-04-03,4.83,0.0,3.9021,25.0,1.975373382426725,2.1977260975835913
2023-04-04,4.83,0.0,3.9021,26.0,1.975373382426725,2.1977260975835913
2023-04-05,4.83,0.0,3.9021,27.0,1.975373382426725,2.1977260975835913
2023-04-06,4.83,0.0,3.9021,28.0,1.975373382426725,2.1977260975835913
2023-04-07,4.83,0.0,3.9021,29.0,1.975373382426725,2.1977260975835913
2023-04-10,4.83,0.0,3.9021,32.0,1.975373382426725,2.1977260975835913
2023-04-11,4.83,0.0,3.9021,33.0,1.975373382426725,2.1977260975835913
2023-04-12,4.83,0.0,3.9021,34.0,1.975373382426725,2.1977260975835913
2023-04-13,4.83,0.0,3.9021,35.0,1.975373382426725,2.1977260975835913
2023-04-14,4.83,0.0,3.9021,36.0,1.975373382426725,2.1977260975835913
2023-04-17,4.83,0.0,3.9021,39.0,1.975373382426725,2.1977260975835913
2023-04-18,4.83,0.0,3.9021,40.0,1.975373382426725,2.1977260975835913
2023-04-19,4.83,0.0,3.9021,41.0,1.975373382426725,2.1977260975835913
2023-04-20,4.83,0.0,3.9021,42.0,1.975373382426725,2.1977260975835913
2023-04-21,4.83,0.0,3.9021,43.0,1.975373382426725,2.1977260975835913
2023-04-24,4.83,0.0,3.9021,46.0,1.975373382426725,2.1977260975835913
2023-04-25,4.83,0.0,3.9021,47.0,1.975373382426725,2.1977260975835913
2023-04-26,4.83,0.0,3.9021,48.0,1.975373382426725,2.1977260975835913
2023-04-27,4.83,0.0,3.9021,49.0,1.975373382426725,2.1977260975835913
2023-04-28,4.83,0.0,3.9021,50.0,1.975373382426725,2.1977260975835913
2023-05-01,4.83,0.0,3.9021,53.0,1.975373382426725,2.1977260975835913
2023-05-02,4.83,0.0,3.9021,54.0,1.975373382426725,2.1977260975835913
2023-05-03,4.83,0.0,3.9021,55.0,1.975373382426725,2.1977260975835913
2023-05-04,4.83,0.0,3.9021,56.0,1.975373382426725,2.1977260975835913
2023-05-05,5.08,0.0,3.9021,57.0,1.975373382426725,2.253885533916929
2023-05-08,5.08,0.0,3.9021,60.0,1.975373382426725,2.253885533916929
2023-05-09,5.08,0.0,3.9021,61.0,1.975373382426725,2.253885533916929
2023-05-10,5.08,0.0,4.1774,0.0,2.043868880334548,2.253885533916929
2023-05-11,5.08,0.0,4.1774,1.0,2.043868880334548,2.253885533916929
2023-05-12,5.08,0.0,4.1774,2.0,2.043868880334548,2.253885533916929
2023-05-15,5.08,0.0,4.1774,5.0,2.043868880334548,2.253885533916929
2023-05-16,5.08,0.0,4.1774,6.0,2.043868880334548,2.253885533916929
2023-05-17,5.08,0.0,4.1774,7.0,2.043868880334548,2.253885533916929
2023-05-18,5.08,0.0,4.1774,8.0,2.043868880334548,2.253885533916929
2023-05-19,5.08,0.0,4.1774,9.0,2.043868880334548,2.253885533916929
2023-05-22,5.08,0.0,4.1774,12.0,2.043868880334548,2.253885533916929
2023-05-23,5.08,0.0,4.1774,13.0,2.043868880334548,2.253885533916929
2023-05-24,5.08,0.0,4.1774,14.0,2.043868880334548,2.253885533916929
2023-05-25,5.08,0.0,4.1774,15.0,2.043868880334548,2.253885533916929
2023-05-26,5.08,0.0,4.1774,16.0,2.043868880334548,2.253885533916929
2023-05-29,5.08,3.0,4.1774,19.0,2.043868880334548,2.253885533916929
2023-05-30,5.08,0.0,4.1774,20.0,2.043868880334548,2.253885533916929
2023-05-31,5.08,0.0,4.1774,21.0,2.043868880334548,2.253885533916929
2023-06-01,5.08,0.0,4.1774,22.0,2.043868880334548,2.253885533916929
2023-06-02,5.08,0.0,4.1774,23.0,2.043868880334548,2.253885533916929
2023-06-05,5.08,0.0,4.1774,26.0,2.043868880334548,2.253885533916929
2023-06-06,5.08,0.0,4.1774,27.0,2.043868880334548,2.253885533916929
2023-06-07,5.08,0.0,4.1774,28.0,2.043868880334548,2.253885533916929
2023-06-08,5.08,0.0,4.1774,29.0,2.043868880334548,2.253885533916929
2023-06-09,5.08,0.0,4.1774,30.0,2.043868880334548,2.253885533916929
2023-06-12,5.08,0.0,4.1774,33.0,2.043868880334548,2.253885533916929
2023-06-13,5.08,0.0,4.3528,0.0,2.086336502101231,2.253885533916929
2023-06-14,5.08,0.0,4.3528,1.0,2.086336502101231,2.253885533916929
2023-06-15,5.08,0.0,4.3528,2.0,2.086336502101231,2.253885533916929
2023-06-16,5.07,0.0,4.3528,3.0,2.086336502101231,2.2516660498395407
2023-06-19,5.07,3.0,4.3528,6.0,2.086336502101231,2.2516660498395407
2023-06-20,5.08,0.0,4.3528,7.0,2.086336502101231,2.253885533916929
2023-06-21,5.07,0.0,4.3528,8.0,2.086336502101231,2.2516660498395407
2023-06-22,5.07,0.0,4.3528,9.0,2.086336502101231,2.2516660498395407
2023-06-23,5.07,0.0,4.3528,10.0,2.086336502101231,2.2516660498395407
2023-06-26,5.07,0.0,4.3528,13.0,2.086336502101231,2.2516660498395407
2023-06-27,5.07,0.0,4.3528,14.0,2.086336502101231,2.2516660498395407
2023-06-28,5.07,0.0,4.3528,15.0,2.086336502101231,2.2516660498395407
2023-06-29,5.07,0.0,4.3528,16.0,2.086336502101231,2.2516660498395407
2023-06-30,5.07,0.0,4.3528,17.0,2.086336502101231,2.2516660498395407
2023-07-03,5.08,0.0,4.3528,20.0,2.086336502101231,2.253885533916929
2023-07-04,5.08,1.0,4.3528,21.0,2.086336502101231,2.253885533916929
2023-07-05,5.08,0.0,4.3528,22.0,2.086336502101231,2.253885533916929
2023-07-06,5.08,0.0,4.3528,23.0,2.086336502101231,2.253885533916929
2023-07-07,5.08,0.0,4.5872,0.0,2.141774964836409,2.253885533916929
2023-07-10,5.08,0.0,4.5872,3.0,2.141774964836409,2.253885533916929
2023-07-11,5.08,0.0,4.5872,4.0,2.141774964836409,2.253885533916929
2023-07-12,5.08,0.0,4.5872,5.0,2.141774964836409,2.253885533916929
2023-07-13,5.08,0.0,4.5872,6.0,2.141774964836409,2.253885533916929
2023-07-14,5.08,0.0,4.5872,7.0,2.141774964836409,2.253885533916929
2023-07-17,5.08,0.0,4.5872,10.0,2.141774964836409,2.253885533916929
2023-07-18,5.08,0.0,4.5872,11.0,2.141774964836409,2.253885533916929
2023-07-19,5.08,0.0,4.5872,12.0,2.141774964836409,2.253885533916929
2023-07-20,5.08,0.0,4.5872,13.0,2.141774964836409,2.253885533916929
2023-07-21,5.08,0.0,4.5872,14.0,2.141774964836409,2.253885533916929
2023-07-24,5.08,0.0,4.5872,17.0,2.141774964836409,2.253885533916929
2023-07-25,5.08,0.0,4.5872,18.0,2.141774964836409,2.253885533916929
2023-07-26,5.08,0.0,4.5872,19.0,2.141774964836409,2.253885533916929
2023-07-27,5.08,0.0,4.5872,20.0,2.141774964836409,2.253885533916929
2023-07-28,5.33,0.0,4.5872,21.0,2.141774964836409,2.3086792761230392
2023-07-31,5.33,0.0,4.5872,24.0,2.141774964836409,2.3086792761230392
2023-08-01,5.33,0.0,4.5872,25.0,2.141774964836409,2.3086792761230392
2023-08-02,5.33,0.0,4.5872,26.0,2.141774964836409,2.3086792761230392
2023-08-03,5.33,0.0,4.5872,27.0,2.141774964836409,2.3086792761230392
2023-08-04,5.33,0.0,4.5872,28.0,2.141774964836409,2.3086792761230392
2023-08-07,5.33,0.0,4.5872,31.0,2.141774964836409,2.3086792761230392
2023-08-08,5.33,0.0,4.5872,32.0,2.141774964836409,2.3086792761230392
2023-08-09,5.33,0.0,4.5872,33.0,2.141774964836409,2.3086792761230392
2023-08-10,5.33,0.0,4.9302,0.0,2.2204053683956,2.3086792761230392
2023-08-11,5.33,0.0,4.9302,1.0,2.2204053683956,2.3086792761230392
2023-08-14,5.33,0.0,4.9302,4.0,2.2204053683956,2.3086792761230392
2023-08-15,5.33,0.0,4.9302,5.0,2.2204053683956,2.3086792761230392
2023-08-16,5.33,0.0,4.9302,6.0,2.2204053683956,2.3086792761230392
2023-08-17,5.33,0.0,4.9302,7.0,2.2204053683956,2.3086792761230392
2023-08-18,5.33,0.0,4.9302,8.0,2.2204053683956,2.3086792761230392
2023-08-21,5.33,0.0,4.9302,11.0,2.2204053683956,2.3086792761230392
2023-08-22,5.33,0.0,4.9302,12.0,2.2204053683956,2.3086792761230392
2023-08-23,5.33,0.0,4.9302,13.0,2.2204053683956,2.3086792761230392
2023-08-24,5.33,0.0,4.9302,14.0,2.2204053683956,2.3086792761230392
2023-08-25,5.33,0.0,4.9302,15.0,2.2204053683956,2.3086792761230392
2023-08-28,5.33,0.0,4.9302,18.0,2.2204053683956,2.3086792761230392
2023-08-29,5.33,0.0,4.9302,19.0,2.2204053683956,2.3086792761230392
2023-08-30,5.33,0.0,4.9302,20.0,2.2204053683956,2.3086792761230392
2023-08-31,5.33,0.0,4.9302,21.0,2.2204053683956,2.3086792761230392
2023-09-01,5.33,0.0,4.9302,22.0,2.2204053683956,2.3086792761230392
2023-09-04,5.33,3.0,4.9302,25.0,2.2204053683956,2.3086792761230392
2023-09-05,5.33,0.0,4.9302,26.0,2.2204053683956,2.3086792761230392
2023-09-06,5.33,0.0,4.9302,27.0,2.2204053683956,2.3086792761230392
2023-09-07,5.33,0.0,4.9302,28.0,2.2204053683956,2.3086792761230392
2023-09-08,5.33,0.0,4.9302,29.0,2.2204053683956,2.3086792761230392
2023-09-11,5.33,0.0,5.1609,2.0,2.271761431136641,2.3086792761230392
2023-09-12,5.33,0.0,5.1609,3.0,2.271761431136641,2.3086792761230392
2023-09-13,5.33,0.0,5.1609,4.0,2.271761431136641,2.3086792761230392
2023-09-14,5.33,0.0,5.1609,5.0,2.271761431136641,2.3086792761230392
2023-09-15,5.33,0.0,5.1609,6.0,2.271761431136641,2.3086792761230392
2023-09-18,5.33,0.0,5.1609,9.0,2.271761431136641,2.3086792761230392
2023-09-19,5.33,0.0,5.1609,10.0,2.271761431136641,2.3086792761230392
2023-09-20,5.33,0.0,5.1609,11.0,2.271761431136641,2.3086792761230392
2023-09-21,5.33,0.0,5.1609,12.0,2.271761431136641,2.3086792761230392
2023-09-22,5.33,0.0,5.1609,13.0,2.271761431136641,2.3086792761230392
2023-09-25,5.33,0.0,5.1609,16.0,2.271761431136641,2.3086792761230392
2023-09-26,5.33,0.0,5.1609,17.0,2.271761431136641,2.3086792761230392
2023-09-27,5.33,0.0,5.1609,18.0,2.271761431136641,2.3086792761230392
2023-09-28,5.33,0.0,5.1609,19.0,2.271761431136641,2.3086792761230392
2023-09-29,5.33,0.0,5.1609,20.0,2.271761431136641,2.3086792761230392
2023-10-02,5.33,0.0,5.1609,23.0,2.271761431136641,2.3086792761230392
2023-10-03,5.33,0.0,5.1609,24.0,2.271761431136641,2.3086792761230392
2023-10-04,5.33,0.0,5.1609,25.0,2.271761431136641,2.3086792761230392
2023-10-05,5.33,0.0,5.1609,26.0,2.271761431136641,2.3086792761230392
2023-10-06,5.33,0.0,5.1609,27.0,2.271761431136641,2.3086792761230392
2023-10-09,5.33,3.0,5.1854,2.0,2.277147338228249,2.3086792761230392
2023-10-10,5.33,0.0,5.1854,3.0,2.277147338228249,2.3086792761230392
2023-10-11,5.33,0.0,5.1854,4.0,2.277147338228249,2.3086792761230392
2023-10-12,5.33,0.0,5.1854,5.0,2.277147338228249,2.3086792761230392
2023-10-13,5.33,0.0,5.1854,6.0,2.277147338228249,2.3086792761230392
2023-10-16,5.33,0.0,5.1854,9.0,2.277147338228249,2.3086792761230392
2023-10-17,5.33,0.0,5.1854,10.0,2.277147338228249,2.3086792761230392
2023-10-18,5.33,0.0,5.1854,11.0,2.277147338228249,2.3086792761230392
2023-10-19,5.33,0.0,5.1854,12.0,2.277147338228249,2.3086792761230392
2023-10-20,5.33,0.0,5.1854,13.0,2.277147338228249,2.3086792761230392
2023-10-23,5.33,0.0,5.1854,16.0,2.277147338228249,2.3086792761230392
2023-10-24,5.33,0.0,5.1854,17.0,2.277147338228249,2.3086792761230392
2023-10-25,5.33,0.0,5.1854,18.0,2.277147338228249,2.3086792761230392
2023-10-26,5.33,0.0,5.1854,19.0,2.277147338228249,2.3086792761230392
2023-10-27,5.33,0.0,5.1854,20.0,2.277147338228249,2.3086792761230392
2023-10-30,5.33,0.0,5.1854,23.0,2.277147338228249,2.3086792761230392
2023-10-31,5.33,0.0,5.1854,24.0,2.277147338228249,2.3086792761230392
2023-11-01,5.33,0.0,5.1854,25.0,2.277147338228249,2.3086792761230392
2023-11-02,5.33,0.0,5.1854,26.0,2.277147338228249,2.3086792761230392
2023-11-03,5.33,0.0,5.1854,27.0,2.277147338228249,2.3086792761230392
2023-11-06,5.33,0.0,5.1854,30.0,2.277147338228249,2.3086792761230392
2023-11-07,5.33,0.0,5.1854,31.0,2.277147338228249,2.3086792761230392
2023-11-08,5.33,0.0,5.1854,32.0,2.277147338228249,2.3086792761230392
2023-11-09,5.33,0.0,5.1854,33.0,2.277147338228249,2.3086792761230392
2023-11-10,5.33,1.0,5.1871,0.0,2.2775205816852675,2.3086792761230392
2023-11-13,5.33,0.0,5.1871,3.0,2.2775205816852675,2.3086792761230392
2023-11-14,5.33,0.0,5.1871,4.0,2.2775205816852675,2.3086792761230392
2023-11-15,5.33,0.0,5.1871,5.0,2.2775205816852675,2.3086792761230392
2023-11-16,5.33,0.0,5.1871,6.0,2.2775205816852675,2.3086792761230392
2023-11-17,5.33,0.0,5.1871,7.0,2.2775205816852675,2.3086792761230392
2023-11-20,5.33,0.0,5.1871,10.0,2.2775205816852675,2.3086792761230392
2023-11-21,5.33,0.0,5.1871,11.0,2.2775205816852675,2.3086792761230392
2023-11-22,5.33,0.0,5.1871,12.0,2.2775205816852675,2.3086792761230392
2023-11-23,5.33,1.0,5.1871,13.0,2.2775205816852675,2.3086792761230392
2023-11-24,5.33,0.0,5.1871,14.0,2.2775205816852675,2.3086792761230392
2023-11-27,5.33,0.0,5.1871,17.0,2.2775205816852675,2.3086792761230392
2023-11-28,5.33,0.0,5.1871,18.0,2.2775205816852675,2.3086792761230392
2023-11-29,5.33,0.0,5.1871,19.0,2.2775205816852675,2.3086792761230392
2023-11-30,5.33,0.0,5.1871,20.0,2.2775205816852675,2.3086792761230392
2023-12-01,5.33,0.0,5.1871,21.0,2.2775205816852675,2.3086792761230392
2023-12-04,5.33,0.0,5.1871,24.0,2.2775205816852675,2.3086792761230392
2023-12-05,5.33,0.0,5.1871,25.0,2.2775205816852675,2.3086792761230392
2023-12-06,5.33,0.0,5.1871,26.0,2.2775205816852675,2.3086792761230392
2023-12-07,5.33,0.0,5.1871,27.0,2.2775205816852675,2.3086792761230392
2023-12-08,5.33,0.0,5.1871,28.0,2.2775205816852675,2.3086792761230392
2023-12-11,5.33,0.0,5.1875,2.0,2.277608394786075,2.3086792761230392
2023-12-12,5.33,0.0,5.1875,3.0,2.277608394786075,2.3086792761230392
2023-12-13,5.33,0.0,5.1875,4.0,2.277608394786075,2.3086792761230392
2023-12-14,5.33,0.0,5.1875,5.0,2.277608394786075,2.3086792761230392
2023-12-15,5.33,0.0,5.1875,6.0,2.277608394786075,2.3086792761230392
2023-12-18,5.33,0.0,5.1875,9.0,2.277608394786075,2.3086792761230392
2023-12-19,5.33,0.0,5.1875,10.0,2.277608394786075,2.3086792761230392
2023-12-20,5.33,0.0,5.1875,11.0,2.277608394786075,2.3086792761230392
2023-12-21,5.33,0.0,5.1875,12.0,2.277608394786075,2.3086792761230392
2023-12-22,5.33,0.0,5.1875,13.0,2.277608394786075,2.3086792761230392
2023-12-25,5.33,3.0,5.1875,16.0,2.277608394786075,2.3086792761230392
2023-12-26,5.33,0.0,5.1875,17.0,2.277608394786075,2.3086792761230392
2023-12-27,5.33,0.0,5.1875,18.0,2.277608394786075,2.3086792761230392
2023-12-28,5.33,0.0,5.1875,19.0,2.277608394786075,2.3086792761230392
2023-12-29,5.33,0.0,5.1875,20.0,2.277608394786075,2.3086792761230392
2024-01-01,5.33,3.0,5.1875,23.0,2.277608394786075,2.3086792761230392
2024-01-02,5.33,0.0,5.1875,24.0,2.277608394786075,2.3086792761230392
2024-01-03,5.33,0.0,5.1875,25.0,2.277608394786075,2.3086792761230392
2024-01-04,5.33,0.0,5.1875,26.0,2.277608394786075,2.3086792761230392
2024-01-05,5.33,0.0,5.1875,27.0,2.277608394786075,2.3086792761230392
2024-01-08,5.33,0.0,5.1875,30.0,2.277608394786075,2.3086792761230392
2024-01-09,0.91,0.0,5.1854,0.0,2.277147338228249,0.9539392014169457
2024-01-10,5.33,0.0,5.1854,1.0,2.277147338228249,2.3086792761230392
2024-01-11,5.33,0.0,5.19,0.0,2.2781571499789037,2.3086792761230392
2024-01-12,5.33,0.0,5.19,1.0,2.2781571499789037,2.3086792761230392
2024-01-15,5.33,3.0,5.19,4.0,2.2781571499789037,2.3086792761230392
2024-01-16,5.33,0.0,5.19,5.0,2.2781571499789037,2.3086792761230392
2024-01-17,5.33,0.0,5.19,6.0,2.2781571499789037,2.3086792761230392
2024-01-18,5.33,0.0,5.19,7.0,2.2781571499789037,2.3086792761230392
2024-01-19,5.33,0.0,5.19,8.0,2.2781571499789037,2.3086792761230392
2024-01-22,5.33,0.0,5.19,11.0,2.2781571499789037,2.3086792761230392
2024-01-23,5.33,0.0,5.19,12.0,2.2781571499789037,2.3086792761230392
2024-01-24,5.33,0.0,5.19,13.0,2.2781571499789037,2.3086792761230392
2024-01-25,5.33,0.0,5.19,14.0,2.2781571499789037,2.3086792761230392
2024-01-26,5.33,0.0,5.19,15.0,2.2781571499789037,2.3086792761230392
2024-01-29,5.33,0.0,5.19,18.0,2.2781571499789037,2.3086792761230392
2024-01-30,5.33,0.0,5.19,19.0,2.2781571499789037,2.3086792761230392
2024-01-31,5.33,0.0,5.19,20.0,2.2781571499789037,2.3086792761230392
2024-02-01,5.33,0.0,5.19,21.0,2.2781571499789037,2.3086792761230392
2024-02-02,5.33,0.0,5.19,22.0,2.2781571499789037,2.3086792761230392
2024-02-05,5.33,0.0,5.19,25.0,2.2781571499789037,2.3086792761230392
2024-02-06,5.33,0.0,5.19,26.0,2.2781571499789037,2.3086792761230392
2024-02-07,5.33,0.0,5.19,27.0,2.2781571499789037,2.3086792761230392
2024-02-08,5.33,0.0,5.19,28.0,2.2781571499789037,2.3086792761230392
2024-02-09,5.33,0.0,5.19,29.0,2.2781571499789037,2.3086792761230392
2024-02-12,5.33,0.0,5.19,32.0,2.2781571499789037,2.3086792761230392
2024-02-13,5.33,0.0,5.19,33.0,2.2781571499789037,2.3086792761230392
2024-02-14,5.33,0.0,5.19,34.0,2.2781571499789037,2.3086792761230392
2024-02-15,5.33,0.0,5.19,35.0,2.2781571499789037,2.3086792761230392
2024-02-16,5.33,0.0,5.19,36.0,2.2781571499789037,2.3086792761230392
2024-02-19,5.33,3.0,5.19,39.0,2.2781571499789037,2.3086792761230392
2024-02-20,5.33,0.0,5.19,40.0,2.2781571499789037,2.3086792761230392
2024-02-21,5.33,0.0,5.19,41.0,2.2781571499789037,2.3086792761230392
2024-02-22,5.33,0.0,5.19,42.0,2.2781571499789037,2.3086792761230392
2024-02-23,5.33,0.0,5.19,43.0,2.2781571499789037,2.3086792761230392
2024-02-26,5.33,0.0,5.19,46.0,2.2781571499789037,2.3086792761230392
2024-02-27,5.33,0.0,5.19,47.0,2.2781571499789037,2.3086792761230392
2024-02-28,5.33,0.0,5.19,48.0,2.2781571499789037,2.3086792761230392
2024-02-29,5.33,0.0,5.19,49.0,2.2781571499789037,2.3086792761230392
2024-03-01,5.33,0.0,5.19,50.0,2.2781571499789037,2.3086792761230392
2024-03-04,5.33,0.0,5.19,53.0,2.2781571499789037,2.3086792761230392
2024-03-05,5.33,0.0,5.19,54.0,2.2781571499789037,2.3086792761230392
2024-03-06,5.33,0.0,5.19,55.0,2.2781571499789037,2.3086792761230392
2024-03-07,5.33,0.0,5.19,56.0,2.2781571499789037,2.3086792761230392
2024-03-08,5.33,0.0,5.19,57.0,2.2781571499789037,2.3086792761230392
2024-03-11,5.33,0.0,5.19,60.0,2.2781571499789037,2.3086792761230392
2024-03-12,5.33,0.0,5.19,61.0,2.2781571499789037,2.3086792761230392
2024-03-13,5.33,0.0,5.19,62.0,2.2781571499789037,2.3086792761230392
2024-03-14,5.33,0.0,5.19,63.0,2.2781571499789037,2.3086792761230392
2024-03-15,5.33,0.0,5.19,64.0,2.2781571499789037,2.3086792761230392
2024-03-18,5.33,0.0,5.19,67.0,2.2781571499789037,2.3086792761230392
2024-03-19,5.33,0.0,5.19,68.0,2.2781571499789037,2.3086792761230392
2024-03-20,5.33,0.0,5.19,69.0,2.2781571499789037,2.3086792761230392
2024-03-21,5.33,0.0,5.19,70.0,2.2781571499789037,2.3086792761230392
2024-03-22,5.33,0.0,5.19,71.0,2.2781571499789037,2.3086792761230392
2024-03-25,5.33,0.0,5.19,74.0,2.2781571499789037,2.3086792761230392
2024-03-26,5.33,0.0,5.19,75.0,2.2781571499789037,2.3086792761230392
2024-03-27,5.33,0.0,5.19,76.0,2.2781571499789037,2.3086792761230392
2024-03-28,5.33,0.0,5.19,77.0,2.2781571499789037,2.3086792761230392
2024-03-29,5.33,0.0,5.19,78.0,2.2781571499789037,2.3086792761230392
2024-04-01,5.33,0.0,5.19,81.0,2.2781571499789037,2.3086792761230392
2024-04-02,5.33,0.0,5.19,82.0,2.2781571499789037,2.3086792761230392
2024-04-03,5.33,0.0,5.19,83.0,2.2781571499789037,2.3086792761230392
2024-04-04,5.33,0.0,5.19,84.0,2.2781571499789037,2.3086792761230392
2024-04-05,5.33,0.0,5.19,85.0,2.2781571499789037,2.3086792761230392
2024-04-08,5.33,0.0,5.19,88.0,2.2781571499789037,2.3086792761230392
2024-04-09,5.33,0.0,5.19,89.0,2.2781571499789037,2.3086792761230392
2024-04-10,5.33,0.0,5.187,0.0,2.2774986278810356,2.3086792761230392
2024-04-11,5.33,0.0,5.187,1.0,2.2774986278810356,2.3086792761230392
2024-04-12,5.33,0.0,5.187,2.0,2.2774986278810356,2.3086792761230392
2024-04-15,5.33,0.0,5.187,5.0,2.2774986278810356,2.3086792761230392
2024-04-16,5.33,0.0,5.187,6.0,2.2774986278810356,2.3086792761230392
2024-04-17,5.33,0.0,5.187,7.0,2.2774986278810356,2.3086792761230392
2024-04-18,5.33,0.0,5.187,8.0,2.2774986278810356,2.3086792761230392
2024-04-19,5.33,0.0,5.187,9.0,2.2774986278810356,2.3086792761230392
2024-04-22,5.33,0.0,5.187,12.0,2.2774986278810356,2.3086792761230392
2024-04-23,5.33,0.0,5.187,13.0,2.2774986278810356,2.3086792761230392
2024-04-24,5.33,0.0,5.187,14.0,2.2774986278810356,2.3086792761230392
2024-04-25,5.33,0.0,5.187,15.0,2.2774986278810356,2.3086792761230392
2024-04-26,5.33,0.0,5.187,16.0,2.2774986278810356,2.3086792761230392
2024-04-29,5.33,0.0,5.187,19.0,2.2774986278810356,2.3086792761230392
2024-04-30,5.33,0.0,5.187,20.0,2.2774986278810356,2.3086792761230392
2024-05-01,5.33,0.0,5.187,21.0,2.2774986278810356,2.3086792761230392
2024-05-02,5.33,0.0,5.187,22.0,2.2774986278810356,2.3086792761230392
2024-05-03,5.33,0.0,5.187,23.0,2.2774986278810356,2.3086792761230392
2024-05-06,5.33,0.0,5.187,26.0,2.2774986278810356,2.3086792761230392
2024-05-07,5.33,0.0,5.187,27.0,2.2774986278810356,2.3086792761230392
2024-05-08,5.33,0.0,5.187,28.0,2.2774986278810356,2.3086792761230392
2024-05-09,5.33,0.0,5.187,29.0,2.2774986278810356,2.3086792761230392
2024-05-10,5.33,0.0,5.187,30.0,2.2774986278810356,2.3086792761230392
2024-05-13,5.33,0.0,5.187,33.0,2.2774986278810356,2.3086792761230392
2024-05-14,5.33,0.0,5.187,34.0,2.2774986278810356,2.3086792761230392
2024-05-15,5.33,0.0,5.1979,0.0,2.2798903482404587,2.3086792761230392
2024-05-16,5.33,0.0,5.1979,1.0,2.2798903482404587,2.3086792761230392
2024-05-17,5.33,0.0,5.1979,2.0,2.2798903482404587,2.3086792761230392
2024-05-20,5.33,0.0,5.1979,5.0,2.2798903482404587,2.3086792761230392
2024-05-21,5.33,0.0,5.1979,6.0,2.2798903482404587,2.3086792761230392
2024-05-22,5.33,0.0,5.1979,7.0,2.2798903482404587,2.3086792761230392
2024-05-23,5.33,0.0,5.1979,8.0,2.2798903482404587,2.3086792761230392
2024-05-24,5.33,0.0,5.1979,9.0,2.2798903482404587,2.3086792761230392
2024-05-27,5.33,3.0,5.1979,12.0,2.2798903482404587,2.3086792761230392
2024-05-28,5.33,0.0,5.1979,13.0,2.2798903482404587,2.3086792761230392
2024-05-29,5.33,0.0,5.1979,14.0,2.2798903482404587,2.3086792761230392
2024-05-30,5.33,0.0,5.1979,15.0,2.2798903482404587,2.3086792761230392
2024-05-31,5.33,0.0,5.1979,16.0,2.2798903482404587,2.3086792761230392
2024-06-03,5.33,0.0,5.1979,19.0,2.2798903482404587,2.3086792761230392
2024-06-04,5.33,0.0,5.1979,20.0,2.2798903482404587,2.3086792761230392
2024-06-05,5.33,0.0,5.1979,21.0,2.2798903482404587,2.3086792761230392
2024-06-06,5.33,0.0,5.1979,22.0,2.2798903482404587,2.3086792761230392
2024-06-07,5.33,0.0,5.1979,23.0,2.2798903482404587,2.3086792761230392
2024-06-10,5.33,3.0,5.1979,26.0,2.2798903482404587,2.3086792761230392
2024-06-11,5.33,0.0,5.1979,27.0,2.2798903482404587,2.3086792761230392
2024-06-12,5.33,0.0,5.1979,28.0,2.2798903482404587,2.3086792761230392
2024-06-13,5.33,0.0,5.1979,29.0,2.2798903482404587,2.3086792761230392
2024-06-14,5.33,0.0,5.1979,30.0,2.2798903482404587,2.3086792761230392
2024-06-17,5.33,0.0,5.2,0.0,2.280350850198276,2.3086792761230392
2024-06-18,5.33,0.0,5.2,1.0,2.280350850198276,2.3086792761230392
2024-06-19,5.33,1.0,5.2,2.0,2.280350850198276,2.3086792761230392
2024-06-20,5.33,0.0,5.2,3.0,2.280350850198276,2.3086792761230392
2024-06-21,5.33,0.0,5.2,4.0,2.280350850198276,2.3086792761230392
2024-06-24,5.33,0.0,5.2,7.0,2.280350850198276,2.3086792761230392
2024-06-25,5.33,0.0,5.2,8.0,2.280350850198276,2.3086792761230392
2024-06-26,5.33,0.0,5.2,9.0,2.280350850198276,2.3086792761230392
2024-06-27,5.33,0.0,5.2,10.0,2.280350850198276,2.3086792761230392
2024-06-28,5.33,0.0,5.2,11.0,2.280350850198276,2.3086792761230392
2024-07-01,5.33,0.0,5.2,14.0,2.280350850198276,2.3086792761230392
2024-07-02,5.33,0.0,5.2,15.0,2.280350850198276,2.3086792761230392
2024-07-03,5.33,0.0,5.2,16.0,2.280350850198276,2.3086792761230392
2024-07-04,5.33,1.0,5.2,17.0,2.280350850198276,2.3086792761230392
2024-07-05,5.33,0.0,5.2,18.0,2.280350850198276,2.3086792761230392
2024-07-08,5.33,0.0,5.2,21.0,2.280350850198276,2.3086792761230392
2024-07-09,5.33,0.0,5.2,22.0,2.280350850198276,2.3086792761230392
2024-07-10,5.33,0.0,5.2,23.0,2.280350850198276,2.3086792761230392
2024-07-11,5.33,0.0,5.2,24.0,2.280350850198276,2.3086792761230392
2024-07-12,5.33,0.0,5.2,25.0,2.280350850198276,2.3086792761230392
2024-07-15,5.33,0.0,5.2,0.0,2.280350850198276,2.3086792761230392
2024-07-16,5.33,0.0,5.2,1.0,2.280350850198276,2.3086792761230392
2024-07-17,5.33,0.0,5.2,2.0,2.280350850198276,2.3086792761230392
2024-07-18,5.33,0.0,5.2,3.0,2.280350850198276,2.3086792761230392
2024-07-19,5.33,0.0,5.2,4.0,2.280350850198276,2.3086792761230392
2024-07-22,5.33,0.0,5.2,7.0,2.280350850198276,2.3086792761230392
2024-07-23,5.33,0.0,5.2,8.0,2.280350850198276,2.3086792761230392
2024-07-24,5.33,0.0,5.2,9.0,2.280350850198276,2.3086792761230392
2024-07-25,5.33,0.0,5.2,10.0,2.280350850198276,2.3086792761230392
2024-07-26,5.33,0.0,5.2,11.0,2.280350850198276,2.3086792761230392
2024-07-29,5.33,0.0,5.2,14.0,2.280350850198276,2.3086792761230392
2024-07-30,5.33,0.0,5.2,15.0,2.280350850198276,2.3086792761230392
2024-07-31,5.33,0.0,5.2,16.0,2.280350850198276,2.3086792761230392
2024-08-01,5.33,0.0,5.2,17.0,2.280350850198276,2.3086792761230392
2024-08-02,5.33,0.0,5.2,18.0,2.280350850198276,2.3086792761230392
2024-08-05,5.33,0.0,5.2,21.0,2.280350850198276,2.3086792761230392
2024-08-06,5.33,0.0,5.2,22.0,2.280350850198276,2.3086792761230392
2024-08-07,5.33,0.0,5.2,23.0,2.280350850198276,2.3086792761230392
2024-08-08,5.33,0.0,5.2,24.0,2.280350850198276,2.3086792761230392
2024-08-09,5.33,0.0,5.2,25.0,2.280350850198276,2.3086792761230392
2024-08-12,5.33,0.0,5.2,28.0,2.280350850198276,2.3086792761230392
2024-08-13,5.33,0.0,5.2,29.0,2.280350850198276,2.3086792761230392
2024-08-14,5.33,0.0,5.2,30.0,2.280350850198276,2.3086792761230392
2024-08-15,5.33,0.0,5.2,31.0,2.280350850198276,2.3086792761230392
2024-08-16,5.33,0.0,5.2,32.0,2.280350850198276,2.3086792761230392
2024-08-19,5.33,0.0,5.2,35.0,2.280350850198276,2.3086792761230392
2024-08-20,5.33,0.0,5.2,36.0,2.280350850198276,2.3086792761230392
2024-08-21,5.33,0.0,5.2,37.0,2.280350850198276,2.3086792761230392
2024-08-22,5.33,0.0,5.2,38.0,2.280350850198276,2.3086792761230392
2024-08-23,5.33,0.0,5.2,39.0,2.280350850198276,2.3086792761230392
2024-08-26,5.33,0.0,5.2,42.0,2.280350850198276,2.3086792761230392
2024-08-27,5.33,0.0,5.2,43.0,2.280350850198276,2.3086792761230392
2024-08-28,5.33,0.0,5.2,44.0,2.280350850198276,2.3086792761230392
2024-08-29,5.33,0.0,5.2,45.0,2.280350850198276,2.3086792761230392
2024-08-30,5.33,0.0,5.2,46.0,2.280350850198276,2.3086792761230392
2024-09-02,5.33,3.0,5.2,49.0,2.280350850198276,2.3086792761230392
2024-09-03,5.33,0.0,5.2,50.0,2.280350850198276,2.3086792761230392
2024-09-04,5.33,0.0,5.2,51.0,2.280350850198276,2.3086792761230392
2024-09-05,5.33,0.0,5.2,52.0,2.280350850198276,2.3086792761230392
2024-09-06,5.33,0.0,5.2,53.0,2.280350850198276,2.3086792761230392
2024-09-09,5.33,0.0,5.2,56.0,2.280350850198276,2.3086792761230392
2024-09-10,5.33,0.0,5.2,57.0,2.280350850198276,2.3086792761230392
2024-09-11,5.33,0.0,5.2,58.0,2.280350850198276,2.3086792761230392
2024-09-12,5.33,0.0,5.2,59.0,2.280350850198276,2.3086792761230392
2024-09-13,5.33,0.0,5.2,60.0,2.280350850198276,2.3086792761230392
2024-09-16,5.33,0.0,4.95,0.0,2.224859546128699,2.3086792761230392
2024-09-17,5.33,0.0,4.95,1.0,2.224859546128699,2.3086792761230392
2024-09-18,5.33,0.0,4.95,2.0,2.224859546128699,2.3086792761230392
2024-09-19,5.33,0.0,4.95,3.0,2.224859546128699,2.3086792761230392
2024-09-20,4.83,0.0,4.95,4.0,2.224859546128699,2.1977260975835913
2024-09-23,4.83,0.0,4.95,7.0,2.224859546128699,2.1977260975835913
2024-09-24,4.83,0.0,4.95,8.0,2.224859546128699,2.1977260975835913
2024-09-25,4.83,0.0,4.95,9.0,2.224859546128699,2.1977260975835913
2024-09-26,4.83,0.0,4.95,10.0,2.224859546128699,2.1977260975835913
2024-09-27,4.83,0.0,4.95,11.0,2.224859546128699,2.1977260975835913
2024-09-30,4.83,0.0,4.95,14.0,2.224859546128699,2.1977260975835913
2024-10-01,4.83,0.0,4.95,15.0,2.224859546128699,2.1977260975835913
2024-10-02,4.83,0.0,4.95,16.0,2.224859546128699,2.1977260975835913
2024-10-03,4.83,0.0,4.95,17.0,2.224859546128699,2.1977260975835913
2024-10-04,4.83,0.0,4.95,18.0,2.224859546128699,2.1977260975835913
2024-10-07,4.83,0.0,4.95,21.0,2.224859546128699,2.1977260975835913
2024-10-08,4.83,0.0,4.95,22.0,2.224859546128699,2.1977260975835913
2024-10-09,4.83,0.0,4.95,23.0,2.224859546128699,2.1977260975835913
2024-10-10,4.83,0.0,4.95,24.0,2.224859546128699,2.1977260975835913
2024-10-11,4.83,0.0,4.95,25.0,2.224859546128699,2.1977260975835913
2024-10-14,4.83,3.0,4.95,28.0,2.224859546128699,2.1977260975835913
2024-10-15,4.83,0.0,4.95,0.0,2.224859546128699,2.1977260975835913
2024-10-16,4.83,0.0,4.95,1.0,2.224859546128699,2.1977260975835913
2024-10-17,4.83,0.0,4.95,2.0,2.224859546128699,2.1977260975835913
2024-10-18,4.83,0.0,4.95,3.0,2.224859546128699,2.1977260975835913
2024-10-21,4.83,0.0,4.95,6.0,2.224859546128699,2.1977260975835913
2024-10-22,4.83,0.0,4.95,7.0,2.224859546128699,2.1977260975835913
2024-10-23,4.83,0.0,4.95,8.0,2.224859546128699,2.1977260975835913
2024-10-24,4.83,0.0,4.95,9.0,2.224859546128699,2.1977260975835913
2024-10-25,4.83,0.0,4.95,10.0,2.224859546128699,2.1977260975835913
2024-10-28,4.83,0.0,4.95,13.0,2.224859546128699,2.1977260975835913
2024-10-29,4.83,0.0,4.95,14.0,2.224859546128699,2.1977260975835913
2024-10-30,4.83,0.0,4.95,15.0,2.224859546128699,2.1977260975835913
2024-10-31,4.83,0.0,4.95,16.0,2.224859546128699,2.1977260975835913
2024-11-01,4.83,0.0,4.95,17.0,2.224859546128699,2.1977260975835913
2024-11-04,4.83,0.0,4.95,20.0,2.224859546128699,2.1977260975835913
2024-11-05,4.83,0.0,4.95,21.0,2.224859546128699,2.1977260975835913
2024-11-06,4.83,0.0,4.95,22.0,2.224859546128699,2.1977260975835913
2024-11-07,4.83,0.0,4.95,23.0,2.224859546128699,2.1977260975835913
2024-11-08,4.83,0.0,4.95,24.0,2.224859546128699,2.1977260975835913
2024-11-11,4.83,3.0,4.95,27.0,2.224859546128699,2.1977260975835913
2024-11-12,4.58,0.0,4.95,28.0,2.224859546128699,2.1400934559032696
2024-11-13,4.58,0.0,4.95,29.0,2.224859546128699,2.1400934559032696
2024-11-14,4.58,0.0,4.95,30.0,2.224859546128699,2.1400934559032696
2024-11-15,4.58,0.0,4.95,0.0,2.224859546128699,2.1400934559032696
2024-11-18,4.58,0.0,4.95,3.0,2.224859546128699,2.1400934559032696
2024-11-19,4.58,0.0,4.95,4.0,2.224859546128699,2.1400934559032696
2024-11-20,4.58,0.0,4.95,5.0,2.224859546128699,2.1400934559032696
2024-11-21,4.58,0.0,4.95,6.0,2.224859546128699,2.1400934559032696
2024-11-22,4.58,0.0,4.95,7.0,2.224859546128699,2.1400934559032696
2024-11-25,4.58,0.0,4.95,10.0,2.224859546128699,2.1400934559032696
2024-11-26,4.58,0.0,4.95,11.0,2.224859546128699,2.1400934559032696
2024-11-27,4.58,0.0,4.95,12.0,2.224859546128699,2.1400934559032696
2024-11-28,4.58,1.0,4.95,13.0,2.224859546128699,2.1400934559032696
2024-11-29,4.58,0.0,4.95,14.0,2.224859546128699,2.1400934559032696
2024-12-02,4.58,0.0,4.95,17.0,2.224859546128699,2.1400934559032696
2024-12-03,4.58,0.0,4.95,18.0,2.224859546128699,2.1400934559032696
2024-12-04,4.58,0.0,4.95,19.0,2.224859546128699,2.1400934559032696
2024-12-05,4.58,0.0,4.95,20.0,2.224859546128699,2.1400934559032696
2024-12-06,4.58,0.0,4.95,21.0,2.224859546128699,2.1400934559032696
2024-12-09,4.58,0.0,4.95,24.0,2.224859546128699,2.1400934559032696
2024-12-10,4.58,0.0,4.95,25.0,2.224859546128699,2.1400934559032696
2024-12-11,4.58,0.0,4.95,26.0,2.224859546128699,2.1400934559032696
2024-12-12,4.58,0.0,4.95,27.0,2.224859546128699,2.1400934559032696
2024-12-13,4.58,0.0,4.95,28.0,2.224859546128699,2.1400934559032696
2024-12-16,4.58,0.0,4.7476,0.0,2.1788988044422806,2.1400934559032696
2024-12-17,4.58,0.0,4.7476,1.0,2.1788988044422806,2.1400934559032696
2024-12-18,4.58,0.0,4.7476,2.0,2.1788988044422806,2.1400934559032696
2024-12-19,4.58,0.0,4.7476,3.0,2.1788988044422806,2.1400934559032696
2024-12-20,4.33,0.0,4.7476,4.0,2.1788988044422806,2.080865204668481
2024-12-23,4.33,0.0,4.7476,7.0,2.1788988044422806,2.080865204668481
2024-12-24,4.33,1.0,4.7476,8.0,2.1788988044422806,2.080865204668481
2024-12-25,4.33,2.0,4.7476,9.0,2.1788988044422806,2.080865204668481
2024-12-26,4.33,0.0,4.7476,10.0,2.1788988044422806,2.080865204668481
2024-12-27,4.33,0.0,4.7476,11.0,2.1788988044422806,2.080865204668481
2024-12-30,4.33,0.0,4.7476,14.0,2.1788988044422806,2.080865204668481
2024-12-31,4.33,0.0,4.7476,15.0,2.1788988044422806,2.080865204668481
2025-01-01,4.33,1.0,4.7476,16.0,2.1788988044422806,2.080865204668481
2025-01-02,4.33,0.0,4.7476,17.0,2.1788988044422806,2.080865204668481
2025-01-03,4.33,0.0,4.7476,18.0,2.1788988044422806,2.080865204668481
2025-01-06,4.33,0.0,4.7476,21.0,2.1788988044422806,2.080865204668481
2025-01-07,4.33,0.0,4.7476,22.0,2.1788988044422806,2.080865204668481
2025-01-08,4.33,0.0,4.7476,23.0,2.1788988044422806,2.080865204668481
2025-01-09,4.33,1.0,4.7476,24.0,2.1788988044422806,2.080865204668481
2025-01-10,4.33,0.0,4.7476,25.0,2.1788988044422806,2.080865204668481
2025-01-13,4.33,0.0,4.7476,28.0,2.1788988044422806,2.080865204668481
2025-01-14,4.33,0.0,4.7476,29.0,2.1788988044422806,2.080865204668481
2025-01-15,4.33,0.0,4.7,0.0,2.16794833886788,2.080865204668481
2025-01-16,4.33,0.0,4.7,1.0,2.16794833886788,2.080865204668481
2025-01-17,4.33,0.0,4.7,2.0,2.16794833886788,2.080865204668481
2025-01-20,4.33,3.0,4.7,5.0,2.16794833886788,2.080865204668481
2025-01-21,4.33,0.0,4.7,6.0,2.16794833886788,2.080865204668481
2025-01-22,4.33,0.0,4.7,7.0,2.16794833886788,2.080865204668481
2025-01-23,4.33,0.0,4.7,8.0,2.16794833886788,2.080865204668481
2025-01-24,4.33,0.0,4.7,9.0,2.16794833886788,2.080865204668481
2025-01-27,4.33,0.0,4.7,12.0,2.16794833886788,2.080865204668481
2025-01-28,4.33,0.0,4.7,13.0,2.16794833886788,2.080865204668481
2025-01-29,4.33,0.0,4.7,14.0,2.16794833886788,2.080865204668481
2025-01-30,4.33,0.0,4.7,15.0,2.16794833886788,2.080865204668481
2025-01-31,4.33,0.0,4.7,16.0,2.16794833886788,2.080865204668481
2025-02-03,4.33,0.0,4.7,19.0,2.16794833886788,2.080865204668481
2025-02-04,4.33,0.0,4.7,20.0,2.16794833886788,2.080865204668481
2025-02-05,4.33,0.0,4.7,21.0,2.16794833886788,2.080865204668481
2025-02-06,4.33,0.0,4.7,22.0,2.16794833886788,2.080865204668481
2025-02-07,4.33,0.0,4.7,23.0,2.16794833886788,2.080865204668481
2025-02-10,4.33,0.0,4.7,26.0,2.16794833886788,2.080865204668481
2025-02-11,4.33,0.0,4.7,27.0,2.16794833886788,2.080865204668481
2025-02-12,4.33,0.0,4.7,28.0,2.16794833886788,2.080865204668481
2025-02-13,4.33,0.0,4.7,29.0,2.16794833886788,2.080865204668481
2025-02-14,4.33,0.0,4.7,30.0,2.16794833886788,2.080865204668481
2025-02-17,4.33,3.0,4.7,0.0,2.16794833886788,2.080865204668481
2025-02-18,4.33,0.0,4.7,1.0,2.16794833886788,2.080865204668481
2025-02-19,4.33,0.0,4.7,2.0,2.16794833886788,2.080865204668481
2025-02-20,4.33,0.0,4.7,3.0,2.16794833886788,2.080865204668481
2025-02-21,4.33,0.0,4.7,4.0,2.16794833886788,2.080865204668481
2025-02-24,4.33,0.0,4.7,7.0,2.16794833886788,2.080865204668481
2025-02-25,4.33,0.0,4.7,8.0,2.16794833886788,2.080865204668481
2025-02-26,4.33,0.0,4.7,9.0,2.16794833886788,2.080865204668481
2025-02-27,4.33,0.0,4.7,10.0,2.16794833886788,2.080865204668481
2025-02-28,4.33,0.0,4.7,11.0,2.16794833886788,2.080865204668481
2025-03-03,4.33,0.0,4.7,14.0,2.16794833886788,2.080865204668481
2025-03-04,4.33,0.0,4.7,15.0,2.16794833886788,2.080865204668481
2025-03-05,4.33,0.0,4.7,16.0,2.16794833886788,2.080865204668481
2025-03-06,4.33,0.0,4.7,17.0,2.16794833886788,2.080865204668481
2025-03-07,4.33,0.0,4.7,18.0,2.16794833886788,2.080865204668481
2025-03-10,4.33,0.0,4.7,21.0,2.16794833886788,2.080865204668481
2025-03-11,4.33,0.0,4.7,22.0,2.16794833886788,2.080865204668481
2025-03-12,4.33,0.0,4.7,23.0,2.16794833886788,2.080865204668481
2025-03-13,4.33,0.0,4.7,24.0,2.16794833886788,2.080865204668481
2025-03-14,4.33,0.0,4.7,25.0,2.16794833886788,2.080865204668481
2025-03-17,4.33,0.0,4.4919,0.0,2.1194102953416074,2.080865204668481
2025-03-18,4.33,0.0,4.4919,1.0,2.1194102953416074,2.080865204668481
2025-03-19,4.33,0.0,4.4919,2.0,2.1194102953416074,2.080865204668481
2025-03-20,4.33,0.0,4.4919,3.0,2.1194102953416074,2.080865204668481
2025-03-21,4.33,0.0,4.4919,4.0,2.1194102953416074,2.080865204668481
2025-03-24,4.33,0.0,4.4919,7.0,2.1194102953416074,2.080865204668481
2025-03-25,4.33,0.0,4.4919,8.0,2.1194102953416074,2.080865204668481
2025-03-26,4.33,0.0,4.4919,9.0,2.1194102953416074,2.080865204668481
2025-03-27,4.33,0.0,4.4919,10.0,2.1194102953416074,2.080865204668481
2025-03-28,4.33,0.0,4.4919,11.0,2.1194102953416074,2.080865204668481
2025-03-31,4.33,0.0,4.4919,14.0,2.1194102953416074,2.080865204668481
2025-04-01,4.33,0.0,4.4919,15.0,2.1194102953416074,2.080865204668481
2025-04-02,4.33,0.0,4.4919,16.0,2.1194102953416074,2.080865204668481
2025-04-03,4.33,0.0,4.4919,17.0,2.1194102953416074,2.080865204668481
2025-04-04,4.33,0.0,4.4919,18.0,2.1194102953416074,2.080865204668481
2025-04-07,4.33,0.0,4.4919,21.0,2.1194102953416074,2.080865204668481
2025-04-08,4.33,0.0,4.4919,22.0,2.1194102953416074,2.080865204668481
2025-04-09,4.33,0.0,4.4919,23.0,2.1194102953416074,2.080865204668481
2025-04-10,4.33,0.0,4.4919,24.0,2.1194102953416074,2.080865204668481
2025-04-11,4.33,0.0,4.4919,25.0,2.1194102953416074,2.080865204668481
2025-04-14,4.33,0.0,4.4919,28.0,2.1194102953416074,2.080865204668481
2025-04-15,4.33,0.0,4.4555,0.0,2.1108055334397813,2.080865204668481
2025-04-16,4.33,0.0,4.4555,1.0,2.1108055334397813,2.080865204668481
2025-04-17,4.33,0.0,4.4555,2.0,2.1108055334397813,2.080865204668481
2025-04-18,4.33,0.0,4.4555,3.0,2.1108055334397813,2.080865204668481
2025-04-21,4.33,0.0,4.4555,6.0,2.1108055334397813,2.080865204668481
2025-04-22,4.33,0.0,4.4555,7.0,2.1108055334397813,2.080865204668481
2025-04-23,4.33,0.0,4.4555,8.0,2.1108055334397813,2.080865204668481
2025-04-24,4.33,0.0,4.4555,9.0,2.1108055334397813,2.080865204668481
2025-04-25,4.33,0.0,4.4555,10.0,2.1108055334397813,2.080865204668481
2025-04-28,4.33,0.0,4.4555,13.0,2.1108055334397813,2.080865204668481
2025-04-29,4.33,0.0,4.4555,14.0,2.1108055334397813,2.080865204668481
2025-04-30,4.33,0.0,4.4555,15.0,2.1108055334397813,2.080865204668481
2025-05-01,4.33,0.0,4.4555,16.0,2.1108055334397813,2.080865204668481
2025-05-02,4.33,0.0,4.4555,17.0,2.1108055334397813,2.080865204668481
2025-05-05,4.33,0.0,4.4555,20.0,2.1108055334397813,2.080865204668481
2025-05-06,4.33,0.0,4.4555,21.0,2.1108055334397813,2.080865204668481
2025-05-07,4.33,0.0,4.4555,22.0,2.1108055334397813,2.080865204668481
2025-05-08,4.33,0.0,4.4555,23.0,2.1108055334397813,2.080865204668481
2025-05-09,4.33,0.0,4.4555,24.0,2.1108055334397813,2.080865204668481
2025-05-12,4.33,0.0,4.4555,27.0,2.1108055334397813,2.080865204668481
2025-05-13,4.33,0.0,4.4555,28.0,2.1108055334397813,2.080865204668481
2025-05-14,4.33,0.0,4.4555,29.0,2.1108055334397813,2.080865204668481
2025-05-15,4.33,0.0,4.4577,0.0,2.111326597189549,2.080865204668481
2025-05-16,4.33,0.0,4.4577,1.0,2.111326597189549,2.080865204668481
2025-05-19,4.33,0.0,4.4577,4.0,2.111326597189549,2.080865204668481
2025-05-20,4.33,0.0,4.4577,5.0,2.111326597189549,2.080865204668481
2025-05-21,4.33,0.0,4.4577,6.0,2.111326597189549,2.080865204668481
2025-05-22,4.33,0.0,4.4577,7.0,2.111326597189549,2.080865204668481
2025-05-23,4.33,0.0,4.4577,8.0,2.111326597189549,2.080865204668481
2025-05-26,4.33,3.0,4.4577,11.0,2.111326597189549,2.080865204668481
2025-05-27,4.33,0.0,4.4577,12.0,2.111326597189549,2.080865204668481
2025-05-28,4.33,0.0,4.4577,13.0,2.111326597189549,2.080865204668481
2025-05-29,4.33,0.0,4.4577,14.0,2.111326597189549,2.080865204668481
2025-05-30,4.33,0.0,4.4577,15.0,2.111326597189549,2.080865204668481
2025-06-02,4.33,0.0,4.4577,18.0,2.111326597189549,2.080865204668481
2025-06-03,4.33,0.0,4.4577,19.0,2.111326597189549,2.080865204668481
2025-06-04,4.33,0.0,4.4577,20.0,2.111326597189549,2.080865204668481
2025-06-05,4.33,0.0,4.4577,21.0,2.111326597189549,2.080865204668481
2025-06-06,4.33,0.0,4.4577,22.0,2.111326597189549,2.080865204668481
2025-06-09,4.33,0.0,4.4577,25.0,2.111326597189549,2.080865204668481
2025-06-10,4.33,0.0,4.4577,26.0,2.111326597189549,2.080865204668481
2025-06-11,4.33,0.0,4.4577,27.0,2.111326597189549,2.080865204668481
2025-06-12,4.33,0.0,4.4577,28.0,2.111326597189549,2.080865204668481
2025-06-13,4.33,0.0,4.4577,29.0,2.111326597189549,2.080865204668481
2025-06-16,4.33,0.0,4.2604,0.0,2.064073642097103,2.080865204668481
2025-06-17,4.33,0.0,4.2604,1.0,2.064073642097103,2.080865204668481
2025-06-18,4.33,0.0,4.2604,2.0,2.064073642097103,2.080865204668481
2025-06-19,4.33,1.0,4.2604,3.0,2.064073642097103,2.080865204668481
2025-06-20,4.33,0.0,4.2604,4.0,2.064073642097103,2.080865204668481
2025-06-23,4.33,0.0,4.2604,7.0,2.064073642097103,2.080865204668481
2025-06-24,4.33,0.0,4.2604,8.0,2.064073642097103,2.080865204668481
2025-06-25,4.33,0.0,4.2604,9.0,2.064073642097103,2.080865204668481
2025-06-26,4.33,0.0,4.2604,10.0,2.064073642097103,2.080865204668481
2025-06-27,4.33,0.0,4.2604,11.0,2.064073642097103,2.080865204668481
2025-06-30,4.33,0.0,4.2604,14.0,2.064073642097103,2.080865204668481
2025-07-01,4.33,0.0,4.2604,15.0,2.064073642097103,2.080865204668481
2025-07-02,4.33,0.0,4.2604,16.0,2.064073642097103,2.080865204668481
2025-07-03,4.33,0.0,4.2604,17.0,2.064073642097103,2.080865204668481
2025-07-04,4.33,1.0,4.2604,18.0,2.064073642097103,2.080865204668481
2025-07-07,4.33,0.0,4.2604,21.0,2.064073642097103,2.080865204668481
2025-07-08,4.33,0.0,4.2604,22.0,2.064073642097103,2.080865204668481
2025-07-09,4.33,0.0,4.2604,23.0,2.064073642097103,2.080865204668481
2025-07-10,4.33,0.0,4.2604,24.0,2.064073642097103,2.080865204668481
2025-07-11,4.33,0.0,4.2604,25.0,2.064073642097103,2.080865204668481
2025-07-14,4.33,0.0,4.2604,28.0,2.064073642097103,2.080865204668481
2025-07-15,4.33,0.0,4.2144,0.0,2.0529003872570146,2.080865204668481
2025-07-16,4.33,0.0,4.2144,1.0,2.0529003872570146,2.080865204668481
2025-07-17,4.33,0.0,4.2144,2.0,2.0529003872570146,2.080865204668481
2025-07-18,4.33,0.0,4.2144,3.0,2.0529003872570146,2.080865204668481
2025-07-21,4.33,0.0,4.2144,6.0,2.0529003872570146,2.080865204668481
2025-07-22,4.33,0.0,4.2144,7.0,2.0529003872570146,2.080865204668481
2025-07-23,4.33,0.0,4.2144,8.0,2.0529003872570146,2.080865204668481
2025-07-24,4.33,0.0,4.2144,9.0,2.0529003872570146,2.080865204668481
2025-07-25,4.33,0.0,4.2144,10.0,2.0529003872570146,2.080865204668481
2025-07-28,4.33,0.0,4.2144,13.0,2.0529003872570146,2.080865204668481
2025-07-29,4.33,0.0,4.2144,14.0,2.0529003872570146,2.080865204668481
2025-07-30,4.33,0.0,4.2144,15.0,2.0529003872570146,2.080865204668481
2025-07-31,4.33,0.0,4.2144,16.0,2.0529003872570146,2.080865204668481
2025-08-01,4.33,0.0,4.2144,17.0,2.0529003872570146,2.080865204668481
2025-08-04,4.33,0.0,4.2144,20.0,2.0529003872570146,2.080865204668481
2025-08-05,4.33,0.0,4.2144,21.0,2.0529003872570146,2.080865204668481
2025-08-06,4.33,0.0,4.2144,22.0,2.0529003872570146,2.080865204668481
2025-08-07,4.33,0.0,4.2144,23.0,2.0529003872570146,2.080865204668481
2025-08-08,4.33,0.0,4.2144,24.0,2.0529003872570146,2.080865204668481
2025-08-11,4.33,0.0,4.2144,27.0,2.0529003872570146,2.080865204668481
2025-08-12,4.33,0.0,4.2144,28.0,2.0529003872570146,2.080865204668481
2025-08-13,4.33,0.0,4.2144,29.0,2.0529003872570146,2.080865204668481
2025-08-14,4.33,0.0,4.2144,30.0,2.0529003872570146,2.080865204668481
2025-08-15,4.33,0.0,4.2172,0.0,2.0535822359964064,2.080865204668481
2025-08-18,4.33,0.0,4.2172,3.0,2.0535822359964064,2.080865204668481
2025-08-19,4.33,0.0,4.2172,4.0,2.0535822359964064,2.080865204668481
2025-08-20,4.33,0.0,4.2172,5.0,2.0535822359964064,2.080865204668481
2025-08-21,4.33,0.0,4.2172,6.0,2.0535822359964064,2.080865204668481
2025-08-22,4.33,0.0,4.2172,7.0,2.0535822359964064,2.080865204668481
2025-08-25,4.33,0.0,4.2172,10.0,2.0535822359964064,2.080865204668481
2025-08-26,4.33,0.0,4.2172,11.0,2.0535822359964064,2.080865204668481
2025-08-27,4.33,0.0,4.2172,12.0,2.0535822359964064,2.080865204668481
2025-08-28,4.33,0.0,4.2172,13.0,2.0535822359964064,2.080865204668481
2025-08-29,4.33,0.0,4.2172,14.0,2.0535822359964064,2.080865204668481
2025-09-01,4.33,3.0,4.2172,17.0,2.0535822359964064,2.080865204668481
2025-09-02,4.33,0.0,4.2172,18.0,2.0535822359964064,2.080865204668481
2025-09-03,4.33,0.0,4.2172,19.0,2.0535822359964064,2.080865204668481
2025-09-04,4.33,0.0,4.2172,20.0,2.0535822359964064,2.080865204668481
2025-09-05,4.33,0.0,4.2172,21.0,2.0535822359964064,2.080865204668481
2025-09-08,4.33,0.0,4.2172,24.0,2.0535822359964064,2.080865204668481
2025-09-09,4.33,0.0,4.2172,25.0,2.0535822359964064,2.080865204668481
2025-09-10,4.33,0.0,4.2172,26.0,2.0535822359964064,2.080865204668481
2025-09-11,4.33,0.0,4.2172,27.0,2.0535822359964064,2.080865204668481
2025-09-12,4.33,0.0,4.2172,28.0,2.0535822359964064,2.080865204668481
2025-09-15,4.33,0.0,4.0172,0.0,2.0042953874117457,2.080865204668481
2025-09-16,4.33,0.0,4.0172,1.0,2.0042953874117457,2.080865204668481
2025-09-17,4.33,0.0,4.0172,2.0,2.0042953874117457,2.080865204668481
2025-09-18,4.33,0.0,4.0172,3.0,2.0042953874117457,2.080865204668481
2025-09-19,4.08,0.0,4.0172,4.0,2.0042953874117457,2.0199009876724157
2025-09-22,4.08,0.0,4.0172,7.0,2.0042953874117457,2.0199009876724157
2025-09-23,4.09,0.0,4.0172,8.0,2.0042953874117457,2.0223748416156684
2025-09-24,4.09,0.0,4.0172,9.0,2.0042953874117457,2.0223748416156684
2025-09-25,4.09,0.0,4.0172,10.0,2.0042953874117457,2.0223748416156684
2025-09-26,4.09,0.0,4.0172,11.0,2.0042953874117457,2.0223748416156684
2025-09-29,4.09,0.0,4.0172,14.0,2.0042953874117457,2.0223748416156684
2025-09-30,4.09,0.0,4.0172,15.0,2.0042953874117457,2.0223748416156684
2025-10-01,4.09,0.0,4.0172,16.0,2.0042953874117457,2.0223748416156684
2025-10-02,4.09,0.0,4.0172,17.0,2.0042953874117457,2.0223748416156684
2025-10-03,4.09,0.0,4.0172,18.0,2.0042953874117457,2.0223748416156684
2025-10-06,4.09,0.0,4.0172,21.0,2.0042953874117457,2.0223748416156684
2025-10-07,4.09,0.0,4.0172,22.0,2.0042953874117457,2.0223748416156684
2025-10-08,4.09,0.0,4.0172,23.0,2.0042953874117457,2.0223748416156684
2025-10-09,4.1,0.0,4.0172,24.0,2.0042953874117457,2.0248456731316584
2025-10-10,4.1,0.0,4.0172,25.0,2.0042953874117457,2.0248456731316584
2025-10-13,4.1,3.0,4.0172,28.0,2.0042953874117457,2.0248456731316584
2025-10-14,4.1,0.0,4.0172,29.0,2.0042953874117457,2.0248456731316584
2025-10-15,4.1,0.0,3.9672,0.0,1.9917831207237398,2.0248456731316584
2025-10-16,4.1,0.0,3.9672,1.0,1.9917831207237398,2.0248456731316584
2025-10-17,4.11,0.0,3.9672,2.0,1.9917831207237398,2.0273134932713295
2025-10-20,4.11,0.0,3.9672,5.0,1.9917831207237398,2.0273134932713295
2025-10-21,4.11,0.0,3.9672,6.0,1.9917831207237398,2.0273134932713295
2025-10-22,4.11,0.0,3.9672,7.0,1.9917831207237398,2.0273134932713295
2025-10-23,4.11,0.0,3.9672,8.0,1.9917831207237398,2.0273134932713295
2025-10-24,4.11,0.0,3.9672,9.0,1.9917831207237398,2.0273134932713295
2025-10-27,4.11,0.0,3.9672,12.0,1.9917831207237398,2.0273134932713295
2025-10-28,4.11,0.0,3.9672,13.0,1.9917831207237398,2.0273134932713295
2025-10-29,4.12,0.0,3.9672,14.0,1.9917831207237398,2.029778313018444
2025-10-30,4.12,0.0,3.9672,15.0,1.9917831207237398,2.029778313018444
2025-10-31,3.87,0.0,3.9672,16.0,1.9917831207237398,1.9672315572906003
2025-11-03,3.86,0.0,3.9672,19.0,1.9917831207237398,1.96468827043885
2025-11-04,3.87,0.0,3.9672,20.0,1.9917831207237398,1.9672315572906003
2025-11-05,3.87,0.0,3.9672,21.0,1.9917831207237398,1.9672315572906003
2025-11-06,3.87,0.0,3.9672,22.0,1.9917831207237398,1.9672315572906003
2025-11-07,3.87,0.0,3.9672,23.0,1.9917831207237398,1.9672315572906003
2025-11-10,3.87,0.0,3.9672,26.0,1.9917831207237398,1.9672315572906003
2025-11-11,3.87,1.0,3.9672,27.0,1.9917831207237398,1.9672315572906003
2025-11-12,3.87,0.0,3.9672,28.0,1.9917831207237398,1.9672315572906003
2025-11-13,3.87,0.0,3.9672,29.0,1.9917831207237398,1.9672315572906003
2025-11-14,3.88,0.0,3.9672,30.0,1.9917831207237398,1.969771560359221
2025-11-17,3.88,0.0,0.422,0.0,0.6496152707564686,1.969771560359221
2025-11-18,3.88,0.0,0.422,1.0,0.6496152707564686,1.969771560359221
2025-11-19,3.88,0.0,0.422,2.0,0.6496152707564686,1.969771560359221
2025-11-20,3.88,0.0,0.422,3.0,0.6496152707564686,1.969771560359221
2025-11-21,3.88,0.0,0.422,4.0,0.6496152707564686,1.969771560359221
2025-11-24,3.88,0.0,0.422,7.0,0.6496152707564686,1.969771560359221
2025-11-25,3.88,0.0,0.422,8.0,0.6496152707564686,1.969771560359221
2025-11-26,3.88,0.0,0.422,9.0,0.6496152707564686,1.969771560359221
2025-11-27,3.88,1.0,0.422,10.0,0.6496152707564686,1.969771560359221
2025-11-28,3.88,0.0,0.422,11.0,0.6496152707564686,1.969771560359221
2025-12-01,3.89,0.0,0.422,14.0,0.6496152707564686,1.972308292331602
2025-12-02,3.89,0.0,0.422,15.0,0.6496152707564686,1.972308292331602
2025-12-03,3.89,0.0,0.422,16.0,0.6496152707564686,1.972308292331602
2025-12-04,3.89,0.0,0.422,17.0,0.6496152707564686,1.972308292331602
2025-12-05,3.89,0.0,0.422,18.0,0.6496152707564686,1.972308292331602
2025-12-08,3.89,0.0,0.422,21.0,0.6496152707564686,1.972308292331602
2025-12-09,3.89,0.0,0.422,22.0,0.6496152707564686,1.972308292331602
2025-12-10,3.89,0.0,0.422,23.0,0.6496152707564686,1.972308292331602
2025-12-11,3.89,0.0,0.422,24.0,0.6496152707564686,1.972308292331602
2025-12-12,3.64,0.0,0.422,25.0,0.6496152707564686,1.9078784028338913
2025-12-15,3.64,0.0,3.9693,0.0,1.9923102168086173,1.9078784028338913
2025-12-16,3.64,0.0,3.9693,1.0,1.9923102168086173,1.9078784028338913
2025-12-17,3.64,0.0,3.9693,2.0,1.9923102168086173,1.9078784028338913
2025-12-18,3.64,0.0,3.9693,3.0,1.9923102168086173,1.9078784028338913
2025-12-19,3.64,0.0,3.9693,4.0,1.9923102168086173,1.9078784028338913
2025-12-22,3.64,0.0,3.9693,7.0,1.9923102168086173,1.9078784028338913
2025-12-23,3.64,0.0,3.9693,8.0,1.9923102168086173,1.9078784028338913
2025-12-24,3.64,1.0,3.9693,9.0,1.9923102168086173,1.9078784028338913
2025-12-25,3.64,2.0,3.9693,10.0,1.9923102168086173,1.9078784028338913
2025-12-26,3.64,3.0,3.9693,11.0,1.9923102168086173,1.9078784028338913
2025-12-29,3.64,0.0,3.9693,14.0,1.9923102168086173,1.9078784028338913
2025-12-30,3.64,0.0,3.9693,15.0,1.9923102168086173,1.9078784028338913
2025-12-31,3.64,0.0,3.9693,16.0,1.9923102168086173,1.9078784028338913
2026-01-01,3.64,1.0,3.9693,17.0,1.9923102168086173,1.9078784028338913
2026-01-02,3.64,0.0,3.9693,18.0,1.9923102168086173,1.9078784028338913
2026-01-05,3.64,0.0,3.9693,21.0,1.9923102168086173,1.9078784028338913
2026-01-06,3.64,0.0,3.9693,22.0,1.9923102168086173,1.9078784028338913
2026-01-07,3.64,0.0,3.9693,23.0,1.9923102168086173,1.9078784028338913
2026-01-08,3.64,0.0,3.9693,24.0,1.9923102168086173,1.9078784028338913
2026-01-09,3.64,0.0,3.9693,25.0,1.9923102168086173,1.9078784028338913
2026-01-12,3.64,0.0,3.9693,28.0,1.9923102168086173,1.9078784028338913
2026-01-13,3.64,0.0,3.9693,29.0,1.9923102168086173,1.9078784028338913
2026-01-14,3.64,0.0,3.9693,30.0,1.9923102168086173,1.9078784028338913
2026-01-15,3.64,0.0,3.8789,0.0,1.9694923203709123,1.9078784028338913
2026-01-16,3.64,0.0,3.8789,1.0,1.9694923203709123,1.9078784028338913
2026-01-19,3.64,3.0,3.8789,4.0,1.9694923203709123,1.9078784028338913
2026-01-20,3.64,0.0,3.8789,5.0,1.9694923203709123,1.9078784028338913
2026-01-21,3.64,0.0,3.8789,6.0,1.9694923203709123,1.9078784028338913
2026-01-22,3.64,0.0,3.8789,7.0,1.9694923203709123,1.9078784028338913
2026-01-23,3.64,0.0,3.8789,8.0,1.9694923203709123,1.9078784028338913
2026-01-26,3.64,0.0,3.8789,11.0,1.9694923203709123,1.9078784028338913
2026-01-27,3.64,0.0,3.8789,12.0,1.9694923203709123,1.9078784028338913
2026-01-28,3.64,0.0,3.8789,13.0,1.9694923203709123,1.9078784028338913
2026-01-29,3.64,0.0,3.8789,14.0,1.9694923203709123,1.9078784028338913
2026-01-30,3.64,0.0,3.8789,15.0,1.9694923203709123,1.9078784028338913
2026-02-02,3.64,0.0,3.8789,18.0,1.9694923203709123,1.9078784028338913
2026-02-03,3.64,0.0,3.8789,19.0,1.9694923203709123,1.9078784028338913
2026-02-04,3.64,0.0,3.8789,20.0,1.9694923203709123,1.9078784028338913
2026-02-05,3.64,0.0,3.8789,21.0,1.9694923203709123,1.9078784028338913
2026-02-06,3.64,0.0,3.8789,22.0,1.9694923203709123,1.9078784028338913
2026-02-09,3.64,0.0,3.8789,25.0,1.9694923203709123,1.9078784028338913
2026-02-10,3.64,0.0,3.8789,26.0,1.9694923203709123,1.9078784028338913
2026-02-11,3.64,0.0,3.8789,27.0,1.9694923203709123,1.9078784028338913
2026-02-12,3.64,0.0,3.8789,28.0,1.9694923203709123,1.9078784028338913
2026-02-13,3.64,0.0,3.8789,29.0,1.9694923203709123,1.9078784028338913
2026-02-16,3.64,3.0,3.725,0.0,1.9300259065618783,1.9078784028338913
2026-02-17,3.64,0.0,3.725,1.0,1.9300259065618783,1.9078784028338913
2026-02-18,3.64,0.0,3.725,2.0,1.9300259065618783,1.9078784028338913
2026-02-19,3.64,0.0,3.725,3.0,1.9300259065618783,1.9078784028338913
2026-02-20,3.64,0.0,3.725,4.0,1.9300259065618783,1.9078784028338913
2026-02-23,3.64,0.0,3.725,7.0,1.9300259065618783,1.9078784028338913
2026-02-24,3.64,0.0,3.725,8.0,1.9300259065618783,1.9078784028338913
2026-02-25,3.64,0.0,3.725,9.0,1.9300259065618783,1.9078784028338913
2026-02-26,3.64,0.0,3.725,10.0,1.9300259065618783,1.9078784028338913
2026-02-27,3.64,0.0,3.725,11.0,1.9300259065618783,1.9078784028338913
2026-03-02,3.64,0.0,3.725,14.0,1.9300259065618783,1.9078784028338913
2026-03-03,3.64,0.0,3.725,15.0,1.9300259065618783,1.9078784028338913
2026-03-04,3.64,0.0,3.725,16.0,1.9300259065618783,1.9078784028338913
2026-03-05,3.64,0.0,3.725,17.0,1.9300259065618783,1.9078784028338913
2026-03-06,3.64,0.0,3.725,18.0,1.9300259065618783,1.9078784028338913
2026-03-09,3.64,0.0,3.725,21.0,1.9300259065618783,1.9078784028338913
2026-03-10,3.64,0.0,3.725,22.0,1.9300259065618783,1.9078784028338913
2026-03-11,3.64,0.0,3.725,23.0,1.9300259065618783,1.9078784028338913
2026-03-12,3.64,0.0,3.725,24.0,1.9300259065618783,1.9078784028338913
2026-03-13,3.64,0.0,3.725,25.0,1.9300259065618783,1.9078784028338913
2026-03-16,3.64,0.0,3.7274,0.0,1.9306475597581243,1.9078784028338913
2026-03-17,3.64,0.0,3.7274,1.0,1.9306475597581243,1.9078784028338913
2026-03-18,3.64,0.0,3.7274,2.0,1.9306475597581243,1.9078784028338913
2026-03-19,3.64,0.0,3.7274,3.0,1.9306475597581243,1.9078784028338913
2026-03-20,3.64,0.0,3.7274,4.0,1.9306475597581243,1.9078784028338913
2026-03-23,3.64,0.0,3.7274,7.0,1.9306475597581243,1.9078784028338913
2026-03-24,3.64,0.0,3.7274,8.0,1.9306475597581243,1.9078784028338913
2026-03-25,3.64,0.0,3.7274,9.0,1.9306475597581243,1.9078784028338913
2026-03-26,3.64,0.0,3.7274,10.0,1.9306475597581243,1.9078784028338913
2026-03-27,3.64,0.0,3.7274,11.0,1.9306475597581243,1.9078784028338913
2026-03-30,3.64,0.0,3.7274,14.0,1.9306475597581243,1.9078784028338913
2026-03-31,3.64,0.0,3.7274,15.0,1.9306475597581243,1.9078784028338913
2026-04-01,3.64,0.0,3.7274,16.0,1.9306475597581243,1.9078784028338913
2026-04-02,3.64,0.0,3.7274,17.0,1.9306475597581243,1.9078784028338913
2026-04-03,3.64,0.0,3.7274,18.0,1.9306475597581243,1.9078784028338913
2026-04-06,3.64,0.0,3.7274,21.0,1.9306475597581243,1.9078784028338913
2026-04-07,3.64,0.0,3.7274,22.0,1.9306475597581243,1.9078784028338913
2026-04-08,3.64,0.0,3.7274,23.0,1.9306475597581243,1.9078784028338913
2026-04-09,3.64,0.0,3.7274,24.0,1.9306475597581243,1.9078784028338913
2026-04-10,3.64,0.0,3.7274,25.0,1.9306475597581243,1.9078784028338913
2026-04-13,3.64,0.0,3.7274,28.0,1.9306475597581243,1.9078784028338913
2026-04-14,3.64,0.0,3.7274,29.0,1.9306475597581243,1.9078784028338913
2026-04-15,3.64,0.0,3.7289,0.0,1.931035991378721,1.9078784028338913
2026-04-16,3.64,0.0,3.7289,1.0,1.931035991378721,1.9078784028338913
2026-04-17,3.64,0.0,3.7289,2.0,1.931035991378721,1.9078784028338913
2026-04-20,3.64,0.0,3.7289,5.0,1.931035991378721,1.9078784028338913
2026-04-21,3.64,0.0,3.7289,6.0,1.931035991378721,1.9078784028338913
2026-04-22,3.64,0.0,3.7289,7.0,1.931035991378721,1.9078784028338913
2026-04-23,3.64,0.0,3.7289,8.0,1.931035991378721,1.9078784028338913
2026-04-24,3.64,0.0,3.7289,9.0,1.931035991378721,1.9078784028338913
2026-04-27,3.64,0.0,3.7289,12.0,1.931035991378721,1.9078784028338913
2026-04-28,3.64,0.0,3.7289,13.0,1.931035991378721,1.9078784028338913
2026-04-29,3.64,0.0,3.7289,14.0,1.931035991378721,1.9078784028338913
2026-04-30,3.64,0.0,3.7289,15.0,1.931035991378721,1.9078784028338913
2026-05-01,3.64,0.0,3.7289,16.0,1.931035991378721,1.9078784028338913
2026-05-04,3.64,0.0,3.7289,19.0,1.931035991378721,1.9078784028338913
2026-05-05,3.64,0.0,3.7289,20.0,1.931035991378721,1.9078784028338913
2026-05-06,3.64,0.0,3.7289,21.0,1.931035991378721,1.9078784028338913
2026-05-07,3.64,0.0,3.7289,22.0,1.931035991378721,1.9078784028338913
2026-05-08,3.63,0.0,3.7289,23.0,1.931035991378721,1.905255888325765
2026-05-11,3.63,0.0,3.7289,26.0,1.931035991378721,1.905255888325765
2026-05-12,3.63,0.0,3.7289,27.0,1.931035991378721,1.905255888325765
2026-05-13,3.63,0.0,3.7289,28.0,1.931035991378721,1.905255888325765
2026-05-14,3.63,0.0,3.7289,29.0,1.931035991378721,1.905255888325765
2026-05-15,3.63,0.0,3.73,0.0,1.9313207915827966,1.905255888325765
2026-05-18,3.63,0.0,3.73,3.0,1.9313207915827966,1.905255888325765
2026-05-19,3.63,0.0,3.73,4.0,1.9313207915827966,1.905255888325765
2026-05-20,3.62,0.0,3.73,5.0,1.9313207915827966,1.9026297590440449
2026-05-21,3.62,0.0,3.73,6.0,1.9313207915827966,1.9026297590440449
2026-05-22,3.62,0.0,3.73,7.0,1.9313207915827966,1.9026297590440449
2026-05-25,3.62,3.0,3.73,10.0,1.9313207915827966,1.9026297590440449
2026-05-26,3.62,0.0,3.73,11.0,1.9313207915827966,1.9026297590440449
2026-05-27,3.62,0.0,3.73,12.0,1.9313207915827966,1.9026297590440449
2026-05-28,3.62,0.0,3.73,13.0,1.9313207915827966,1.9026297590440449
2026-05-29,3.62,0.0,3.73,14.0,1.9313207915827966,1.9026297590440449
2026-06-01,3.62,0.0,3.73,17.0,1.9313207915827966,1.9026297590440449
2026-06-02,3.62,0.0,3.73,18.0,1.9313207915827966,1.9026297590440449
2026-06-03,3.62,0.0,3.73,19.0,1.9313207915827966,1.9026297590440449
2026-06-04,3.62,0.0,3.73,20.0,1.9313207915827966,1.9026297590440449
2026-06-05,3.62,0.0,3.73,21.0,1.9313207915827966,1.9026297590440449
2026-06-08,3.62,0.0,3.73,24.0,1.9313207915827966,1.9026297590440449
2026-06-09,3.62,0.0,3.73,25.0,1.9313207915827966,1.9026297590440449
2026-06-10,3.62,0.0,3.73,26.0,1.9313207915827966,1.9026297590440449
2026-06-11,3.62,0.0,3.73,27.0,1.9313207915827966,1.9026297590440449
2026-06-12,3.62,0.0,3.73,28.0,1.9313207915827966,1.9026297590440449
2026-06-15,3.62,0.0,3.7296,0.0,1.9312172327317298,1.9026297590440449
2026-06-16,3.63,0.0,3.7296,1.0,1.9312172327317298,1.905255888325765
2026-06-17,3.63,0.0,3.7296,2.0,1.9312172327317298,1.905255888325765
2026-06-18,3.63,0.0,3.7296,3.0,1.9312172327317298,1.905255888325765
2026-06-19,3.63,1.0,3.7296,4.0,1.9312172327317298,1.905255888325765
