date,USA_cpi_value,USA_cpi_days_since_update,UK_cpi_value,UK_cpi_days_since_update,USA_cpi_yoy,USA_cpi_yoy_days_since_update,UK_cpi_yoy,UK_cpi_yoy_days_since_update,UK_cpi_yoy_log
2014-01-01,,,99.1,20,,,,,
2014-01-02,,,99.1,21,,,,,
2014-01-03,,,99.1,22,,,,,
2014-01-06,,,99.1,25,,,,,
2014-01-07,,,99.1,26,,,,,
2014-01-08,,,99.1,27,,,,,
2014-01-09,,,99.1,28,,,,,
2014-01-10,,,99.1,29,,,,,
2014-01-13,,,99.2,2,,,,,
2014-01-14,,,99.2,3,,,,,
2014-01-15,,,99.2,4,,,,,
2014-01-16,,,99.2,5,,,,,
2014-01-17,,,99.2,6,,,,,
2014-01-20,,,99.2,9,,,,,
2014-01-21,,,99.2,10,,,,,
2014-01-22,,,99.2,11,,,,,
2014-01-23,,,99.2,12,,,,,
2014-01-24,,,99.2,13,,,,,
2014-01-27,,,99.2,16,,,,,
2014-01-28,,,99.2,17,,,,,
2014-01-29,,,99.2,18,,,,,
2014-01-30,,,99.2,19,,,,,
2014-01-31,,,99.2,20,,,,,
2014-02-03,,,99.2,23,,,,,
2014-02-04,,,99.2,24,,,,,
2014-02-05,,,99.2,25,,,,,
2014-02-06,,,99.2,26,,,,,
2014-02-07,,,99.2,27,,,,,
2014-02-10,,,99.2,30,,,,,
2014-02-11,,,99.6,0,,,,,
2014-02-12,,,99.6,1,,,,,
2014-02-13,,,99.6,2,,,,,
2014-02-14,,,99.6,3,,,,,
2014-02-17,,,99.6,6,,,,,
2014-02-18,,,99.6,7,,,,,
2014-02-19,,,99.6,8,,,,,
2014-02-20,234.933,0.0,99.6,9,,,,,
2014-02-21,234.933,1.0,99.6,10,,,,,
2014-02-24,234.933,4.0,99.6,13,,,,,
2014-02-25,234.933,5.0,99.6,14,,,,,
2014-02-26,234.933,6.0,99.6,15,,,,,
2014-02-27,234.933,7.0,99.6,16,,,,,
2014-02-28,234.933,8.0,99.6,17,,,,,
2014-03-03,234.933,11.0,99.6,20,,,,,
2014-03-04,234.933,12.0,99.6,21,,,,,
2014-03-05,234.933,13.0,99.6,22,,,,,
2014-03-06,234.933,14.0,99.6,23,,,,,
2014-03-07,234.933,15.0,99.6,24,,,,,
2014-03-10,234.933,18.0,99.6,27,,,,,
2014-03-11,234.933,19.0,99.6,28,,,,,
2014-03-12,234.933,20.0,99.6,29,,,,,
2014-03-13,234.933,21.0,99.6,30,,,,,
2014-03-14,234.933,22.0,99.0,0,,,1.9567456230690006,0.0,0.6712826968632066
2014-03-17,234.933,25.0,99.0,3,,,1.9567456230690006,3.0,0.6712826968632066
2014-03-18,235.169,0.0,99.0,4,,,1.9567456230690006,4.0,0.6712826968632066
2014-03-19,235.169,1.0,99.0,5,,,1.9567456230690006,5.0,0.6712826968632066
2014-03-20,235.169,2.0,99.0,6,,,1.9567456230690006,6.0,0.6712826968632066
2014-03-21,235.169,3.0,99.0,7,,,1.9567456230690006,7.0,0.6712826968632066
2014-03-24,235.169,6.0,99.0,10,,,1.9567456230690006,10.0,0.6712826968632066
2014-03-25,235.169,7.0,99.0,11,,,1.9567456230690006,11.0,0.6712826968632066
2014-03-26,235.169,8.0,99.0,12,,,1.9567456230690006,12.0,0.6712826968632066
2014-03-27,235.169,9.0,99.0,13,,,1.9567456230690006,13.0,0.6712826968632066
2014-03-28,235.169,10.0,99.0,14,,,1.9567456230690006,14.0,0.6712826968632066
2014-03-31,235.169,13.0,99.0,17,,,1.9567456230690006,17.0,0.6712826968632066
2014-04-01,235.169,14.0,99.0,18,,,1.9567456230690006,18.0,0.6712826968632066
2014-04-02,235.169,15.0,99.0,19,,,1.9567456230690006,19.0,0.6712826968632066
2014-04-03,235.169,16.0,99.0,20,,,1.9567456230690006,20.0,0.6712826968632066
2014-04-04,235.169,17.0,99.0,21,,,1.9567456230690006,21.0,0.6712826968632066
2014-04-07,235.169,20.0,99.0,24,,,1.9567456230690006,24.0,0.6712826968632066
2014-04-08,235.169,21.0,99.0,25,,,1.9567456230690006,25.0,0.6712826968632066
2014-04-09,235.169,22.0,99.0,26,,,1.9567456230690006,26.0,0.6712826968632066
2014-04-10,235.169,23.0,99.0,27,,,1.9567456230690006,27.0,0.6712826968632066
2014-04-11,235.169,24.0,99.5,0,,,1.7382413087934534,0.0,0.5528738600094886
2014-04-14,235.169,27.0,99.5,3,,,1.7382413087934534,3.0,0.5528738600094886
2014-04-15,235.64,0.0,99.5,4,,,1.7382413087934534,4.0,0.5528738600094886
2014-04-16,235.64,1.0,99.5,5,,,1.7382413087934534,5.0,0.5528738600094886
2014-04-17,235.64,2.0,99.5,6,,,1.7382413087934534,6.0,0.5528738600094886
2014-04-18,235.64,3.0,99.5,7,,,1.7382413087934534,7.0,0.5528738600094886
2014-04-21,235.64,6.0,99.5,10,,,1.7382413087934534,10.0,0.5528738600094886
2014-04-22,235.64,7.0,99.5,11,,,1.7382413087934534,11.0,0.5528738600094886
2014-04-23,235.64,8.0,99.5,12,,,1.7382413087934534,12.0,0.5528738600094886
2014-04-24,235.64,9.0,99.5,13,,,1.7382413087934534,13.0,0.5528738600094886
2014-04-25,235.64,10.0,99.5,14,,,1.7382413087934534,14.0,0.5528738600094886
2014-04-28,235.64,13.0,99.5,17,,,1.7382413087934534,17.0,0.5528738600094886
2014-04-29,235.64,14.0,99.5,18,,,1.7382413087934534,18.0,0.5528738600094886
2014-04-30,235.64,15.0,99.5,19,,,1.7382413087934534,19.0,0.5528738600094886
2014-05-01,235.64,16.0,99.5,20,,,1.7382413087934534,20.0,0.5528738600094886
2014-05-02,235.64,17.0,99.5,21,,,1.7382413087934534,21.0,0.5528738600094886
2014-05-05,235.64,20.0,99.5,24,,,1.7382413087934534,24.0,0.5528738600094886
2014-05-06,235.64,21.0,99.5,25,,,1.7382413087934534,25.0,0.5528738600094886
2014-05-07,235.64,22.0,99.5,26,,,1.7382413087934534,26.0,0.5528738600094886
2014-05-08,235.64,23.0,99.5,27,,,1.7382413087934534,27.0,0.5528738600094886
2014-05-09,235.64,24.0,99.5,28,,,1.7382413087934534,28.0,0.5528738600094886
2014-05-12,235.64,27.0,99.7,0,,,1.6309887869520923,0.0,0.4891864486625111
2014-05-13,235.64,28.0,99.7,1,,,1.6309887869520923,1.0,0.4891864486625111
2014-05-14,235.64,29.0,99.7,2,,,1.6309887869520923,2.0,0.4891864486625111
2014-05-15,236.254,0.0,99.7,3,,,1.6309887869520923,3.0,0.4891864486625111
2014-05-16,236.254,1.0,99.7,4,,,1.6309887869520923,4.0,0.4891864486625111
2014-05-19,236.254,4.0,99.7,7,,,1.6309887869520923,7.0,0.4891864486625111
2014-05-20,236.254,5.0,99.7,8,,,1.6309887869520923,8.0,0.4891864486625111
2014-05-21,236.254,6.0,99.7,9,,,1.6309887869520923,9.0,0.4891864486625111
2014-05-22,236.254,7.0,99.7,10,,,1.6309887869520923,10.0,0.4891864486625111
2014-05-23,236.254,8.0,99.7,11,,,1.6309887869520923,11.0,0.4891864486625111
2014-05-26,236.254,11.0,99.7,14,,,1.6309887869520923,14.0,0.4891864486625111
2014-05-27,236.254,12.0,99.7,15,,,1.6309887869520923,15.0,0.4891864486625111
2014-05-28,236.254,13.0,99.7,16,,,1.6309887869520923,16.0,0.4891864486625111
2014-05-29,236.254,14.0,99.7,17,,,1.6309887869520923,17.0,0.4891864486625111
2014-05-30,236.254,15.0,99.7,18,,,1.6309887869520923,18.0,0.4891864486625111
2014-06-02,236.254,18.0,99.7,21,,,1.6309887869520923,21.0,0.4891864486625111
2014-06-03,236.254,19.0,99.7,22,,,1.6309887869520923,22.0,0.4891864486625111
2014-06-04,236.254,20.0,99.7,23,,,1.6309887869520923,23.0,0.4891864486625111
2014-06-05,236.254,21.0,99.7,24,,,1.6309887869520923,24.0,0.4891864486625111
2014-06-06,236.254,22.0,99.7,25,,,1.6309887869520923,25.0,0.4891864486625111
2014-06-09,236.254,25.0,99.7,28,,,1.6309887869520923,28.0,0.4891864486625111
2014-06-10,236.254,26.0,99.7,29,,,1.6309887869520923,29.0,0.4891864486625111
2014-06-11,236.254,27.0,100.1,0,,,1.831129196337744,0.0,0.6049328237370909
2014-06-12,236.254,28.0,100.1,1,,,1.831129196337744,1.0,0.6049328237370909
2014-06-13,236.254,29.0,100.1,2,,,1.831129196337744,2.0,0.6049328237370909
2014-06-16,236.254,32.0,100.1,5,,,1.831129196337744,5.0,0.6049328237370909
2014-06-17,237.083,0.0,100.1,6,,,1.831129196337744,6.0,0.6049328237370909
2014-06-18,237.083,1.0,100.1,7,,,1.831129196337744,7.0,0.6049328237370909
2014-06-19,237.083,2.0,100.1,8,,,1.831129196337744,8.0,0.6049328237370909
2014-06-20,237.083,3.0,100.1,9,,,1.831129196337744,9.0,0.6049328237370909
2014-06-23,237.083,6.0,100.1,12,,,1.831129196337744,12.0,0.6049328237370909
2014-06-24,237.083,7.0,100.1,13,,,1.831129196337744,13.0,0.6049328237370909
2014-06-25,237.083,8.0,100.1,14,,,1.831129196337744,14.0,0.6049328237370909
2014-06-26,237.083,9.0,100.1,15,,,1.831129196337744,15.0,0.6049328237370909
2014-06-27,237.083,10.0,100.1,16,,,1.831129196337744,16.0,0.6049328237370909
2014-06-30,237.083,13.0,100.1,19,,,1.831129196337744,19.0,0.6049328237370909
2014-07-01,237.083,14.0,100.1,20,,,1.831129196337744,20.0,0.6049328237370909
2014-07-02,237.083,15.0,100.1,21,,,1.831129196337744,21.0,0.6049328237370909
2014-07-03,237.083,16.0,100.1,22,,,1.831129196337744,22.0,0.6049328237370909
2014-07-04,237.083,17.0,100.1,23,,,1.831129196337744,23.0,0.6049328237370909
2014-07-07,237.083,20.0,100.1,26,,,1.831129196337744,26.0,0.6049328237370909
2014-07-08,237.083,21.0,100.1,27,,,1.831129196337744,27.0,0.6049328237370909
2014-07-09,237.083,22.0,100.1,28,,,1.831129196337744,28.0,0.6049328237370909
2014-07-10,237.083,23.0,100.1,29,,,1.831129196337744,29.0,0.6049328237370909
2014-07-11,237.083,24.0,100.1,30,,,1.831129196337744,30.0,0.6049328237370909
2014-07-14,237.083,27.0,100.0,2,,,1.522842639593902,2.0,0.42057874591820826
2014-07-15,237.083,28.0,100.0,3,,,1.522842639593902,3.0,0.42057874591820826
2014-07-16,237.083,29.0,100.0,4,,,1.522842639593902,4.0,0.42057874591820826
2014-07-17,237.083,30.0,100.0,5,,,1.522842639593902,5.0,0.42057874591820826
2014-07-18,237.083,31.0,100.0,6,,,1.522842639593902,6.0,0.42057874591820826
2014-07-21,237.083,34.0,100.0,9,,,1.522842639593902,9.0,0.42057874591820826
2014-07-22,237.693,0.0,100.0,10,,,1.522842639593902,10.0,0.42057874591820826
2014-07-23,237.693,1.0,100.0,11,,,1.522842639593902,11.0,0.42057874591820826
2014-07-24,237.693,2.0,100.0,12,,,1.522842639593902,12.0,0.42057874591820826
2014-07-25,237.693,3.0,100.0,13,,,1.522842639593902,13.0,0.42057874591820826
2014-07-28,237.693,6.0,100.0,16,,,1.522842639593902,16.0,0.42057874591820826
2014-07-29,237.693,7.0,100.0,17,,,1.522842639593902,17.0,0.42057874591820826
2014-07-30,237.693,8.0,100.0,18,,,1.522842639593902,18.0,0.42057874591820826
2014-07-31,237.693,9.0,100.0,19,,,1.522842639593902,19.0,0.42057874591820826
2014-08-01,237.693,10.0,100.0,20,,,1.522842639593902,20.0,0.42057874591820826
2014-08-04,237.693,13.0,100.0,23,,,1.522842639593902,23.0,0.42057874591820826
2014-08-05,237.693,14.0,100.0,24,,,1.522842639593902,24.0,0.42057874591820826
2014-08-06,237.693,15.0,100.0,25,,,1.522842639593902,25.0,0.42057874591820826
2014-08-07,237.693,16.0,100.0,26,,,1.522842639593902,26.0,0.42057874591820826
2014-08-08,237.693,17.0,100.0,27,,,1.522842639593902,27.0,0.42057874591820826
2014-08-11,237.693,20.0,100.2,0,,,1.9328585961342792,0.0,0.6590000450073634
2014-08-12,237.693,21.0,100.2,1,,,1.9328585961342792,1.0,0.6590000450073634
2014-08-13,237.693,22.0,100.2,2,,,1.9328585961342792,2.0,0.6590000450073634
2014-08-14,237.693,23.0,100.2,3,,,1.9328585961342792,3.0,0.6590000450073634
2014-08-15,237.693,24.0,100.2,4,,,1.9328585961342792,4.0,0.6590000450073634
2014-08-18,237.693,27.0,100.2,7,,,1.9328585961342792,7.0,0.6590000450073634
2014-08-19,237.909,0.0,100.2,8,,,1.9328585961342792,8.0,0.6590000450073634
2014-08-20,237.909,1.0,100.2,9,,,1.9328585961342792,9.0,0.6590000450073634
2014-08-21,237.909,2.0,100.2,10,,,1.9328585961342792,10.0,0.6590000450073634
2014-08-22,237.909,3.0,100.2,11,,,1.9328585961342792,11.0,0.6590000450073634
2014-08-25,237.909,6.0,100.2,14,,,1.9328585961342792,14.0,0.6590000450073634
2014-08-26,237.909,7.0,100.2,15,,,1.9328585961342792,15.0,0.6590000450073634
2014-08-27,237.909,8.0,100.2,16,,,1.9328585961342792,16.0,0.6590000450073634
2014-08-28,237.909,9.0,100.2,17,,,1.9328585961342792,17.0,0.6590000450073634
2014-08-29,237.909,10.0,100.2,18,,,1.9328585961342792,18.0,0.6590000450073634
2014-09-01,237.909,13.0,100.2,21,,,1.9328585961342792,21.0,0.6590000450073634
2014-09-02,237.909,14.0,100.2,22,,,1.9328585961342792,22.0,0.6590000450073634
2014-09-03,237.909,15.0,100.2,23,,,1.9328585961342792,23.0,0.6590000450073634
2014-09-04,237.909,16.0,100.2,24,,,1.9328585961342792,24.0,0.6590000450073634
2014-09-05,237.909,17.0,100.2,25,,,1.9328585961342792,25.0,0.6590000450073634
2014-09-08,237.909,20.0,100.2,28,,,1.9328585961342792,28.0,0.6590000450073634
2014-09-09,237.909,21.0,100.2,29,,,1.9328585961342792,29.0,0.6590000450073634
2014-09-10,237.909,22.0,100.2,30,,,1.9328585961342792,30.0,0.6590000450073634
2014-09-11,237.909,23.0,99.9,0,,,1.6276703967446737,0.0,0.48714978808071496
2014-09-12,237.909,24.0,99.9,1,,,1.6276703967446737,1.0,0.48714978808071496
2014-09-15,237.909,27.0,99.9,4,,,1.6276703967446737,4.0,0.48714978808071496
2014-09-16,237.909,28.0,99.9,5,,,1.6276703967446737,5.0,0.48714978808071496
2014-09-17,237.428,0.0,99.9,6,,,1.6276703967446737,6.0,0.48714978808071496
2014-09-18,237.428,1.0,99.9,7,,,1.6276703967446737,7.0,0.48714978808071496
2014-09-19,237.428,2.0,99.9,8,,,1.6276703967446737,8.0,0.48714978808071496
2014-09-22,237.428,5.0,99.9,11,,,1.6276703967446737,11.0,0.48714978808071496
2014-09-23,237.428,6.0,99.9,12,,,1.6276703967446737,12.0,0.48714978808071496
2014-09-24,237.428,7.0,99.9,13,,,1.6276703967446737,13.0,0.48714978808071496
2014-09-25,237.428,8.0,99.9,14,,,1.6276703967446737,14.0,0.48714978808071496
2014-09-26,237.428,9.0,99.9,15,,,1.6276703967446737,15.0,0.48714978808071496
2014-09-29,237.428,12.0,99.9,18,,,1.6276703967446737,18.0,0.48714978808071496
2014-09-30,237.428,13.0,99.9,19,,,1.6276703967446737,19.0,0.48714978808071496
2014-10-01,237.428,14.0,99.9,20,,,1.6276703967446737,20.0,0.48714978808071496
2014-10-02,237.428,15.0,99.9,21,,,1.6276703967446737,21.0,0.48714978808071496
2014-10-03,237.428,16.0,99.9,22,,,1.6276703967446737,22.0,0.48714978808071496
2014-10-06,237.428,19.0,99.9,25,,,1.6276703967446737,25.0,0.48714978808071496
2014-10-07,237.428,20.0,99.9,26,,,1.6276703967446737,26.0,0.48714978808071496
2014-10-08,237.428,21.0,99.9,27,,,1.6276703967446737,27.0,0.48714978808071496
2014-10-09,237.428,22.0,99.9,28,,,1.6276703967446737,28.0,0.48714978808071496
2014-10-10,237.428,23.0,99.9,29,,,1.6276703967446737,29.0,0.48714978808071496
2014-10-13,237.428,26.0,100.2,1,,,1.5197568389057725,1.0,0.41855034765681814
2014-10-14,237.428,27.0,100.2,2,,,1.5197568389057725,2.0,0.41855034765681814
2014-10-15,237.428,28.0,100.2,3,,,1.5197568389057725,3.0,0.41855034765681814
2014-10-16,237.428,29.0,100.2,4,,,1.5197568389057725,4.0,0.41855034765681814
2014-10-17,237.428,30.0,100.2,5,,,1.5197568389057725,5.0,0.41855034765681814
2014-10-20,237.428,33.0,100.2,8,,,1.5197568389057725,8.0,0.41855034765681814
2014-10-21,237.428,34.0,100.2,9,,,1.5197568389057725,9.0,0.41855034765681814
2014-10-22,237.633,0.0,100.2,10,,,1.5197568389057725,10.0,0.41855034765681814
2014-10-23,237.633,1.0,100.2,11,,,1.5197568389057725,11.0,0.41855034765681814
2014-10-24,237.633,2.0,100.2,12,,,1.5197568389057725,12.0,0.41855034765681814
2014-10-27,237.633,5.0,100.2,15,,,1.5197568389057725,15.0,0.41855034765681814
2014-10-28,237.633,6.0,100.2,16,,,1.5197568389057725,16.0,0.41855034765681814
2014-10-29,237.633,7.0,100.2,17,,,1.5197568389057725,17.0,0.41855034765681814
2014-10-30,237.633,8.0,100.2,18,,,1.5197568389057725,18.0,0.41855034765681814
2014-10-31,237.633,9.0,100.2,19,,,1.5197568389057725,19.0,0.41855034765681814
2014-11-03,237.633,12.0,100.2,22,,,1.5197568389057725,22.0,0.41855034765681814
2014-11-04,237.633,13.0,100.2,23,,,1.5197568389057725,23.0,0.41855034765681814
2014-11-05,237.633,14.0,100.2,24,,,1.5197568389057725,24.0,0.41855034765681814
2014-11-06,237.633,15.0,100.2,25,,,1.5197568389057725,25.0,0.41855034765681814
2014-11-07,237.633,16.0,100.2,26,,,1.5197568389057725,26.0,0.41855034765681814
2014-11-10,237.633,19.0,100.2,29,,,1.5197568389057725,29.0,0.41855034765681814
2014-11-11,237.633,20.0,100.3,0,,,1.2108980827447047,0.0,0.19136230144610564
2014-11-12,237.633,21.0,100.3,1,,,1.2108980827447047,1.0,0.19136230144610564
2014-11-13,237.633,22.0,100.3,2,,,1.2108980827447047,2.0,0.19136230144610564
2014-11-14,237.633,23.0,100.3,3,,,1.2108980827447047,3.0,0.19136230144610564
2014-11-17,237.633,26.0,100.3,6,,,1.2108980827447047,6.0,0.19136230144610564
2014-11-18,237.633,27.0,100.3,7,,,1.2108980827447047,7.0,0.19136230144610564
2014-11-19,237.633,28.0,100.3,8,,,1.2108980827447047,8.0,0.19136230144610564
2014-11-20,237.642,0.0,100.3,9,,,1.2108980827447047,9.0,0.19136230144610564
2014-11-21,237.642,1.0,100.3,10,,,1.2108980827447047,10.0,0.19136230144610564
2014-11-24,237.642,4.0,100.3,13,,,1.2108980827447047,13.0,0.19136230144610564
2014-11-25,237.642,5.0,100.3,14,,,1.2108980827447047,14.0,0.19136230144610564
2014-11-26,237.642,6.0,100.3,15,,,1.2108980827447047,15.0,0.19136230144610564
2014-11-27,237.642,7.0,100.3,16,,,1.2108980827447047,16.0,0.19136230144610564
2014-11-28,237.642,8.0,100.3,17,,,1.2108980827447047,17.0,0.19136230144610564
2014-12-01,237.642,11.0,100.3,20,,,1.2108980827447047,20.0,0.19136230144610564
2014-12-02,237.642,12.0,100.3,21,,,1.2108980827447047,21.0,0.19136230144610564
2014-12-03,237.642,13.0,100.3,22,,,1.2108980827447047,22.0,0.19136230144610564
2014-12-04,237.642,14.0,100.3,23,,,1.2108980827447047,23.0,0.19136230144610564
2014-12-05,237.642,15.0,100.3,24,,,1.2108980827447047,24.0,0.19136230144610564
2014-12-08,237.642,18.0,100.3,27,,,1.2108980827447047,27.0,0.19136230144610564
2014-12-09,237.642,19.0,100.3,28,,,1.2108980827447047,28.0,0.19136230144610564
2014-12-10,237.642,20.0,100.3,29,,,1.2108980827447047,29.0,0.19136230144610564
2014-12-11,237.642,21.0,100.3,30,,,1.2108980827447047,30.0,0.19136230144610564
2014-12-12,237.642,22.0,100.4,0,,,1.31180625630678,0.0,0.27140500911965476
2014-12-15,237.642,25.0,100.4,3,,,1.31180625630678,3.0,0.27140500911965476
2014-12-16,237.642,26.0,100.4,4,,,1.31180625630678,4.0,0.27140500911965476
2014-12-17,237.032,0.0,100.4,5,,,1.31180625630678,5.0,0.27140500911965476
2014-12-18,237.032,1.0,100.4,6,,,1.31180625630678,6.0,0.27140500911965476
2014-12-19,237.032,2.0,100.4,7,,,1.31180625630678,7.0,0.27140500911965476
2014-12-22,237.032,5.0,100.4,10,,,1.31180625630678,10.0,0.27140500911965476
2014-12-23,237.032,6.0,100.4,11,,,1.31180625630678,11.0,0.27140500911965476
2014-12-24,237.032,7.0,100.4,12,,,1.31180625630678,12.0,0.27140500911965476
2014-12-25,237.032,8.0,100.4,13,,,1.31180625630678,13.0,0.27140500911965476
2014-12-26,237.032,9.0,100.4,14,,,1.31180625630678,14.0,0.27140500911965476
2014-12-29,237.032,12.0,100.4,17,,,1.31180625630678,17.0,0.27140500911965476
2014-12-30,237.032,13.0,100.4,18,,,1.31180625630678,18.0,0.27140500911965476
2014-12-31,237.032,14.0,100.4,19,,,1.31180625630678,19.0,0.27140500911965476
2015-01-01,237.032,15.0,100.4,20,,,1.31180625630678,20.0,0.27140500911965476
2015-01-02,237.032,16.0,100.4,21,,,1.31180625630678,21.0,0.27140500911965476
2015-01-05,237.032,19.0,100.4,24,,,1.31180625630678,24.0,0.27140500911965476
2015-01-06,237.083,0.0,100.4,25,,,1.31180625630678,25.0,0.27140500911965476
2015-01-07,237.083,1.0,100.4,26,,,1.31180625630678,26.0,0.27140500911965476
2015-01-08,237.083,2.0,100.4,27,,,1.31180625630678,27.0,0.27140500911965476
2015-01-09,237.083,3.0,100.4,28,,,1.31180625630678,28.0,0.27140500911965476
2015-01-12,237.083,6.0,100.1,1,,,0.9072580645161255,1.0,-0.09732834396056599
2015-01-13,237.083,7.0,100.1,2,,,0.9072580645161255,2.0,-0.09732834396056599
2015-01-14,237.083,8.0,100.1,3,,,0.9072580645161255,3.0,-0.09732834396056599
2015-01-15,237.083,9.0,100.1,4,,,0.9072580645161255,4.0,-0.09732834396056599
2015-01-16,236.149,0.0,100.1,5,,,0.9072580645161255,5.0,-0.09732834396056599
2015-01-19,236.149,3.0,100.1,8,,,0.9072580645161255,8.0,-0.09732834396056599
2015-01-20,236.149,4.0,100.1,9,,,0.9072580645161255,9.0,-0.09732834396056599
2015-01-21,236.149,5.0,100.1,10,,,0.9072580645161255,10.0,-0.09732834396056599
2015-01-22,236.149,6.0,100.1,11,,,0.9072580645161255,11.0,-0.09732834396056599
2015-01-23,236.149,7.0,100.1,12,,,0.9072580645161255,12.0,-0.09732834396056599
2015-01-26,236.149,10.0,100.1,15,,,0.9072580645161255,15.0,-0.09732834396056599
2015-01-27,236.149,11.0,100.1,16,,,0.9072580645161255,16.0,-0.09732834396056599
2015-01-28,236.149,12.0,100.1,17,,,0.9072580645161255,17.0,-0.09732834396056599
2015-01-29,236.149,13.0,100.1,18,,,0.9072580645161255,18.0,-0.09732834396056599
2015-01-30,236.149,14.0,100.1,19,,,0.9072580645161255,19.0,-0.09732834396056599
2015-02-02,236.149,17.0,100.1,22,,,0.9072580645161255,22.0,-0.09732834396056599
2015-02-03,236.149,18.0,100.1,23,,,0.9072580645161255,23.0,-0.09732834396056599
2015-02-04,236.149,19.0,100.1,24,,,0.9072580645161255,24.0,-0.09732834396056599
2015-02-05,236.149,20.0,100.1,25,,,0.9072580645161255,25.0,-0.09732834396056599
2015-02-06,236.149,21.0,100.1,26,,,0.9072580645161255,26.0,-0.09732834396056599
2015-02-09,236.149,24.0,100.1,29,,,0.9072580645161255,29.0,-0.09732834396056599
2015-02-10,236.149,25.0,100.1,30,,,0.9072580645161255,30.0,-0.09732834396056599
2015-02-11,236.149,26.0,100.1,0,,,0.5020080321285203,0.0,-0.6891391591623941
2015-02-12,236.149,27.0,100.1,1,,,0.5020080321285203,1.0,-0.6891391591623941
2015-02-13,236.149,28.0,100.1,2,,,0.5020080321285203,2.0,-0.6891391591623941
2015-02-16,236.149,31.0,100.1,5,,,0.5020080321285203,5.0,-0.6891391591623941
2015-02-17,236.149,32.0,100.1,6,,,0.5020080321285203,6.0,-0.6891391591623941
2015-02-18,236.149,33.0,100.1,7,,,0.5020080321285203,7.0,-0.6891391591623941
2015-02-19,236.149,34.0,100.1,8,,,0.5020080321285203,8.0,-0.6891391591623941
2015-02-20,235.128,0.0,100.1,9,,,0.5020080321285203,9.0,-0.6891391591623941
2015-02-23,235.128,3.0,100.1,12,,,0.5020080321285203,12.0,-0.6891391591623941
2015-02-24,235.128,4.0,100.1,13,,,0.5020080321285203,13.0,-0.6891391591623941
2015-02-25,235.128,5.0,100.1,14,,,0.5020080321285203,14.0,-0.6891391591623941
2015-02-26,234.677,0.0,100.1,15,-0.22993097820542818,0.0,0.5020080321285203,15.0,-0.6891391591623941
2015-02-27,234.677,1.0,100.1,16,-0.22993097820542818,1.0,0.5020080321285203,16.0,-0.6891391591623941
2015-03-02,234.677,4.0,100.1,19,-0.22993097820542818,4.0,0.5020080321285203,19.0,-0.6891391591623941
2015-03-03,234.677,5.0,100.1,20,-0.22993097820542818,5.0,0.5020080321285203,20.0,-0.6891391591623941
2015-03-04,234.677,6.0,100.1,21,-0.22993097820542818,6.0,0.5020080321285203,21.0,-0.6891391591623941
2015-03-05,234.677,7.0,100.1,22,-0.22993097820542818,7.0,0.5020080321285203,22.0,-0.6891391591623941
2015-03-06,234.677,8.0,100.1,23,-0.22993097820542818,8.0,0.5020080321285203,23.0,-0.6891391591623941
2015-03-09,234.677,11.0,100.1,26,-0.22993097820542818,11.0,0.5020080321285203,26.0,-0.6891391591623941
2015-03-10,234.677,12.0,100.1,27,-0.22993097820542818,12.0,0.5020080321285203,27.0,-0.6891391591623941
2015-03-11,234.677,13.0,100.1,28,-0.22993097820542818,13.0,0.5020080321285203,28.0,-0.6891391591623941
2015-03-12,234.677,14.0,100.1,29,-0.22993097820542818,14.0,0.5020080321285203,29.0,-0.6891391591623941
2015-03-13,234.677,15.0,100.1,30,-0.22993097820542818,15.0,0.5020080321285203,30.0,-0.6891391591623941
2015-03-16,234.677,18.0,99.3,2,-0.22993097820542818,18.0,0.3030303030302939,2.0,-1.1939224684724647
2015-03-17,234.677,19.0,99.3,3,-0.22993097820542818,19.0,0.3030303030302939,3.0,-1.1939224684724647
2015-03-18,234.677,20.0,99.3,4,-0.22993097820542818,20.0,0.3030303030302939,4.0,-1.1939224684724647
2015-03-19,234.677,21.0,99.3,5,-0.22993097820542818,21.0,0.3030303030302939,5.0,-1.1939224684724647
2015-03-20,234.677,22.0,99.3,6,-0.22993097820542818,22.0,0.3030303030302939,6.0,-1.1939224684724647
2015-03-23,234.677,25.0,99.3,9,-0.22993097820542818,25.0,0.3030303030302939,9.0,-1.1939224684724647
2015-03-24,235.186,0.0,99.3,10,-0.08703146293520536,0.0,0.3030303030302939,10.0,-1.1939224684724647
2015-03-25,235.186,1.0,99.3,11,-0.08703146293520536,1.0,0.3030303030302939,11.0,-1.1939224684724647
2015-03-26,235.186,2.0,99.3,12,-0.08703146293520536,2.0,0.3030303030302939,12.0,-1.1939224684724647
2015-03-27,235.186,3.0,99.3,13,-0.08703146293520536,3.0,0.3030303030302939,13.0,-1.1939224684724647
2015-03-30,235.186,6.0,99.3,16,-0.08703146293520536,6.0,0.3030303030302939,16.0,-1.1939224684724647
2015-03-31,235.186,7.0,99.3,17,-0.08703146293520536,7.0,0.3030303030302939,17.0,-1.1939224684724647
2015-04-01,235.186,8.0,99.3,18,-0.08703146293520536,8.0,0.3030303030302939,18.0,-1.1939224684724647
2015-04-02,235.186,9.0,99.3,19,-0.08703146293520536,9.0,0.3030303030302939,19.0,-1.1939224684724647
2015-04-03,235.186,10.0,99.3,20,-0.08703146293520536,10.0,0.3030303030302939,20.0,-1.1939224684724647
2015-04-06,235.186,13.0,99.3,23,-0.08703146293520536,13.0,0.3030303030302939,23.0,-1.1939224684724647
2015-04-07,235.186,14.0,99.3,24,-0.08703146293520536,14.0,0.3030303030302939,24.0,-1.1939224684724647
2015-04-08,235.186,15.0,99.3,25,-0.08703146293520536,15.0,0.3030303030302939,25.0,-1.1939224684724647
2015-04-09,235.186,16.0,99.3,26,-0.08703146293520536,16.0,0.3030303030302939,26.0,-1.1939224684724647
2015-04-10,235.186,17.0,99.3,27,-0.08703146293520536,17.0,0.3030303030302939,27.0,-1.1939224684724647
2015-04-13,235.186,20.0,99.5,2,-0.08703146293520536,20.0,0.0,2.0,-inf
2015-04-14,235.186,21.0,99.5,3,-0.08703146293520536,21.0,0.0,3.0,-inf
2015-04-15,235.186,22.0,99.5,4,-0.08703146293520536,22.0,0.0,4.0,-inf
2015-04-16,235.186,23.0,99.5,5,-0.08703146293520536,23.0,0.0,5.0,-inf
2015-04-17,235.74,0.0,99.5,6,-0.022031284423873476,0.0,0.0,6.0,-inf
2015-04-20,235.74,3.0,99.5,9,-0.022031284423873476,3.0,0.0,9.0,-inf
2015-04-21,235.74,4.0,99.5,10,-0.022031284423873476,4.0,0.0,10.0,-inf
2015-04-22,235.74,5.0,99.5,11,-0.022031284423873476,5.0,0.0,11.0,-inf
2015-04-23,235.74,6.0,99.5,12,-0.022031284423873476,6.0,0.0,12.0,-inf
2015-04-24,235.74,7.0,99.5,13,-0.022031284423873476,7.0,0.0,13.0,-inf
2015-04-27,235.74,10.0,99.5,16,-0.022031284423873476,10.0,0.0,16.0,-inf
2015-04-28,235.74,11.0,99.5,17,-0.022031284423873476,11.0,0.0,17.0,-inf
2015-04-29,235.74,12.0,99.5,18,-0.022031284423873476,12.0,0.0,18.0,-inf
2015-04-30,235.74,13.0,99.5,19,-0.022031284423873476,13.0,0.0,19.0,-inf
2015-05-01,235.74,14.0,99.5,20,-0.022031284423873476,14.0,0.0,20.0,-inf
2015-05-04,235.74,17.0,99.5,23,-0.022031284423873476,17.0,0.0,23.0,-inf
2015-05-05,235.74,18.0,99.5,24,-0.022031284423873476,18.0,0.0,24.0,-inf
2015-05-06,235.74,19.0,99.5,25,-0.022031284423873476,19.0,0.0,25.0,-inf
2015-05-07,235.74,20.0,99.5,26,-0.022031284423873476,20.0,0.0,26.0,-inf
2015-05-08,235.74,21.0,99.5,27,-0.022031284423873476,21.0,0.0,27.0,-inf
2015-05-11,235.74,24.0,99.5,30,-0.022031284423873476,24.0,0.0,30.0,-inf
2015-05-12,235.74,25.0,99.7,0,-0.022031284423873476,25.0,0.0,0.0,-inf
2015-05-13,235.74,26.0,99.7,1,-0.022031284423873476,26.0,0.0,1.0,-inf
2015-05-14,235.74,27.0,99.7,2,-0.022031284423873476,27.0,0.0,2.0,-inf
2015-05-15,235.74,28.0,99.7,3,-0.022031284423873476,28.0,0.0,3.0,-inf
2015-05-18,235.74,31.0,99.7,6,-0.022031284423873476,31.0,0.0,6.0,-inf
2015-05-19,235.74,32.0,99.7,7,-0.022031284423873476,32.0,0.0,7.0,-inf
2015-05-20,235.74,33.0,99.7,8,-0.022031284423873476,33.0,0.0,8.0,-inf
2015-05-21,235.74,34.0,99.7,9,-0.022031284423873476,34.0,0.0,9.0,-inf
2015-05-22,235.982,0.0,99.7,10,-0.10403098939391064,0.0,0.0,10.0,-inf
2015-05-25,235.982,3.0,99.7,13,-0.10403098939391064,3.0,0.0,13.0,-inf
2015-05-26,235.982,4.0,99.7,14,-0.10403098939391064,4.0,0.0,14.0,-inf
2015-05-27,235.982,5.0,99.7,15,-0.10403098939391064,5.0,0.0,15.0,-inf
2015-05-28,235.982,6.0,99.7,16,-0.10403098939391064,6.0,0.0,16.0,-inf
2015-05-29,235.982,7.0,99.7,17,-0.10403098939391064,7.0,0.0,17.0,-inf
2015-06-01,235.982,10.0,99.7,20,-0.10403098939391064,10.0,0.0,20.0,-inf
2015-06-02,235.982,11.0,99.7,21,-0.10403098939391064,11.0,0.0,21.0,-inf
2015-06-03,235.982,12.0,99.7,22,-0.10403098939391064,12.0,0.0,22.0,-inf
2015-06-04,235.982,13.0,99.7,23,-0.10403098939391064,13.0,0.0,23.0,-inf
2015-06-05,235.982,14.0,99.7,24,-0.10403098939391064,14.0,0.0,24.0,-inf
2015-06-08,235.982,17.0,99.7,27,-0.10403098939391064,17.0,0.0,27.0,-inf
2015-06-09,235.982,18.0,99.7,28,-0.10403098939391064,18.0,0.0,28.0,-inf
2015-06-10,235.982,19.0,99.7,29,-0.10403098939391064,19.0,0.0,29.0,-inf
2015-06-11,235.982,20.0,99.9,0,-0.10403098939391064,20.0,-0.19980019980019303,0.0,
2015-06-12,235.982,21.0,99.9,1,-0.10403098939391064,21.0,-0.19980019980019303,1.0,
2015-06-15,235.982,24.0,99.9,4,-0.10403098939391064,24.0,-0.19980019980019303,4.0,
2015-06-16,235.982,25.0,99.9,5,-0.10403098939391064,25.0,-0.19980019980019303,5.0,
2015-06-17,235.982,26.0,99.9,6,-0.10403098939391064,26.0,-0.19980019980019303,6.0,
2015-06-18,237.031,0.0,99.9,7,0.03503321824429584,0.0,-0.19980019980019303,7.0,
2015-06-19,237.031,1.0,99.9,8,0.03503321824429584,1.0,-0.19980019980019303,8.0,
2015-06-22,237.031,4.0,99.9,11,0.03503321824429584,4.0,-0.19980019980019303,11.0,
2015-06-23,237.031,5.0,99.9,12,0.03503321824429584,5.0,-0.19980019980019303,12.0,
2015-06-24,237.031,6.0,99.9,13,0.03503321824429584,6.0,-0.19980019980019303,13.0,
2015-06-25,237.031,7.0,99.9,14,0.03503321824429584,7.0,-0.19980019980019303,14.0,
2015-06-26,237.031,8.0,99.9,15,0.03503321824429584,8.0,-0.19980019980019303,15.0,
2015-06-29,237.031,11.0,99.9,18,0.03503321824429584,11.0,-0.19980019980019303,18.0,
2015-06-30,237.031,12.0,99.9,19,0.03503321824429584,12.0,-0.19980019980019303,19.0,
2015-07-01,237.031,13.0,99.9,20,0.03503321824429584,13.0,-0.19980019980019303,20.0,
2015-07-02,237.031,14.0,99.9,21,0.03503321824429584,14.0,-0.19980019980019303,21.0,
2015-07-03,237.031,15.0,99.9,22,0.03503321824429584,15.0,-0.19980019980019303,22.0,
2015-07-06,237.031,18.0,99.9,25,0.03503321824429584,18.0,-0.19980019980019303,25.0,
2015-07-07,237.031,19.0,99.9,26,0.03503321824429584,19.0,-0.19980019980019303,26.0,
2015-07-08,237.031,20.0,99.9,27,0.03503321824429584,20.0,-0.19980019980019303,27.0,
2015-07-09,237.031,21.0,99.9,28,0.03503321824429584,21.0,-0.19980019980019303,28.0,
2015-07-10,237.031,22.0,99.9,29,0.03503321824429584,22.0,-0.19980019980019303,29.0,
2015-07-13,237.031,25.0,100.1,1,0.03503321824429584,25.0,0.09999999999998899,1.0,-2.302585092994156
2015-07-14,237.031,26.0,100.1,2,0.03503321824429584,26.0,0.09999999999998899,2.0,-2.302585092994156
2015-07-15,237.031,27.0,100.1,3,0.03503321824429584,27.0,0.09999999999998899,3.0,-2.302585092994156
2015-07-16,237.031,28.0,100.1,4,0.03503321824429584,28.0,0.09999999999998899,4.0,-2.302585092994156
2015-07-17,237.786,0.0,100.1,5,0.1795718097550525,0.0,0.09999999999998899,5.0,-2.302585092994156
2015-07-20,237.786,3.0,100.1,8,0.1795718097550525,3.0,0.09999999999998899,8.0,-2.302585092994156
2015-07-21,237.786,4.0,100.1,9,0.1795718097550525,4.0,0.09999999999998899,9.0,-2.302585092994156
2015-07-22,237.786,5.0,100.1,10,0.1795718097550525,5.0,0.09999999999998899,10.0,-2.302585092994156
2015-07-23,237.786,6.0,100.1,11,0.1795718097550525,6.0,0.09999999999998899,11.0,-2.302585092994156
2015-07-24,237.786,7.0,100.1,12,0.1795718097550525,7.0,0.09999999999998899,12.0,-2.302585092994156
2015-07-27,237.786,10.0,100.1,15,0.1795718097550525,10.0,0.09999999999998899,15.0,-2.302585092994156
2015-07-28,237.786,11.0,100.1,16,0.1795718097550525,11.0,0.09999999999998899,16.0,-2.302585092994156
2015-07-29,237.786,12.0,100.1,17,0.1795718097550525,12.0,0.09999999999998899,17.0,-2.302585092994156
2015-07-30,237.786,13.0,100.1,18,0.1795718097550525,13.0,0.09999999999998899,18.0,-2.302585092994156
2015-07-31,237.786,14.0,100.1,19,0.1795718097550525,14.0,0.09999999999998899,19.0,-2.302585092994156
2015-08-03,237.786,17.0,100.1,22,0.1795718097550525,17.0,0.09999999999998899,22.0,-2.302585092994156
2015-08-04,237.786,18.0,100.1,23,0.1795718097550525,18.0,0.09999999999998899,23.0,-2.302585092994156
2015-08-05,237.786,19.0,100.1,24,0.1795718097550525,19.0,0.09999999999998899,24.0,-2.302585092994156
2015-08-06,237.786,20.0,100.1,25,0.1795718097550525,20.0,0.09999999999998899,25.0,-2.302585092994156
2015-08-07,237.786,21.0,100.1,26,0.1795718097550525,21.0,0.09999999999998899,26.0,-2.302585092994156
2015-08-10,237.786,24.0,100.1,29,0.1795718097550525,24.0,0.09999999999998899,29.0,-2.302585092994156
2015-08-11,237.786,25.0,100.2,0,0.1795718097550525,25.0,0.0,0.0,-inf
2015-08-12,237.786,26.0,100.2,1,0.1795718097550525,26.0,0.0,1.0,-inf
2015-08-13,237.786,27.0,100.2,2,0.1795718097550525,27.0,0.0,2.0,-inf
2015-08-14,237.786,28.0,100.2,3,0.1795718097550525,28.0,0.0,3.0,-inf
2015-08-17,237.786,31.0,100.2,6,0.1795718097550525,31.0,0.0,6.0,-inf
2015-08-18,237.786,32.0,100.2,7,0.1795718097550525,32.0,0.0,7.0,-inf
2015-08-19,238.099,0.0,100.2,8,0.22568611104094582,0.0,0.0,8.0,-inf
2015-08-20,238.099,1.0,100.2,9,0.22568611104094582,1.0,0.0,9.0,-inf
2015-08-21,238.099,2.0,100.2,10,0.22568611104094582,2.0,0.0,10.0,-inf
2015-08-24,238.099,5.0,100.2,13,0.22568611104094582,5.0,0.0,13.0,-inf
2015-08-25,238.099,6.0,100.2,14,0.22568611104094582,6.0,0.0,14.0,-inf
2015-08-26,238.099,7.0,100.2,15,0.22568611104094582,7.0,0.0,15.0,-inf
2015-08-27,238.099,8.0,100.2,16,0.22568611104094582,8.0,0.0,16.0,-inf
2015-08-28,238.099,9.0,100.2,17,0.22568611104094582,9.0,0.0,17.0,-inf
2015-08-31,238.099,12.0,100.2,20,0.22568611104094582,12.0,0.0,20.0,-inf
2015-09-01,238.099,13.0,100.2,21,0.22568611104094582,13.0,0.0,21.0,-inf
2015-09-02,238.099,14.0,100.2,22,0.22568611104094582,14.0,0.0,22.0,-inf
2015-09-03,238.099,15.0,100.2,23,0.22568611104094582,15.0,0.0,23.0,-inf
2015-09-04,238.099,16.0,100.2,24,0.22568611104094582,16.0,0.0,24.0,-inf
2015-09-07,238.099,19.0,100.2,27,0.22568611104094582,19.0,0.0,27.0,-inf
2015-09-08,238.099,20.0,100.2,28,0.22568611104094582,20.0,0.0,28.0,-inf
2015-09-09,238.099,21.0,100.2,29,0.22568611104094582,21.0,0.0,29.0,-inf
2015-09-10,238.099,22.0,100.2,30,0.22568611104094582,22.0,0.0,30.0,-inf
2015-09-11,238.099,23.0,100.0,0,0.22568611104094582,23.0,0.10010010010008674,0.0,-2.301584592660596
2015-09-14,238.099,26.0,100.0,3,0.22568611104094582,26.0,0.10010010010008674,3.0,-2.301584592660596
2015-09-15,238.099,27.0,100.0,4,0.22568611104094582,27.0,0.10010010010008674,4.0,-2.301584592660596
2015-09-16,237.931,0.0,100.0,5,0.2413037985344868,0.0,0.10010010010008674,5.0,-2.301584592660596
2015-09-17,237.931,1.0,100.0,6,0.2413037985344868,1.0,0.10010010010008674,6.0,-2.301584592660596
2015-09-18,237.931,2.0,100.0,7,0.2413037985344868,2.0,0.10010010010008674,7.0,-2.301584592660596
2015-09-21,237.931,5.0,100.0,10,0.2413037985344868,5.0,0.10010010010008674,10.0,-2.301584592660596
2015-09-22,237.931,6.0,100.0,11,0.2413037985344868,6.0,0.10010010010008674,11.0,-2.301584592660596
2015-09-23,237.931,7.0,100.0,12,0.2413037985344868,7.0,0.10010010010008674,12.0,-2.301584592660596
2015-09-24,237.931,8.0,100.0,13,0.2413037985344868,8.0,0.10010010010008674,13.0,-2.301584592660596
2015-09-25,237.931,9.0,100.0,14,0.2413037985344868,9.0,0.10010010010008674,14.0,-2.301584592660596
2015-09-28,237.931,12.0,100.0,17,0.2413037985344868,12.0,0.10010010010008674,17.0,-2.301584592660596
2015-09-29,237.931,13.0,100.0,18,0.2413037985344868,13.0,0.10010010010008674,18.0,-2.301584592660596
2015-09-30,237.931,14.0,100.0,19,0.2413037985344868,14.0,0.10010010010008674,19.0,-2.301584592660596
2015-10-01,237.931,15.0,100.0,20,0.2413037985344868,15.0,0.10010010010008674,20.0,-2.301584592660596
2015-10-02,237.931,16.0,100.0,21,0.2413037985344868,16.0,0.10010010010008674,21.0,-2.301584592660596
2015-10-05,237.931,19.0,100.0,24,0.2413037985344868,19.0,0.10010010010008674,24.0,-2.301584592660596
2015-10-06,237.931,20.0,100.0,25,0.2413037985344868,20.0,0.10010010010008674,25.0,-2.301584592660596
2015-10-07,237.931,21.0,100.0,26,0.2413037985344868,21.0,0.10010010010008674,26.0,-2.301584592660596
2015-10-08,237.931,22.0,100.0,27,0.2413037985344868,22.0,0.10010010010008674,27.0,-2.301584592660596
2015-10-09,237.931,23.0,100.0,28,0.2413037985344868,23.0,0.10010010010008674,28.0,-2.301584592660596
2015-10-12,237.931,26.0,100.3,0,0.2413037985344868,26.0,0.09980039920158834,0.0,-2.3045830956568034
2015-10-13,237.931,27.0,100.3,1,0.2413037985344868,27.0,0.09980039920158834,1.0,-2.3045830956568034
2015-10-14,237.931,28.0,100.3,2,0.2413037985344868,28.0,0.09980039920158834,2.0,-2.3045830956568034
2015-10-15,237.566,0.0,100.3,3,0.008842961634170088,0.0,0.09980039920158834,3.0,-2.3045830956568034
2015-10-16,237.566,1.0,100.3,4,0.008842961634170088,1.0,0.09980039920158834,4.0,-2.3045830956568034
2015-10-19,237.566,4.0,100.3,7,0.008842961634170088,4.0,0.09980039920158834,7.0,-2.3045830956568034
2015-10-20,237.566,5.0,100.3,8,0.008842961634170088,5.0,0.09980039920158834,8.0,-2.3045830956568034
2015-10-21,237.566,6.0,100.3,9,0.008842961634170088,6.0,0.09980039920158834,9.0,-2.3045830956568034
2015-10-22,237.566,7.0,100.3,10,0.008842961634170088,7.0,0.09980039920158834,10.0,-2.3045830956568034
2015-10-23,237.566,8.0,100.3,11,0.008842961634170088,8.0,0.09980039920158834,11.0,-2.3045830956568034
2015-10-26,237.566,11.0,100.3,14,0.008842961634170088,11.0,0.09980039920158834,14.0,-2.3045830956568034
2015-10-27,237.566,12.0,100.3,15,0.008842961634170088,12.0,0.09980039920158834,15.0,-2.3045830956568034
2015-10-28,237.566,13.0,100.3,16,0.008842961634170088,13.0,0.09980039920158834,16.0,-2.3045830956568034
2015-10-29,237.566,14.0,100.3,17,0.008842961634170088,14.0,0.09980039920158834,17.0,-2.3045830956568034
2015-10-30,237.566,15.0,100.3,18,0.008842961634170088,15.0,0.09980039920158834,18.0,-2.3045830956568034
2015-11-02,237.566,18.0,100.3,21,0.008842961634170088,18.0,0.09980039920158834,21.0,-2.3045830956568034
2015-11-03,237.566,19.0,100.3,22,0.008842961634170088,19.0,0.09980039920158834,22.0,-2.3045830956568034
2015-11-04,237.566,20.0,100.3,23,0.008842961634170088,20.0,0.09980039920158834,23.0,-2.3045830956568034
2015-11-05,237.566,21.0,100.3,24,0.008842961634170088,21.0,0.09980039920158834,24.0,-2.3045830956568034
2015-11-06,237.566,22.0,100.3,25,0.008842961634170088,22.0,0.09980039920158834,25.0,-2.3045830956568034
2015-11-09,237.566,25.0,100.3,28,0.008842961634170088,25.0,0.09980039920158834,28.0,-2.3045830956568034
2015-11-10,237.566,26.0,100.3,29,0.008842961634170088,26.0,0.09980039920158834,29.0,-2.3045830956568034
2015-11-11,237.566,27.0,100.2,0,0.008842961634170088,27.0,-0.09970089730807485,0.0,
2015-11-12,237.566,28.0,100.2,1,0.008842961634170088,28.0,-0.09970089730807485,1.0,
2015-11-13,237.566,29.0,100.2,2,0.008842961634170088,29.0,-0.09970089730807485,2.0,
2015-11-16,237.566,32.0,100.2,5,0.008842961634170088,32.0,-0.09970089730807485,5.0,
2015-11-17,238.042,0.0,100.2,6,0.12761656067050708,0.0,-0.09970089730807485,6.0,
2015-11-18,238.042,1.0,100.2,7,0.12761656067050708,1.0,-0.09970089730807485,7.0,
2015-11-19,238.042,2.0,100.2,8,0.12761656067050708,2.0,-0.09970089730807485,8.0,
2015-11-20,238.042,3.0,100.2,9,0.12761656067050708,3.0,-0.09970089730807485,9.0,
2015-11-23,238.042,6.0,100.2,12,0.12761656067050708,6.0,-0.09970089730807485,12.0,
2015-11-24,238.042,7.0,100.2,13,0.12761656067050708,7.0,-0.09970089730807485,13.0,
2015-11-25,238.042,8.0,100.2,14,0.12761656067050708,8.0,-0.09970089730807485,14.0,
2015-11-26,238.042,9.0,100.2,15,0.12761656067050708,9.0,-0.09970089730807485,15.0,
2015-11-27,238.042,10.0,100.2,16,0.12761656067050708,10.0,-0.09970089730807485,16.0,
2015-11-30,238.042,13.0,100.2,19,0.12761656067050708,13.0,-0.09970089730807485,19.0,
2015-12-01,238.042,14.0,100.2,20,0.12761656067050708,14.0,-0.09970089730807485,20.0,
2015-12-02,238.042,15.0,100.2,21,0.12761656067050708,15.0,-0.09970089730807485,21.0,
2015-12-03,238.042,16.0,100.2,22,0.12761656067050708,16.0,-0.09970089730807485,22.0,
2015-12-04,238.042,17.0,100.2,23,0.12761656067050708,17.0,-0.09970089730807485,23.0,
2015-12-07,238.042,20.0,100.2,26,0.12761656067050708,20.0,-0.09970089730807485,26.0,
2015-12-08,238.042,21.0,100.2,27,0.12761656067050708,21.0,-0.09970089730807485,27.0,
2015-12-09,238.042,22.0,100.2,28,0.12761656067050708,22.0,-0.09970089730807485,28.0,
2015-12-10,238.042,23.0,100.2,29,0.12761656067050708,23.0,-0.09970089730807485,29.0,
2015-12-11,238.042,24.0,100.2,30,0.12761656067050708,24.0,-0.09970089730807485,30.0,
2015-12-14,238.042,27.0,100.3,2,0.12761656067050708,27.0,-0.09960159362550902,2.0,
2015-12-15,238.111,0.0,100.3,3,0.4363182169185187,0.0,-0.09960159362550902,3.0,
2015-12-16,238.111,1.0,100.3,4,0.4363182169185187,1.0,-0.09960159362550902,4.0,
2015-12-17,238.111,2.0,100.3,5,0.4363182169185187,2.0,-0.09960159362550902,5.0,
2015-12-18,238.111,3.0,100.3,6,0.4363182169185187,3.0,-0.09960159362550902,6.0,
2015-12-21,238.111,6.0,100.3,9,0.4363182169185187,6.0,-0.09960159362550902,9.0,
2015-12-22,238.111,7.0,100.3,10,0.4363182169185187,7.0,-0.09960159362550902,10.0,
2015-12-23,238.111,8.0,100.3,11,0.4363182169185187,8.0,-0.09960159362550902,11.0,
2015-12-24,238.111,9.0,100.3,12,0.4363182169185187,9.0,-0.09960159362550902,12.0,
2015-12-25,238.111,10.0,100.3,13,0.4363182169185187,10.0,-0.09960159362550902,13.0,
2015-12-28,238.111,13.0,100.3,16,0.4363182169185187,13.0,-0.09960159362550902,16.0,
2015-12-29,238.111,14.0,100.3,17,0.4363182169185187,14.0,-0.09960159362550902,17.0,
2015-12-30,238.111,15.0,100.3,18,0.4363182169185187,15.0,-0.09960159362550902,18.0,
2015-12-31,238.111,16.0,100.3,19,0.4363182169185187,16.0,-0.09960159362550902,19.0,
2016-01-01,238.111,17.0,100.3,20,0.4363182169185187,17.0,-0.09960159362550902,20.0,
2016-01-04,238.111,20.0,100.3,23,0.4363182169185187,20.0,-0.09960159362550902,23.0,
2016-01-05,238.111,21.0,100.3,24,0.4363182169185187,21.0,-0.09960159362550902,24.0,
2016-01-06,238.111,22.0,100.3,25,0.4363182169185187,22.0,-0.09960159362550902,25.0,
2016-01-07,238.111,23.0,100.3,26,0.4363182169185187,23.0,-0.09960159362550902,26.0,
2016-01-08,238.111,24.0,100.3,27,0.4363182169185187,24.0,-0.09960159362550902,27.0,
2016-01-11,238.111,27.0,100.3,0,0.4363182169185187,27.0,0.19980019980019303,0.0,-1.6104374127672179
2016-01-12,238.111,28.0,100.3,1,0.4363182169185187,28.0,0.19980019980019303,1.0,-1.6104374127672179
2016-01-13,238.111,29.0,100.3,2,0.4363182169185187,29.0,0.19980019980019303,2.0,-1.6104374127672179
2016-01-14,238.111,30.0,100.3,3,0.4363182169185187,30.0,0.19980019980019303,3.0,-1.6104374127672179
2016-01-15,238.111,31.0,100.3,4,0.4363182169185187,31.0,0.19980019980019303,4.0,-1.6104374127672179
2016-01-18,238.111,34.0,100.3,7,0.4363182169185187,34.0,0.19980019980019303,7.0,-1.6104374127672179
2016-01-19,238.111,35.0,100.3,8,0.4363182169185187,35.0,0.19980019980019303,8.0,-1.6104374127672179
2016-01-20,237.847,0.0,100.3,9,0.6387247515364791,0.0,0.19980019980019303,9.0,-1.6104374127672179
2016-01-21,237.847,1.0,100.3,10,0.6387247515364791,1.0,0.19980019980019303,10.0,-1.6104374127672179
2016-01-22,237.847,2.0,100.3,11,0.6387247515364791,2.0,0.19980019980019303,11.0,-1.6104374127672179
2016-01-25,237.847,5.0,100.3,14,0.6387247515364791,5.0,0.19980019980019303,14.0,-1.6104374127672179
2016-01-26,237.847,6.0,100.3,15,0.6387247515364791,6.0,0.19980019980019303,15.0,-1.6104374127672179
2016-01-27,237.847,7.0,100.3,16,0.6387247515364791,7.0,0.19980019980019303,16.0,-1.6104374127672179
2016-01-28,237.847,8.0,100.3,17,0.6387247515364791,8.0,0.19980019980019303,17.0,-1.6104374127672179
2016-01-29,237.847,9.0,100.3,18,0.6387247515364791,9.0,0.19980019980019303,18.0,-1.6104374127672179
2016-02-01,237.847,12.0,100.3,21,0.6387247515364791,12.0,0.19980019980019303,21.0,-1.6104374127672179
2016-02-02,237.847,13.0,100.3,22,0.6387247515364791,13.0,0.19980019980019303,22.0,-1.6104374127672179
2016-02-03,237.847,14.0,100.3,23,0.6387247515364791,14.0,0.19980019980019303,23.0,-1.6104374127672179
2016-02-04,237.847,15.0,100.3,24,0.6387247515364791,15.0,0.19980019980019303,24.0,-1.6104374127672179
2016-02-05,237.847,16.0,100.3,25,0.6387247515364791,16.0,0.19980019980019303,25.0,-1.6104374127672179
2016-02-08,237.847,19.0,100.3,28,0.6387247515364791,19.0,0.19980019980019303,28.0,-1.6104374127672179
2016-02-09,237.847,20.0,100.3,29,0.6387247515364791,20.0,0.19980019980019303,29.0,-1.6104374127672179
2016-02-10,237.847,21.0,100.3,30,0.6387247515364791,21.0,0.19980019980019303,30.0,-1.6104374127672179
2016-02-11,237.847,22.0,100.3,0,0.6387247515364791,22.0,0.19980019980019303,0.0,-1.6104374127672179
2016-02-12,237.847,23.0,100.3,1,0.6387247515364791,23.0,0.19980019980019303,1.0,-1.6104374127672179
2016-02-15,237.847,26.0,100.3,4,0.6387247515364791,26.0,0.19980019980019303,4.0,-1.6104374127672179
2016-02-16,237.847,27.0,100.3,5,0.6387247515364791,27.0,0.19980019980019303,5.0,-1.6104374127672179
2016-02-17,237.847,28.0,100.3,6,0.6387247515364791,28.0,0.19980019980019303,6.0,-1.6104374127672179
2016-02-18,237.847,29.0,100.3,7,0.6387247515364791,29.0,0.19980019980019303,7.0,-1.6104374127672179
2016-02-19,236.803,0.0,100.3,8,1.2375025026943876,0.0,0.19980019980019303,8.0,-1.6104374127672179
2016-02-22,236.803,3.0,100.3,11,1.2375025026943876,3.0,0.19980019980019303,11.0,-1.6104374127672179
2016-02-23,236.803,4.0,100.3,12,1.2375025026943876,4.0,0.19980019980019303,12.0,-1.6104374127672179
2016-02-24,236.803,5.0,100.3,13,1.2375025026943876,5.0,0.19980019980019303,13.0,-1.6104374127672179
2016-02-25,236.803,6.0,100.3,14,1.2375025026943876,6.0,0.19980019980019303,14.0,-1.6104374127672179
2016-02-26,236.803,7.0,100.3,15,1.2375025026943876,7.0,0.19980019980019303,15.0,-1.6104374127672179
2016-02-29,236.803,10.0,100.3,18,1.2375025026943876,10.0,0.19980019980019303,18.0,-1.6104374127672179
2016-03-01,236.803,11.0,100.3,19,1.2375025026943876,11.0,0.19980019980019303,19.0,-1.6104374127672179
2016-03-02,236.803,12.0,100.3,20,1.2375025026943876,12.0,0.19980019980019303,20.0,-1.6104374127672179
2016-03-03,236.803,13.0,100.3,21,1.2375025026943876,13.0,0.19980019980019303,21.0,-1.6104374127672179
2016-03-04,236.803,14.0,100.3,22,1.2375025026943876,14.0,0.19980019980019303,22.0,-1.6104374127672179
2016-03-07,236.803,17.0,100.3,25,1.2375025026943876,17.0,0.19980019980019303,25.0,-1.6104374127672179
2016-03-08,236.803,18.0,100.3,26,1.2375025026943876,18.0,0.19980019980019303,26.0,-1.6104374127672179
2016-03-09,236.803,19.0,100.3,27,1.2375025026943876,19.0,0.19980019980019303,27.0,-1.6104374127672179
2016-03-10,236.803,20.0,100.3,28,1.2375025026943876,20.0,0.19980019980019303,28.0,-1.6104374127672179
2016-03-11,236.803,21.0,100.3,29,1.2375025026943876,21.0,0.19980019980019303,29.0,-1.6104374127672179
2016-03-14,236.803,24.0,99.5,1,1.2375025026943876,24.0,0.20140986908359082,1.0,-1.6024132974971075
2016-03-15,236.803,25.0,99.5,2,1.2375025026943876,25.0,0.20140986908359082,2.0,-1.6024132974971075
2016-03-16,237.707,0.0,99.5,3,0.8472775790126619,0.0,0.20140986908359082,3.0,-1.6024132974971075
2016-03-17,237.707,1.0,99.5,4,0.8472775790126619,1.0,0.20140986908359082,4.0,-1.6024132974971075
2016-03-18,237.707,2.0,99.5,5,0.8472775790126619,2.0,0.20140986908359082,5.0,-1.6024132974971075
2016-03-21,237.707,5.0,99.5,8,0.8472775790126619,5.0,0.20140986908359082,8.0,-1.6024132974971075
2016-03-22,237.707,6.0,99.5,9,0.8472775790126619,6.0,0.20140986908359082,9.0,-1.6024132974971075
2016-03-23,237.707,7.0,99.5,10,0.8472775790126619,7.0,0.20140986908359082,10.0,-1.6024132974971075
2016-03-24,237.707,8.0,99.5,11,0.8472775790126619,8.0,0.20140986908359082,11.0,-1.6024132974971075
2016-03-25,237.707,9.0,99.5,12,0.8472775790126619,9.0,0.20140986908359082,12.0,-1.6024132974971075
2016-03-28,237.707,12.0,99.5,15,0.8472775790126619,12.0,0.20140986908359082,15.0,-1.6024132974971075
2016-03-29,237.707,13.0,99.5,16,0.8472775790126619,13.0,0.20140986908359082,16.0,-1.6024132974971075
2016-03-30,237.707,14.0,99.5,17,0.8472775790126619,14.0,0.20140986908359082,17.0,-1.6024132974971075
2016-03-31,237.707,15.0,99.5,18,0.8472775790126619,15.0,0.20140986908359082,18.0,-1.6024132974971075
2016-04-01,237.707,16.0,99.5,19,0.8472775790126619,16.0,0.20140986908359082,19.0,-1.6024132974971075
2016-04-04,237.707,19.0,99.5,22,0.8472775790126619,19.0,0.20140986908359082,22.0,-1.6024132974971075
2016-04-05,237.707,20.0,99.5,23,0.8472775790126619,20.0,0.20140986908359082,23.0,-1.6024132974971075
2016-04-06,237.707,21.0,99.5,24,0.8472775790126619,21.0,0.20140986908359082,24.0,-1.6024132974971075
2016-04-07,237.707,22.0,99.5,25,0.8472775790126619,22.0,0.20140986908359082,25.0,-1.6024132974971075
2016-04-08,237.707,23.0,99.5,26,0.8472775790126619,23.0,0.20140986908359082,26.0,-1.6024132974971075
2016-04-11,237.707,26.0,99.8,0,0.8472775790126619,26.0,0.3015075376884502,0.0,-1.1989602625023652
2016-04-12,237.707,27.0,99.8,1,0.8472775790126619,27.0,0.3015075376884502,1.0,-1.1989602625023652
2016-04-13,237.707,28.0,99.8,2,0.8472775790126619,28.0,0.3015075376884502,2.0,-1.1989602625023652
2016-04-14,237.92,0.0,99.8,3,0.8916160965521946,0.0,0.3015075376884502,3.0,-1.1989602625023652
2016-04-15,237.92,1.0,99.8,4,0.8916160965521946,1.0,0.3015075376884502,4.0,-1.1989602625023652
2016-04-18,237.92,4.0,99.8,7,0.8916160965521946,4.0,0.3015075376884502,7.0,-1.1989602625023652
2016-04-19,237.92,5.0,99.8,8,0.8916160965521946,5.0,0.3015075376884502,8.0,-1.1989602625023652
2016-04-20,237.92,6.0,99.8,9,0.8916160965521946,6.0,0.3015075376884502,9.0,-1.1989602625023652
2016-04-21,237.92,7.0,99.8,10,0.8916160965521946,7.0,0.3015075376884502,10.0,-1.1989602625023652
2016-04-22,237.92,8.0,99.8,11,0.8916160965521946,8.0,0.3015075376884502,11.0,-1.1989602625023652
2016-04-25,237.92,11.0,99.8,14,0.8916160965521946,11.0,0.3015075376884502,14.0,-1.1989602625023652
2016-04-26,237.92,12.0,99.8,15,0.8916160965521946,12.0,0.3015075376884502,15.0,-1.1989602625023652
2016-04-27,237.92,13.0,99.8,16,0.8916160965521946,13.0,0.3015075376884502,16.0,-1.1989602625023652
2016-04-28,237.92,14.0,99.8,17,0.8916160965521946,14.0,0.3015075376884502,17.0,-1.1989602625023652
2016-04-29,237.92,15.0,99.8,18,0.8916160965521946,15.0,0.3015075376884502,18.0,-1.1989602625023652
2016-05-02,237.92,18.0,99.8,21,0.8916160965521946,18.0,0.3015075376884502,21.0,-1.1989602625023652
2016-05-03,237.92,19.0,99.8,22,0.8916160965521946,19.0,0.3015075376884502,22.0,-1.1989602625023652
2016-05-04,237.92,20.0,99.8,23,0.8916160965521946,20.0,0.3015075376884502,23.0,-1.1989602625023652
2016-05-05,237.92,21.0,99.8,24,0.8916160965521946,21.0,0.3015075376884502,24.0,-1.1989602625023652
2016-05-06,237.92,22.0,99.8,25,0.8916160965521946,22.0,0.3015075376884502,25.0,-1.1989602625023652
2016-05-09,237.92,25.0,99.8,28,0.8916160965521946,25.0,0.3015075376884502,28.0,-1.1989602625023652
2016-05-10,237.92,26.0,99.8,29,0.8916160965521946,26.0,0.3015075376884502,29.0,-1.1989602625023652
2016-05-11,237.92,27.0,99.8,30,0.8916160965521946,27.0,0.3015075376884502,30.0,-1.1989602625023652
2016-05-12,237.92,28.0,100.2,0,0.8916160965521946,28.0,0.5015045135406293,0.0,-0.6901426715396317
2016-05-13,237.92,29.0,100.2,1,0.8916160965521946,29.0,0.5015045135406293,1.0,-0.6901426715396317
2016-05-16,237.92,32.0,100.2,4,0.8916160965521946,32.0,0.5015045135406293,4.0,-0.6901426715396317
2016-05-17,238.89,0.0,100.2,5,1.1726257503534843,0.0,0.5015045135406293,5.0,-0.6901426715396317
2016-05-18,238.89,1.0,100.2,6,1.1726257503534843,1.0,0.5015045135406293,6.0,-0.6901426715396317
2016-05-19,238.89,2.0,100.2,7,1.1726257503534843,2.0,0.5015045135406293,7.0,-0.6901426715396317
2016-05-20,238.89,3.0,100.2,8,1.1726257503534843,3.0,0.5015045135406293,8.0,-0.6901426715396317
2016-05-23,238.89,6.0,100.2,11,1.1726257503534843,6.0,0.5015045135406293,11.0,-0.6901426715396317
2016-05-24,238.89,7.0,100.2,12,1.1726257503534843,7.0,0.5015045135406293,12.0,-0.6901426715396317
2016-05-25,238.89,8.0,100.2,13,1.1726257503534843,8.0,0.5015045135406293,13.0,-0.6901426715396317
2016-05-26,238.89,9.0,100.2,14,1.1726257503534843,9.0,0.5015045135406293,14.0,-0.6901426715396317
2016-05-27,238.89,10.0,100.2,15,1.1726257503534843,10.0,0.5015045135406293,15.0,-0.6901426715396317
2016-05-30,238.89,13.0,100.2,18,1.1726257503534843,13.0,0.5015045135406293,18.0,-0.6901426715396317
2016-05-31,238.89,14.0,100.2,19,1.1726257503534843,14.0,0.5015045135406293,19.0,-0.6901426715396317
2016-06-01,238.89,15.0,100.2,20,1.1726257503534843,15.0,0.5015045135406293,20.0,-0.6901426715396317
2016-06-02,238.89,16.0,100.2,21,1.1726257503534843,16.0,0.5015045135406293,21.0,-0.6901426715396317
2016-06-03,238.89,17.0,100.2,22,1.1726257503534843,17.0,0.5015045135406293,22.0,-0.6901426715396317
2016-06-06,238.89,20.0,100.2,25,1.1726257503534843,20.0,0.5015045135406293,25.0,-0.6901426715396317
2016-06-07,238.89,21.0,100.2,26,1.1726257503534843,21.0,0.5015045135406293,26.0,-0.6901426715396317
2016-06-08,238.89,22.0,100.2,27,1.1726257503534843,22.0,0.5015045135406293,27.0,-0.6901426715396317
2016-06-09,238.89,23.0,100.2,28,1.1726257503534843,23.0,0.5015045135406293,28.0,-0.6901426715396317
2016-06-10,238.89,24.0,100.2,29,1.1726257503534843,24.0,0.5015045135406293,29.0,-0.6901426715396317
2016-06-13,238.89,27.0,100.2,2,1.1726257503534843,27.0,0.30030030030030463,2.0,-1.2029723039923381
2016-06-14,238.89,28.0,100.2,3,1.1726257503534843,28.0,0.30030030030030463,3.0,-1.2029723039923381
2016-06-15,238.89,29.0,100.2,4,1.1726257503534843,29.0,0.30030030030030463,4.0,-1.2029723039923381
2016-06-16,239.41,0.0,100.2,5,1.0784764621246223,0.0,0.30030030030030463,5.0,-1.2029723039923381
2016-06-17,239.41,1.0,100.2,6,1.0784764621246223,1.0,0.30030030030030463,6.0,-1.2029723039923381
2016-06-20,239.41,4.0,100.2,9,1.0784764621246223,4.0,0.30030030030030463,9.0,-1.2029723039923381
2016-06-21,239.41,5.0,100.2,10,1.0784764621246223,5.0,0.30030030030030463,10.0,-1.2029723039923381
2016-06-22,239.41,6.0,100.2,11,1.0784764621246223,6.0,0.30030030030030463,11.0,-1.2029723039923381
2016-06-23,239.41,7.0,100.2,12,1.0784764621246223,7.0,0.30030030030030463,12.0,-1.2029723039923381
2016-06-24,239.41,8.0,100.2,13,1.0784764621246223,8.0,0.30030030030030463,13.0,-1.2029723039923381
2016-06-27,239.41,11.0,100.2,16,1.0784764621246223,11.0,0.30030030030030463,16.0,-1.2029723039923381
2016-06-28,239.41,12.0,100.2,17,1.0784764621246223,12.0,0.30030030030030463,17.0,-1.2029723039923381
2016-06-29,239.41,13.0,100.2,18,1.0784764621246223,13.0,0.30030030030030463,18.0,-1.2029723039923381
2016-06-30,239.41,14.0,100.2,19,1.0784764621246223,14.0,0.30030030030030463,19.0,-1.2029723039923381
2016-07-01,239.41,15.0,100.2,20,1.0784764621246223,15.0,0.30030030030030463,20.0,-1.2029723039923381
2016-07-04,239.41,18.0,100.2,23,1.0784764621246223,18.0,0.30030030030030463,23.0,-1.2029723039923381
2016-07-05,239.41,19.0,100.2,24,1.0784764621246223,19.0,0.30030030030030463,24.0,-1.2029723039923381
2016-07-06,239.41,20.0,100.2,25,1.0784764621246223,20.0,0.30030030030030463,25.0,-1.2029723039923381
2016-07-07,239.41,21.0,100.2,26,1.0784764621246223,21.0,0.30030030030030463,26.0,-1.2029723039923381
2016-07-08,239.41,22.0,100.2,27,1.0784764621246223,22.0,0.30030030030030463,27.0,-1.2029723039923381
2016-07-11,239.41,25.0,100.2,30,1.0784764621246223,25.0,0.30030030030030463,30.0,-1.2029723039923381
2016-07-12,239.41,26.0,100.4,0,1.0784764621246223,26.0,0.29970029970030065,0.0,-1.2049723046590164
2016-07-13,239.41,27.0,100.4,1,1.0784764621246223,27.0,0.29970029970030065,1.0,-1.2049723046590164
2016-07-14,239.41,28.0,100.4,2,1.0784764621246223,28.0,0.29970029970030065,2.0,-1.2049723046590164
2016-07-15,239.927,0.0,100.4,3,1.0792865347959424,0.0,0.29970029970030065,3.0,-1.2049723046590164
2016-07-18,239.927,3.0,100.4,6,1.0792865347959424,3.0,0.29970029970030065,6.0,-1.2049723046590164
2016-07-19,239.927,4.0,100.4,7,1.0792865347959424,4.0,0.29970029970030065,7.0,-1.2049723046590164
2016-07-20,239.927,5.0,100.4,8,1.0792865347959424,5.0,0.29970029970030065,8.0,-1.2049723046590164
2016-07-21,239.927,6.0,100.4,9,1.0792865347959424,6.0,0.29970029970030065,9.0,-1.2049723046590164
2016-07-22,239.927,7.0,100.4,10,1.0792865347959424,7.0,0.29970029970030065,10.0,-1.2049723046590164
2016-07-25,239.927,10.0,100.4,13,1.0792865347959424,10.0,0.29970029970030065,13.0,-1.2049723046590164
2016-07-26,239.927,11.0,100.4,14,1.0792865347959424,11.0,0.29970029970030065,14.0,-1.2049723046590164
2016-07-27,239.927,12.0,100.4,15,1.0792865347959424,12.0,0.29970029970030065,15.0,-1.2049723046590164
2016-07-28,239.927,13.0,100.4,16,1.0792865347959424,13.0,0.29970029970030065,16.0,-1.2049723046590164
2016-07-29,239.927,14.0,100.4,17,1.0792865347959424,14.0,0.29970029970030065,17.0,-1.2049723046590164
2016-08-01,239.927,17.0,100.4,20,1.0792865347959424,17.0,0.29970029970030065,20.0,-1.2049723046590164
2016-08-02,239.927,18.0,100.4,21,1.0792865347959424,18.0,0.29970029970030065,21.0,-1.2049723046590164
2016-08-03,239.927,19.0,100.4,22,1.0792865347959424,19.0,0.29970029970030065,22.0,-1.2049723046590164
2016-08-04,239.927,20.0,100.4,23,1.0792865347959424,20.0,0.29970029970030065,23.0,-1.2049723046590164
2016-08-05,239.927,21.0,100.4,24,1.0792865347959424,21.0,0.29970029970030065,24.0,-1.2049723046590164
2016-08-08,239.927,24.0,100.4,27,1.0792865347959424,24.0,0.29970029970030065,27.0,-1.2049723046590164
2016-08-09,239.927,25.0,100.4,28,1.0792865347959424,25.0,0.29970029970030065,28.0,-1.2049723046590164
2016-08-10,239.927,26.0,100.4,29,1.0792865347959424,26.0,0.29970029970030065,29.0,-1.2049723046590164
2016-08-11,239.927,27.0,100.6,0,1.0792865347959424,27.0,0.39920159680637557,0.0,-0.9182887345368573
2016-08-12,239.927,28.0,100.6,1,1.0792865347959424,28.0,0.39920159680637557,1.0,-0.9182887345368573
2016-08-15,239.927,31.0,100.6,4,1.0792865347959424,31.0,0.39920159680637557,4.0,-0.9182887345368573
2016-08-16,239.828,0.0,100.6,5,0.8683633430518256,0.0,0.39920159680637557,5.0,-0.9182887345368573
2016-08-17,239.828,1.0,100.6,6,0.8683633430518256,1.0,0.39920159680637557,6.0,-0.9182887345368573
2016-08-18,239.828,2.0,100.6,7,0.8683633430518256,2.0,0.39920159680637557,7.0,-0.9182887345368573
2016-08-19,239.828,3.0,100.6,8,0.8683633430518256,3.0,0.39920159680637557,8.0,-0.9182887345368573
2016-08-22,239.828,6.0,100.6,11,0.8683633430518256,6.0,0.39920159680637557,11.0,-0.9182887345368573
2016-08-23,239.828,7.0,100.6,12,0.8683633430518256,7.0,0.39920159680637557,12.0,-0.9182887345368573
2016-08-24,239.828,8.0,100.6,13,0.8683633430518256,8.0,0.39920159680637557,13.0,-0.9182887345368573
2016-08-25,239.828,9.0,100.6,14,0.8683633430518256,9.0,0.39920159680637557,14.0,-0.9182887345368573
2016-08-26,239.828,10.0,100.6,15,0.8683633430518256,10.0,0.39920159680637557,15.0,-0.9182887345368573
2016-08-29,239.828,13.0,100.6,18,0.8683633430518256,13.0,0.39920159680637557,18.0,-0.9182887345368573
2016-08-30,239.828,14.0,100.6,19,0.8683633430518256,14.0,0.39920159680637557,19.0,-0.9182887345368573
2016-08-31,239.828,15.0,100.6,20,0.8683633430518256,15.0,0.39920159680637557,20.0,-0.9182887345368573
2016-09-01,239.828,16.0,100.6,21,0.8683633430518256,16.0,0.39920159680637557,21.0,-0.9182887345368573
2016-09-02,239.828,17.0,100.6,22,0.8683633430518256,17.0,0.39920159680637557,22.0,-0.9182887345368573
2016-09-05,239.828,20.0,100.6,25,0.8683633430518256,20.0,0.39920159680637557,25.0,-0.9182887345368573
2016-09-06,239.828,21.0,100.6,26,0.8683633430518256,21.0,0.39920159680637557,26.0,-0.9182887345368573
2016-09-07,239.828,22.0,100.6,27,0.8683633430518256,22.0,0.39920159680637557,27.0,-0.9182887345368573
2016-09-08,239.828,23.0,100.6,28,0.8683633430518256,23.0,0.39920159680637557,28.0,-0.9182887345368573
2016-09-09,239.828,24.0,100.6,29,0.8683633430518256,24.0,0.39920159680637557,29.0,-0.9182887345368573
2016-09-12,239.828,27.0,100.6,1,0.8683633430518256,27.0,0.6000000000000005,1.0,-0.5108256237659898
2016-09-13,239.828,28.0,100.6,2,0.8683633430518256,28.0,0.6000000000000005,2.0,-0.5108256237659898
2016-09-14,239.828,29.0,100.6,3,0.8683633430518256,29.0,0.6000000000000005,3.0,-0.5108256237659898
2016-09-15,239.828,30.0,100.6,4,0.8683633430518256,30.0,0.6000000000000005,4.0,-0.5108256237659898
2016-09-16,240.305,0.0,100.6,5,1.0553158595656864,0.0,0.6000000000000005,5.0,-0.5108256237659898
2016-09-19,240.305,3.0,100.6,8,1.0553158595656864,3.0,0.6000000000000005,8.0,-0.5108256237659898
2016-09-20,240.305,4.0,100.6,9,1.0553158595656864,4.0,0.6000000000000005,9.0,-0.5108256237659898
2016-09-21,240.305,5.0,100.6,10,1.0553158595656864,5.0,0.6000000000000005,10.0,-0.5108256237659898
2016-09-22,240.305,6.0,100.6,11,1.0553158595656864,6.0,0.6000000000000005,11.0,-0.5108256237659898
2016-09-23,240.305,7.0,100.6,12,1.0553158595656864,7.0,0.6000000000000005,12.0,-0.5108256237659898
2016-09-26,240.305,10.0,100.6,15,1.0553158595656864,10.0,0.6000000000000005,15.0,-0.5108256237659898
2016-09-27,240.305,11.0,100.6,16,1.0553158595656864,11.0,0.6000000000000005,16.0,-0.5108256237659898
2016-09-28,240.305,12.0,100.6,17,1.0553158595656864,12.0,0.6000000000000005,17.0,-0.5108256237659898
2016-09-29,240.305,13.0,100.6,18,1.0553158595656864,13.0,0.6000000000000005,18.0,-0.5108256237659898
2016-09-30,240.305,14.0,100.6,19,1.0553158595656864,14.0,0.6000000000000005,19.0,-0.5108256237659898
2016-10-03,240.305,17.0,100.6,22,1.0553158595656864,17.0,0.6000000000000005,22.0,-0.5108256237659898
2016-10-04,240.305,18.0,100.6,23,1.0553158595656864,18.0,0.6000000000000005,23.0,-0.5108256237659898
2016-10-05,240.305,19.0,100.6,24,1.0553158595656864,19.0,0.6000000000000005,24.0,-0.5108256237659898
2016-10-06,240.305,20.0,100.6,25,1.0553158595656864,20.0,0.6000000000000005,25.0,-0.5108256237659898
2016-10-07,240.305,21.0,100.6,26,1.0553158595656864,21.0,0.6000000000000005,26.0,-0.5108256237659898
2016-10-10,240.305,24.0,100.6,29,1.0553158595656864,24.0,0.6000000000000005,29.0,-0.5108256237659898
2016-10-11,240.305,25.0,100.6,30,1.0553158595656864,25.0,0.6000000000000005,30.0,-0.5108256237659898
2016-10-12,240.305,26.0,100.9,0,1.0553158595656864,26.0,0.5982053838484713,0.0,-0.5138211327457612
2016-10-13,240.305,27.0,100.9,1,1.0553158595656864,27.0,0.5982053838484713,1.0,-0.5138211327457612
2016-10-14,240.305,28.0,100.9,2,1.0553158595656864,28.0,0.5982053838484713,2.0,-0.5138211327457612
2016-10-17,240.305,31.0,100.9,5,1.0553158595656864,31.0,0.5982053838484713,5.0,-0.5138211327457612
2016-10-18,239.907,0.0,100.9,6,1.5486446201652182,0.0,0.5982053838484713,6.0,-0.5138211327457612
2016-10-19,239.907,1.0,100.9,7,1.5486446201652182,1.0,0.5982053838484713,7.0,-0.5138211327457612
2016-10-20,239.907,2.0,100.9,8,1.5486446201652182,2.0,0.5982053838484713,8.0,-0.5138211327457612
2016-10-21,239.907,3.0,100.9,9,1.5486446201652182,3.0,0.5982053838484713,9.0,-0.5138211327457612
2016-10-24,239.907,6.0,100.9,12,1.5486446201652182,6.0,0.5982053838484713,12.0,-0.5138211327457612
2016-10-25,239.907,7.0,100.9,13,1.5486446201652182,7.0,0.5982053838484713,13.0,-0.5138211327457612
2016-10-26,239.907,8.0,100.9,14,1.5486446201652182,8.0,0.5982053838484713,14.0,-0.5138211327457612
2016-10-27,239.907,9.0,100.9,15,1.5486446201652182,9.0,0.5982053838484713,15.0,-0.5138211327457612
2016-10-28,239.907,10.0,100.9,16,1.5486446201652182,10.0,0.5982053838484713,16.0,-0.5138211327457612
2016-10-31,239.907,13.0,100.9,19,1.5486446201652182,13.0,0.5982053838484713,19.0,-0.5138211327457612
2016-11-01,239.907,14.0,100.9,20,1.5486446201652182,14.0,0.5982053838484713,20.0,-0.5138211327457612
2016-11-02,239.907,15.0,100.9,21,1.5486446201652182,15.0,0.5982053838484713,21.0,-0.5138211327457612
2016-11-03,239.907,16.0,100.9,22,1.5486446201652182,16.0,0.5982053838484713,22.0,-0.5138211327457612
2016-11-04,239.907,17.0,100.9,23,1.5486446201652182,17.0,0.5982053838484713,23.0,-0.5138211327457612
2016-11-07,239.907,20.0,100.9,26,1.5486446201652182,20.0,0.5982053838484713,26.0,-0.5138211327457612
2016-11-08,239.907,21.0,100.9,27,1.5486446201652182,21.0,0.5982053838484713,27.0,-0.5138211327457612
2016-11-09,239.907,22.0,100.9,28,1.5486446201652182,22.0,0.5982053838484713,28.0,-0.5138211327457612
2016-11-10,239.907,23.0,100.9,29,1.5486446201652182,23.0,0.5982053838484713,29.0,-0.5138211327457612
2016-11-11,239.907,24.0,101.1,0,1.5486446201652182,24.0,0.8982035928143617,0.0,-0.10735851832051002
2016-11-14,239.907,27.0,101.1,3,1.5486446201652182,27.0,0.8982035928143617,3.0,-0.10735851832051002
2016-11-15,239.907,28.0,101.1,4,1.5486446201652182,28.0,0.8982035928143617,4.0,-0.10735851832051002
2016-11-16,239.907,29.0,101.1,5,1.5486446201652182,29.0,0.8982035928143617,5.0,-0.10735851832051002
2016-11-17,241.863,0.0,101.1,6,1.685924966243646,0.0,0.8982035928143617,6.0,-0.10735851832051002
2016-11-18,241.863,1.0,101.1,7,1.685924966243646,1.0,0.8982035928143617,7.0,-0.10735851832051002
2016-11-21,241.863,4.0,101.1,10,1.685924966243646,4.0,0.8982035928143617,10.0,-0.10735851832051002
2016-11-22,241.863,5.0,101.1,11,1.685924966243646,5.0,0.8982035928143617,11.0,-0.10735851832051002
2016-11-23,241.863,6.0,101.1,12,1.685924966243646,6.0,0.8982035928143617,12.0,-0.10735851832051002
2016-11-24,241.863,7.0,101.1,13,1.685924966243646,7.0,0.8982035928143617,13.0,-0.10735851832051002
2016-11-25,241.863,8.0,101.1,14,1.685924966243646,8.0,0.8982035928143617,14.0,-0.10735851832051002
2016-11-28,241.863,11.0,101.1,17,1.685924966243646,11.0,0.8982035928143617,17.0,-0.10735851832051002
2016-11-29,241.863,12.0,101.1,18,1.685924966243646,12.0,0.8982035928143617,18.0,-0.10735851832051002
2016-11-30,241.863,13.0,101.1,19,1.685924966243646,13.0,0.8982035928143617,19.0,-0.10735851832051002
2016-12-01,241.863,14.0,101.1,20,1.685924966243646,14.0,0.8982035928143617,20.0,-0.10735851832051002
2016-12-02,241.863,15.0,101.1,21,1.685924966243646,15.0,0.8982035928143617,21.0,-0.10735851832051002
2016-12-05,241.863,18.0,101.1,24,1.685924966243646,18.0,0.8982035928143617,24.0,-0.10735851832051002
2016-12-06,241.863,19.0,101.1,25,1.685924966243646,19.0,0.8982035928143617,25.0,-0.10735851832051002
2016-12-07,241.863,20.0,101.1,26,1.685924966243646,20.0,0.8982035928143617,26.0,-0.10735851832051002
2016-12-08,241.863,21.0,101.1,27,1.685924966243646,21.0,0.8982035928143617,27.0,-0.10735851832051002
2016-12-09,241.863,22.0,101.1,28,1.685924966243646,22.0,0.8982035928143617,28.0,-0.10735851832051002
2016-12-12,241.863,25.0,101.2,0,1.685924966243646,25.0,0.8973080757726848,0.0,-0.10835602463762162
2016-12-13,241.863,26.0,101.2,1,1.685924966243646,26.0,0.8973080757726848,1.0,-0.10835602463762162
2016-12-14,241.863,27.0,101.2,2,1.685924966243646,27.0,0.8973080757726848,2.0,-0.10835602463762162
2016-12-15,242.348,0.0,101.2,3,1.6843334719788938,0.0,0.8973080757726848,3.0,-0.10835602463762162
2016-12-16,242.348,1.0,101.2,4,1.6843334719788938,1.0,0.8973080757726848,4.0,-0.10835602463762162
2016-12-19,242.348,4.0,101.2,7,1.6843334719788938,4.0,0.8973080757726848,7.0,-0.10835602463762162
2016-12-20,242.348,5.0,101.2,8,1.6843334719788938,5.0,0.8973080757726848,8.0,-0.10835602463762162
2016-12-21,242.348,6.0,101.2,9,1.6843334719788938,6.0,0.8973080757726848,9.0,-0.10835602463762162
2016-12-22,242.348,7.0,101.2,10,1.6843334719788938,7.0,0.8973080757726848,10.0,-0.10835602463762162
2016-12-23,242.348,8.0,101.2,11,1.6843334719788938,8.0,0.8973080757726848,11.0,-0.10835602463762162
2016-12-26,242.348,11.0,101.2,14,1.6843334719788938,11.0,0.8973080757726848,14.0,-0.10835602463762162
2016-12-27,242.348,12.0,101.2,15,1.6843334719788938,12.0,0.8973080757726848,15.0,-0.10835602463762162
2016-12-28,242.348,13.0,101.2,16,1.6843334719788938,13.0,0.8973080757726848,16.0,-0.10835602463762162
2016-12-29,242.348,14.0,101.2,17,1.6843334719788938,14.0,0.8973080757726848,17.0,-0.10835602463762162
2016-12-30,242.348,15.0,101.2,18,1.6843334719788938,15.0,0.8973080757726848,18.0,-0.10835602463762162
2017-01-02,242.348,18.0,101.2,21,1.6843334719788938,18.0,0.8973080757726848,21.0,-0.10835602463762162
2017-01-03,242.348,19.0,101.2,22,1.6843334719788938,19.0,0.8973080757726848,22.0,-0.10835602463762162
2017-01-04,242.348,20.0,101.2,23,1.6843334719788938,20.0,0.8973080757726848,23.0,-0.10835602463762162
2017-01-05,242.348,21.0,101.2,24,1.6843334719788938,21.0,0.8973080757726848,24.0,-0.10835602463762162
2017-01-06,242.348,22.0,101.2,25,1.6843334719788938,22.0,0.8973080757726848,25.0,-0.10835602463762162
2017-01-09,242.348,25.0,101.2,28,1.6843334719788938,25.0,0.8973080757726848,28.0,-0.10835602463762162
2017-01-10,242.348,26.0,101.2,29,1.6843334719788938,26.0,0.8973080757726848,29.0,-0.10835602463762162
2017-01-11,242.348,27.0,101.4,0,1.6843334719788938,27.0,1.0967098703888345,0.0,0.0923146708245273
2017-01-12,242.348,28.0,101.4,1,1.6843334719788938,28.0,1.0967098703888345,1.0,0.0923146708245273
2017-01-13,242.348,29.0,101.4,2,1.6843334719788938,29.0,1.0967098703888345,2.0,0.0923146708245273
2017-01-16,242.348,32.0,101.4,5,1.6843334719788938,32.0,1.0967098703888345,5.0,0.0923146708245273
2017-01-17,242.348,33.0,101.4,6,1.6843334719788938,33.0,1.0967098703888345,6.0,0.0923146708245273
2017-01-18,243.032,0.0,101.4,7,2.0507989115119862,0.0,1.0967098703888345,7.0,0.0923146708245273
2017-01-19,243.032,1.0,101.4,8,2.0507989115119862,1.0,1.0967098703888345,8.0,0.0923146708245273
2017-01-20,243.032,2.0,101.4,9,2.0507989115119862,2.0,1.0967098703888345,9.0,0.0923146708245273
2017-01-23,243.032,5.0,101.4,12,2.0507989115119862,5.0,1.0967098703888345,12.0,0.0923146708245273
2017-01-24,243.032,6.0,101.4,13,2.0507989115119862,6.0,1.0967098703888345,13.0,0.0923146708245273
2017-01-25,243.032,7.0,101.4,14,2.0507989115119862,7.0,1.0967098703888345,14.0,0.0923146708245273
2017-01-26,243.032,8.0,101.4,15,2.0507989115119862,8.0,1.0967098703888345,15.0,0.0923146708245273
2017-01-27,243.032,9.0,101.4,16,2.0507989115119862,9.0,1.0967098703888345,16.0,0.0923146708245273
2017-01-30,243.032,12.0,101.4,19,2.0507989115119862,12.0,1.0967098703888345,19.0,0.0923146708245273
2017-01-31,243.032,13.0,101.4,20,2.0507989115119862,13.0,1.0967098703888345,20.0,0.0923146708245273
2017-02-01,243.032,14.0,101.4,21,2.0507989115119862,14.0,1.0967098703888345,21.0,0.0923146708245273
2017-02-02,243.032,15.0,101.4,22,2.0507989115119862,15.0,1.0967098703888345,22.0,0.0923146708245273
2017-02-03,243.032,16.0,101.4,23,2.0507989115119862,16.0,1.0967098703888345,23.0,0.0923146708245273
2017-02-06,243.032,19.0,101.4,26,2.0507989115119862,19.0,1.0967098703888345,26.0,0.0923146708245273
2017-02-07,243.032,20.0,101.4,27,2.0507989115119862,20.0,1.0967098703888345,27.0,0.0923146708245273
2017-02-08,243.032,21.0,101.4,28,2.0507989115119862,21.0,1.0967098703888345,28.0,0.0923146708245273
2017-02-09,243.032,22.0,101.4,29,2.0507989115119862,22.0,1.0967098703888345,29.0,0.0923146708245273
2017-02-10,243.032,23.0,101.4,30,2.0507989115119862,23.0,1.0967098703888345,30.0,0.0923146708245273
2017-02-13,238.153,0.0,101.9,2,2.0507989115119862,26.0,1.5952143569292199,2.0,0.4670081202659418
2017-02-14,238.153,1.0,101.9,3,2.0507989115119862,27.0,1.5952143569292199,3.0,0.4670081202659418
2017-02-15,244.158,0.0,101.9,4,2.5103933482571117,0.0,1.5952143569292199,4.0,0.4670081202659418
2017-02-16,244.158,1.0,101.9,5,2.5103933482571117,1.0,1.5952143569292199,5.0,0.4670081202659418
2017-02-17,244.158,2.0,101.9,6,2.5103933482571117,2.0,1.5952143569292199,6.0,0.4670081202659418
2017-02-20,244.158,5.0,101.9,9,2.5103933482571117,5.0,1.5952143569292199,9.0,0.4670081202659418
2017-02-21,244.158,6.0,101.9,10,2.5103933482571117,6.0,1.5952143569292199,10.0,0.4670081202659418
2017-02-22,244.158,7.0,101.9,11,2.5103933482571117,7.0,1.5952143569292199,11.0,0.4670081202659418
2017-02-23,244.158,8.0,101.9,12,2.5103933482571117,8.0,1.5952143569292199,12.0,0.4670081202659418
2017-02-24,244.158,9.0,101.9,13,2.5103933482571117,9.0,1.5952143569292199,13.0,0.4670081202659418
2017-02-27,244.158,12.0,101.9,16,2.5103933482571117,12.0,1.5952143569292199,16.0,0.4670081202659418
2017-02-28,244.158,13.0,101.9,17,2.5103933482571117,13.0,1.5952143569292199,17.0,0.4670081202659418
2017-03-01,244.158,14.0,101.9,18,2.5103933482571117,14.0,1.5952143569292199,18.0,0.4670081202659418
2017-03-02,244.158,15.0,101.9,19,2.5103933482571117,15.0,1.5952143569292199,19.0,0.4670081202659418
2017-03-03,244.158,16.0,101.9,20,2.5103933482571117,16.0,1.5952143569292199,20.0,0.4670081202659418
2017-03-06,244.158,19.0,101.9,23,2.5103933482571117,19.0,1.5952143569292199,23.0,0.4670081202659418
2017-03-07,244.158,20.0,101.9,24,2.5103933482571117,20.0,1.5952143569292199,24.0,0.4670081202659418
2017-03-08,244.158,21.0,101.9,25,2.5103933482571117,21.0,1.5952143569292199,25.0,0.4670081202659418
2017-03-09,244.158,22.0,101.9,26,2.5103933482571117,22.0,1.5952143569292199,26.0,0.4670081202659418
2017-03-10,244.158,23.0,101.9,27,2.5103933482571117,23.0,1.5952143569292199,27.0,0.4670081202659418
2017-03-13,244.158,26.0,101.9,30,2.5103933482571117,26.0,1.5952143569292199,30.0,0.4670081202659418
2017-03-14,244.158,27.0,101.4,0,2.5103933482571117,27.0,1.9095477386934734,0.0,0.6468664279959422
2017-03-15,244.456,0.0,101.4,1,2.8103616813294208,0.0,1.9095477386934734,1.0,0.6468664279959422
2017-03-16,244.456,1.0,101.4,2,2.8103616813294208,1.0,1.9095477386934734,2.0,0.6468664279959422
2017-03-17,244.456,2.0,101.4,3,2.8103616813294208,2.0,1.9095477386934734,3.0,0.6468664279959422
2017-03-20,244.456,5.0,101.4,6,2.8103616813294208,5.0,1.9095477386934734,6.0,0.6468664279959422
2017-03-21,244.456,6.0,101.4,7,2.8103616813294208,6.0,1.9095477386934734,7.0,0.6468664279959422
2017-03-22,244.456,7.0,101.4,8,2.8103616813294208,7.0,1.9095477386934734,8.0,0.6468664279959422
2017-03-23,244.456,8.0,101.4,9,2.8103616813294208,8.0,1.9095477386934734,9.0,0.6468664279959422
2017-03-24,244.456,9.0,101.4,10,2.8103616813294208,9.0,1.9095477386934734,10.0,0.6468664279959422
2017-03-27,244.456,12.0,101.4,13,2.8103616813294208,12.0,1.9095477386934734,13.0,0.6468664279959422
2017-03-28,244.456,13.0,101.4,14,2.8103616813294208,13.0,1.9095477386934734,14.0,0.6468664279959422
2017-03-29,244.456,14.0,101.4,15,2.8103616813294208,14.0,1.9095477386934734,15.0,0.6468664279959422
2017-03-30,244.456,15.0,101.4,16,2.8103616813294208,15.0,1.9095477386934734,16.0,0.6468664279959422
2017-03-31,244.456,16.0,101.4,17,2.8103616813294208,16.0,1.9095477386934734,17.0,0.6468664279959422
2017-04-03,244.456,19.0,101.4,20,2.8103616813294208,19.0,1.9095477386934734,20.0,0.6468664279959422
2017-04-04,244.456,20.0,101.4,21,2.8103616813294208,20.0,1.9095477386934734,21.0,0.6468664279959422
2017-04-05,244.456,21.0,101.4,22,2.8103616813294208,21.0,1.9095477386934734,22.0,0.6468664279959422
2017-04-06,244.456,22.0,101.4,23,2.8103616813294208,22.0,1.9095477386934734,23.0,0.6468664279959422
2017-04-07,244.456,23.0,101.4,24,2.8103616813294208,23.0,1.9095477386934734,24.0,0.6468664279959422
2017-04-10,244.456,26.0,101.4,27,2.8103616813294208,26.0,1.9095477386934734,27.0,0.6468664279959422
2017-04-11,244.456,27.0,102.1,0,2.8103616813294208,27.0,2.3046092184368705,0.0,0.8349111256057756
2017-04-12,244.456,28.0,102.1,1,2.8103616813294208,28.0,2.3046092184368705,1.0,0.8349111256057756
2017-04-13,244.456,29.0,102.1,2,2.8103616813294208,29.0,2.3046092184368705,2.0,0.8349111256057756
2017-04-14,243.752,0.0,102.1,3,2.44119623655914,0.0,2.3046092184368705,3.0,0.8349111256057756
2017-04-17,243.752,3.0,102.1,6,2.44119623655914,3.0,2.3046092184368705,6.0,0.8349111256057756
2017-04-18,243.752,4.0,102.1,7,2.44119623655914,4.0,2.3046092184368705,7.0,0.8349111256057756
2017-04-19,243.752,5.0,102.1,8,2.44119623655914,5.0,2.3046092184368705,8.0,0.8349111256057756
2017-04-20,243.752,6.0,102.1,9,2.44119623655914,6.0,2.3046092184368705,9.0,0.8349111256057756
2017-04-21,243.752,7.0,102.1,10,2.44119623655914,7.0,2.3046092184368705,10.0,0.8349111256057756
2017-04-24,243.752,10.0,102.1,13,2.44119623655914,10.0,2.3046092184368705,13.0,0.8349111256057756
2017-04-25,243.752,11.0,102.1,14,2.44119623655914,11.0,2.3046092184368705,14.0,0.8349111256057756
2017-04-26,243.752,12.0,102.1,15,2.44119623655914,12.0,2.3046092184368705,15.0,0.8349111256057756
2017-04-27,243.752,13.0,102.1,16,2.44119623655914,13.0,2.3046092184368705,16.0,0.8349111256057756
2017-04-28,243.752,14.0,102.1,17,2.44119623655914,14.0,2.3046092184368705,17.0,0.8349111256057756
2017-05-01,243.752,17.0,102.1,20,2.44119623655914,17.0,2.3046092184368705,20.0,0.8349111256057756
2017-05-02,243.752,18.0,102.1,21,2.44119623655914,18.0,2.3046092184368705,21.0,0.8349111256057756
2017-05-03,243.752,19.0,102.1,22,2.44119623655914,19.0,2.3046092184368705,22.0,0.8349111256057756
2017-05-04,243.752,20.0,102.1,23,2.44119623655914,20.0,2.3046092184368705,23.0,0.8349111256057756
2017-05-05,243.752,21.0,102.1,24,2.44119623655914,21.0,2.3046092184368705,24.0,0.8349111256057756
2017-05-08,243.752,24.0,102.1,27,2.44119623655914,24.0,2.3046092184368705,27.0,0.8349111256057756
2017-05-09,243.752,25.0,102.1,28,2.44119623655914,25.0,2.3046092184368705,28.0,0.8349111256057756
2017-05-10,243.752,26.0,102.1,29,2.44119623655914,26.0,2.3046092184368705,29.0,0.8349111256057756
2017-05-11,243.752,27.0,102.1,30,2.44119623655914,27.0,2.3046092184368705,30.0,0.8349111256057756
2017-05-12,244.158,0.0,102.5,0,2.176223471915395,0.0,2.2954091816367317,0.0,0.8309111202724332
2017-05-15,244.158,3.0,102.5,3,2.176223471915395,3.0,2.2954091816367317,3.0,0.8309111202724332
2017-05-16,244.158,4.0,102.5,4,2.176223471915395,4.0,2.2954091816367317,4.0,0.8309111202724332
2017-05-17,244.158,5.0,102.5,5,2.176223471915395,5.0,2.2954091816367317,5.0,0.8309111202724332
2017-05-18,244.158,6.0,102.5,6,2.176223471915395,6.0,2.2954091816367317,6.0,0.8309111202724332
2017-05-19,244.158,7.0,102.5,7,2.176223471915395,7.0,2.2954091816367317,7.0,0.8309111202724332
2017-05-22,244.158,10.0,102.5,10,2.176223471915395,10.0,2.2954091816367317,10.0,0.8309111202724332
2017-05-23,244.158,11.0,102.5,11,2.176223471915395,11.0,2.2954091816367317,11.0,0.8309111202724332
2017-05-24,244.158,12.0,102.5,12,2.176223471915395,12.0,2.2954091816367317,12.0,0.8309111202724332
2017-05-25,244.158,13.0,102.5,13,2.176223471915395,13.0,2.2954091816367317,13.0,0.8309111202724332
2017-05-26,244.158,14.0,102.5,14,2.176223471915395,14.0,2.2954091816367317,14.0,0.8309111202724332
2017-05-29,244.158,17.0,102.5,17,2.176223471915395,17.0,2.2954091816367317,17.0,0.8309111202724332
2017-05-30,244.158,18.0,102.5,18,2.176223471915395,18.0,2.2954091816367317,18.0,0.8309111202724332
2017-05-31,244.158,19.0,102.5,19,2.176223471915395,19.0,2.2954091816367317,19.0,0.8309111202724332
2017-06-01,244.158,20.0,102.5,20,2.176223471915395,20.0,2.2954091816367317,20.0,0.8309111202724332
2017-06-02,244.158,21.0,102.5,21,2.176223471915395,21.0,2.2954091816367317,21.0,0.8309111202724332
2017-06-05,244.158,24.0,102.5,24,2.176223471915395,24.0,2.2954091816367317,24.0,0.8309111202724332
2017-06-06,244.158,25.0,102.5,25,2.176223471915395,25.0,2.2954091816367317,25.0,0.8309111202724332
2017-06-07,244.158,26.0,102.5,26,2.176223471915395,26.0,2.2954091816367317,26.0,0.8309111202724332
2017-06-08,244.158,27.0,102.5,27,2.176223471915395,27.0,2.2954091816367317,27.0,0.8309111202724332
2017-06-09,244.158,28.0,102.5,28,2.176223471915395,28.0,2.2954091816367317,28.0,0.8309111202724332
2017-06-12,244.158,31.0,102.9,1,2.176223471915395,31.0,2.6946107784431073,1.0,0.9912537703476079
2017-06-13,244.158,32.0,102.9,2,2.176223471915395,32.0,2.6946107784431073,2.0,0.9912537703476079
2017-06-14,243.846,0.0,102.9,3,1.8563431667619756,0.0,2.6946107784431073,3.0,0.9912537703476079
2017-06-15,243.846,1.0,102.9,4,1.8563431667619756,1.0,2.6946107784431073,4.0,0.9912537703476079
2017-06-16,243.846,2.0,102.9,5,1.8563431667619756,2.0,2.6946107784431073,5.0,0.9912537703476079
2017-06-19,243.846,5.0,102.9,8,1.8563431667619756,5.0,2.6946107784431073,8.0,0.9912537703476079
2017-06-20,243.846,6.0,102.9,9,1.8563431667619756,6.0,2.6946107784431073,9.0,0.9912537703476079
2017-06-21,243.846,7.0,102.9,10,1.8563431667619756,7.0,2.6946107784431073,10.0,0.9912537703476079
2017-06-22,243.846,8.0,102.9,11,1.8563431667619756,8.0,2.6946107784431073,11.0,0.9912537703476079
2017-06-23,243.846,9.0,102.9,12,1.8563431667619756,9.0,2.6946107784431073,12.0,0.9912537703476079
2017-06-26,243.846,12.0,102.9,15,1.8563431667619756,12.0,2.6946107784431073,15.0,0.9912537703476079
2017-06-27,243.846,13.0,102.9,16,1.8563431667619756,13.0,2.6946107784431073,16.0,0.9912537703476079
2017-06-28,243.846,14.0,102.9,17,1.8563431667619756,14.0,2.6946107784431073,17.0,0.9912537703476079
2017-06-29,243.846,15.0,102.9,18,1.8563431667619756,15.0,2.6946107784431073,18.0,0.9912537703476079
2017-06-30,243.846,16.0,102.9,19,1.8563431667619756,16.0,2.6946107784431073,19.0,0.9912537703476079
2017-07-03,243.846,19.0,102.9,22,1.8563431667619756,19.0,2.6946107784431073,22.0,0.9912537703476079
2017-07-04,243.846,20.0,102.9,23,1.8563431667619756,20.0,2.6946107784431073,23.0,0.9912537703476079
2017-07-05,243.846,21.0,102.9,24,1.8563431667619756,21.0,2.6946107784431073,24.0,0.9912537703476079
2017-07-06,243.846,22.0,102.9,25,1.8563431667619756,22.0,2.6946107784431073,25.0,0.9912537703476079
2017-07-07,243.846,23.0,102.9,26,1.8563431667619756,23.0,2.6946107784431073,26.0,0.9912537703476079
2017-07-10,243.846,26.0,102.9,29,1.8563431667619756,26.0,2.6946107784431073,29.0,0.9912537703476079
2017-07-11,243.846,27.0,102.9,30,1.8563431667619756,27.0,2.6946107784431073,30.0,0.9912537703476079
2017-07-12,243.846,28.0,103.3,0,1.8563431667619756,28.0,2.8884462151394397,0.0,1.06071871572289
2017-07-13,243.846,29.0,103.3,1,1.8563431667619756,29.0,2.8884462151394397,1.0,1.06071871572289
2017-07-14,243.79,0.0,103.3,2,1.640565809959127,0.0,2.8884462151394397,2.0,1.06071871572289
2017-07-17,243.79,3.0,103.3,5,1.640565809959127,3.0,2.8884462151394397,5.0,1.06071871572289
2017-07-18,243.79,4.0,103.3,6,1.640565809959127,4.0,2.8884462151394397,6.0,1.06071871572289
2017-07-19,243.79,5.0,103.3,7,1.640565809959127,5.0,2.8884462151394397,7.0,1.06071871572289
2017-07-20,243.79,6.0,103.3,8,1.640565809959127,6.0,2.8884462151394397,8.0,1.06071871572289
2017-07-21,243.79,7.0,103.3,9,1.640565809959127,7.0,2.8884462151394397,9.0,1.06071871572289
2017-07-24,243.79,10.0,103.3,12,1.640565809959127,10.0,2.8884462151394397,12.0,1.06071871572289
2017-07-25,243.79,11.0,103.3,13,1.640565809959127,11.0,2.8884462151394397,13.0,1.06071871572289
2017-07-26,243.79,12.0,103.3,14,1.640565809959127,12.0,2.8884462151394397,14.0,1.06071871572289
2017-07-27,243.79,13.0,103.3,15,1.640565809959127,13.0,2.8884462151394397,15.0,1.06071871572289
2017-07-28,243.79,14.0,103.3,16,1.640565809959127,14.0,2.8884462151394397,16.0,1.06071871572289
2017-07-31,243.79,17.0,103.3,19,1.640565809959127,17.0,2.8884462151394397,19.0,1.06071871572289
2017-08-01,243.79,18.0,103.3,20,1.640565809959127,18.0,2.8884462151394397,20.0,1.06071871572289
2017-08-02,243.79,19.0,103.3,21,1.640565809959127,19.0,2.8884462151394397,21.0,1.06071871572289
2017-08-03,243.79,20.0,103.3,22,1.640565809959127,20.0,2.8884462151394397,22.0,1.06071871572289
2017-08-04,243.79,21.0,103.3,23,1.640565809959127,21.0,2.8884462151394397,23.0,1.06071871572289
2017-08-07,243.79,24.0,103.3,26,1.640565809959127,24.0,2.8884462151394397,26.0,1.06071871572289
2017-08-08,243.79,25.0,103.3,27,1.640565809959127,25.0,2.8884462151394397,27.0,1.06071871572289
2017-08-09,243.79,26.0,103.3,28,1.640565809959127,26.0,2.8884462151394397,28.0,1.06071871572289
2017-08-10,243.79,27.0,103.3,29,1.640565809959127,27.0,2.8884462151394397,29.0,1.06071871572289
2017-08-11,244.048,0.0,103.3,0,1.7251073506566073,0.0,2.6838966202783254,0.0,0.9872697013327342
2017-08-14,244.048,3.0,103.3,3,1.7251073506566073,3.0,2.6838966202783254,3.0,0.9872697013327342
2017-08-15,244.048,4.0,103.3,4,1.7251073506566073,4.0,2.6838966202783254,4.0,0.9872697013327342
2017-08-16,244.048,5.0,103.3,5,1.7251073506566073,5.0,2.6838966202783254,5.0,0.9872697013327342
2017-08-17,244.048,6.0,103.3,6,1.7251073506566073,6.0,2.6838966202783254,6.0,0.9872697013327342
2017-08-18,244.048,7.0,103.3,7,1.7251073506566073,7.0,2.6838966202783254,7.0,0.9872697013327342
2017-08-21,244.048,10.0,103.3,10,1.7251073506566073,10.0,2.6838966202783254,10.0,0.9872697013327342
2017-08-22,244.048,11.0,103.3,11,1.7251073506566073,11.0,2.6838966202783254,11.0,0.9872697013327342
2017-08-23,244.048,12.0,103.3,12,1.7251073506566073,12.0,2.6838966202783254,12.0,0.9872697013327342
2017-08-24,244.048,13.0,103.3,13,1.7251073506566073,13.0,2.6838966202783254,13.0,0.9872697013327342
2017-08-25,244.048,14.0,103.3,14,1.7251073506566073,14.0,2.6838966202783254,14.0,0.9872697013327342
2017-08-28,244.048,17.0,103.3,17,1.7251073506566073,17.0,2.6838966202783254,17.0,0.9872697013327342
2017-08-29,244.048,18.0,103.3,18,1.7251073506566073,18.0,2.6838966202783254,18.0,0.9872697013327342
2017-08-30,244.048,19.0,103.3,19,1.7251073506566073,19.0,2.6838966202783254,19.0,0.9872697013327342
2017-08-31,244.048,20.0,103.3,20,1.7251073506566073,20.0,2.6838966202783254,20.0,0.9872697013327342
2017-09-01,244.048,21.0,103.3,21,1.7251073506566073,21.0,2.6838966202783254,21.0,0.9872697013327342
2017-09-04,244.048,24.0,103.3,24,1.7251073506566073,24.0,2.6838966202783254,24.0,0.9872697013327342
2017-09-05,244.048,25.0,103.3,25,1.7251073506566073,25.0,2.6838966202783254,25.0,0.9872697013327342
2017-09-06,244.048,26.0,103.3,26,1.7251073506566073,26.0,2.6838966202783254,26.0,0.9872697013327342
2017-09-07,244.048,27.0,103.3,27,1.7251073506566073,27.0,2.6838966202783254,27.0,0.9872697013327342
2017-09-08,244.048,28.0,103.3,28,1.7251073506566073,28.0,2.6838966202783254,28.0,0.9872697013327342
2017-09-11,244.048,31.0,103.2,0,1.7251073506566073,31.0,2.5844930417495027,0.0,0.9495293733498887
2017-09-12,244.048,32.0,103.2,1,1.7251073506566073,32.0,2.5844930417495027,1.0,0.9495293733498887
2017-09-13,244.048,33.0,103.2,2,1.7251073506566073,33.0,2.5844930417495027,2.0,0.9495293733498887
2017-09-14,245.03,0.0,103.2,3,1.92812155729698,0.0,2.5844930417495027,3.0,0.9495293733498887
2017-09-15,245.03,1.0,103.2,4,1.92812155729698,1.0,2.5844930417495027,4.0,0.9495293733498887
2017-09-18,245.03,4.0,103.2,7,1.92812155729698,4.0,2.5844930417495027,7.0,0.9495293733498887
2017-09-19,245.03,5.0,103.2,8,1.92812155729698,5.0,2.5844930417495027,8.0,0.9495293733498887
2017-09-20,245.03,6.0,103.2,9,1.92812155729698,6.0,2.5844930417495027,9.0,0.9495293733498887
2017-09-21,245.03,7.0,103.2,10,1.92812155729698,7.0,2.5844930417495027,10.0,0.9495293733498887
2017-09-22,245.03,8.0,103.2,11,1.92812155729698,8.0,2.5844930417495027,11.0,0.9495293733498887
2017-09-25,245.03,11.0,103.2,14,1.92812155729698,11.0,2.5844930417495027,14.0,0.9495293733498887
2017-09-26,245.03,12.0,103.2,15,1.92812155729698,12.0,2.5844930417495027,15.0,0.9495293733498887
2017-09-27,245.03,13.0,103.2,16,1.92812155729698,13.0,2.5844930417495027,16.0,0.9495293733498887
2017-09-28,245.03,14.0,103.2,17,1.92812155729698,14.0,2.5844930417495027,17.0,0.9495293733498887
2017-09-29,245.03,15.0,103.2,18,1.92812155729698,15.0,2.5844930417495027,18.0,0.9495293733498887
2017-10-02,245.03,18.0,103.2,21,1.92812155729698,18.0,2.5844930417495027,21.0,0.9495293733498887
2017-10-03,245.03,19.0,103.2,22,1.92812155729698,19.0,2.5844930417495027,22.0,0.9495293733498887
2017-10-04,245.03,20.0,103.2,23,1.92812155729698,20.0,2.5844930417495027,23.0,0.9495293733498887
2017-10-05,245.03,21.0,103.2,24,1.92812155729698,21.0,2.5844930417495027,24.0,0.9495293733498887
2017-10-06,245.03,22.0,103.2,25,1.92812155729698,22.0,2.5844930417495027,25.0,0.9495293733498887
2017-10-09,245.03,25.0,103.2,28,1.92812155729698,25.0,2.5844930417495027,28.0,0.9495293733498887
2017-10-10,245.03,26.0,103.2,29,1.92812155729698,26.0,2.5844930417495027,29.0,0.9495293733498887
2017-10-11,245.03,27.0,103.2,30,1.92812155729698,27.0,2.5844930417495027,30.0,0.9495293733498887
2017-10-12,245.03,28.0,103.8,0,1.92812155729698,28.0,2.874132804757168,0.0,1.0557509956209503
2017-10-13,246.373,0.0,103.8,1,2.1805652303711787,0.0,2.874132804757168,1.0,1.0557509956209503
2017-10-16,246.373,3.0,103.8,4,2.1805652303711787,3.0,2.874132804757168,4.0,1.0557509956209503
2017-10-17,246.373,4.0,103.8,5,2.1805652303711787,4.0,2.874132804757168,5.0,1.0557509956209503
2017-10-18,246.373,5.0,103.8,6,2.1805652303711787,5.0,2.874132804757168,6.0,1.0557509956209503
2017-10-19,246.373,6.0,103.8,7,2.1805652303711787,6.0,2.874132804757168,7.0,1.0557509956209503
2017-10-20,246.373,7.0,103.8,8,2.1805652303711787,7.0,2.874132804757168,8.0,1.0557509956209503
2017-10-23,246.373,10.0,103.8,11,2.1805652303711787,10.0,2.874132804757168,11.0,1.0557509956209503
2017-10-24,246.373,11.0,103.8,12,2.1805652303711787,11.0,2.874132804757168,12.0,1.0557509956209503
2017-10-25,246.373,12.0,103.8,13,2.1805652303711787,12.0,2.874132804757168,13.0,1.0557509956209503
2017-10-26,246.373,13.0,103.8,14,2.1805652303711787,13.0,2.874132804757168,14.0,1.0557509956209503
2017-10-27,246.373,14.0,103.8,15,2.1805652303711787,14.0,2.874132804757168,15.0,1.0557509956209503
2017-10-30,246.373,17.0,103.8,18,2.1805652303711787,17.0,2.874132804757168,18.0,1.0557509956209503
2017-10-31,246.373,18.0,103.8,19,2.1805652303711787,18.0,2.874132804757168,19.0,1.0557509956209503
2017-11-01,246.373,19.0,103.8,20,2.1805652303711787,19.0,2.874132804757168,20.0,1.0557509956209503
2017-11-02,246.373,20.0,103.8,21,2.1805652303711787,20.0,2.874132804757168,21.0,1.0557509956209503
2017-11-03,246.373,21.0,103.8,22,2.1805652303711787,21.0,2.874132804757168,22.0,1.0557509956209503
2017-11-06,246.373,24.0,103.8,25,2.1805652303711787,24.0,2.874132804757168,25.0,1.0557509956209503
2017-11-07,246.373,25.0,103.8,26,2.1805652303711787,25.0,2.874132804757168,26.0,1.0557509956209503
2017-11-08,246.373,26.0,103.8,27,2.1805652303711787,26.0,2.874132804757168,27.0,1.0557509956209503
2017-11-09,246.373,27.0,103.8,28,2.1805652303711787,27.0,2.874132804757168,28.0,1.0557509956209503
2017-11-10,246.373,28.0,103.8,29,2.1805652303711787,28.0,2.874132804757168,29.0,1.0557509956209503
2017-11-13,246.373,31.0,104.1,2,2.1805652303711787,31.0,2.9673590504450953,2.0,1.0876723486297724
2017-11-14,246.373,32.0,104.1,3,2.1805652303711787,32.0,2.9673590504450953,3.0,1.0876723486297724
2017-11-15,246.639,0.0,104.1,4,2.020757753132485,0.0,2.9673590504450953,4.0,1.0876723486297724
2017-11-16,246.639,1.0,104.1,5,2.020757753132485,1.0,2.9673590504450953,5.0,1.0876723486297724
2017-11-17,246.639,2.0,104.1,6,2.020757753132485,2.0,2.9673590504450953,6.0,1.0876723486297724
2017-11-20,246.639,5.0,104.1,9,2.020757753132485,5.0,2.9673590504450953,9.0,1.0876723486297724
2017-11-21,246.639,6.0,104.1,10,2.020757753132485,6.0,2.9673590504450953,10.0,1.0876723486297724
2017-11-22,246.639,7.0,104.1,11,2.020757753132485,7.0,2.9673590504450953,11.0,1.0876723486297724
2017-11-23,246.639,8.0,104.1,12,2.020757753132485,8.0,2.9673590504450953,12.0,1.0876723486297724
2017-11-24,246.639,9.0,104.1,13,2.020757753132485,9.0,2.9673590504450953,13.0,1.0876723486297724
2017-11-27,246.639,12.0,104.1,16,2.020757753132485,12.0,2.9673590504450953,16.0,1.0876723486297724
2017-11-28,246.639,13.0,104.1,17,2.020757753132485,13.0,2.9673590504450953,17.0,1.0876723486297724
2017-11-29,246.639,14.0,104.1,18,2.020757753132485,14.0,2.9673590504450953,18.0,1.0876723486297724
2017-11-30,246.639,15.0,104.1,19,2.020757753132485,15.0,2.9673590504450953,19.0,1.0876723486297724
2017-12-01,246.639,16.0,104.1,20,2.020757753132485,16.0,2.9673590504450953,20.0,1.0876723486297724
2017-12-04,246.639,19.0,104.1,23,2.020757753132485,19.0,2.9673590504450953,23.0,1.0876723486297724
2017-12-05,246.639,20.0,104.1,24,2.020757753132485,20.0,2.9673590504450953,24.0,1.0876723486297724
2017-12-06,246.639,21.0,104.1,25,2.020757753132485,21.0,2.9673590504450953,25.0,1.0876723486297724
2017-12-07,246.639,22.0,104.1,26,2.020757753132485,22.0,2.9673590504450953,26.0,1.0876723486297724
2017-12-08,246.639,23.0,104.1,27,2.020757753132485,23.0,2.9673590504450953,27.0,1.0876723486297724
2017-12-11,246.639,26.0,104.1,30,2.020757753132485,26.0,2.9673590504450953,30.0,1.0876723486297724
2017-12-12,246.639,27.0,104.2,0,2.020757753132485,27.0,2.964426877470361,0.0,1.0866837178028377
2017-12-13,247.592,0.0,104.2,1,2.172493864295566,0.0,2.964426877470361,1.0,1.0866837178028377
2017-12-14,247.592,1.0,104.2,2,2.172493864295566,1.0,2.964426877470361,2.0,1.0866837178028377
2017-12-15,247.592,2.0,104.2,3,2.172493864295566,2.0,2.964426877470361,3.0,1.0866837178028377
2017-12-18,247.592,5.0,104.2,6,2.172493864295566,5.0,2.964426877470361,6.0,1.0866837178028377
2017-12-19,247.592,6.0,104.2,7,2.172493864295566,6.0,2.964426877470361,7.0,1.0866837178028377
2017-12-20,247.592,7.0,104.2,8,2.172493864295566,7.0,2.964426877470361,8.0,1.0866837178028377
2017-12-21,247.592,8.0,104.2,9,2.172493864295566,8.0,2.964426877470361,9.0,1.0866837178028377
2017-12-22,247.592,9.0,104.2,10,2.172493864295566,9.0,2.964426877470361,10.0,1.0866837178028377
2017-12-25,247.592,12.0,104.2,13,2.172493864295566,12.0,2.964426877470361,13.0,1.0866837178028377
2017-12-26,247.592,13.0,104.2,14,2.172493864295566,13.0,2.964426877470361,14.0,1.0866837178028377
2017-12-27,247.592,14.0,104.2,15,2.172493864295566,14.0,2.964426877470361,15.0,1.0866837178028377
2017-12-28,247.592,15.0,104.2,16,2.172493864295566,15.0,2.964426877470361,16.0,1.0866837178028377
2017-12-29,247.592,16.0,104.2,17,2.172493864295566,16.0,2.964426877470361,17.0,1.0866837178028377
2018-01-01,247.592,19.0,104.2,20,2.172493864295566,19.0,2.964426877470361,20.0,1.0866837178028377
2018-01-02,247.592,20.0,104.2,21,2.172493864295566,20.0,2.964426877470361,21.0,1.0866837178028377
2018-01-03,247.592,21.0,104.2,22,2.172493864295566,21.0,2.964426877470361,22.0,1.0866837178028377
2018-01-04,247.592,22.0,104.2,23,2.172493864295566,22.0,2.964426877470361,23.0,1.0866837178028377
2018-01-05,247.592,23.0,104.2,24,2.172493864295566,23.0,2.964426877470361,24.0,1.0866837178028377
2018-01-08,237.808,1.0,104.2,27,2.172493864295566,26.0,2.964426877470361,27.0,1.0866837178028377
2018-01-09,237.808,2.0,104.2,28,2.172493864295566,27.0,2.964426877470361,28.0,1.0866837178028377
2018-01-10,237.808,3.0,104.2,29,2.172493864295566,28.0,2.964426877470361,29.0,1.0866837178028377
2018-01-11,237.808,4.0,104.6,0,2.172493864295566,29.0,3.155818540433919,0.0,1.1492479046366875
2018-01-12,247.963,0.0,104.6,1,2.129930719552253,0.0,3.155818540433919,1.0,1.1492479046366875
2018-01-15,247.963,3.0,104.6,4,2.129930719552253,3.0,3.155818540433919,4.0,1.1492479046366875
2018-01-16,247.963,4.0,104.6,5,2.129930719552253,4.0,3.155818540433919,5.0,1.1492479046366875
2018-01-17,247.963,5.0,104.6,6,2.129930719552253,5.0,3.155818540433919,6.0,1.1492479046366875
2018-01-18,247.963,6.0,104.6,7,2.129930719552253,6.0,3.155818540433919,7.0,1.1492479046366875
2018-01-19,247.963,7.0,104.6,8,2.129930719552253,7.0,3.155818540433919,8.0,1.1492479046366875
2018-01-22,247.963,10.0,104.6,11,2.129930719552253,10.0,3.155818540433919,11.0,1.1492479046366875
2018-01-23,247.963,11.0,104.6,12,2.129930719552253,11.0,3.155818540433919,12.0,1.1492479046366875
2018-01-24,247.963,12.0,104.6,13,2.129930719552253,12.0,3.155818540433919,13.0,1.1492479046366875
2018-01-25,247.963,13.0,104.6,14,2.129930719552253,13.0,3.155818540433919,14.0,1.1492479046366875
2018-01-26,247.963,14.0,104.6,15,2.129930719552253,14.0,3.155818540433919,15.0,1.1492479046366875
2018-01-29,247.963,17.0,104.6,18,2.129930719552253,17.0,3.155818540433919,18.0,1.1492479046366875
2018-01-30,247.963,18.0,104.6,19,2.129930719552253,18.0,3.155818540433919,19.0,1.1492479046366875
2018-01-31,247.963,19.0,104.6,20,2.129930719552253,19.0,3.155818540433919,20.0,1.1492479046366875
2018-02-01,247.963,20.0,104.6,21,2.129930719552253,20.0,3.155818540433919,21.0,1.1492479046366875
2018-02-02,247.963,21.0,104.6,22,2.129930719552253,21.0,3.155818540433919,22.0,1.1492479046366875
2018-02-05,247.963,24.0,104.6,25,2.129930719552253,24.0,3.155818540433919,25.0,1.1492479046366875
2018-02-06,247.963,25.0,104.6,26,2.129930719552253,25.0,3.155818540433919,26.0,1.1492479046366875
2018-02-07,247.963,26.0,104.6,27,2.129930719552253,26.0,3.155818540433919,27.0,1.1492479046366875
2018-02-08,247.963,27.0,104.6,28,2.129930719552253,27.0,3.155818540433919,28.0,1.1492479046366875
2018-02-09,247.963,28.0,104.6,29,2.129930719552253,28.0,3.155818540433919,29.0,1.1492479046366875
2018-02-12,247.963,31.0,104.9,1,2.129930719552253,31.0,2.944062806673209,1.0,1.0797905344275218
2018-02-13,247.963,32.0,104.9,2,2.129930719552253,32.0,2.944062806673209,2.0,1.0797905344275218
2018-02-14,237.827,0.0,104.9,3,2.151318868063945,0.0,2.944062806673209,3.0,1.0797905344275218
2018-02-15,237.827,1.0,104.9,4,2.151318868063945,1.0,2.944062806673209,4.0,1.0797905344275218
2018-02-16,237.827,2.0,104.9,5,2.151318868063945,2.0,2.944062806673209,5.0,1.0797905344275218
2018-02-19,237.827,5.0,104.9,8,2.151318868063945,5.0,2.944062806673209,8.0,1.0797905344275218
2018-02-20,237.827,6.0,104.9,9,2.151318868063945,6.0,2.944062806673209,9.0,1.0797905344275218
2018-02-21,237.827,7.0,104.9,10,2.151318868063945,7.0,2.944062806673209,10.0,1.0797905344275218
2018-02-22,237.827,8.0,104.9,11,2.151318868063945,8.0,2.944062806673209,11.0,1.0797905344275218
2018-02-23,237.827,9.0,104.9,12,2.151318868063945,9.0,2.944062806673209,12.0,1.0797905344275218
2018-02-26,237.827,12.0,104.9,15,2.151318868063945,12.0,2.944062806673209,15.0,1.0797905344275218
2018-02-27,237.827,13.0,104.9,16,2.151318868063945,13.0,2.944062806673209,16.0,1.0797905344275218
2018-02-28,237.827,14.0,104.9,17,2.151318868063945,14.0,2.944062806673209,17.0,1.0797905344275218
2018-03-01,237.827,15.0,104.9,18,2.151318868063945,15.0,2.944062806673209,18.0,1.0797905344275218
2018-03-02,237.827,16.0,104.9,19,2.151318868063945,16.0,2.944062806673209,19.0,1.0797905344275218
2018-03-05,237.827,19.0,104.9,22,2.151318868063945,19.0,2.944062806673209,22.0,1.0797905344275218
2018-03-06,237.827,20.0,104.9,23,2.151318868063945,20.0,2.944062806673209,23.0,1.0797905344275218
2018-03-07,237.827,21.0,104.9,24,2.151318868063945,21.0,2.944062806673209,24.0,1.0797905344275218
2018-03-08,237.827,22.0,104.9,25,2.151318868063945,22.0,2.944062806673209,25.0,1.0797905344275218
2018-03-09,237.827,23.0,104.9,26,2.151318868063945,23.0,2.944062806673209,26.0,1.0797905344275218
2018-03-12,237.827,26.0,104.9,29,2.151318868063945,26.0,2.944062806673209,29.0,1.0797905344275218
2018-03-13,249.619,0.0,104.9,30,2.263468931091861,0.0,2.944062806673209,30.0,1.0797905344275218
2018-03-14,249.619,1.0,104.4,0,2.263468931091861,1.0,2.9585798816567976,0.0,1.084709383499116
2018-03-15,249.619,2.0,104.4,1,2.263468931091861,2.0,2.9585798816567976,1.0,1.084709383499116
2018-03-16,249.619,3.0,104.4,2,2.263468931091861,3.0,2.9585798816567976,2.0,1.084709383499116
2018-03-19,249.619,6.0,104.4,5,2.263468931091861,6.0,2.9585798816567976,5.0,1.084709383499116
2018-03-20,249.619,7.0,104.4,6,2.263468931091861,7.0,2.9585798816567976,6.0,1.084709383499116
2018-03-21,249.619,8.0,104.4,7,2.263468931091861,8.0,2.9585798816567976,7.0,1.084709383499116
2018-03-22,249.619,9.0,104.4,8,2.263468931091861,9.0,2.9585798816567976,8.0,1.084709383499116
2018-03-23,249.619,10.0,104.4,9,2.263468931091861,10.0,2.9585798816567976,9.0,1.084709383499116
2018-03-26,249.619,13.0,104.4,12,2.263468931091861,13.0,2.9585798816567976,12.0,1.084709383499116
2018-03-27,249.619,14.0,104.4,13,2.263468931091861,14.0,2.9585798816567976,13.0,1.084709383499116
2018-03-28,249.619,15.0,104.4,14,2.263468931091861,15.0,2.9585798816567976,14.0,1.084709383499116
2018-03-29,249.619,16.0,104.4,15,2.263468931091861,16.0,2.9585798816567976,15.0,1.084709383499116
2018-03-30,249.619,17.0,104.4,16,2.263468931091861,17.0,2.9585798816567976,16.0,1.084709383499116
2018-04-02,249.619,20.0,104.4,19,2.263468931091861,20.0,2.9585798816567976,19.0,1.084709383499116
2018-04-03,249.619,21.0,104.4,20,2.263468931091861,21.0,2.9585798816567976,20.0,1.084709383499116
2018-04-04,249.619,22.0,104.4,21,2.263468931091861,22.0,2.9585798816567976,21.0,1.084709383499116
2018-04-05,249.619,23.0,104.4,22,2.263468931091861,23.0,2.9585798816567976,22.0,1.084709383499116
2018-04-06,249.619,24.0,104.4,23,2.263468931091861,24.0,2.9585798816567976,23.0,1.084709383499116
2018-04-09,249.619,27.0,104.4,26,2.263468931091861,27.0,2.9585798816567976,26.0,1.084709383499116
2018-04-10,249.619,28.0,104.4,27,2.263468931091861,28.0,2.9585798816567976,27.0,1.084709383499116
2018-04-11,249.462,0.0,104.9,0,2.3309497646499366,0.0,2.7424094025465307,0.0,1.0088368779986325
2018-04-12,249.462,1.0,104.9,1,2.3309497646499366,1.0,2.7424094025465307,1.0,1.0088368779986325
2018-04-13,249.462,2.0,104.9,2,2.3309497646499366,2.0,2.7424094025465307,2.0,1.0088368779986325
2018-04-16,249.462,5.0,104.9,5,2.3309497646499366,5.0,2.7424094025465307,5.0,1.0088368779986325
2018-04-17,249.462,6.0,104.9,6,2.3309497646499366,6.0,2.7424094025465307,6.0,1.0088368779986325
2018-04-18,249.462,7.0,104.9,7,2.3309497646499366,7.0,2.7424094025465307,7.0,1.0088368779986325
2018-04-19,249.462,8.0,104.9,8,2.3309497646499366,8.0,2.7424094025465307,8.0,1.0088368779986325
2018-04-20,249.462,9.0,104.9,9,2.3309497646499366,9.0,2.7424094025465307,9.0,1.0088368779986325
2018-04-23,249.462,12.0,104.9,12,2.3309497646499366,12.0,2.7424094025465307,12.0,1.0088368779986325
2018-04-24,249.462,13.0,104.9,13,2.3309497646499366,13.0,2.7424094025465307,13.0,1.0088368779986325
2018-04-25,249.462,14.0,104.9,14,2.3309497646499366,14.0,2.7424094025465307,14.0,1.0088368779986325
2018-04-26,249.462,15.0,104.9,15,2.3309497646499366,15.0,2.7424094025465307,15.0,1.0088368779986325
2018-04-27,249.462,16.0,104.9,16,2.3309497646499366,16.0,2.7424094025465307,16.0,1.0088368779986325
2018-04-30,249.462,19.0,104.9,19,2.3309497646499366,19.0,2.7424094025465307,19.0,1.0088368779986325
2018-05-01,249.462,20.0,104.9,20,2.3309497646499366,20.0,2.7424094025465307,20.0,1.0088368779986325
2018-05-02,249.462,21.0,104.9,21,2.3309497646499366,21.0,2.7424094025465307,21.0,1.0088368779986325
2018-05-03,249.462,22.0,104.9,22,2.3309497646499366,22.0,2.7424094025465307,22.0,1.0088368779986325
2018-05-04,249.462,23.0,104.9,23,2.3309497646499366,23.0,2.7424094025465307,23.0,1.0088368779986325
2018-05-07,249.462,26.0,104.9,26,2.3309497646499366,26.0,2.7424094025465307,26.0,1.0088368779986325
2018-05-08,249.462,27.0,104.9,27,2.3309497646499366,27.0,2.7424094025465307,27.0,1.0088368779986325
2018-05-09,249.462,28.0,104.9,28,2.3309497646499366,28.0,2.7424094025465307,28.0,1.0088368779986325
2018-05-10,250.013,0.0,104.9,29,2.4709963021052994,0.0,2.7424094025465307,29.0,1.0088368779986325
2018-05-11,250.013,1.0,104.9,30,2.4709963021052994,1.0,2.7424094025465307,30.0,1.0088368779986325
2018-05-14,250.013,4.0,105.0,2,2.4709963021052994,4.0,2.4390243902439046,2.0,0.8915981192837844
2018-05-15,250.013,5.0,105.0,3,2.4709963021052994,5.0,2.4390243902439046,3.0,0.8915981192837844
2018-05-16,250.013,6.0,105.0,4,2.4709963021052994,6.0,2.4390243902439046,4.0,0.8915981192837844
2018-05-17,250.013,7.0,105.0,5,2.4709963021052994,7.0,2.4390243902439046,5.0,0.8915981192837844
2018-05-18,250.013,8.0,105.0,6,2.4709963021052994,8.0,2.4390243902439046,6.0,0.8915981192837844
2018-05-21,250.013,11.0,105.0,9,2.4709963021052994,11.0,2.4390243902439046,9.0,0.8915981192837844
2018-05-22,250.013,12.0,105.0,10,2.4709963021052994,12.0,2.4390243902439046,10.0,0.8915981192837844
2018-05-23,250.013,13.0,105.0,11,2.4709963021052994,13.0,2.4390243902439046,11.0,0.8915981192837844
2018-05-24,250.013,14.0,105.0,12,2.4709963021052994,14.0,2.4390243902439046,12.0,0.8915981192837844
2018-05-25,250.013,15.0,105.0,13,2.4709963021052994,15.0,2.4390243902439046,13.0,0.8915981192837844
2018-05-28,250.013,18.0,105.0,16,2.4709963021052994,18.0,2.4390243902439046,16.0,0.8915981192837844
2018-05-29,250.013,19.0,105.0,17,2.4709963021052994,19.0,2.4390243902439046,17.0,0.8915981192837844
2018-05-30,250.013,20.0,105.0,18,2.4709963021052994,20.0,2.4390243902439046,18.0,0.8915981192837844
2018-05-31,250.013,21.0,105.0,19,2.4709963021052994,21.0,2.4390243902439046,19.0,0.8915981192837844
2018-06-01,250.013,22.0,105.0,20,2.4709963021052994,22.0,2.4390243902439046,20.0,0.8915981192837844
2018-06-04,250.013,25.0,105.0,23,2.4709963021052994,25.0,2.4390243902439046,23.0,0.8915981192837844
2018-06-05,250.013,26.0,105.0,24,2.4709963021052994,26.0,2.4390243902439046,24.0,0.8915981192837844
2018-06-06,250.013,27.0,105.0,25,2.4709963021052994,27.0,2.4390243902439046,25.0,0.8915981192837844
2018-06-07,250.013,28.0,105.0,26,2.4709963021052994,28.0,2.4390243902439046,26.0,0.8915981192837844
2018-06-08,250.013,29.0,105.0,27,2.4709963021052994,29.0,2.4390243902439046,27.0,0.8915981192837844
2018-06-11,250.013,32.0,105.4,0,2.4709963021052994,32.0,2.4295432458697697,0.0,0.8877032750222397
2018-06-12,250.535,0.0,105.4,1,2.781921607842497,0.0,2.4295432458697697,1.0,0.8877032750222397
2018-06-13,250.535,1.0,105.4,2,2.781921607842497,1.0,2.4295432458697697,2.0,0.8877032750222397
2018-06-14,250.535,2.0,105.4,3,2.781921607842497,2.0,2.4295432458697697,3.0,0.8877032750222397
2018-06-15,250.535,3.0,105.4,4,2.781921607842497,3.0,2.4295432458697697,4.0,0.8877032750222397
2018-06-18,250.535,6.0,105.4,7,2.781921607842497,6.0,2.4295432458697697,7.0,0.8877032750222397
2018-06-19,250.535,7.0,105.4,8,2.781921607842497,7.0,2.4295432458697697,8.0,0.8877032750222397
2018-06-20,250.535,8.0,105.4,9,2.781921607842497,8.0,2.4295432458697697,9.0,0.8877032750222397
2018-06-21,250.535,9.0,105.4,10,2.781921607842497,9.0,2.4295432458697697,10.0,0.8877032750222397
2018-06-22,250.535,10.0,105.4,11,2.781921607842497,10.0,2.4295432458697697,11.0,0.8877032750222397
2018-06-25,250.535,13.0,105.4,14,2.781921607842497,13.0,2.4295432458697697,14.0,0.8877032750222397
2018-06-26,250.535,14.0,105.4,15,2.781921607842497,14.0,2.4295432458697697,15.0,0.8877032750222397
2018-06-27,250.535,15.0,105.4,16,2.781921607842497,15.0,2.4295432458697697,16.0,0.8877032750222397
2018-06-28,250.535,16.0,105.4,17,2.781921607842497,16.0,2.4295432458697697,17.0,0.8877032750222397
2018-06-29,250.535,17.0,105.4,18,2.781921607842497,17.0,2.4295432458697697,18.0,0.8877032750222397
2018-07-02,250.535,20.0,105.4,21,2.781921607842497,20.0,2.4295432458697697,21.0,0.8877032750222397
2018-07-03,250.535,21.0,105.4,22,2.781921607842497,21.0,2.4295432458697697,22.0,0.8877032750222397
2018-07-04,250.535,22.0,105.4,23,2.781921607842497,22.0,2.4295432458697697,23.0,0.8877032750222397
2018-07-05,250.535,23.0,105.4,24,2.781921607842497,23.0,2.4295432458697697,24.0,0.8877032750222397
2018-07-06,250.535,24.0,105.4,25,2.781921607842497,24.0,2.4295432458697697,25.0,0.8877032750222397
2018-07-09,250.535,27.0,105.4,28,2.781921607842497,27.0,2.4295432458697697,28.0,0.8877032750222397
2018-07-10,250.535,28.0,105.4,29,2.781921607842497,28.0,2.4295432458697697,29.0,0.8877032750222397
2018-07-11,250.535,29.0,105.4,30,2.781921607842497,29.0,2.4295432458697697,30.0,0.8877032750222397
2018-07-12,250.857,0.0,105.8,0,2.8075506935940187,0.0,2.420135527589551,0.0,0.883823541736656
2018-07-13,250.857,1.0,105.8,1,2.8075506935940187,1.0,2.420135527589551,1.0,0.883823541736656
2018-07-16,250.857,4.0,105.8,4,2.8075506935940187,4.0,2.420135527589551,4.0,0.883823541736656
2018-07-17,250.857,5.0,105.8,5,2.8075506935940187,5.0,2.420135527589551,5.0,0.883823541736656
2018-07-18,250.857,6.0,105.8,6,2.8075506935940187,6.0,2.420135527589551,6.0,0.883823541736656
2018-07-19,250.857,7.0,105.8,7,2.8075506935940187,7.0,2.420135527589551,7.0,0.883823541736656
2018-07-20,250.857,8.0,105.8,8,2.8075506935940187,8.0,2.420135527589551,8.0,0.883823541736656
2018-07-23,250.857,11.0,105.8,11,2.8075506935940187,11.0,2.420135527589551,11.0,0.883823541736656
2018-07-24,250.857,12.0,105.8,12,2.8075506935940187,12.0,2.420135527589551,12.0,0.883823541736656
2018-07-25,250.857,13.0,105.8,13,2.8075506935940187,13.0,2.420135527589551,13.0,0.883823541736656
2018-07-26,250.857,14.0,105.8,14,2.8075506935940187,14.0,2.420135527589551,14.0,0.883823541736656
2018-07-27,250.857,15.0,105.8,15,2.8075506935940187,15.0,2.420135527589551,15.0,0.883823541736656
2018-07-30,250.857,18.0,105.8,18,2.8075506935940187,18.0,2.420135527589551,18.0,0.883823541736656
2018-07-31,250.857,19.0,105.8,19,2.8075506935940187,19.0,2.420135527589551,19.0,0.883823541736656
2018-08-01,250.857,20.0,105.8,20,2.8075506935940187,20.0,2.420135527589551,20.0,0.883823541736656
2018-08-02,250.857,21.0,105.8,21,2.8075506935940187,21.0,2.420135527589551,21.0,0.883823541736656
2018-08-03,250.857,22.0,105.8,22,2.8075506935940187,22.0,2.420135527589551,22.0,0.883823541736656
2018-08-06,250.857,25.0,105.8,25,2.8075506935940187,25.0,2.420135527589551,25.0,0.883823541736656
2018-08-07,250.857,26.0,105.8,26,2.8075506935940187,26.0,2.420135527589551,26.0,0.883823541736656
2018-08-08,250.857,27.0,105.8,27,2.8075506935940187,27.0,2.420135527589551,27.0,0.883823541736656
2018-08-09,250.857,28.0,105.8,28,2.8075506935940187,28.0,2.420135527589551,28.0,0.883823541736656
2018-08-10,251.286,0.0,105.8,29,2.854124785561929,0.0,2.420135527589551,29.0,0.883823541736656
2018-08-13,251.286,3.0,105.8,2,2.854124785561929,3.0,2.420135527589551,2.0,0.883823541736656
2018-08-14,251.286,4.0,105.8,3,2.854124785561929,4.0,2.420135527589551,3.0,0.883823541736656
2018-08-15,251.286,5.0,105.8,4,2.854124785561929,5.0,2.420135527589551,4.0,0.883823541736656
2018-08-16,251.286,6.0,105.8,5,2.854124785561929,6.0,2.420135527589551,5.0,0.883823541736656
2018-08-17,251.286,7.0,105.8,6,2.854124785561929,7.0,2.420135527589551,6.0,0.883823541736656
2018-08-20,251.286,10.0,105.8,9,2.854124785561929,10.0,2.420135527589551,9.0,0.883823541736656
2018-08-21,251.286,11.0,105.8,10,2.854124785561929,11.0,2.420135527589551,10.0,0.883823541736656
2018-08-22,251.286,12.0,105.8,11,2.854124785561929,12.0,2.420135527589551,11.0,0.883823541736656
2018-08-23,251.286,13.0,105.8,12,2.854124785561929,13.0,2.420135527589551,12.0,0.883823541736656
2018-08-24,251.286,14.0,105.8,13,2.854124785561929,14.0,2.420135527589551,13.0,0.883823541736656
2018-08-27,251.286,17.0,105.8,16,2.854124785561929,17.0,2.420135527589551,16.0,0.883823541736656
2018-08-28,251.286,18.0,105.8,17,2.854124785561929,18.0,2.420135527589551,17.0,0.883823541736656
2018-08-29,251.286,19.0,105.8,18,2.854124785561929,19.0,2.420135527589551,18.0,0.883823541736656
2018-08-30,251.286,20.0,105.8,19,2.854124785561929,20.0,2.420135527589551,19.0,0.883823541736656
2018-08-31,251.286,21.0,105.8,20,2.854124785561929,21.0,2.420135527589551,20.0,0.883823541736656
2018-09-03,251.286,24.0,105.8,23,2.854124785561929,24.0,2.420135527589551,23.0,0.883823541736656
2018-09-04,251.286,25.0,105.8,24,2.854124785561929,25.0,2.420135527589551,24.0,0.883823541736656
2018-09-05,251.286,26.0,105.8,25,2.854124785561929,26.0,2.420135527589551,25.0,0.883823541736656
2018-09-06,251.286,27.0,105.8,26,2.854124785561929,27.0,2.420135527589551,26.0,0.883823541736656
2018-09-07,251.286,28.0,105.8,27,2.854124785561929,28.0,2.420135527589551,27.0,0.883823541736656
2018-09-10,251.286,31.0,105.8,30,2.854124785561929,31.0,2.420135527589551,30.0,0.883823541736656
2018-09-11,251.286,32.0,105.8,0,2.854124785561929,32.0,2.519379844961245,0.0,0.9240127779680671
2018-09-12,251.286,33.0,105.8,1,2.854124785561929,33.0,2.519379844961245,1.0,0.9240127779680671
2018-09-13,251.846,0.0,105.8,2,2.6429238568742575,0.0,2.519379844961245,2.0,0.9240127779680671
2018-09-14,251.846,1.0,105.8,3,2.6429238568742575,1.0,2.519379844961245,3.0,0.9240127779680671
2018-09-17,251.846,4.0,105.8,6,2.6429238568742575,4.0,2.519379844961245,6.0,0.9240127779680671
2018-09-18,251.846,5.0,105.8,7,2.6429238568742575,5.0,2.519379844961245,7.0,0.9240127779680671
2018-09-19,251.846,6.0,105.8,8,2.6429238568742575,6.0,2.519379844961245,8.0,0.9240127779680671
2018-09-20,251.846,7.0,105.8,9,2.6429238568742575,7.0,2.519379844961245,9.0,0.9240127779680671
2018-09-21,251.846,8.0,105.8,10,2.6429238568742575,8.0,2.519379844961245,10.0,0.9240127779680671
2018-09-24,251.846,11.0,105.8,13,2.6429238568742575,11.0,2.519379844961245,13.0,0.9240127779680671
2018-09-25,251.846,12.0,105.8,14,2.6429238568742575,12.0,2.519379844961245,14.0,0.9240127779680671
2018-09-26,251.846,13.0,105.8,15,2.6429238568742575,13.0,2.519379844961245,15.0,0.9240127779680671
2018-09-27,251.846,14.0,105.8,16,2.6429238568742575,14.0,2.519379844961245,16.0,0.9240127779680671
2018-09-28,251.846,15.0,105.8,17,2.6429238568742575,15.0,2.519379844961245,17.0,0.9240127779680671
2018-10-01,251.846,18.0,105.8,20,2.6429238568742575,18.0,2.519379844961245,20.0,0.9240127779680671
2018-10-02,251.846,19.0,105.8,21,2.6429238568742575,19.0,2.519379844961245,21.0,0.9240127779680671
2018-10-03,251.846,20.0,105.8,22,2.6429238568742575,20.0,2.519379844961245,22.0,0.9240127779680671
2018-10-04,251.846,21.0,105.8,23,2.6429238568742575,21.0,2.519379844961245,23.0,0.9240127779680671
2018-10-05,251.846,22.0,105.8,24,2.6429238568742575,22.0,2.519379844961245,24.0,0.9240127779680671
2018-10-08,251.846,25.0,105.8,27,2.6429238568742575,25.0,2.519379844961245,27.0,0.9240127779680671
2018-10-09,251.846,26.0,105.8,28,2.6429238568742575,26.0,2.519379844961245,28.0,0.9240127779680671
2018-10-10,251.846,27.0,105.8,29,2.6429238568742575,27.0,2.519379844961245,29.0,0.9240127779680671
2018-10-11,251.994,0.0,105.8,30,2.332055105808828,0.0,2.519379844961245,30.0,0.9240127779680671
2018-10-12,251.994,1.0,106.5,0,2.332055105808828,1.0,2.6011560693641744,0.0,0.9559559882665913
2018-10-15,251.994,4.0,106.5,3,2.332055105808828,4.0,2.6011560693641744,3.0,0.9559559882665913
2018-10-16,251.994,5.0,106.5,4,2.332055105808828,5.0,2.6011560693641744,4.0,0.9559559882665913
2018-10-17,251.994,6.0,106.5,5,2.332055105808828,6.0,2.6011560693641744,5.0,0.9559559882665913
2018-10-18,251.994,7.0,106.5,6,2.332055105808828,7.0,2.6011560693641744,6.0,0.9559559882665913
2018-10-19,251.994,8.0,106.5,7,2.332055105808828,8.0,2.6011560693641744,7.0,0.9559559882665913
2018-10-22,251.994,11.0,106.5,10,2.332055105808828,11.0,2.6011560693641744,10.0,0.9559559882665913
2018-10-23,251.994,12.0,106.5,11,2.332055105808828,12.0,2.6011560693641744,11.0,0.9559559882665913
2018-10-24,251.994,13.0,106.5,12,2.332055105808828,13.0,2.6011560693641744,12.0,0.9559559882665913
2018-10-25,251.994,14.0,106.5,13,2.332055105808828,14.0,2.6011560693641744,13.0,0.9559559882665913
2018-10-26,251.994,15.0,106.5,14,2.332055105808828,15.0,2.6011560693641744,14.0,0.9559559882665913
2018-10-29,251.994,18.0,106.5,17,2.332055105808828,18.0,2.6011560693641744,17.0,0.9559559882665913
2018-10-30,251.994,19.0,106.5,18,2.332055105808828,19.0,2.6011560693641744,18.0,0.9559559882665913
2018-10-31,251.994,20.0,106.5,19,2.332055105808828,20.0,2.6011560693641744,19.0,0.9559559882665913
2018-11-01,251.994,21.0,106.5,20,2.332055105808828,21.0,2.6011560693641744,20.0,0.9559559882665913
2018-11-02,251.994,22.0,106.5,21,2.332055105808828,22.0,2.6011560693641744,21.0,0.9559559882665913
2018-11-05,251.994,25.0,106.5,24,2.332055105808828,25.0,2.6011560693641744,24.0,0.9559559882665913
2018-11-06,251.994,26.0,106.5,25,2.332055105808828,26.0,2.6011560693641744,25.0,0.9559559882665913
2018-11-07,251.994,27.0,106.5,26,2.332055105808828,27.0,2.6011560693641744,26.0,0.9559559882665913
2018-11-08,251.994,28.0,106.5,27,2.332055105808828,28.0,2.6011560693641744,27.0,0.9559559882665913
2018-11-09,251.994,29.0,106.5,28,2.332055105808828,29.0,2.6011560693641744,28.0,0.9559559882665913
2018-11-12,251.994,32.0,106.6,1,2.332055105808828,32.0,2.401536983669539,1.0,0.8761089422413192
2018-11-13,251.994,33.0,106.6,2,2.332055105808828,33.0,2.401536983669539,2.0,0.8761089422413192
2018-11-14,252.827,0.0,106.6,3,2.492032470218053,0.0,2.401536983669539,3.0,0.8761089422413192
2018-11-15,252.827,1.0,106.6,4,2.492032470218053,1.0,2.401536983669539,4.0,0.8761089422413192
2018-11-16,252.827,2.0,106.6,5,2.492032470218053,2.0,2.401536983669539,5.0,0.8761089422413192
2018-11-19,252.827,5.0,106.6,8,2.492032470218053,5.0,2.401536983669539,8.0,0.8761089422413192
2018-11-20,252.827,6.0,106.6,9,2.492032470218053,6.0,2.401536983669539,9.0,0.8761089422413192
2018-11-21,252.827,7.0,106.6,10,2.492032470218053,7.0,2.401536983669539,10.0,0.8761089422413192
2018-11-22,252.827,8.0,106.6,11,2.492032470218053,8.0,2.401536983669539,11.0,0.8761089422413192
2018-11-23,252.827,9.0,106.6,12,2.492032470218053,9.0,2.401536983669539,12.0,0.8761089422413192
2018-11-26,252.827,12.0,106.6,15,2.492032470218053,12.0,2.401536983669539,15.0,0.8761089422413192
2018-11-27,252.827,13.0,106.6,16,2.492032470218053,13.0,2.401536983669539,16.0,0.8761089422413192
2018-11-28,252.827,14.0,106.6,17,2.492032470218053,14.0,2.401536983669539,17.0,0.8761089422413192
2018-11-29,252.827,15.0,106.6,18,2.492032470218053,15.0,2.401536983669539,18.0,0.8761089422413192
2018-11-30,252.827,16.0,106.6,19,2.492032470218053,16.0,2.401536983669539,19.0,0.8761089422413192
2018-12-03,252.827,19.0,106.6,22,2.492032470218053,19.0,2.401536983669539,22.0,0.8761089422413192
2018-12-04,252.827,20.0,106.6,23,2.492032470218053,20.0,2.401536983669539,23.0,0.8761089422413192
2018-12-05,252.827,21.0,106.6,24,2.492032470218053,21.0,2.401536983669539,24.0,0.8761089422413192
2018-12-06,252.827,22.0,106.6,25,2.492032470218053,22.0,2.401536983669539,25.0,0.8761089422413192
2018-12-07,252.827,23.0,106.6,26,2.492032470218053,23.0,2.401536983669539,26.0,0.8761089422413192
2018-12-10,252.827,26.0,106.6,29,2.492032470218053,26.0,2.401536983669539,29.0,0.8761089422413192
2018-12-11,252.827,27.0,106.6,30,2.492032470218053,27.0,2.401536983669539,30.0,0.8761089422413192
2018-12-12,252.876,0.0,106.7,0,2.147328577667773,0.0,2.399232245681371,0.0,0.8751487885429753
2018-12-13,252.876,1.0,106.7,1,2.147328577667773,1.0,2.399232245681371,1.0,0.8751487885429753
2018-12-14,252.876,2.0,106.7,2,2.147328577667773,2.0,2.399232245681371,2.0,0.8751487885429753
2018-12-17,252.876,5.0,106.7,5,2.147328577667773,5.0,2.399232245681371,5.0,0.8751487885429753
2018-12-18,252.876,6.0,106.7,6,2.147328577667773,6.0,2.399232245681371,6.0,0.8751487885429753
2018-12-19,252.876,7.0,106.7,7,2.147328577667773,7.0,2.399232245681371,7.0,0.8751487885429753
2018-12-20,252.876,8.0,106.7,8,2.147328577667773,8.0,2.399232245681371,8.0,0.8751487885429753
2018-12-21,252.876,9.0,106.7,9,2.147328577667773,9.0,2.399232245681371,9.0,0.8751487885429753
2018-12-24,252.876,12.0,106.7,12,2.147328577667773,12.0,2.399232245681371,12.0,0.8751487885429753
2018-12-25,252.876,13.0,106.7,13,2.147328577667773,13.0,2.399232245681371,13.0,0.8751487885429753
2018-12-26,252.876,14.0,106.7,14,2.147328577667773,14.0,2.399232245681371,14.0,0.8751487885429753
2018-12-27,252.876,15.0,106.7,15,2.147328577667773,15.0,2.399232245681371,15.0,0.8751487885429753
2018-12-28,252.876,16.0,106.7,16,2.147328577667773,16.0,2.399232245681371,16.0,0.8751487885429753
2018-12-31,252.876,19.0,106.7,19,2.147328577667773,19.0,2.399232245681371,19.0,0.8751487885429753
2019-01-01,252.876,20.0,106.7,20,2.147328577667773,20.0,2.399232245681371,20.0,0.8751487885429753
2019-01-02,252.876,21.0,106.7,21,2.147328577667773,21.0,2.399232245681371,21.0,0.8751487885429753
2019-01-03,252.876,22.0,106.7,22,2.147328577667773,22.0,2.399232245681371,22.0,0.8751487885429753
2019-01-04,252.876,23.0,106.7,23,2.147328577667773,23.0,2.399232245681371,23.0,0.8751487885429753
2019-01-07,252.876,26.0,106.7,26,2.147328577667773,26.0,2.399232245681371,26.0,0.8751487885429753
2019-01-08,252.876,27.0,106.7,27,2.147328577667773,27.0,2.399232245681371,27.0,0.8751487885429753
2019-01-09,252.876,28.0,106.7,28,2.147328577667773,28.0,2.399232245681371,28.0,0.8751487885429753
2019-01-10,252.876,29.0,106.7,29,2.147328577667773,29.0,2.399232245681371,29.0,0.8751487885429753
2019-01-11,252.733,0.0,107.0,0,2.0023809043401064,0.0,2.294455066921608,0.0,0.8304953717111696
2019-01-14,252.733,3.0,107.0,3,2.0023809043401064,3.0,2.294455066921608,3.0,0.8304953717111696
2019-01-15,252.733,4.0,107.0,4,2.0023809043401064,4.0,2.294455066921608,4.0,0.8304953717111696
2019-01-16,252.733,5.0,107.0,5,2.0023809043401064,5.0,2.294455066921608,5.0,0.8304953717111696
2019-01-17,252.733,6.0,107.0,6,2.0023809043401064,6.0,2.294455066921608,6.0,0.8304953717111696
2019-01-18,252.733,7.0,107.0,7,2.0023809043401064,7.0,2.294455066921608,7.0,0.8304953717111696
2019-01-21,252.733,10.0,107.0,10,2.0023809043401064,10.0,2.294455066921608,10.0,0.8304953717111696
2019-01-22,252.733,11.0,107.0,11,2.0023809043401064,11.0,2.294455066921608,11.0,0.8304953717111696
2019-01-23,252.733,12.0,107.0,12,2.0023809043401064,12.0,2.294455066921608,12.0,0.8304953717111696
2019-01-24,252.733,13.0,107.0,13,2.0023809043401064,13.0,2.294455066921608,13.0,0.8304953717111696
2019-01-25,252.733,14.0,107.0,14,2.0023809043401064,14.0,2.294455066921608,14.0,0.8304953717111696
2019-01-28,252.733,17.0,107.0,17,2.0023809043401064,17.0,2.294455066921608,17.0,0.8304953717111696
2019-01-29,252.733,18.0,107.0,18,2.0023809043401064,18.0,2.294455066921608,18.0,0.8304953717111696
2019-01-30,252.733,19.0,107.0,19,2.0023809043401064,19.0,2.294455066921608,19.0,0.8304953717111696
2019-01-31,252.733,20.0,107.0,20,2.0023809043401064,20.0,2.294455066921608,20.0,0.8304953717111696
2019-02-01,252.733,21.0,107.0,21,2.0023809043401064,21.0,2.294455066921608,21.0,0.8304953717111696
2019-02-04,252.733,24.0,107.0,24,2.0023809043401064,24.0,2.294455066921608,24.0,0.8304953717111696
2019-02-05,252.733,25.0,107.0,25,2.0023809043401064,25.0,2.294455066921608,25.0,0.8304953717111696
2019-02-06,252.733,26.0,107.0,26,2.0023809043401064,26.0,2.294455066921608,26.0,0.8304953717111696
2019-02-07,252.733,27.0,107.0,27,2.0023809043401064,27.0,2.294455066921608,27.0,0.8304953717111696
2019-02-08,252.733,28.0,107.0,28,2.0023809043401064,28.0,2.294455066921608,28.0,0.8304953717111696
2019-02-11,237.46,0.0,107.1,0,2.0023809043401064,31.0,2.0972354623450817,0.0,0.7406200309501059
2019-02-12,237.46,1.0,107.1,1,2.0023809043401064,32.0,2.0972354623450817,1.0,0.7406200309501059
2019-02-13,252.673,0.0,107.1,2,1.4875893578291333,0.0,2.0972354623450817,2.0,0.7406200309501059
2019-02-14,252.673,1.0,107.1,3,1.4875893578291333,1.0,2.0972354623450817,3.0,0.7406200309501059
2019-02-15,252.673,2.0,107.1,4,1.4875893578291333,2.0,2.0972354623450817,4.0,0.7406200309501059
2019-02-18,252.673,5.0,107.1,7,1.4875893578291333,5.0,2.0972354623450817,7.0,0.7406200309501059
2019-02-19,252.673,6.0,107.1,8,1.4875893578291333,6.0,2.0972354623450817,8.0,0.7406200309501059
2019-02-20,252.673,7.0,107.1,9,1.4875893578291333,7.0,2.0972354623450817,9.0,0.7406200309501059
2019-02-21,252.673,8.0,107.1,10,1.4875893578291333,8.0,2.0972354623450817,10.0,0.7406200309501059
2019-02-22,252.673,9.0,107.1,11,1.4875893578291333,9.0,2.0972354623450817,11.0,0.7406200309501059
2019-02-25,252.673,12.0,107.1,14,1.4875893578291333,12.0,2.0972354623450817,14.0,0.7406200309501059
2019-02-26,252.673,13.0,107.1,15,1.4875893578291333,13.0,2.0972354623450817,15.0,0.7406200309501059
2019-02-27,252.673,14.0,107.1,16,1.4875893578291333,14.0,2.0972354623450817,16.0,0.7406200309501059
2019-02-28,252.673,15.0,107.1,17,1.4875893578291333,15.0,2.0972354623450817,17.0,0.7406200309501059
2019-03-01,252.673,16.0,107.1,18,1.4875893578291333,16.0,2.0972354623450817,18.0,0.7406200309501059
2019-03-04,252.673,19.0,107.1,21,1.4875893578291333,19.0,2.0972354623450817,21.0,0.7406200309501059
2019-03-05,252.673,20.0,107.1,22,1.4875893578291333,20.0,2.0972354623450817,22.0,0.7406200309501059
2019-03-06,252.673,21.0,107.1,23,1.4875893578291333,21.0,2.0972354623450817,23.0,0.7406200309501059
2019-03-07,252.673,22.0,107.1,24,1.4875893578291333,22.0,2.0972354623450817,24.0,0.7406200309501059
2019-03-08,252.673,23.0,107.1,25,1.4875893578291333,23.0,2.0972354623450817,25.0,0.7406200309501059
2019-03-11,252.673,26.0,107.1,28,1.4875893578291333,26.0,2.0972354623450817,28.0,0.7406200309501059
2019-03-12,253.113,0.0,107.1,29,1.5188615351321877,0.0,2.0972354623450817,29.0,0.7406200309501059
2019-03-13,253.113,1.0,107.1,30,1.5188615351321877,1.0,2.0972354623450817,30.0,0.7406200309501059
2019-03-14,253.113,2.0,106.3,0,1.5188615351321877,2.0,1.8199233716474916,0.0,0.5987943967119379
2019-03-15,253.113,3.0,106.3,1,1.5188615351321877,3.0,1.8199233716474916,1.0,0.5987943967119379
2019-03-18,253.113,6.0,106.3,4,1.5188615351321877,6.0,1.8199233716474916,4.0,0.5987943967119379
2019-03-19,253.113,7.0,106.3,5,1.5188615351321877,7.0,1.8199233716474916,5.0,0.5987943967119379
2019-03-20,253.113,8.0,106.3,6,1.5188615351321877,8.0,1.8199233716474916,6.0,0.5987943967119379
2019-03-21,253.113,9.0,106.3,7,1.5188615351321877,9.0,1.8199233716474916,7.0,0.5987943967119379
2019-03-22,253.113,10.0,106.3,8,1.5188615351321877,10.0,1.8199233716474916,8.0,0.5987943967119379
2019-03-25,253.113,13.0,106.3,11,1.5188615351321877,13.0,1.8199233716474916,11.0,0.5987943967119379
2019-03-26,253.113,14.0,106.3,12,1.5188615351321877,14.0,1.8199233716474916,12.0,0.5987943967119379
2019-03-27,253.113,15.0,106.3,13,1.5188615351321877,15.0,1.8199233716474916,13.0,0.5987943967119379
2019-03-28,253.113,16.0,106.3,14,1.5188615351321877,16.0,1.8199233716474916,14.0,0.5987943967119379
2019-03-29,253.113,17.0,106.3,15,1.5188615351321877,17.0,1.8199233716474916,15.0,0.5987943967119379
2019-04-01,253.113,20.0,106.3,18,1.5188615351321877,20.0,1.8199233716474916,18.0,0.5987943967119379
2019-04-02,253.113,21.0,106.3,19,1.5188615351321877,21.0,1.8199233716474916,19.0,0.5987943967119379
2019-04-03,253.113,22.0,106.3,20,1.5188615351321877,22.0,1.8199233716474916,20.0,0.5987943967119379
2019-04-04,253.113,23.0,106.3,21,1.5188615351321877,23.0,1.8199233716474916,21.0,0.5987943967119379
2019-04-05,253.113,24.0,106.3,22,1.5188615351321877,24.0,1.8199233716474916,22.0,0.5987943967119379
2019-04-08,253.113,27.0,106.3,25,1.5188615351321877,27.0,1.8199233716474916,25.0,0.5987943967119379
2019-04-09,253.113,28.0,106.3,26,1.5188615351321877,28.0,1.8199233716474916,26.0,0.5987943967119379
2019-04-10,254.148,0.0,106.3,27,1.8831863513063984,0.0,1.8199233716474916,27.0,0.5987943967119379
2019-04-11,254.148,1.0,106.8,0,1.8831863513063984,1.0,1.8112488083889433,0.0,0.5940165567582355
2019-04-12,254.148,2.0,106.8,1,1.8831863513063984,2.0,1.8112488083889433,1.0,0.5940165567582355
2019-04-15,254.148,5.0,106.8,4,1.8831863513063984,5.0,1.8112488083889433,4.0,0.5940165567582355
2019-04-16,254.148,6.0,106.8,5,1.8831863513063984,6.0,1.8112488083889433,5.0,0.5940165567582355
2019-04-17,254.148,7.0,106.8,6,1.8831863513063984,7.0,1.8112488083889433,6.0,0.5940165567582355
2019-04-18,254.148,8.0,106.8,7,1.8831863513063984,8.0,1.8112488083889433,7.0,0.5940165567582355
2019-04-19,254.148,9.0,106.8,8,1.8831863513063984,9.0,1.8112488083889433,8.0,0.5940165567582355
2019-04-22,254.148,12.0,106.8,11,1.8831863513063984,12.0,1.8112488083889433,11.0,0.5940165567582355
2019-04-23,254.148,13.0,106.8,12,1.8831863513063984,13.0,1.8112488083889433,12.0,0.5940165567582355
2019-04-24,254.148,14.0,106.8,13,1.8831863513063984,14.0,1.8112488083889433,13.0,0.5940165567582355
2019-04-25,254.148,15.0,106.8,14,1.8831863513063984,15.0,1.8112488083889433,14.0,0.5940165567582355
2019-04-26,254.148,16.0,106.8,15,1.8831863513063984,16.0,1.8112488083889433,15.0,0.5940165567582355
2019-04-29,254.148,19.0,106.8,18,1.8831863513063984,19.0,1.8112488083889433,18.0,0.5940165567582355
2019-04-30,254.148,20.0,106.8,19,1.8831863513063984,20.0,1.8112488083889433,19.0,0.5940165567582355
2019-05-01,254.148,21.0,106.8,20,1.8831863513063984,21.0,1.8112488083889433,20.0,0.5940165567582355
2019-05-02,254.148,22.0,106.8,21,1.8831863513063984,22.0,1.8112488083889433,21.0,0.5940165567582355
2019-05-03,254.148,23.0,106.8,22,1.8831863513063984,23.0,1.8112488083889433,22.0,0.5940165567582355
2019-05-06,254.148,26.0,106.8,25,1.8831863513063984,26.0,1.8112488083889433,25.0,0.5940165567582355
2019-05-07,254.148,27.0,106.8,26,1.8831863513063984,27.0,1.8112488083889433,26.0,0.5940165567582355
2019-05-08,254.148,28.0,106.8,27,1.8831863513063984,28.0,1.8112488083889433,27.0,0.5940165567582355
2019-05-09,254.148,29.0,106.8,28,1.8831863513063984,29.0,1.8112488083889433,28.0,0.5940165567582355
2019-05-10,254.958,0.0,106.8,29,2.000583470209061,0.0,1.8112488083889433,29.0,0.5940165567582355
2019-05-13,254.958,3.0,107.0,1,2.000583470209061,3.0,1.904761904761898,1.0,0.6443570163905098
2019-05-14,254.958,4.0,107.0,2,2.000583470209061,4.0,1.904761904761898,2.0,0.6443570163905098
2019-05-15,254.958,5.0,107.0,3,2.000583470209061,5.0,1.904761904761898,3.0,0.6443570163905098
2019-05-16,254.958,6.0,107.0,4,2.000583470209061,6.0,1.904761904761898,4.0,0.6443570163905098
2019-05-17,254.958,7.0,107.0,5,2.000583470209061,7.0,1.904761904761898,5.0,0.6443570163905098
2019-05-20,254.958,10.0,107.0,8,2.000583470209061,10.0,1.904761904761898,8.0,0.6443570163905098
2019-05-21,254.958,11.0,107.0,9,2.000583470209061,11.0,1.904761904761898,9.0,0.6443570163905098
2019-05-22,254.958,12.0,107.0,10,2.000583470209061,12.0,1.904761904761898,10.0,0.6443570163905098
2019-05-23,254.958,13.0,107.0,11,2.000583470209061,13.0,1.904761904761898,11.0,0.6443570163905098
2019-05-24,254.958,14.0,107.0,12,2.000583470209061,14.0,1.904761904761898,12.0,0.6443570163905098
2019-05-27,254.958,17.0,107.0,15,2.000583470209061,17.0,1.904761904761898,15.0,0.6443570163905098
2019-05-28,254.958,18.0,107.0,16,2.000583470209061,18.0,1.904761904761898,16.0,0.6443570163905098
2019-05-29,254.958,19.0,107.0,17,2.000583470209061,19.0,1.904761904761898,17.0,0.6443570163905098
2019-05-30,254.958,20.0,107.0,18,2.000583470209061,20.0,1.904761904761898,18.0,0.6443570163905098
2019-05-31,254.958,21.0,107.0,19,2.000583470209061,21.0,1.904761904761898,19.0,0.6443570163905098
2019-06-03,254.958,24.0,107.0,22,2.000583470209061,24.0,1.904761904761898,22.0,0.6443570163905098
2019-06-04,254.958,25.0,107.0,23,2.000583470209061,25.0,1.904761904761898,23.0,0.6443570163905098
2019-06-05,254.958,26.0,107.0,24,2.000583470209061,26.0,1.904761904761898,24.0,0.6443570163905098
2019-06-06,254.958,27.0,107.0,25,2.000583470209061,27.0,1.904761904761898,25.0,0.6443570163905098
2019-06-07,254.958,28.0,107.0,26,2.000583470209061,28.0,1.904761904761898,26.0,0.6443570163905098
2019-06-10,254.958,31.0,107.0,29,2.000583470209061,31.0,1.904761904761898,29.0,0.6443570163905098
2019-06-11,254.958,32.0,107.6,0,2.000583470209061,32.0,2.0872865275142205,0.0,0.7358649102450944
2019-06-12,255.155,0.0,107.6,1,1.7959105553606136,0.0,2.0872865275142205,1.0,0.7358649102450944
2019-06-13,255.155,1.0,107.6,2,1.7959105553606136,1.0,2.0872865275142205,2.0,0.7358649102450944
2019-06-14,255.155,2.0,107.6,3,1.7959105553606136,2.0,2.0872865275142205,3.0,0.7358649102450944
2019-06-17,255.155,5.0,107.6,6,1.7959105553606136,5.0,2.0872865275142205,6.0,0.7358649102450944
2019-06-18,255.155,6.0,107.6,7,1.7959105553606136,6.0,2.0872865275142205,7.0,0.7358649102450944
2019-06-19,255.155,7.0,107.6,8,1.7959105553606136,7.0,2.0872865275142205,8.0,0.7358649102450944
2019-06-20,255.155,8.0,107.6,9,1.7959105553606136,8.0,2.0872865275142205,9.0,0.7358649102450944
2019-06-21,255.155,9.0,107.6,10,1.7959105553606136,9.0,2.0872865275142205,10.0,0.7358649102450944
2019-06-24,255.155,12.0,107.6,13,1.7959105553606136,12.0,2.0872865275142205,13.0,0.7358649102450944
2019-06-25,255.155,13.0,107.6,14,1.7959105553606136,13.0,2.0872865275142205,14.0,0.7358649102450944
2019-06-26,255.155,14.0,107.6,15,1.7959105553606136,14.0,2.0872865275142205,15.0,0.7358649102450944
2019-06-27,255.155,15.0,107.6,16,1.7959105553606136,15.0,2.0872865275142205,16.0,0.7358649102450944
2019-06-28,255.155,16.0,107.6,17,1.7959105553606136,16.0,2.0872865275142205,17.0,0.7358649102450944
2019-07-01,255.155,19.0,107.6,20,1.7959105553606136,19.0,2.0872865275142205,20.0,0.7358649102450944
2019-07-02,255.155,20.0,107.6,21,1.7959105553606136,20.0,2.0872865275142205,21.0,0.7358649102450944
2019-07-03,255.155,21.0,107.6,22,1.7959105553606136,21.0,2.0872865275142205,22.0,0.7358649102450944
2019-07-04,255.155,22.0,107.6,23,1.7959105553606136,22.0,2.0872865275142205,23.0,0.7358649102450944
2019-07-05,255.155,23.0,107.6,24,1.7959105553606136,23.0,2.0872865275142205,24.0,0.7358649102450944
2019-07-08,255.155,26.0,107.6,27,1.7959105553606136,26.0,2.0872865275142205,27.0,0.7358649102450944
2019-07-09,255.155,27.0,107.6,28,1.7959105553606136,27.0,2.0872865275142205,28.0,0.7358649102450944
2019-07-10,255.155,28.0,107.6,29,1.7959105553606136,28.0,2.0872865275142205,29.0,0.7358649102450944
2019-07-11,255.305,0.0,107.6,30,1.671194894390049,0.0,2.0872865275142205,30.0,0.7358649102450944
2019-07-12,255.305,1.0,107.9,0,1.671194894390049,1.0,1.9848771266540721,0.0,0.6855570112932736
2019-07-15,255.305,4.0,107.9,3,1.671194894390049,4.0,1.9848771266540721,3.0,0.6855570112932736
2019-07-16,255.305,5.0,107.9,4,1.671194894390049,5.0,1.9848771266540721,4.0,0.6855570112932736
2019-07-17,255.305,6.0,107.9,5,1.671194894390049,6.0,1.9848771266540721,5.0,0.6855570112932736
2019-07-18,255.305,7.0,107.9,6,1.671194894390049,7.0,1.9848771266540721,6.0,0.6855570112932736
2019-07-19,255.305,8.0,107.9,7,1.671194894390049,8.0,1.9848771266540721,7.0,0.6855570112932736
2019-07-22,255.305,11.0,107.9,10,1.671194894390049,11.0,1.9848771266540721,10.0,0.6855570112932736
2019-07-23,255.305,12.0,107.9,11,1.671194894390049,12.0,1.9848771266540721,11.0,0.6855570112932736
2019-07-24,255.305,13.0,107.9,12,1.671194894390049,13.0,1.9848771266540721,12.0,0.6855570112932736
2019-07-25,255.305,14.0,107.9,13,1.671194894390049,14.0,1.9848771266540721,13.0,0.6855570112932736
2019-07-26,255.305,15.0,107.9,14,1.671194894390049,15.0,1.9848771266540721,14.0,0.6855570112932736
2019-07-29,255.305,18.0,107.9,17,1.671194894390049,18.0,1.9848771266540721,17.0,0.6855570112932736
2019-07-30,255.305,19.0,107.9,18,1.671194894390049,19.0,1.9848771266540721,18.0,0.6855570112932736
2019-07-31,255.305,20.0,107.9,19,1.671194894390049,20.0,1.9848771266540721,19.0,0.6855570112932736
2019-08-01,255.305,21.0,107.9,20,1.671194894390049,21.0,1.9848771266540721,20.0,0.6855570112932736
2019-08-02,255.305,22.0,107.9,21,1.671194894390049,22.0,1.9848771266540721,21.0,0.6855570112932736
2019-08-05,255.305,25.0,107.9,24,1.671194894390049,25.0,1.9848771266540721,24.0,0.6855570112932736
2019-08-06,255.305,26.0,107.9,25,1.671194894390049,26.0,1.9848771266540721,25.0,0.6855570112932736
2019-08-07,255.305,27.0,107.9,26,1.671194894390049,27.0,1.9848771266540721,26.0,0.6855570112932736
2019-08-08,255.305,28.0,107.9,27,1.671194894390049,28.0,1.9848771266540721,27.0,0.6855570112932736
2019-08-09,255.305,29.0,107.9,28,1.671194894390049,29.0,1.9848771266540721,28.0,0.6855570112932736
2019-08-12,255.305,32.0,107.9,1,1.671194894390049,32.0,1.9848771266540721,1.0,0.6855570112932736
2019-08-13,256.161,0.0,107.9,2,1.826331335037068,0.0,1.9848771266540721,2.0,0.6855570112932736
2019-08-14,256.161,1.0,107.9,3,1.826331335037068,1.0,1.9848771266540721,3.0,0.6855570112932736
2019-08-15,256.161,2.0,107.9,4,1.826331335037068,2.0,1.9848771266540721,4.0,0.6855570112932736
2019-08-16,256.161,3.0,107.9,5,1.826331335037068,3.0,1.9848771266540721,5.0,0.6855570112932736
2019-08-19,256.161,6.0,107.9,8,1.826331335037068,6.0,1.9848771266540721,8.0,0.6855570112932736
2019-08-20,256.161,7.0,107.9,9,1.826331335037068,7.0,1.9848771266540721,9.0,0.6855570112932736
2019-08-21,256.161,8.0,107.9,10,1.826331335037068,8.0,1.9848771266540721,10.0,0.6855570112932736
2019-08-22,256.161,9.0,107.9,11,1.826331335037068,9.0,1.9848771266540721,11.0,0.6855570112932736
2019-08-23,256.161,10.0,107.9,12,1.826331335037068,10.0,1.9848771266540721,12.0,0.6855570112932736
2019-08-26,256.161,13.0,107.9,15,1.826331335037068,13.0,1.9848771266540721,15.0,0.6855570112932736
2019-08-27,256.161,14.0,107.9,16,1.826331335037068,14.0,1.9848771266540721,16.0,0.6855570112932736
2019-08-28,256.161,15.0,107.9,17,1.826331335037068,15.0,1.9848771266540721,17.0,0.6855570112932736
2019-08-29,256.161,16.0,107.9,18,1.826331335037068,16.0,1.9848771266540721,18.0,0.6855570112932736
2019-08-30,256.161,17.0,107.9,19,1.826331335037068,17.0,1.9848771266540721,19.0,0.6855570112932736
2019-09-02,256.161,20.0,107.9,22,1.826331335037068,20.0,1.9848771266540721,22.0,0.6855570112932736
2019-09-03,256.161,21.0,107.9,23,1.826331335037068,21.0,1.9848771266540721,23.0,0.6855570112932736
2019-09-04,256.161,22.0,107.9,24,1.826331335037068,22.0,1.9848771266540721,24.0,0.6855570112932736
2019-09-05,256.161,23.0,107.9,25,1.826331335037068,23.0,1.9848771266540721,25.0,0.6855570112932736
2019-09-06,256.161,24.0,107.9,26,1.826331335037068,24.0,1.9848771266540721,26.0,0.6855570112932736
2019-09-09,256.161,27.0,107.9,29,1.826331335037068,27.0,1.9848771266540721,29.0,0.6855570112932736
2019-09-10,256.161,28.0,107.9,30,1.826331335037068,28.0,1.9848771266540721,30.0,0.6855570112932736
2019-09-11,256.161,29.0,107.9,0,1.826331335037068,29.0,1.9848771266540721,0.0,0.6855570112932736
2019-09-12,256.3,0.0,107.9,1,1.7376412106666406,0.0,1.9848771266540721,1.0,0.6855570112932736
2019-09-13,256.3,1.0,107.9,2,1.7376412106666406,1.0,1.9848771266540721,2.0,0.6855570112932736
2019-09-16,256.3,4.0,107.9,5,1.7376412106666406,4.0,1.9848771266540721,5.0,0.6855570112932736
2019-09-17,256.3,5.0,107.9,6,1.7376412106666406,5.0,1.9848771266540721,6.0,0.6855570112932736
2019-09-18,256.3,6.0,107.9,7,1.7376412106666406,6.0,1.9848771266540721,7.0,0.6855570112932736
2019-09-19,256.3,7.0,107.9,8,1.7376412106666406,7.0,1.9848771266540721,8.0,0.6855570112932736
2019-09-20,256.3,8.0,107.9,9,1.7376412106666406,8.0,1.9848771266540721,9.0,0.6855570112932736
2019-09-23,256.3,11.0,107.9,12,1.7376412106666406,11.0,1.9848771266540721,12.0,0.6855570112932736
2019-09-24,256.3,12.0,107.9,13,1.7376412106666406,12.0,1.9848771266540721,13.0,0.6855570112932736
2019-09-25,256.3,13.0,107.9,14,1.7376412106666406,13.0,1.9848771266540721,14.0,0.6855570112932736
2019-09-26,256.3,14.0,107.9,15,1.7376412106666406,14.0,1.9848771266540721,15.0,0.6855570112932736
2019-09-27,256.3,15.0,107.9,16,1.7376412106666406,15.0,1.9848771266540721,16.0,0.6855570112932736
2019-09-30,256.3,18.0,107.9,19,1.7376412106666406,18.0,1.9848771266540721,19.0,0.6855570112932736
2019-10-01,256.3,19.0,107.9,20,1.7376412106666406,19.0,1.9848771266540721,20.0,0.6855570112932736
2019-10-02,256.3,20.0,107.9,21,1.7376412106666406,20.0,1.9848771266540721,21.0,0.6855570112932736
2019-10-03,256.3,21.0,107.9,22,1.7376412106666406,21.0,1.9848771266540721,22.0,0.6855570112932736
2019-10-04,256.3,22.0,107.9,23,1.7376412106666406,22.0,1.9848771266540721,23.0,0.6855570112932736
2019-10-07,256.3,25.0,107.9,26,1.7376412106666406,25.0,1.9848771266540721,26.0,0.6855570112932736
2019-10-08,256.3,26.0,107.9,27,1.7376412106666406,26.0,1.9848771266540721,27.0,0.6855570112932736
2019-10-09,256.3,27.0,107.9,28,1.7376412106666406,27.0,1.9848771266540721,28.0,0.6855570112932736
2019-10-10,256.358,0.0,107.9,29,1.6844977040391562,0.0,1.9848771266540721,29.0,0.6855570112932736
2019-10-11,256.358,1.0,107.9,30,1.6844977040391562,1.0,1.9848771266540721,30.0,0.6855570112932736
2019-10-14,256.358,4.0,108.4,2,1.6844977040391562,4.0,1.7840375586854584,2.0,0.5788790870110133
2019-10-15,256.358,5.0,108.4,3,1.6844977040391562,5.0,1.7840375586854584,3.0,0.5788790870110133
2019-10-16,256.358,6.0,108.4,4,1.6844977040391562,6.0,1.7840375586854584,4.0,0.5788790870110133
2019-10-17,256.358,7.0,108.4,5,1.6844977040391562,7.0,1.7840375586854584,5.0,0.5788790870110133
2019-10-18,256.358,8.0,108.4,6,1.6844977040391562,8.0,1.7840375586854584,6.0,0.5788790870110133
2019-10-21,256.358,11.0,108.4,9,1.6844977040391562,11.0,1.7840375586854584,9.0,0.5788790870110133
2019-10-22,256.358,12.0,108.4,10,1.6844977040391562,12.0,1.7840375586854584,10.0,0.5788790870110133
2019-10-23,256.358,13.0,108.4,11,1.6844977040391562,13.0,1.7840375586854584,11.0,0.5788790870110133
2019-10-24,256.358,14.0,108.4,12,1.6844977040391562,14.0,1.7840375586854584,12.0,0.5788790870110133
2019-10-25,256.358,15.0,108.4,13,1.6844977040391562,15.0,1.7840375586854584,13.0,0.5788790870110133
2019-10-28,256.358,18.0,108.4,16,1.6844977040391562,18.0,1.7840375586854584,16.0,0.5788790870110133
2019-10-29,256.358,19.0,108.4,17,1.6844977040391562,19.0,1.7840375586854584,17.0,0.5788790870110133
2019-10-30,256.358,20.0,108.4,18,1.6844977040391562,20.0,1.7840375586854584,18.0,0.5788790870110133
2019-10-31,256.358,21.0,108.4,19,1.6844977040391562,21.0,1.7840375586854584,19.0,0.5788790870110133
2019-11-01,256.358,22.0,108.4,20,1.6844977040391562,22.0,1.7840375586854584,20.0,0.5788790870110133
2019-11-04,256.358,25.0,108.4,23,1.6844977040391562,25.0,1.7840375586854584,23.0,0.5788790870110133
2019-11-05,256.358,26.0,108.4,24,1.6844977040391562,26.0,1.7840375586854584,24.0,0.5788790870110133
2019-11-06,256.358,27.0,108.4,25,1.6844977040391562,27.0,1.7840375586854584,25.0,0.5788790870110133
2019-11-07,256.358,28.0,108.4,26,1.6844977040391562,28.0,1.7840375586854584,26.0,0.5788790870110133
2019-11-08,256.358,29.0,108.4,27,1.6844977040391562,29.0,1.7840375586854584,27.0,0.5788790870110133
2019-11-11,256.358,32.0,108.5,0,1.6844977040391562,32.0,1.7823639774859235,0.0,0.577940560428739
2019-11-12,256.358,33.0,108.5,1,1.6844977040391562,33.0,1.7823639774859235,1.0,0.577940560428739
2019-11-13,257.271,0.0,108.5,2,1.7339736996186295,0.0,1.7823639774859235,2.0,0.577940560428739
2019-11-14,257.271,1.0,108.5,3,1.7339736996186295,1.0,1.7823639774859235,3.0,0.577940560428739
2019-11-15,257.271,2.0,108.5,4,1.7339736996186295,2.0,1.7823639774859235,4.0,0.577940560428739
2019-11-18,257.271,5.0,108.5,7,1.7339736996186295,5.0,1.7823639774859235,7.0,0.577940560428739
2019-11-19,257.271,6.0,108.5,8,1.7339736996186295,6.0,1.7823639774859235,8.0,0.577940560428739
2019-11-20,257.271,7.0,108.5,9,1.7339736996186295,7.0,1.7823639774859235,9.0,0.577940560428739
2019-11-21,257.271,8.0,108.5,10,1.7339736996186295,8.0,1.7823639774859235,10.0,0.577940560428739
2019-11-22,257.271,9.0,108.5,11,1.7339736996186295,9.0,1.7823639774859235,11.0,0.577940560428739
2019-11-25,257.271,12.0,108.5,14,1.7339736996186295,12.0,1.7823639774859235,14.0,0.577940560428739
2019-11-26,257.271,13.0,108.5,15,1.7339736996186295,13.0,1.7823639774859235,15.0,0.577940560428739
2019-11-27,257.271,14.0,108.5,16,1.7339736996186295,14.0,1.7823639774859235,16.0,0.577940560428739
2019-11-28,257.271,15.0,108.5,17,1.7339736996186295,15.0,1.7823639774859235,17.0,0.577940560428739
2019-11-29,257.271,16.0,108.5,18,1.7339736996186295,16.0,1.7823639774859235,18.0,0.577940560428739
2019-12-02,257.271,19.0,108.5,21,1.7339736996186295,19.0,1.7823639774859235,21.0,0.577940560428739
2019-12-03,257.271,20.0,108.5,22,1.7339736996186295,20.0,1.7823639774859235,22.0,0.577940560428739
2019-12-04,257.271,21.0,108.5,23,1.7339736996186295,21.0,1.7823639774859235,23.0,0.577940560428739
2019-12-05,257.271,22.0,108.5,24,1.7339736996186295,22.0,1.7823639774859235,24.0,0.577940560428739
2019-12-06,257.271,23.0,108.5,25,1.7339736996186295,23.0,1.7823639774859235,25.0,0.577940560428739
2019-12-09,257.271,26.0,108.5,28,1.7339736996186295,26.0,1.7823639774859235,28.0,0.577940560428739
2019-12-10,257.271,27.0,108.5,29,1.7339736996186295,27.0,1.7823639774859235,29.0,0.577940560428739
2019-12-11,257.936,0.0,108.5,30,2.092290394862917,0.0,1.7823639774859235,30.0,0.577940560428739
2019-12-12,257.936,1.0,108.3,0,2.092290394862917,1.0,1.4995313964386137,0.0,0.40515265692611974
2019-12-13,257.936,2.0,108.3,1,2.092290394862917,2.0,1.4995313964386137,1.0,0.40515265692611974
2019-12-16,257.936,5.0,108.3,4,2.092290394862917,5.0,1.4995313964386137,4.0,0.40515265692611974
2019-12-17,257.936,6.0,108.3,5,2.092290394862917,6.0,1.4995313964386137,5.0,0.40515265692611974
2019-12-18,257.936,7.0,108.3,6,2.092290394862917,7.0,1.4995313964386137,6.0,0.40515265692611974
2019-12-19,257.936,8.0,108.3,7,2.092290394862917,8.0,1.4995313964386137,7.0,0.40515265692611974
2019-12-20,257.936,9.0,108.3,8,2.092290394862917,9.0,1.4995313964386137,8.0,0.40515265692611974
2019-12-23,257.936,12.0,108.3,11,2.092290394862917,12.0,1.4995313964386137,11.0,0.40515265692611974
2019-12-24,257.936,13.0,108.3,12,2.092290394862917,13.0,1.4995313964386137,12.0,0.40515265692611974
2019-12-25,257.936,14.0,108.3,13,2.092290394862917,14.0,1.4995313964386137,13.0,0.40515265692611974
2019-12-26,257.936,15.0,108.3,14,2.092290394862917,15.0,1.4995313964386137,14.0,0.40515265692611974
2019-12-27,257.936,16.0,108.3,15,2.092290394862917,16.0,1.4995313964386137,15.0,0.40515265692611974
2019-12-30,257.936,19.0,108.3,18,2.092290394862917,19.0,1.4995313964386137,18.0,0.40515265692611974
2019-12-31,257.936,20.0,108.3,19,2.092290394862917,20.0,1.4995313964386137,19.0,0.40515265692611974
2020-01-01,257.936,21.0,108.3,20,2.092290394862917,21.0,1.4995313964386137,20.0,0.40515265692611974
2020-01-02,257.936,22.0,108.3,21,2.092290394862917,22.0,1.4995313964386137,21.0,0.40515265692611974
2020-01-03,257.936,23.0,108.3,22,2.092290394862917,23.0,1.4995313964386137,22.0,0.40515265692611974
2020-01-06,257.936,26.0,108.3,25,2.092290394862917,26.0,1.4995313964386137,25.0,0.40515265692611974
2020-01-07,257.936,27.0,108.3,26,2.092290394862917,27.0,1.4995313964386137,26.0,0.40515265692611974
2020-01-08,257.936,28.0,108.3,27,2.092290394862917,28.0,1.4995313964386137,27.0,0.40515265692611974
2020-01-09,257.936,29.0,108.3,28,2.092290394862917,29.0,1.4995313964386137,28.0,0.40515265692611974
2020-01-10,257.936,30.0,108.3,29,2.092290394862917,30.0,1.4995313964386137,29.0,0.40515265692611974
2020-01-13,257.936,33.0,108.5,2,2.092290394862917,33.0,1.4018691588784993,2.0,0.33780645963434575
2020-01-14,258.501,0.0,108.5,3,2.3195274699624457,0.0,1.4018691588784993,3.0,0.33780645963434575
2020-01-15,258.501,1.0,108.5,4,2.3195274699624457,1.0,1.4018691588784993,4.0,0.33780645963434575
2020-01-16,258.501,2.0,108.5,5,2.3195274699624457,2.0,1.4018691588784993,5.0,0.33780645963434575
2020-01-17,258.501,3.0,108.5,6,2.3195274699624457,3.0,1.4018691588784993,6.0,0.33780645963434575
2020-01-20,258.501,6.0,108.5,9,2.3195274699624457,6.0,1.4018691588784993,9.0,0.33780645963434575
2020-01-21,258.501,7.0,108.5,10,2.3195274699624457,7.0,1.4018691588784993,10.0,0.33780645963434575
2020-01-22,258.501,8.0,108.5,11,2.3195274699624457,8.0,1.4018691588784993,11.0,0.33780645963434575
2020-01-23,258.501,9.0,108.5,12,2.3195274699624457,9.0,1.4018691588784993,12.0,0.33780645963434575
2020-01-24,258.501,10.0,108.5,13,2.3195274699624457,10.0,1.4018691588784993,13.0,0.33780645963434575
2020-01-27,258.501,13.0,108.5,16,2.3195274699624457,13.0,1.4018691588784993,16.0,0.33780645963434575
2020-01-28,258.501,14.0,108.5,17,2.3195274699624457,14.0,1.4018691588784993,17.0,0.33780645963434575
2020-01-29,258.501,15.0,108.5,18,2.3195274699624457,15.0,1.4018691588784993,18.0,0.33780645963434575
2020-01-30,258.501,16.0,108.5,19,2.3195274699624457,16.0,1.4018691588784993,19.0,0.33780645963434575
2020-01-31,258.501,17.0,108.5,20,2.3195274699624457,17.0,1.4018691588784993,20.0,0.33780645963434575
2020-02-03,258.501,20.0,108.5,23,2.3195274699624457,20.0,1.4018691588784993,23.0,0.33780645963434575
2020-02-04,258.501,21.0,108.5,24,2.3195274699624457,21.0,1.4018691588784993,24.0,0.33780645963434575
2020-02-05,258.501,22.0,108.5,25,2.3195274699624457,22.0,1.4018691588784993,25.0,0.33780645963434575
2020-02-06,258.501,23.0,108.5,26,2.3195274699624457,23.0,1.4018691588784993,26.0,0.33780645963434575
2020-02-07,258.501,24.0,108.5,27,2.3195274699624457,24.0,1.4018691588784993,27.0,0.33780645963434575
2020-02-10,258.501,27.0,108.5,30,2.3195274699624457,27.0,1.4018691588784993,30.0,0.33780645963434575
2020-02-11,238.835,0.0,108.5,0,2.3195274699624457,28.0,1.3071895424836555,0.0,0.26787944515559764
2020-02-12,238.835,1.0,108.5,1,2.3195274699624457,29.0,1.3071895424836555,1.0,0.26787944515559764
2020-02-13,258.82,0.0,108.5,2,2.599767976845202,0.0,1.3071895424836555,2.0,0.26787944515559764
2020-02-14,258.82,1.0,108.5,3,2.599767976845202,1.0,1.3071895424836555,3.0,0.26787944515559764
2020-02-17,258.82,4.0,108.5,6,2.599767976845202,4.0,1.3071895424836555,6.0,0.26787944515559764
2020-02-18,258.82,5.0,108.5,7,2.599767976845202,5.0,1.3071895424836555,7.0,0.26787944515559764
2020-02-19,258.82,6.0,108.5,8,2.599767976845202,6.0,1.3071895424836555,8.0,0.26787944515559764
2020-02-20,258.82,7.0,108.5,9,2.599767976845202,7.0,1.3071895424836555,9.0,0.26787944515559764
2020-02-21,258.82,8.0,108.5,10,2.599767976845202,8.0,1.3071895424836555,10.0,0.26787944515559764
2020-02-24,258.82,11.0,108.5,13,2.599767976845202,11.0,1.3071895424836555,13.0,0.26787944515559764
2020-02-25,258.82,12.0,108.5,14,2.599767976845202,12.0,1.3071895424836555,14.0,0.26787944515559764
2020-02-26,258.82,13.0,108.5,15,2.599767976845202,13.0,1.3071895424836555,15.0,0.26787944515559764
2020-02-27,258.82,14.0,108.5,16,2.599767976845202,14.0,1.3071895424836555,16.0,0.26787944515559764
2020-02-28,258.82,15.0,108.5,17,2.599767976845202,15.0,1.3071895424836555,17.0,0.26787944515559764
2020-03-02,258.82,18.0,108.5,20,2.599767976845202,18.0,1.3071895424836555,20.0,0.26787944515559764
2020-03-03,258.82,19.0,108.5,21,2.599767976845202,19.0,1.3071895424836555,21.0,0.26787944515559764
2020-03-04,258.82,20.0,108.5,22,2.599767976845202,20.0,1.3071895424836555,22.0,0.26787944515559764
2020-03-05,258.82,21.0,108.5,23,2.599767976845202,21.0,1.3071895424836555,23.0,0.26787944515559764
2020-03-06,258.82,22.0,108.5,24,2.599767976845202,22.0,1.3071895424836555,24.0,0.26787944515559764
2020-03-09,258.82,25.0,108.5,27,2.599767976845202,25.0,1.3071895424836555,27.0,0.26787944515559764
2020-03-10,258.82,26.0,108.5,28,2.599767976845202,26.0,1.3071895424836555,28.0,0.26787944515559764
2020-03-11,259.05,0.0,108.5,29,2.3413166797595197,0.0,1.3071895424836555,29.0,0.26787944515559764
2020-03-12,259.05,1.0,108.5,30,2.3413166797595197,1.0,1.3071895424836555,30.0,0.26787944515559764
2020-03-13,259.05,2.0,108.2,0,2.3413166797595197,2.0,1.7873941674506177,0.0,0.5807587868125874
2020-03-16,259.05,5.0,108.2,3,2.3413166797595197,5.0,1.7873941674506177,3.0,0.5807587868125874
2020-03-17,259.05,6.0,108.2,4,2.3413166797595197,6.0,1.7873941674506177,4.0,0.5807587868125874
2020-03-18,259.05,7.0,108.2,5,2.3413166797595197,7.0,1.7873941674506177,5.0,0.5807587868125874
2020-03-19,259.05,8.0,108.2,6,2.3413166797595197,8.0,1.7873941674506177,6.0,0.5807587868125874
2020-03-20,259.05,9.0,108.2,7,2.3413166797595197,9.0,1.7873941674506177,7.0,0.5807587868125874
2020-03-23,259.05,12.0,108.2,10,2.3413166797595197,12.0,1.7873941674506177,10.0,0.5807587868125874
2020-03-24,259.05,13.0,108.2,11,2.3413166797595197,13.0,1.7873941674506177,11.0,0.5807587868125874
2020-03-25,259.05,14.0,108.2,12,2.3413166797595197,14.0,1.7873941674506177,12.0,0.5807587868125874
2020-03-26,259.05,15.0,108.2,13,2.3413166797595197,15.0,1.7873941674506177,13.0,0.5807587868125874
2020-03-27,259.05,16.0,108.2,14,2.3413166797595197,16.0,1.7873941674506177,14.0,0.5807587868125874
2020-03-30,259.05,19.0,108.2,17,2.3413166797595197,19.0,1.7873941674506177,17.0,0.5807587868125874
2020-03-31,259.05,20.0,108.2,18,2.3413166797595197,20.0,1.7873941674506177,18.0,0.5807587868125874
2020-04-01,259.05,21.0,108.2,19,2.3413166797595197,21.0,1.7873941674506177,19.0,0.5807587868125874
2020-04-02,259.05,22.0,108.2,20,2.3413166797595197,22.0,1.7873941674506177,20.0,0.5807587868125874
2020-04-03,259.05,23.0,108.2,21,2.3413166797595197,23.0,1.7873941674506177,21.0,0.5807587868125874
2020-04-06,259.05,26.0,108.2,24,2.3413166797595197,26.0,1.7873941674506177,24.0,0.5807587868125874
2020-04-07,259.05,27.0,108.2,25,2.3413166797595197,27.0,1.7873941674506177,25.0,0.5807587868125874
2020-04-08,259.05,28.0,108.2,26,2.3413166797595197,28.0,1.7873941674506177,26.0,0.5807587868125874
2020-04-09,259.05,29.0,108.2,27,2.3413166797595197,29.0,1.7873941674506177,27.0,0.5807587868125874
2020-04-10,257.953,0.0,108.2,28,1.4940399642909163,0.0,1.7873941674506177,28.0,0.5807587868125874
2020-04-13,257.953,3.0,108.6,2,1.4940399642909163,3.0,1.6853932584269593,2.0,0.5219989243641118
2020-04-14,257.953,4.0,108.6,3,1.4940399642909163,4.0,1.6853932584269593,3.0,0.5219989243641118
2020-04-15,257.953,5.0,108.6,4,1.4940399642909163,5.0,1.6853932584269593,4.0,0.5219989243641118
2020-04-16,257.953,6.0,108.6,5,1.4940399642909163,6.0,1.6853932584269593,5.0,0.5219989243641118
2020-04-17,257.953,7.0,108.6,6,1.4940399642909163,7.0,1.6853932584269593,6.0,0.5219989243641118
2020-04-20,257.953,10.0,108.6,9,1.4940399642909163,10.0,1.6853932584269593,9.0,0.5219989243641118
2020-04-21,257.953,11.0,108.6,10,1.4940399642909163,11.0,1.6853932584269593,10.0,0.5219989243641118
2020-04-22,257.953,12.0,108.6,11,1.4940399642909163,12.0,1.6853932584269593,11.0,0.5219989243641118
2020-04-23,257.953,13.0,108.6,12,1.4940399642909163,13.0,1.6853932584269593,12.0,0.5219989243641118
2020-04-24,257.953,14.0,108.6,13,1.4940399642909163,14.0,1.6853932584269593,13.0,0.5219989243641118
2020-04-27,257.953,17.0,108.6,16,1.4940399642909163,17.0,1.6853932584269593,16.0,0.5219989243641118
2020-04-28,257.953,18.0,108.6,17,1.4940399642909163,18.0,1.6853932584269593,17.0,0.5219989243641118
2020-04-29,257.953,19.0,108.6,18,1.4940399642909163,19.0,1.6853932584269593,18.0,0.5219989243641118
2020-04-30,257.953,20.0,108.6,19,1.4940399642909163,20.0,1.6853932584269593,19.0,0.5219989243641118
2020-05-01,257.953,21.0,108.6,20,1.4940399642909163,21.0,1.6853932584269593,20.0,0.5219989243641118
2020-05-04,257.953,24.0,108.6,23,1.4940399642909163,24.0,1.6853932584269593,23.0,0.5219989243641118
2020-05-05,257.953,25.0,108.6,24,1.4940399642909163,25.0,1.6853932584269593,24.0,0.5219989243641118
2020-05-06,257.953,26.0,108.6,25,1.4940399642909163,26.0,1.6853932584269593,25.0,0.5219989243641118
2020-05-07,257.953,27.0,108.6,26,1.4940399642909163,27.0,1.6853932584269593,26.0,0.5219989243641118
2020-05-08,257.953,28.0,108.6,27,1.4940399642909163,28.0,1.6853932584269593,27.0,0.5219989243641118
2020-05-11,257.953,31.0,108.6,30,1.4940399642909163,31.0,1.6853932584269593,30.0,0.5219989243641118
2020-05-12,255.902,0.0,108.6,0,0.3130472940411133,0.0,1.495327102803734,0.0,0.4023449807719179
2020-05-13,255.902,1.0,108.6,1,0.3130472940411133,1.0,1.495327102803734,1.0,0.4023449807719179
2020-05-14,255.902,2.0,108.6,2,0.3130472940411133,2.0,1.495327102803734,2.0,0.4023449807719179
2020-05-15,255.902,3.0,108.6,3,0.3130472940411133,3.0,1.495327102803734,3.0,0.4023449807719179
2020-05-18,255.902,6.0,108.6,6,0.3130472940411133,6.0,1.495327102803734,6.0,0.4023449807719179
2020-05-19,255.902,7.0,108.6,7,0.3130472940411133,7.0,1.495327102803734,7.0,0.4023449807719179
2020-05-20,255.902,8.0,108.6,8,0.3130472940411133,8.0,1.495327102803734,8.0,0.4023449807719179
2020-05-21,255.902,9.0,108.6,9,0.3130472940411133,9.0,1.495327102803734,9.0,0.4023449807719179
2020-05-22,255.902,10.0,108.6,10,0.3130472940411133,10.0,1.495327102803734,10.0,0.4023449807719179
2020-05-25,255.902,13.0,108.6,13,0.3130472940411133,13.0,1.495327102803734,13.0,0.4023449807719179
2020-05-26,255.902,14.0,108.6,14,0.3130472940411133,14.0,1.495327102803734,14.0,0.4023449807719179
2020-05-27,255.902,15.0,108.6,15,0.3130472940411133,15.0,1.495327102803734,15.0,0.4023449807719179
2020-05-28,255.902,16.0,108.6,16,0.3130472940411133,16.0,1.495327102803734,16.0,0.4023449807719179
2020-05-29,255.902,17.0,108.6,17,0.3130472940411133,17.0,1.495327102803734,17.0,0.4023449807719179
2020-06-01,255.902,20.0,108.6,20,0.3130472940411133,20.0,1.495327102803734,20.0,0.4023449807719179
2020-06-02,255.902,21.0,108.6,21,0.3130472940411133,21.0,1.495327102803734,21.0,0.4023449807719179
2020-06-03,255.902,22.0,108.6,22,0.3130472940411133,22.0,1.495327102803734,22.0,0.4023449807719179
2020-06-04,255.902,23.0,108.6,23,0.3130472940411133,23.0,1.495327102803734,23.0,0.4023449807719179
2020-06-05,255.902,24.0,108.6,24,0.3130472940411133,24.0,1.495327102803734,24.0,0.4023449807719179
2020-06-08,255.902,27.0,108.6,27,0.3130472940411133,27.0,1.495327102803734,27.0,0.4023449807719179
2020-06-09,255.902,28.0,108.6,28,0.3130472940411133,28.0,1.495327102803734,28.0,0.4023449807719179
2020-06-10,255.768,0.0,108.6,29,0.1982013035848551,0.0,1.495327102803734,29.0,0.4023449807719179
2020-06-11,255.768,1.0,108.5,0,0.1982013035848551,1.0,0.8364312267657992,0.0,-0.17861097739741907
2020-06-12,255.768,2.0,108.5,1,0.1982013035848551,2.0,0.8364312267657992,1.0,-0.17861097739741907
2020-06-15,255.768,5.0,108.5,4,0.1982013035848551,5.0,0.8364312267657992,4.0,-0.17861097739741907
2020-06-16,255.768,6.0,108.5,5,0.1982013035848551,6.0,0.8364312267657992,5.0,-0.17861097739741907
2020-06-17,255.768,7.0,108.5,6,0.1982013035848551,7.0,0.8364312267657992,6.0,-0.17861097739741907
2020-06-18,255.768,8.0,108.5,7,0.1982013035848551,8.0,0.8364312267657992,7.0,-0.17861097739741907
2020-06-19,255.768,9.0,108.5,8,0.1982013035848551,9.0,0.8364312267657992,8.0,-0.17861097739741907
2020-06-22,255.768,12.0,108.5,11,0.1982013035848551,12.0,0.8364312267657992,11.0,-0.17861097739741907
2020-06-23,255.768,13.0,108.5,12,0.1982013035848551,13.0,0.8364312267657992,12.0,-0.17861097739741907
2020-06-24,255.768,14.0,108.5,13,0.1982013035848551,14.0,0.8364312267657992,13.0,-0.17861097739741907
2020-06-25,255.768,15.0,108.5,14,0.1982013035848551,15.0,0.8364312267657992,14.0,-0.17861097739741907
2020-06-26,255.768,16.0,108.5,15,0.1982013035848551,16.0,0.8364312267657992,15.0,-0.17861097739741907
2020-06-29,255.768,19.0,108.5,18,0.1982013035848551,19.0,0.8364312267657992,18.0,-0.17861097739741907
2020-06-30,255.768,20.0,108.5,19,0.1982013035848551,20.0,0.8364312267657992,19.0,-0.17861097739741907
2020-07-01,255.768,21.0,108.5,20,0.1982013035848551,21.0,0.8364312267657992,20.0,-0.17861097739741907
2020-07-02,255.768,22.0,108.5,21,0.1982013035848551,22.0,0.8364312267657992,21.0,-0.17861097739741907
2020-07-03,255.768,23.0,108.5,22,0.1982013035848551,23.0,0.8364312267657992,22.0,-0.17861097739741907
2020-07-06,255.768,26.0,108.5,25,0.1982013035848551,26.0,0.8364312267657992,25.0,-0.17861097739741907
2020-07-07,255.768,27.0,108.5,26,0.1982013035848551,27.0,0.8364312267657992,26.0,-0.17861097739741907
2020-07-08,255.768,28.0,108.5,27,0.1982013035848551,28.0,0.8364312267657992,27.0,-0.17861097739741907
2020-07-09,255.768,29.0,108.5,28,0.1982013035848551,29.0,0.8364312267657992,28.0,-0.17861097739741907
2020-07-10,255.768,30.0,108.5,29,0.1982013035848551,30.0,0.8364312267657992,29.0,-0.17861097739741907
2020-07-13,255.768,33.0,108.5,1,0.1982013035848551,33.0,0.556070435588496,1.0,-0.5868603100420097
2020-07-14,257.214,0.0,108.5,2,0.7166562831830481,0.0,0.556070435588496,2.0,-0.5868603100420097
2020-07-15,257.214,1.0,108.5,3,0.7166562831830481,1.0,0.556070435588496,3.0,-0.5868603100420097
2020-07-16,257.214,2.0,108.5,4,0.7166562831830481,2.0,0.556070435588496,4.0,-0.5868603100420097
2020-07-17,257.214,3.0,108.5,5,0.7166562831830481,3.0,0.556070435588496,5.0,-0.5868603100420097
2020-07-20,257.214,6.0,108.5,8,0.7166562831830481,6.0,0.556070435588496,8.0,-0.5868603100420097
2020-07-21,257.214,7.0,108.5,9,0.7166562831830481,7.0,0.556070435588496,9.0,-0.5868603100420097
2020-07-22,257.214,8.0,108.5,10,0.7166562831830481,8.0,0.556070435588496,10.0,-0.5868603100420097
2020-07-23,257.214,9.0,108.5,11,0.7166562831830481,9.0,0.556070435588496,11.0,-0.5868603100420097
2020-07-24,257.214,10.0,108.5,12,0.7166562831830481,10.0,0.556070435588496,12.0,-0.5868603100420097
2020-07-27,257.214,13.0,108.5,15,0.7166562831830481,13.0,0.556070435588496,15.0,-0.5868603100420097
2020-07-28,257.214,14.0,108.5,16,0.7166562831830481,14.0,0.556070435588496,16.0,-0.5868603100420097
2020-07-29,257.214,15.0,108.5,17,0.7166562831830481,15.0,0.556070435588496,17.0,-0.5868603100420097
2020-07-30,257.214,16.0,108.5,18,0.7166562831830481,16.0,0.556070435588496,18.0,-0.5868603100420097
2020-07-31,257.214,17.0,108.5,19,0.7166562831830481,17.0,0.556070435588496,19.0,-0.5868603100420097
2020-08-03,257.214,20.0,108.5,22,0.7166562831830481,20.0,0.556070435588496,22.0,-0.5868603100420097
2020-08-04,257.214,21.0,108.5,23,0.7166562831830481,21.0,0.556070435588496,23.0,-0.5868603100420097
2020-08-05,257.214,22.0,108.5,24,0.7166562831830481,22.0,0.556070435588496,24.0,-0.5868603100420097
2020-08-06,257.214,23.0,108.5,25,0.7166562831830481,23.0,0.556070435588496,25.0,-0.5868603100420097
2020-08-07,257.214,24.0,108.5,26,0.7166562831830481,24.0,0.556070435588496,26.0,-0.5868603100420097
2020-08-10,257.214,27.0,108.5,29,0.7166562831830481,27.0,0.556070435588496,29.0,-0.5868603100420097
2020-08-11,257.214,28.0,108.6,0,0.7166562831830481,28.0,0.6487488415199083,0.0,-0.43270963021475706
2020-08-12,258.723,0.0,108.6,1,0.9968647625897997,0.0,0.6487488415199083,1.0,-0.43270963021475706
2020-08-13,258.723,1.0,108.6,2,0.9968647625897997,1.0,0.6487488415199083,2.0,-0.43270963021475706
2020-08-14,258.723,2.0,108.6,3,0.9968647625897997,2.0,0.6487488415199083,3.0,-0.43270963021475706
2020-08-17,258.723,5.0,108.6,6,0.9968647625897997,5.0,0.6487488415199083,6.0,-0.43270963021475706
2020-08-18,258.723,6.0,108.6,7,0.9968647625897997,6.0,0.6487488415199083,7.0,-0.43270963021475706
2020-08-19,258.723,7.0,108.6,8,0.9968647625897997,7.0,0.6487488415199083,8.0,-0.43270963021475706
2020-08-20,258.723,8.0,108.6,9,0.9968647625897997,8.0,0.6487488415199083,9.0,-0.43270963021475706
2020-08-21,258.723,9.0,108.6,10,0.9968647625897997,9.0,0.6487488415199083,10.0,-0.43270963021475706
2020-08-24,258.723,12.0,108.6,13,0.9968647625897997,12.0,0.6487488415199083,13.0,-0.43270963021475706
2020-08-25,258.723,13.0,108.6,14,0.9968647625897997,13.0,0.6487488415199083,14.0,-0.43270963021475706
2020-08-26,258.723,14.0,108.6,15,0.9968647625897997,14.0,0.6487488415199083,15.0,-0.43270963021475706
2020-08-27,258.723,15.0,108.6,16,0.9968647625897997,15.0,0.6487488415199083,16.0,-0.43270963021475706
2020-08-28,258.723,16.0,108.6,17,0.9968647625897997,16.0,0.6487488415199083,17.0,-0.43270963021475706
2020-08-31,258.723,19.0,108.6,20,0.9968647625897997,19.0,0.6487488415199083,20.0,-0.43270963021475706
2020-09-01,258.723,20.0,108.6,21,0.9968647625897997,20.0,0.6487488415199083,21.0,-0.43270963021475706
2020-09-02,258.723,21.0,108.6,22,0.9968647625897997,21.0,0.6487488415199083,22.0,-0.43270963021475706
2020-09-03,258.723,22.0,108.6,23,0.9968647625897997,22.0,0.6487488415199083,23.0,-0.43270963021475706
2020-09-04,258.723,23.0,108.6,24,0.9968647625897997,23.0,0.6487488415199083,24.0,-0.43270963021475706
2020-09-07,258.723,26.0,108.6,27,0.9968647625897997,26.0,0.6487488415199083,27.0,-0.43270963021475706
2020-09-08,258.723,27.0,108.6,28,0.9968647625897997,27.0,0.6487488415199083,28.0,-0.43270963021475706
2020-09-09,258.723,28.0,108.6,29,0.9968647625897997,28.0,0.6487488415199083,29.0,-0.43270963021475706
2020-09-10,258.723,29.0,108.6,30,0.9968647625897997,29.0,0.6487488415199083,30.0,-0.43270963021475706
2020-09-11,259.681,0.0,109.1,0,1.2810698495523853,0.0,1.1121408711770142,0.0,0.10628687051795563
2020-09-14,259.681,3.0,109.1,3,1.2810698495523853,3.0,1.1121408711770142,3.0,0.10628687051795563
2020-09-15,259.681,4.0,109.1,4,1.2810698495523853,4.0,1.1121408711770142,4.0,0.10628687051795563
2020-09-16,259.681,5.0,109.1,5,1.2810698495523853,5.0,1.1121408711770142,5.0,0.10628687051795563
2020-09-17,259.681,6.0,109.1,6,1.2810698495523853,6.0,1.1121408711770142,6.0,0.10628687051795563
2020-09-18,259.681,7.0,109.1,7,1.2810698495523853,7.0,1.1121408711770142,7.0,0.10628687051795563
2020-09-21,259.681,10.0,109.1,10,1.2810698495523853,10.0,1.1121408711770142,10.0,0.10628687051795563
2020-09-22,259.681,11.0,109.1,11,1.2810698495523853,11.0,1.1121408711770142,11.0,0.10628687051795563
2020-09-23,259.681,12.0,109.1,12,1.2810698495523853,12.0,1.1121408711770142,12.0,0.10628687051795563
2020-09-24,259.681,13.0,109.1,13,1.2810698495523853,13.0,1.1121408711770142,13.0,0.10628687051795563
2020-09-25,259.681,14.0,109.1,14,1.2810698495523853,14.0,1.1121408711770142,14.0,0.10628687051795563
2020-09-28,259.681,17.0,109.1,17,1.2810698495523853,17.0,1.1121408711770142,17.0,0.10628687051795563
2020-09-29,259.681,18.0,109.1,18,1.2810698495523853,18.0,1.1121408711770142,18.0,0.10628687051795563
2020-09-30,259.681,19.0,109.1,19,1.2810698495523853,19.0,1.1121408711770142,19.0,0.10628687051795563
2020-10-01,259.681,20.0,109.1,20,1.2810698495523853,20.0,1.1121408711770142,20.0,0.10628687051795563
2020-10-02,259.681,21.0,109.1,21,1.2810698495523853,21.0,1.1121408711770142,21.0,0.10628687051795563
2020-10-05,259.681,24.0,109.1,24,1.2810698495523853,24.0,1.1121408711770142,24.0,0.10628687051795563
2020-10-06,259.681,25.0,109.1,25,1.2810698495523853,25.0,1.1121408711770142,25.0,0.10628687051795563
2020-10-07,259.681,26.0,109.1,26,1.2810698495523853,26.0,1.1121408711770142,26.0,0.10628687051795563
2020-10-08,259.681,27.0,109.1,27,1.2810698495523853,27.0,1.1121408711770142,27.0,0.10628687051795563
2020-10-09,259.681,28.0,109.1,28,1.2810698495523853,28.0,1.1121408711770142,28.0,0.10628687051795563
2020-10-12,259.681,31.0,108.6,0,1.2810698495523853,31.0,0.18450184501843658,0.0,-1.6900958154516286
2020-10-13,260.209,0.0,108.6,1,1.3910228912373812,0.0,0.18450184501843658,1.0,-1.6900958154516286
2020-10-14,260.209,1.0,108.6,2,1.3910228912373812,1.0,0.18450184501843658,2.0,-1.6900958154516286
2020-10-15,260.209,2.0,108.6,3,1.3910228912373812,2.0,0.18450184501843658,3.0,-1.6900958154516286
2020-10-16,260.209,3.0,108.6,4,1.3910228912373812,3.0,0.18450184501843658,4.0,-1.6900958154516286
2020-10-19,260.209,6.0,108.6,7,1.3910228912373812,6.0,0.18450184501843658,7.0,-1.6900958154516286
2020-10-20,260.209,7.0,108.6,8,1.3910228912373812,7.0,0.18450184501843658,8.0,-1.6900958154516286
2020-10-21,260.209,8.0,108.6,9,1.3910228912373812,8.0,0.18450184501843658,9.0,-1.6900958154516286
2020-10-22,260.209,9.0,108.6,10,1.3910228912373812,9.0,0.18450184501843658,10.0,-1.6900958154516286
2020-10-23,260.209,10.0,108.6,11,1.3910228912373812,10.0,0.18450184501843658,11.0,-1.6900958154516286
2020-10-26,260.209,13.0,108.6,14,1.3910228912373812,13.0,0.18450184501843658,14.0,-1.6900958154516286
2020-10-27,260.209,14.0,108.6,15,1.3910228912373812,14.0,0.18450184501843658,15.0,-1.6900958154516286
2020-10-28,260.209,15.0,108.6,16,1.3910228912373812,15.0,0.18450184501843658,16.0,-1.6900958154516286
2020-10-29,260.209,16.0,108.6,17,1.3910228912373812,16.0,0.18450184501843658,17.0,-1.6900958154516286
2020-10-30,260.209,17.0,108.6,18,1.3910228912373812,17.0,0.18450184501843658,18.0,-1.6900958154516286
2020-11-02,260.209,20.0,108.6,21,1.3910228912373812,20.0,0.18450184501843658,21.0,-1.6900958154516286
2020-11-03,260.209,21.0,108.6,22,1.3910228912373812,21.0,0.18450184501843658,22.0,-1.6900958154516286
2020-11-04,260.209,22.0,108.6,23,1.3910228912373812,22.0,0.18450184501843658,23.0,-1.6900958154516286
2020-11-05,260.209,23.0,108.6,24,1.3910228912373812,23.0,0.18450184501843658,24.0,-1.6900958154516286
2020-11-06,260.209,24.0,108.6,25,1.3910228912373812,24.0,0.18450184501843658,25.0,-1.6900958154516286
2020-11-09,260.209,27.0,108.6,28,1.3910228912373812,27.0,0.18450184501843658,28.0,-1.6900958154516286
2020-11-10,260.209,28.0,108.6,29,1.3910228912373812,28.0,0.18450184501843658,29.0,-1.6900958154516286
2020-11-11,260.209,29.0,109.1,0,1.3910228912373812,29.0,0.5529953917050578,0.0,-0.5924056107584339
2020-11-12,260.325,0.0,109.1,1,1.2303863428671624,0.0,0.5529953917050578,1.0,-0.5924056107584339
2020-11-13,260.325,1.0,109.1,2,1.2303863428671624,1.0,0.5529953917050578,2.0,-0.5924056107584339
2020-11-16,260.325,4.0,109.1,5,1.2303863428671624,4.0,0.5529953917050578,5.0,-0.5924056107584339
2020-11-17,260.325,5.0,109.1,6,1.2303863428671624,5.0,0.5529953917050578,6.0,-0.5924056107584339
2020-11-18,260.325,6.0,109.1,7,1.2303863428671624,6.0,0.5529953917050578,7.0,-0.5924056107584339
2020-11-19,260.325,7.0,109.1,8,1.2303863428671624,7.0,0.5529953917050578,8.0,-0.5924056107584339
2020-11-20,260.325,8.0,109.1,9,1.2303863428671624,8.0,0.5529953917050578,9.0,-0.5924056107584339
2020-11-23,260.325,11.0,109.1,12,1.2303863428671624,11.0,0.5529953917050578,12.0,-0.5924056107584339
2020-11-24,260.325,12.0,109.1,13,1.2303863428671624,12.0,0.5529953917050578,13.0,-0.5924056107584339
2020-11-25,260.325,13.0,109.1,14,1.2303863428671624,13.0,0.5529953917050578,14.0,-0.5924056107584339
2020-11-26,260.325,14.0,109.1,15,1.2303863428671624,14.0,0.5529953917050578,15.0,-0.5924056107584339
2020-11-27,260.325,15.0,109.1,16,1.2303863428671624,15.0,0.5529953917050578,16.0,-0.5924056107584339
2020-11-30,260.325,18.0,109.1,19,1.2303863428671624,18.0,0.5529953917050578,19.0,-0.5924056107584339
2020-12-01,260.325,19.0,109.1,20,1.2303863428671624,19.0,0.5529953917050578,20.0,-0.5924056107584339
2020-12-02,260.325,20.0,109.1,21,1.2303863428671624,20.0,0.5529953917050578,21.0,-0.5924056107584339
2020-12-03,260.325,21.0,109.1,22,1.2303863428671624,21.0,0.5529953917050578,22.0,-0.5924056107584339
2020-12-04,260.325,22.0,109.1,23,1.2303863428671624,22.0,0.5529953917050578,23.0,-0.5924056107584339
2020-12-07,260.325,25.0,109.1,26,1.2303863428671624,25.0,0.5529953917050578,26.0,-0.5924056107584339
2020-12-08,260.325,26.0,109.1,27,1.2303863428671624,26.0,0.5529953917050578,27.0,-0.5924056107584339
2020-12-09,260.325,27.0,109.1,28,1.2303863428671624,27.0,0.5529953917050578,28.0,-0.5924056107584339
2020-12-10,260.817,0.0,109.1,29,1.1757452138405844,0.0,0.5529953917050578,29.0,-0.5924056107584339
2020-12-11,260.817,1.0,109.1,30,1.1757452138405844,1.0,0.5529953917050578,30.0,-0.5924056107584339
2020-12-14,260.817,4.0,109.1,2,1.1757452138405844,4.0,0.7386888273314796,2.0,-0.30287851933307286
2020-12-15,260.817,5.0,109.1,3,1.1757452138405844,5.0,0.7386888273314796,3.0,-0.30287851933307286
2020-12-16,260.817,6.0,109.1,4,1.1757452138405844,6.0,0.7386888273314796,4.0,-0.30287851933307286
2020-12-17,260.817,7.0,109.1,5,1.1757452138405844,7.0,0.7386888273314796,5.0,-0.30287851933307286
2020-12-18,260.817,8.0,109.1,6,1.1757452138405844,8.0,0.7386888273314796,6.0,-0.30287851933307286
2020-12-21,260.817,11.0,109.1,9,1.1757452138405844,11.0,0.7386888273314796,9.0,-0.30287851933307286
2020-12-22,260.817,12.0,109.1,10,1.1757452138405844,12.0,0.7386888273314796,10.0,-0.30287851933307286
2020-12-23,260.817,13.0,109.1,11,1.1757452138405844,13.0,0.7386888273314796,11.0,-0.30287851933307286
2020-12-24,260.817,14.0,109.1,12,1.1757452138405844,14.0,0.7386888273314796,12.0,-0.30287851933307286
2020-12-25,260.817,15.0,109.1,13,1.1757452138405844,15.0,0.7386888273314796,13.0,-0.30287851933307286
2020-12-28,260.817,18.0,109.1,16,1.1757452138405844,18.0,0.7386888273314796,16.0,-0.30287851933307286
2020-12-29,260.817,19.0,109.1,17,1.1757452138405844,19.0,0.7386888273314796,17.0,-0.30287851933307286
2020-12-30,260.817,20.0,109.1,18,1.1757452138405844,20.0,0.7386888273314796,18.0,-0.30287851933307286
2020-12-31,260.817,21.0,109.1,19,1.1757452138405844,21.0,0.7386888273314796,19.0,-0.30287851933307286
2021-01-01,260.817,22.0,109.1,20,1.1757452138405844,22.0,0.7386888273314796,20.0,-0.30287851933307286
2021-01-04,260.817,25.0,109.1,23,1.1757452138405844,25.0,0.7386888273314796,23.0,-0.30287851933307286
2021-01-05,260.817,26.0,109.1,24,1.1757452138405844,26.0,0.7386888273314796,24.0,-0.30287851933307286
2021-01-06,260.817,27.0,109.1,25,1.1757452138405844,27.0,0.7386888273314796,25.0,-0.30287851933307286
2021-01-07,260.817,28.0,109.1,26,1.1757452138405844,28.0,0.7386888273314796,26.0,-0.30287851933307286
2021-01-08,237.514,0.0,109.1,27,1.1757452138405844,29.0,0.7386888273314796,27.0,-0.30287851933307286
2021-01-11,237.514,3.0,108.9,0,1.1757452138405844,32.0,0.36866359447005337,0.0,-0.9978707188665582
2021-01-12,237.514,4.0,108.9,1,1.1757452138405844,33.0,0.36866359447005337,1.0,-0.9978707188665582
2021-01-13,261.775,0.0,108.9,2,1.3204191315779434,0.0,0.36866359447005337,2.0,-0.9978707188665582
2021-01-14,261.775,1.0,108.9,3,1.3204191315779434,1.0,0.36866359447005337,3.0,-0.9978707188665582
2021-01-15,261.775,2.0,108.9,4,1.3204191315779434,2.0,0.36866359447005337,4.0,-0.9978707188665582
2021-01-18,261.775,5.0,108.9,7,1.3204191315779434,5.0,0.36866359447005337,7.0,-0.9978707188665582
2021-01-19,261.775,6.0,108.9,8,1.3204191315779434,6.0,0.36866359447005337,8.0,-0.9978707188665582
2021-01-20,261.775,7.0,108.9,9,1.3204191315779434,7.0,0.36866359447005337,9.0,-0.9978707188665582
2021-01-21,261.775,8.0,108.9,10,1.3204191315779434,8.0,0.36866359447005337,10.0,-0.9978707188665582
2021-01-22,261.775,9.0,108.9,11,1.3204191315779434,9.0,0.36866359447005337,11.0,-0.9978707188665582
2021-01-25,261.775,12.0,108.9,14,1.3204191315779434,12.0,0.36866359447005337,14.0,-0.9978707188665582
2021-01-26,261.775,13.0,108.9,15,1.3204191315779434,13.0,0.36866359447005337,15.0,-0.9978707188665582
2021-01-27,261.775,14.0,108.9,16,1.3204191315779434,14.0,0.36866359447005337,16.0,-0.9978707188665582
2021-01-28,261.775,15.0,108.9,17,1.3204191315779434,15.0,0.36866359447005337,17.0,-0.9978707188665582
2021-01-29,261.775,16.0,108.9,18,1.3204191315779434,16.0,0.36866359447005337,18.0,-0.9978707188665582
2021-02-01,261.775,19.0,108.9,21,1.3204191315779434,19.0,0.36866359447005337,21.0,-0.9978707188665582
2021-02-02,261.775,20.0,108.9,22,1.3204191315779434,20.0,0.36866359447005337,22.0,-0.9978707188665582
2021-02-03,261.775,21.0,108.9,23,1.3204191315779434,21.0,0.36866359447005337,23.0,-0.9978707188665582
2021-02-04,261.775,22.0,108.9,24,1.3204191315779434,22.0,0.36866359447005337,24.0,-0.9978707188665582
2021-02-05,261.775,23.0,108.9,25,1.3204191315779434,23.0,0.36866359447005337,25.0,-0.9978707188665582
2021-02-08,255.942,0.0,108.9,28,1.3204191315779434,26.0,0.36866359447005337,28.0,-0.9978707188665582
2021-02-09,255.942,1.0,108.9,29,1.3204191315779434,27.0,0.36866359447005337,29.0,-0.9978707188665582
2021-02-10,262.231,0.0,108.9,30,1.3738437137002402,0.0,0.36866359447005337,30.0,-0.9978707188665582
2021-02-11,262.231,1.0,109.2,0,1.3738437137002402,1.0,0.6451612903225934,0.0,-0.4382549309311355
2021-02-12,262.231,2.0,109.2,1,1.3738437137002402,2.0,0.6451612903225934,1.0,-0.4382549309311355
2021-02-15,262.231,5.0,109.2,4,1.3738437137002402,5.0,0.6451612903225934,4.0,-0.4382549309311355
2021-02-16,262.231,6.0,109.2,5,1.3738437137002402,6.0,0.6451612903225934,5.0,-0.4382549309311355
2021-02-17,262.231,7.0,109.2,6,1.3738437137002402,7.0,0.6451612903225934,6.0,-0.4382549309311355
2021-02-18,262.231,8.0,109.2,7,1.3738437137002402,8.0,0.6451612903225934,7.0,-0.4382549309311355
2021-02-19,262.231,9.0,109.2,8,1.3738437137002402,9.0,0.6451612903225934,8.0,-0.4382549309311355
2021-02-22,262.231,12.0,109.2,11,1.3738437137002402,12.0,0.6451612903225934,11.0,-0.4382549309311355
2021-02-23,262.231,13.0,109.2,12,1.3738437137002402,13.0,0.6451612903225934,12.0,-0.4382549309311355
2021-02-24,262.231,14.0,109.2,13,1.3738437137002402,14.0,0.6451612903225934,13.0,-0.4382549309311355
2021-02-25,262.231,15.0,109.2,14,1.3738437137002402,15.0,0.6451612903225934,14.0,-0.4382549309311355
2021-02-26,262.231,16.0,109.2,15,1.3738437137002402,16.0,0.6451612903225934,15.0,-0.4382549309311355
2021-03-01,262.231,19.0,109.2,18,1.3738437137002402,19.0,0.6451612903225934,18.0,-0.4382549309311355
2021-03-02,262.231,20.0,109.2,19,1.3738437137002402,20.0,0.6451612903225934,19.0,-0.4382549309311355
2021-03-03,262.231,21.0,109.2,20,1.3738437137002402,21.0,0.6451612903225934,20.0,-0.4382549309311355
2021-03-04,262.231,22.0,109.2,21,1.3738437137002402,22.0,0.6451612903225934,21.0,-0.4382549309311355
2021-03-05,262.231,23.0,109.2,22,1.3738437137002402,23.0,0.6451612903225934,22.0,-0.4382549309311355
2021-03-08,262.231,26.0,109.2,25,1.3738437137002402,26.0,0.6451612903225934,25.0,-0.4382549309311355
2021-03-09,262.231,27.0,109.2,26,1.3738437137002402,27.0,0.6451612903225934,26.0,-0.4382549309311355
2021-03-10,263.161,0.0,109.2,27,1.6698167791706853,0.0,0.6451612903225934,27.0,-0.4382549309311355
2021-03-11,263.161,1.0,109.2,28,1.6698167791706853,1.0,0.6451612903225934,28.0,-0.4382549309311355
2021-03-12,263.161,2.0,109.2,29,1.6698167791706853,2.0,0.6451612903225934,29.0,-0.4382549309311355
2021-03-15,263.161,5.0,109.0,1,1.6698167791706853,5.0,0.7393715341959206,1.0,-0.3019547317385169
2021-03-16,263.161,6.0,109.0,2,1.6698167791706853,6.0,0.7393715341959206,2.0,-0.3019547317385169
2021-03-17,263.161,7.0,109.0,3,1.6698167791706853,7.0,0.7393715341959206,3.0,-0.3019547317385169
2021-03-18,263.161,8.0,109.0,4,1.6698167791706853,8.0,0.7393715341959206,4.0,-0.3019547317385169
2021-03-19,263.161,9.0,109.0,5,1.6698167791706853,9.0,0.7393715341959206,5.0,-0.3019547317385169
2021-03-22,263.161,12.0,109.0,8,1.6698167791706853,12.0,0.7393715341959206,8.0,-0.3019547317385169
2021-03-23,263.161,13.0,109.0,9,1.6698167791706853,13.0,0.7393715341959206,9.0,-0.3019547317385169
2021-03-24,263.161,14.0,109.0,10,1.6698167791706853,14.0,0.7393715341959206,10.0,-0.3019547317385169
2021-03-25,263.161,15.0,109.0,11,1.6698167791706853,15.0,0.7393715341959206,11.0,-0.3019547317385169
2021-03-26,263.161,16.0,109.0,12,1.6698167791706853,16.0,0.7393715341959206,12.0,-0.3019547317385169
2021-03-29,263.161,19.0,109.0,15,1.6698167791706853,19.0,0.7393715341959206,15.0,-0.3019547317385169
2021-03-30,263.161,20.0,109.0,16,1.6698167791706853,20.0,0.7393715341959206,16.0,-0.3019547317385169
2021-03-31,263.161,21.0,109.0,17,1.6698167791706853,21.0,0.7393715341959206,17.0,-0.3019547317385169
2021-04-01,263.161,22.0,109.0,18,1.6698167791706853,22.0,0.7393715341959206,18.0,-0.3019547317385169
2021-04-02,263.161,23.0,109.0,19,1.6698167791706853,23.0,0.7393715341959206,19.0,-0.3019547317385169
2021-04-05,263.161,26.0,109.0,22,1.6698167791706853,26.0,0.7393715341959206,22.0,-0.3019547317385169
2021-04-06,263.161,27.0,109.0,23,1.6698167791706853,27.0,0.7393715341959206,23.0,-0.3019547317385169
2021-04-07,263.161,28.0,109.0,24,1.6698167791706853,28.0,0.7393715341959206,24.0,-0.3019547317385169
2021-04-08,263.161,29.0,109.0,25,1.6698167791706853,29.0,0.7393715341959206,25.0,-0.3019547317385169
2021-04-09,263.161,30.0,109.0,26,1.6698167791706853,30.0,0.7393715341959206,26.0,-0.3019547317385169
2021-04-12,263.161,33.0,109.1,1,1.6698167791706853,33.0,0.4604051565377576,1.0,-0.7756484020716795
2021-04-13,264.793,0.0,109.1,2,2.6678187820641908,0.0,0.4604051565377576,2.0,-0.7756484020716795
2021-04-14,264.793,1.0,109.1,3,2.6678187820641908,1.0,0.4604051565377576,3.0,-0.7756484020716795
2021-04-15,264.793,2.0,109.1,4,2.6678187820641908,2.0,0.4604051565377576,4.0,-0.7756484020716795
2021-04-16,264.793,3.0,109.1,5,2.6678187820641908,3.0,0.4604051565377576,5.0,-0.7756484020716795
2021-04-19,264.793,6.0,109.1,8,2.6678187820641908,6.0,0.4604051565377576,8.0,-0.7756484020716795
2021-04-20,264.793,7.0,109.1,9,2.6678187820641908,7.0,0.4604051565377576,9.0,-0.7756484020716795
2021-04-21,264.793,8.0,109.1,10,2.6678187820641908,8.0,0.4604051565377576,10.0,-0.7756484020716795
2021-04-22,264.793,9.0,109.1,11,2.6678187820641908,9.0,0.4604051565377576,11.0,-0.7756484020716795
2021-04-23,264.793,10.0,109.1,12,2.6678187820641908,10.0,0.4604051565377576,12.0,-0.7756484020716795
2021-04-26,264.793,13.0,109.1,15,2.6678187820641908,13.0,0.4604051565377576,15.0,-0.7756484020716795
2021-04-27,264.793,14.0,109.1,16,2.6678187820641908,14.0,0.4604051565377576,16.0,-0.7756484020716795
2021-04-28,264.793,15.0,109.1,17,2.6678187820641908,15.0,0.4604051565377576,17.0,-0.7756484020716795
2021-04-29,264.793,16.0,109.1,18,2.6678187820641908,16.0,0.4604051565377576,18.0,-0.7756484020716795
2021-04-30,264.793,17.0,109.1,19,2.6678187820641908,17.0,0.4604051565377576,19.0,-0.7756484020716795
2021-05-03,264.793,20.0,109.1,22,2.6678187820641908,20.0,0.4604051565377576,22.0,-0.7756484020716795
2021-05-04,264.793,21.0,109.1,23,2.6678187820641908,21.0,0.4604051565377576,23.0,-0.7756484020716795
2021-05-05,264.793,22.0,109.1,24,2.6678187820641908,22.0,0.4604051565377576,24.0,-0.7756484020716795
2021-05-06,264.793,23.0,109.1,25,2.6678187820641908,23.0,0.4604051565377576,25.0,-0.7756484020716795
2021-05-07,264.793,24.0,109.1,26,2.6678187820641908,24.0,0.4604051565377576,26.0,-0.7756484020716795
2021-05-10,264.793,27.0,109.1,29,2.6678187820641908,27.0,0.4604051565377576,29.0,-0.7756484020716795
2021-05-11,264.793,28.0,109.1,30,2.6678187820641908,28.0,0.4604051565377576,30.0,-0.7756484020716795
2021-05-12,266.832,0.0,109.4,0,4.133077115360573,0.0,0.7366482504604255,0.0,-0.30564477282592584
2021-05-13,266.832,1.0,109.4,1,4.133077115360573,1.0,0.7366482504604255,1.0,-0.30564477282592584
2021-05-14,266.832,2.0,109.4,2,4.133077115360573,2.0,0.7366482504604255,2.0,-0.30564477282592584
2021-05-17,266.832,5.0,109.4,5,4.133077115360573,5.0,0.7366482504604255,5.0,-0.30564477282592584
2021-05-18,266.832,6.0,109.4,6,4.133077115360573,6.0,0.7366482504604255,6.0,-0.30564477282592584
2021-05-19,266.832,7.0,109.4,7,4.133077115360573,7.0,0.7366482504604255,7.0,-0.30564477282592584
2021-05-20,266.832,8.0,109.4,8,4.133077115360573,8.0,0.7366482504604255,8.0,-0.30564477282592584
2021-05-21,266.832,9.0,109.4,9,4.133077115360573,9.0,0.7366482504604255,9.0,-0.30564477282592584
2021-05-24,266.832,12.0,109.4,12,4.133077115360573,12.0,0.7366482504604255,12.0,-0.30564477282592584
2021-05-25,266.832,13.0,109.4,13,4.133077115360573,13.0,0.7366482504604255,13.0,-0.30564477282592584
2021-05-26,266.832,14.0,109.4,14,4.133077115360573,14.0,0.7366482504604255,14.0,-0.30564477282592584
2021-05-27,266.832,15.0,109.4,15,4.133077115360573,15.0,0.7366482504604255,15.0,-0.30564477282592584
2021-05-28,266.832,16.0,109.4,16,4.133077115360573,16.0,0.7366482504604255,16.0,-0.30564477282592584
2021-05-31,266.832,19.0,109.4,19,4.133077115360573,19.0,0.7366482504604255,19.0,-0.30564477282592584
2021-06-01,266.832,20.0,109.4,20,4.133077115360573,20.0,0.7366482504604255,20.0,-0.30564477282592584
2021-06-02,266.832,21.0,109.4,21,4.133077115360573,21.0,0.7366482504604255,21.0,-0.30564477282592584
2021-06-03,266.832,22.0,109.4,22,4.133077115360573,22.0,0.7366482504604255,22.0,-0.30564477282592584
2021-06-04,266.832,23.0,109.4,23,4.133077115360573,23.0,0.7366482504604255,23.0,-0.30564477282592584
2021-06-07,266.832,26.0,109.4,26,4.133077115360573,26.0,0.7366482504604255,26.0,-0.30564477282592584
2021-06-08,266.832,27.0,109.4,27,4.133077115360573,27.0,0.7366482504604255,27.0,-0.30564477282592584
2021-06-09,266.832,28.0,109.4,28,4.133077115360573,28.0,0.7366482504604255,28.0,-0.30564477282592584
2021-06-10,268.551,0.0,109.4,29,4.918257089467626,0.0,0.7366482504604255,29.0,-0.30564477282592584
2021-06-11,268.551,1.0,110.1,0,4.918257089467626,1.0,1.474654377880169,0.0,0.38842364225330234
2021-06-14,268.551,4.0,110.1,3,4.918257089467626,4.0,1.474654377880169,3.0,0.38842364225330234
2021-06-15,268.551,5.0,110.1,4,4.918257089467626,5.0,1.474654377880169,4.0,0.38842364225330234
2021-06-16,268.551,6.0,110.1,5,4.918257089467626,6.0,1.474654377880169,5.0,0.38842364225330234
2021-06-17,268.551,7.0,110.1,6,4.918257089467626,7.0,1.474654377880169,6.0,0.38842364225330234
2021-06-18,268.551,8.0,110.1,7,4.918257089467626,8.0,1.474654377880169,7.0,0.38842364225330234
2021-06-21,268.551,11.0,110.1,10,4.918257089467626,11.0,1.474654377880169,10.0,0.38842364225330234
2021-06-22,268.551,12.0,110.1,11,4.918257089467626,12.0,1.474654377880169,11.0,0.38842364225330234
2021-06-23,268.551,13.0,110.1,12,4.918257089467626,13.0,1.474654377880169,12.0,0.38842364225330234
2021-06-24,268.551,14.0,110.1,13,4.918257089467626,14.0,1.474654377880169,13.0,0.38842364225330234
2021-06-25,268.551,15.0,110.1,14,4.918257089467626,15.0,1.474654377880169,14.0,0.38842364225330234
2021-06-28,268.551,18.0,110.1,17,4.918257089467626,18.0,1.474654377880169,17.0,0.38842364225330234
2021-06-29,268.551,19.0,110.1,18,4.918257089467626,19.0,1.474654377880169,18.0,0.38842364225330234
2021-06-30,268.551,20.0,110.1,19,4.918257089467626,20.0,1.474654377880169,19.0,0.38842364225330234
2021-07-01,268.551,21.0,110.1,20,4.918257089467626,21.0,1.474654377880169,20.0,0.38842364225330234
2021-07-02,268.551,22.0,110.1,21,4.918257089467626,22.0,1.474654377880169,21.0,0.38842364225330234
2021-07-05,268.551,25.0,110.1,24,4.918257089467626,25.0,1.474654377880169,24.0,0.38842364225330234
2021-07-06,268.551,26.0,110.1,25,4.918257089467626,26.0,1.474654377880169,25.0,0.38842364225330234
2021-07-07,268.551,27.0,110.1,26,4.918257089467626,27.0,1.474654377880169,26.0,0.38842364225330234
2021-07-08,268.551,28.0,110.1,27,4.918257089467626,28.0,1.474654377880169,27.0,0.38842364225330234
2021-07-09,268.551,29.0,110.1,28,4.918257089467626,29.0,1.474654377880169,28.0,0.38842364225330234
2021-07-12,268.551,32.0,110.8,0,4.918257089467626,32.0,2.1198156682027625,0.0,0.7513291359426799
2021-07-13,270.981,0.0,110.8,1,5.295632620349999,0.0,2.1198156682027625,1.0,0.7513291359426799
2021-07-14,270.981,1.0,110.8,2,5.295632620349999,1.0,2.1198156682027625,2.0,0.7513291359426799
2021-07-15,270.981,2.0,110.8,3,5.295632620349999,2.0,2.1198156682027625,3.0,0.7513291359426799
2021-07-16,270.981,3.0,110.8,4,5.295632620349999,3.0,2.1198156682027625,4.0,0.7513291359426799
2021-07-19,270.981,6.0,110.8,7,5.295632620349999,6.0,2.1198156682027625,7.0,0.7513291359426799
2021-07-20,270.981,7.0,110.8,8,5.295632620349999,7.0,2.1198156682027625,8.0,0.7513291359426799
2021-07-21,270.981,8.0,110.8,9,5.295632620349999,8.0,2.1198156682027625,9.0,0.7513291359426799
2021-07-22,270.981,9.0,110.8,10,5.295632620349999,9.0,2.1198156682027625,10.0,0.7513291359426799
2021-07-23,270.981,10.0,110.8,11,5.295632620349999,10.0,2.1198156682027625,11.0,0.7513291359426799
2021-07-26,270.981,13.0,110.8,14,5.295632620349999,13.0,2.1198156682027625,14.0,0.7513291359426799
2021-07-27,270.981,14.0,110.8,15,5.295632620349999,14.0,2.1198156682027625,15.0,0.7513291359426799
2021-07-28,270.981,15.0,110.8,16,5.295632620349999,15.0,2.1198156682027625,16.0,0.7513291359426799
2021-07-29,270.981,16.0,110.8,17,5.295632620349999,16.0,2.1198156682027625,17.0,0.7513291359426799
2021-07-30,270.981,17.0,110.8,18,5.295632620349999,17.0,2.1198156682027625,18.0,0.7513291359426799
2021-08-02,270.981,20.0,110.8,21,5.295632620349999,20.0,2.1198156682027625,21.0,0.7513291359426799
2021-08-03,270.981,21.0,110.8,22,5.295632620349999,21.0,2.1198156682027625,22.0,0.7513291359426799
2021-08-04,270.981,22.0,110.8,23,5.295632620349999,22.0,2.1198156682027625,23.0,0.7513291359426799
2021-08-05,270.981,23.0,110.8,24,5.295632620349999,23.0,2.1198156682027625,24.0,0.7513291359426799
2021-08-06,270.981,24.0,110.8,25,5.295632620349999,24.0,2.1198156682027625,25.0,0.7513291359426799
2021-08-09,270.981,27.0,110.8,28,5.295632620349999,27.0,2.1198156682027625,28.0,0.7513291359426799
2021-08-10,270.981,28.0,110.8,29,5.295632620349999,28.0,2.1198156682027625,29.0,0.7513291359426799
2021-08-11,272.265,0.0,111.3,0,5.245169381309234,0.0,2.4861878453038777,0.0,0.9107505514985439
2021-08-12,272.265,1.0,111.3,1,5.245169381309234,1.0,2.4861878453038777,1.0,0.9107505514985439
2021-08-13,272.265,2.0,111.3,2,5.245169381309234,2.0,2.4861878453038777,2.0,0.9107505514985439
2021-08-16,272.265,5.0,111.3,5,5.245169381309234,5.0,2.4861878453038777,5.0,0.9107505514985439
2021-08-17,272.265,6.0,111.3,6,5.245169381309234,6.0,2.4861878453038777,6.0,0.9107505514985439
2021-08-18,272.265,7.0,111.3,7,5.245169381309234,7.0,2.4861878453038777,7.0,0.9107505514985439
2021-08-19,272.265,8.0,111.3,8,5.245169381309234,8.0,2.4861878453038777,8.0,0.9107505514985439
2021-08-20,272.265,9.0,111.3,9,5.245169381309234,9.0,2.4861878453038777,9.0,0.9107505514985439
2021-08-23,272.265,12.0,111.3,12,5.245169381309234,12.0,2.4861878453038777,12.0,0.9107505514985439
2021-08-24,272.265,13.0,111.3,13,5.245169381309234,13.0,2.4861878453038777,13.0,0.9107505514985439
2021-08-25,272.265,14.0,111.3,14,5.245169381309234,14.0,2.4861878453038777,14.0,0.9107505514985439
2021-08-26,272.265,15.0,111.3,15,5.245169381309234,15.0,2.4861878453038777,15.0,0.9107505514985439
2021-08-27,272.265,16.0,111.3,16,5.245169381309234,16.0,2.4861878453038777,16.0,0.9107505514985439
2021-08-30,272.265,19.0,111.3,19,5.245169381309234,19.0,2.4861878453038777,19.0,0.9107505514985439
2021-08-31,272.265,20.0,111.3,20,5.245169381309234,20.0,2.4861878453038777,20.0,0.9107505514985439
2021-09-01,272.265,21.0,111.3,21,5.245169381309234,21.0,2.4861878453038777,21.0,0.9107505514985439
2021-09-02,272.265,22.0,111.3,22,5.245169381309234,22.0,2.4861878453038777,22.0,0.9107505514985439
2021-09-03,272.265,23.0,111.3,23,5.245169381309234,23.0,2.4861878453038777,23.0,0.9107505514985439
2021-09-06,272.265,26.0,111.3,26,5.245169381309234,26.0,2.4861878453038777,26.0,0.9107505514985439
2021-09-07,272.265,27.0,111.3,27,5.245169381309234,27.0,2.4861878453038777,27.0,0.9107505514985439
2021-09-08,272.265,28.0,111.3,28,5.245169381309234,28.0,2.4861878453038777,28.0,0.9107505514985439
2021-09-09,272.265,29.0,111.3,29,5.245169381309234,29.0,2.4861878453038777,29.0,0.9107505514985439
2021-09-10,272.265,30.0,111.3,30,5.245169381309234,30.0,2.4861878453038777,30.0,0.9107505514985439
2021-09-13,272.265,33.0,111.3,2,5.245169381309234,33.0,2.016498625114571,2.0,0.701362653513335
2021-09-14,273.012,0.0,111.3,3,5.152015301793966,0.0,2.016498625114571,3.0,0.701362653513335
2021-09-15,273.012,1.0,111.3,4,5.152015301793966,1.0,2.016498625114571,4.0,0.701362653513335
2021-09-16,273.012,2.0,111.3,5,5.152015301793966,2.0,2.016498625114571,5.0,0.701362653513335
2021-09-17,273.012,3.0,111.3,6,5.152015301793966,3.0,2.016498625114571,6.0,0.701362653513335
2021-09-20,273.012,6.0,111.3,9,5.152015301793966,6.0,2.016498625114571,9.0,0.701362653513335
2021-09-21,273.012,7.0,111.3,10,5.152015301793966,7.0,2.016498625114571,10.0,0.701362653513335
2021-09-22,273.012,8.0,111.3,11,5.152015301793966,8.0,2.016498625114571,11.0,0.701362653513335
2021-09-23,273.012,9.0,111.3,12,5.152015301793966,9.0,2.016498625114571,12.0,0.701362653513335
2021-09-24,273.012,10.0,111.3,13,5.152015301793966,10.0,2.016498625114571,13.0,0.701362653513335
2021-09-27,273.012,13.0,111.3,16,5.152015301793966,13.0,2.016498625114571,16.0,0.701362653513335
2021-09-28,273.012,14.0,111.3,17,5.152015301793966,14.0,2.016498625114571,17.0,0.701362653513335
2021-09-29,273.012,15.0,111.3,18,5.152015301793966,15.0,2.016498625114571,18.0,0.701362653513335
2021-09-30,273.012,16.0,111.3,19,5.152015301793966,16.0,2.016498625114571,19.0,0.701362653513335
2021-10-01,273.012,17.0,111.3,20,5.152015301793966,17.0,2.016498625114571,20.0,0.701362653513335
2021-10-04,273.012,20.0,111.3,23,5.152015301793966,20.0,2.016498625114571,23.0,0.701362653513335
2021-10-05,273.012,21.0,111.3,24,5.152015301793966,21.0,2.016498625114571,24.0,0.701362653513335
2021-10-06,273.012,22.0,111.3,25,5.152015301793966,22.0,2.016498625114571,25.0,0.701362653513335
2021-10-07,273.012,23.0,111.3,26,5.152015301793966,23.0,2.016498625114571,26.0,0.701362653513335
2021-10-08,273.012,24.0,111.3,27,5.152015301793966,24.0,2.016498625114571,27.0,0.701362653513335
2021-10-11,273.012,27.0,111.3,30,5.152015301793966,27.0,2.016498625114571,30.0,0.701362653513335
2021-10-12,273.012,28.0,112.1,0,5.152015301793966,28.0,3.222836095764281,0.0,1.170261746983627
2021-10-13,274.138,0.0,112.1,1,5.351215590949132,0.0,3.222836095764281,1.0,1.170261746983627
2021-10-14,274.138,1.0,112.1,2,5.351215590949132,1.0,3.222836095764281,2.0,1.170261746983627
2021-10-15,274.138,2.0,112.1,3,5.351215590949132,2.0,3.222836095764281,3.0,1.170261746983627
2021-10-18,274.138,5.0,112.1,6,5.351215590949132,5.0,3.222836095764281,6.0,1.170261746983627
2021-10-19,274.138,6.0,112.1,7,5.351215590949132,6.0,3.222836095764281,7.0,1.170261746983627
2021-10-20,274.138,7.0,112.1,8,5.351215590949132,7.0,3.222836095764281,8.0,1.170261746983627
2021-10-21,274.138,8.0,112.1,9,5.351215590949132,8.0,3.222836095764281,9.0,1.170261746983627
2021-10-22,274.138,9.0,112.1,10,5.351215590949132,9.0,3.222836095764281,10.0,1.170261746983627
2021-10-25,274.138,12.0,112.1,13,5.351215590949132,12.0,3.222836095764281,13.0,1.170261746983627
2021-10-26,274.138,13.0,112.1,14,5.351215590949132,13.0,3.222836095764281,14.0,1.170261746983627
2021-10-27,274.138,14.0,112.1,15,5.351215590949132,14.0,3.222836095764281,15.0,1.170261746983627
2021-10-28,274.138,15.0,112.1,16,5.351215590949132,15.0,3.222836095764281,16.0,1.170261746983627
2021-10-29,274.138,16.0,112.1,17,5.351215590949132,16.0,3.222836095764281,17.0,1.170261746983627
2021-11-01,274.138,19.0,112.1,20,5.351215590949132,19.0,3.222836095764281,20.0,1.170261746983627
2021-11-02,274.138,20.0,112.1,21,5.351215590949132,20.0,3.222836095764281,21.0,1.170261746983627
2021-11-03,274.138,21.0,112.1,22,5.351215590949132,21.0,3.222836095764281,22.0,1.170261746983627
2021-11-04,274.138,22.0,112.1,23,5.351215590949132,22.0,3.222836095764281,23.0,1.170261746983627
2021-11-05,274.138,23.0,112.1,24,5.351215590949132,23.0,3.222836095764281,24.0,1.170261746983627
2021-11-08,274.138,26.0,112.1,27,5.351215590949132,26.0,3.222836095764281,27.0,1.170261746983627
2021-11-09,274.138,27.0,112.1,28,5.351215590949132,27.0,3.222836095764281,28.0,1.170261746983627
2021-11-10,276.724,0.0,112.1,29,6.235042390298062,0.0,3.222836095764281,29.0,1.170261746983627
2021-11-11,276.724,1.0,112.4,0,6.235042390298062,1.0,3.024747937671868,0.0,1.1068277616215032
2021-11-12,276.724,2.0,112.4,1,6.235042390298062,2.0,3.024747937671868,1.0,1.1068277616215032
2021-11-15,276.724,5.0,112.4,4,6.235042390298062,5.0,3.024747937671868,4.0,1.1068277616215032
2021-11-16,276.724,6.0,112.4,5,6.235042390298062,6.0,3.024747937671868,5.0,1.1068277616215032
2021-11-17,276.724,7.0,112.4,6,6.235042390298062,7.0,3.024747937671868,6.0,1.1068277616215032
2021-11-18,276.724,8.0,112.4,7,6.235042390298062,8.0,3.024747937671868,7.0,1.1068277616215032
2021-11-19,276.724,9.0,112.4,8,6.235042390298062,9.0,3.024747937671868,8.0,1.1068277616215032
2021-11-22,276.724,12.0,112.4,11,6.235042390298062,12.0,3.024747937671868,11.0,1.1068277616215032
2021-11-23,276.724,13.0,112.4,12,6.235042390298062,13.0,3.024747937671868,12.0,1.1068277616215032
2021-11-24,276.724,14.0,112.4,13,6.235042390298062,14.0,3.024747937671868,13.0,1.1068277616215032
2021-11-25,276.724,15.0,112.4,14,6.235042390298062,15.0,3.024747937671868,14.0,1.1068277616215032
2021-11-26,276.724,16.0,112.4,15,6.235042390298062,16.0,3.024747937671868,15.0,1.1068277616215032
2021-11-29,276.724,19.0,112.4,18,6.235042390298062,19.0,3.024747937671868,18.0,1.1068277616215032
2021-11-30,276.724,20.0,112.4,19,6.235042390298062,20.0,3.024747937671868,19.0,1.1068277616215032
2021-12-01,276.724,21.0,112.4,20,6.235042390298062,21.0,3.024747937671868,20.0,1.1068277616215032
2021-12-02,276.724,22.0,112.4,21,6.235042390298062,22.0,3.024747937671868,21.0,1.1068277616215032
2021-12-03,276.724,23.0,112.4,22,6.235042390298062,23.0,3.024747937671868,22.0,1.1068277616215032
2021-12-06,276.724,26.0,112.4,25,6.235042390298062,26.0,3.024747937671868,25.0,1.1068277616215032
2021-12-07,276.724,27.0,112.4,26,6.235042390298062,27.0,3.024747937671868,26.0,1.1068277616215032
2021-12-08,276.724,28.0,112.4,27,6.235042390298062,28.0,3.024747937671868,27.0,1.1068277616215032
2021-12-09,276.724,29.0,112.4,28,6.235042390298062,29.0,3.024747937671868,28.0,1.1068277616215032
2021-12-10,278.88,0.0,112.4,29,6.901970403700863,0.0,3.024747937671868,29.0,1.1068277616215032
2021-12-13,278.88,3.0,113.6,1,6.901970403700863,3.0,4.124656278643446,1.0,1.4169826899253402
2021-12-14,278.88,4.0,113.6,2,6.901970403700863,4.0,4.124656278643446,2.0,1.4169826899253402
2021-12-15,278.88,5.0,113.6,3,6.901970403700863,5.0,4.124656278643446,3.0,1.4169826899253402
2021-12-16,278.88,6.0,113.6,4,6.901970403700863,6.0,4.124656278643446,4.0,1.4169826899253402
2021-12-17,278.88,7.0,113.6,5,6.901970403700863,7.0,4.124656278643446,5.0,1.4169826899253402
2021-12-20,278.88,10.0,113.6,8,6.901970403700863,10.0,4.124656278643446,8.0,1.4169826899253402
2021-12-21,278.88,11.0,113.6,9,6.901970403700863,11.0,4.124656278643446,9.0,1.4169826899253402
2021-12-22,278.88,12.0,113.6,10,6.901970403700863,12.0,4.124656278643446,10.0,1.4169826899253402
2021-12-23,278.88,13.0,113.6,11,6.901970403700863,13.0,4.124656278643446,11.0,1.4169826899253402
2021-12-24,278.88,14.0,113.6,12,6.901970403700863,14.0,4.124656278643446,12.0,1.4169826899253402
2021-12-27,278.88,17.0,113.6,15,6.901970403700863,17.0,4.124656278643446,15.0,1.4169826899253402
2021-12-28,278.88,18.0,113.6,16,6.901970403700863,18.0,4.124656278643446,16.0,1.4169826899253402
2021-12-29,278.88,19.0,113.6,17,6.901970403700863,19.0,4.124656278643446,17.0,1.4169826899253402
2021-12-30,278.88,20.0,113.6,18,6.901970403700863,20.0,4.124656278643446,18.0,1.4169826899253402
2021-12-31,278.88,21.0,113.6,19,6.901970403700863,21.0,4.124656278643446,19.0,1.4169826899253402
2022-01-03,278.88,24.0,113.6,22,6.901970403700863,24.0,4.124656278643446,22.0,1.4169826899253402
2022-01-04,278.88,25.0,113.6,23,6.901970403700863,25.0,4.124656278643446,23.0,1.4169826899253402
2022-01-05,278.88,26.0,113.6,24,6.901970403700863,26.0,4.124656278643446,24.0,1.4169826899253402
2022-01-06,278.88,27.0,113.6,25,6.901970403700863,27.0,4.124656278643446,25.0,1.4169826899253402
2022-01-07,278.88,28.0,113.6,26,6.901970403700863,28.0,4.124656278643446,26.0,1.4169826899253402
2022-01-10,278.88,31.0,113.6,29,6.901970403700863,31.0,4.124656278643446,29.0,1.4169826899253402
2022-01-11,278.88,32.0,114.5,0,6.901970403700863,32.0,5.1423324150596805,0.0,1.6375067537902788
2022-01-12,280.192,0.0,114.5,1,7.174340285065539,0.0,5.1423324150596805,1.0,1.6375067537902788
2022-01-13,280.192,1.0,114.5,2,7.174340285065539,1.0,5.1423324150596805,2.0,1.6375067537902788
2022-01-14,280.192,2.0,114.5,3,7.174340285065539,2.0,5.1423324150596805,3.0,1.6375067537902788
2022-01-17,280.192,5.0,114.5,6,7.174340285065539,5.0,5.1423324150596805,6.0,1.6375067537902788
2022-01-18,280.192,6.0,114.5,7,7.174340285065539,6.0,5.1423324150596805,7.0,1.6375067537902788
2022-01-19,280.192,7.0,114.5,8,7.174340285065539,7.0,5.1423324150596805,8.0,1.6375067537902788
2022-01-20,280.192,8.0,114.5,9,7.174340285065539,8.0,5.1423324150596805,9.0,1.6375067537902788
2022-01-21,280.192,9.0,114.5,10,7.174340285065539,9.0,5.1423324150596805,10.0,1.6375067537902788
2022-01-24,280.192,12.0,114.5,13,7.174340285065539,12.0,5.1423324150596805,13.0,1.6375067537902788
2022-01-25,280.192,13.0,114.5,14,7.174340285065539,13.0,5.1423324150596805,14.0,1.6375067537902788
2022-01-26,280.192,14.0,114.5,15,7.174340285065539,14.0,5.1423324150596805,15.0,1.6375067537902788
2022-01-27,280.192,15.0,114.5,16,7.174340285065539,15.0,5.1423324150596805,16.0,1.6375067537902788
2022-01-28,280.192,16.0,114.5,17,7.174340285065539,16.0,5.1423324150596805,17.0,1.6375067537902788
2022-01-31,280.192,19.0,114.5,20,7.174340285065539,19.0,5.1423324150596805,20.0,1.6375067537902788
2022-02-01,280.192,20.0,114.5,21,7.174340285065539,20.0,5.1423324150596805,21.0,1.6375067537902788
2022-02-02,280.192,21.0,114.5,22,7.174340285065539,21.0,5.1423324150596805,22.0,1.6375067537902788
2022-02-03,280.192,22.0,114.5,23,7.174340285065539,22.0,5.1423324150596805,23.0,1.6375067537902788
2022-02-04,280.192,23.0,114.5,24,7.174340285065539,23.0,5.1423324150596805,24.0,1.6375067537902788
2022-02-07,280.192,26.0,114.5,27,7.174340285065539,26.0,5.1423324150596805,27.0,1.6375067537902788
2022-02-08,268.599,0.0,114.5,28,7.174340285065539,27.0,5.1423324150596805,28.0,1.6375067537902788
2022-02-09,268.599,1.0,114.5,29,7.174340285065539,28.0,5.1423324150596805,29.0,1.6375067537902788
2022-02-10,281.933,0.0,114.5,30,7.558805726967832,0.0,5.1423324150596805,30.0,1.6375067537902788
2022-02-11,281.933,1.0,115.1,0,7.558805726967832,1.0,5.402930402930406,0.0,1.686941473588961
2022-02-14,281.933,4.0,115.1,3,7.558805726967832,4.0,5.402930402930406,3.0,1.686941473588961
2022-02-15,281.933,5.0,115.1,4,7.558805726967832,5.0,5.402930402930406,4.0,1.686941473588961
2022-02-16,281.933,6.0,115.1,5,7.558805726967832,6.0,5.402930402930406,5.0,1.686941473588961
2022-02-17,281.933,7.0,115.1,6,7.558805726967832,7.0,5.402930402930406,6.0,1.686941473588961
2022-02-18,281.933,8.0,115.1,7,7.558805726967832,8.0,5.402930402930406,7.0,1.686941473588961
2022-02-21,281.933,11.0,115.1,10,7.558805726967832,11.0,5.402930402930406,10.0,1.686941473588961
2022-02-22,281.933,12.0,115.1,11,7.558805726967832,12.0,5.402930402930406,11.0,1.686941473588961
2022-02-23,281.933,13.0,115.1,12,7.558805726967832,13.0,5.402930402930406,12.0,1.686941473588961
2022-02-24,281.933,14.0,115.1,13,7.558805726967832,14.0,5.402930402930406,13.0,1.686941473588961
2022-02-25,281.933,15.0,115.1,14,7.558805726967832,15.0,5.402930402930406,14.0,1.686941473588961
2022-02-28,281.933,18.0,115.1,17,7.558805726967832,18.0,5.402930402930406,17.0,1.686941473588961
2022-03-01,281.933,19.0,115.1,18,7.558805726967832,19.0,5.402930402930406,18.0,1.686941473588961
2022-03-02,281.933,20.0,115.1,19,7.558805726967832,20.0,5.402930402930406,19.0,1.686941473588961
2022-03-03,281.933,21.0,115.1,20,7.558805726967832,21.0,5.402930402930406,20.0,1.686941473588961
2022-03-04,281.933,22.0,115.1,21,7.558805726967832,22.0,5.402930402930406,21.0,1.686941473588961
2022-03-07,281.933,25.0,115.1,24,7.558805726967832,25.0,5.402930402930406,24.0,1.686941473588961
2022-03-08,281.933,26.0,115.1,25,7.558805726967832,26.0,5.402930402930406,25.0,1.686941473588961
2022-03-09,281.933,27.0,115.1,26,7.558805726967832,27.0,5.402930402930406,26.0,1.686941473588961
2022-03-10,284.182,0.0,115.1,27,7.937278766517819,0.0,5.402930402930406,27.0,1.686941473588961
2022-03-11,284.182,1.0,115.1,28,7.937278766517819,1.0,5.402930402930406,28.0,1.686941473588961
2022-03-14,284.182,4.0,114.9,0,7.937278766517819,4.0,5.412844036697262,0.0,1.6887746546706242
2022-03-15,284.182,5.0,114.9,1,7.937278766517819,5.0,5.412844036697262,1.0,1.6887746546706242
2022-03-16,284.182,6.0,114.9,2,7.937278766517819,6.0,5.412844036697262,2.0,1.6887746546706242
2022-03-17,284.182,7.0,114.9,3,7.937278766517819,7.0,5.412844036697262,3.0,1.6887746546706242
2022-03-18,284.182,8.0,114.9,4,7.937278766517819,8.0,5.412844036697262,4.0,1.6887746546706242
2022-03-21,284.182,11.0,114.9,7,7.937278766517819,11.0,5.412844036697262,7.0,1.6887746546706242
2022-03-22,284.182,12.0,114.9,8,7.937278766517819,12.0,5.412844036697262,8.0,1.6887746546706242
2022-03-23,284.182,13.0,114.9,9,7.937278766517819,13.0,5.412844036697262,9.0,1.6887746546706242
2022-03-24,284.182,14.0,114.9,10,7.937278766517819,14.0,5.412844036697262,10.0,1.6887746546706242
2022-03-25,284.182,15.0,114.9,11,7.937278766517819,15.0,5.412844036697262,11.0,1.6887746546706242
2022-03-28,284.182,18.0,114.9,14,7.937278766517819,18.0,5.412844036697262,14.0,1.6887746546706242
2022-03-29,284.182,19.0,114.9,15,7.937278766517819,19.0,5.412844036697262,15.0,1.6887746546706242
2022-03-30,284.182,20.0,114.9,16,7.937278766517819,20.0,5.412844036697262,16.0,1.6887746546706242
2022-03-31,284.182,21.0,114.9,17,7.937278766517819,21.0,5.412844036697262,17.0,1.6887746546706242
2022-04-01,284.182,22.0,114.9,18,7.937278766517819,22.0,5.412844036697262,18.0,1.6887746546706242
2022-04-04,284.182,25.0,114.9,21,7.937278766517819,25.0,5.412844036697262,21.0,1.6887746546706242
2022-04-05,284.182,26.0,114.9,22,7.937278766517819,26.0,5.412844036697262,22.0,1.6887746546706242
2022-04-06,284.182,27.0,114.9,23,7.937278766517819,27.0,5.412844036697262,23.0,1.6887746546706242
2022-04-07,284.182,28.0,114.9,24,7.937278766517819,28.0,5.412844036697262,24.0,1.6887746546706242
2022-04-08,284.182,29.0,114.9,25,7.937278766517819,29.0,5.412844036697262,25.0,1.6887746546706242
2022-04-11,284.182,32.0,115.8,0,7.937278766517819,32.0,6.141154903758017,0.0,1.815012819545986
2022-04-12,287.708,0.0,115.8,1,8.572204966013853,0.0,6.141154903758017,1.0,1.815012819545986
2022-04-13,287.708,1.0,115.8,2,8.572204966013853,1.0,6.141154903758017,2.0,1.815012819545986
2022-04-14,287.708,2.0,115.8,3,8.572204966013853,2.0,6.141154903758017,3.0,1.815012819545986
2022-04-15,287.708,3.0,115.8,4,8.572204966013853,3.0,6.141154903758017,4.0,1.815012819545986
2022-04-18,287.708,6.0,115.8,7,8.572204966013853,6.0,6.141154903758017,7.0,1.815012819545986
2022-04-19,287.708,7.0,115.8,8,8.572204966013853,7.0,6.141154903758017,8.0,1.815012819545986
2022-04-20,287.708,8.0,115.8,9,8.572204966013853,8.0,6.141154903758017,9.0,1.815012819545986
2022-04-21,287.708,9.0,115.8,10,8.572204966013853,9.0,6.141154903758017,10.0,1.815012819545986
2022-04-22,287.708,10.0,115.8,11,8.572204966013853,10.0,6.141154903758017,11.0,1.815012819545986
2022-04-25,287.708,13.0,115.8,14,8.572204966013853,13.0,6.141154903758017,14.0,1.815012819545986
2022-04-26,287.708,14.0,115.8,15,8.572204966013853,14.0,6.141154903758017,15.0,1.815012819545986
2022-04-27,287.708,15.0,115.8,16,8.572204966013853,15.0,6.141154903758017,16.0,1.815012819545986
2022-04-28,287.708,16.0,115.8,17,8.572204966013853,16.0,6.141154903758017,17.0,1.815012819545986
2022-04-29,287.708,17.0,115.8,18,8.572204966013853,17.0,6.141154903758017,18.0,1.815012819545986
2022-05-02,287.708,20.0,115.8,21,8.572204966013853,20.0,6.141154903758017,21.0,1.815012819545986
2022-05-03,287.708,21.0,115.8,22,8.572204966013853,21.0,6.141154903758017,22.0,1.815012819545986
2022-05-04,287.708,22.0,115.8,23,8.572204966013853,22.0,6.141154903758017,23.0,1.815012819545986
2022-05-05,287.708,23.0,115.8,24,8.572204966013853,23.0,6.141154903758017,24.0,1.815012819545986
2022-05-06,287.708,24.0,115.8,25,8.572204966013853,24.0,6.141154903758017,25.0,1.815012819545986
2022-05-09,287.708,27.0,115.8,28,8.572204966013853,27.0,6.141154903758017,28.0,1.815012819545986
2022-05-10,287.708,28.0,115.8,29,8.572204966013853,28.0,6.141154903758017,29.0,1.815012819545986
2022-05-11,288.663,0.0,115.8,30,8.231750770777225,0.0,6.141154903758017,30.0,1.815012819545986
2022-05-12,288.663,1.0,117.1,0,8.231750770777225,1.0,7.038391224862872,0.0,1.9513796248598463
2022-05-13,288.663,2.0,117.1,1,8.231750770777225,2.0,7.038391224862872,1.0,1.9513796248598463
2022-05-16,288.663,5.0,117.1,4,8.231750770777225,5.0,7.038391224862872,4.0,1.9513796248598463
2022-05-17,288.663,6.0,117.1,5,8.231750770777225,6.0,7.038391224862872,5.0,1.9513796248598463
2022-05-18,288.663,7.0,117.1,6,8.231750770777225,7.0,7.038391224862872,6.0,1.9513796248598463
2022-05-19,288.663,8.0,117.1,7,8.231750770777225,8.0,7.038391224862872,7.0,1.9513796248598463
2022-05-20,288.663,9.0,117.1,8,8.231750770777225,9.0,7.038391224862872,8.0,1.9513796248598463
2022-05-23,288.663,12.0,117.1,11,8.231750770777225,12.0,7.038391224862872,11.0,1.9513796248598463
2022-05-24,288.663,13.0,117.1,12,8.231750770777225,13.0,7.038391224862872,12.0,1.9513796248598463
2022-05-25,288.663,14.0,117.1,13,8.231750770777225,14.0,7.038391224862872,13.0,1.9513796248598463
2022-05-26,288.663,15.0,117.1,14,8.231750770777225,15.0,7.038391224862872,14.0,1.9513796248598463
2022-05-27,288.663,16.0,117.1,15,8.231750770777225,16.0,7.038391224862872,15.0,1.9513796248598463
2022-05-30,288.663,19.0,117.1,18,8.231750770777225,19.0,7.038391224862872,18.0,1.9513796248598463
2022-05-31,288.663,20.0,117.1,19,8.231750770777225,20.0,7.038391224862872,19.0,1.9513796248598463
2022-06-01,288.663,21.0,117.1,20,8.231750770777225,21.0,7.038391224862872,20.0,1.9513796248598463
2022-06-02,288.663,22.0,117.1,21,8.231750770777225,22.0,7.038391224862872,21.0,1.9513796248598463
2022-06-03,288.663,23.0,117.1,22,8.231750770777225,23.0,7.038391224862872,22.0,1.9513796248598463
2022-06-06,288.663,26.0,117.1,25,8.231750770777225,26.0,7.038391224862872,25.0,1.9513796248598463
2022-06-07,288.663,27.0,117.1,26,8.231750770777225,27.0,7.038391224862872,26.0,1.9513796248598463
2022-06-08,288.663,28.0,117.1,27,8.231750770777225,28.0,7.038391224862872,27.0,1.9513796248598463
2022-06-09,288.663,29.0,117.1,28,8.231750770777225,29.0,7.038391224862872,28.0,1.9513796248598463
2022-06-10,291.474,0.0,117.1,29,8.538171195642065,0.0,7.038391224862872,29.0,1.9513796248598463
2022-06-13,291.474,3.0,120.0,2,8.538171195642065,3.0,8.99182561307903,2.0,2.1963158994000027
2022-06-14,291.474,4.0,120.0,3,8.538171195642065,4.0,8.99182561307903,3.0,2.1963158994000027
2022-06-15,291.474,5.0,120.0,4,8.538171195642065,5.0,8.99182561307903,4.0,2.1963158994000027
2022-06-16,291.474,6.0,120.0,5,8.538171195642065,6.0,8.99182561307903,5.0,2.1963158994000027
2022-06-17,291.474,7.0,120.0,6,8.538171195642065,7.0,8.99182561307903,6.0,2.1963158994000027
2022-06-20,291.474,10.0,120.0,9,8.538171195642065,10.0,8.99182561307903,9.0,2.1963158994000027
2022-06-21,291.474,11.0,120.0,10,8.538171195642065,11.0,8.99182561307903,10.0,2.1963158994000027
2022-06-22,291.474,12.0,120.0,11,8.538171195642065,12.0,8.99182561307903,11.0,2.1963158994000027
2022-06-23,291.474,13.0,120.0,12,8.538171195642065,13.0,8.99182561307903,12.0,2.1963158994000027
2022-06-24,291.474,14.0,120.0,13,8.538171195642065,14.0,8.99182561307903,13.0,2.1963158994000027
2022-06-27,291.474,17.0,120.0,16,8.538171195642065,17.0,8.99182561307903,16.0,2.1963158994000027
2022-06-28,291.474,18.0,120.0,17,8.538171195642065,18.0,8.99182561307903,17.0,2.1963158994000027
2022-06-29,291.474,19.0,120.0,18,8.538171195642065,19.0,8.99182561307903,18.0,2.1963158994000027
2022-06-30,291.474,20.0,120.0,19,8.538171195642065,20.0,8.99182561307903,19.0,2.1963158994000027
2022-07-01,291.474,21.0,120.0,20,8.538171195642065,21.0,8.99182561307903,20.0,2.1963158994000027
2022-07-04,291.474,24.0,120.0,23,8.538171195642065,24.0,8.99182561307903,23.0,2.1963158994000027
2022-07-05,291.474,25.0,120.0,24,8.538171195642065,25.0,8.99182561307903,24.0,2.1963158994000027
2022-07-06,291.474,26.0,120.0,25,8.538171195642065,26.0,8.99182561307903,25.0,2.1963158994000027
2022-07-07,291.474,27.0,120.0,26,8.538171195642065,27.0,8.99182561307903,26.0,2.1963158994000027
2022-07-08,291.474,28.0,120.0,27,8.538171195642065,28.0,8.99182561307903,27.0,2.1963158994000027
2022-07-11,291.474,31.0,120.0,30,8.538171195642065,31.0,8.99182561307903,30.0,2.1963158994000027
2022-07-12,291.474,32.0,120.8,0,8.538171195642065,32.0,9.025270758122739,0.0,2.200028504668953
2022-07-13,295.328,0.0,120.8,1,8.979361103105798,0.0,9.025270758122739,1.0,2.200028504668953
2022-07-14,295.328,1.0,120.8,2,8.979361103105798,1.0,9.025270758122739,2.0,2.200028504668953
2022-07-15,295.328,2.0,120.8,3,8.979361103105798,2.0,9.025270758122739,3.0,2.200028504668953
2022-07-18,295.328,5.0,120.8,6,8.979361103105798,5.0,9.025270758122739,6.0,2.200028504668953
2022-07-19,295.328,6.0,120.8,7,8.979361103105798,6.0,9.025270758122739,7.0,2.200028504668953
2022-07-20,295.328,7.0,120.8,8,8.979361103105798,7.0,9.025270758122739,8.0,2.200028504668953
2022-07-21,295.328,8.0,120.8,9,8.979361103105798,8.0,9.025270758122739,9.0,2.200028504668953
2022-07-22,295.328,9.0,120.8,10,8.979361103105798,9.0,9.025270758122739,10.0,2.200028504668953
2022-07-25,295.328,12.0,120.8,13,8.979361103105798,12.0,9.025270758122739,13.0,2.200028504668953
2022-07-26,295.328,13.0,120.8,14,8.979361103105798,13.0,9.025270758122739,14.0,2.200028504668953
2022-07-27,295.328,14.0,120.8,15,8.979361103105798,14.0,9.025270758122739,15.0,2.200028504668953
2022-07-28,295.328,15.0,120.8,16,8.979361103105798,15.0,9.025270758122739,16.0,2.200028504668953
2022-07-29,295.328,16.0,120.8,17,8.979361103105798,16.0,9.025270758122739,17.0,2.200028504668953
2022-08-01,295.328,19.0,120.8,20,8.979361103105798,19.0,9.025270758122739,20.0,2.200028504668953
2022-08-02,295.328,20.0,120.8,21,8.979361103105798,20.0,9.025270758122739,21.0,2.200028504668953
2022-08-03,295.328,21.0,120.8,22,8.979361103105798,21.0,9.025270758122739,22.0,2.200028504668953
2022-08-04,295.328,22.0,120.8,23,8.979361103105798,22.0,9.025270758122739,23.0,2.200028504668953
2022-08-05,295.328,23.0,120.8,24,8.979361103105798,23.0,9.025270758122739,24.0,2.200028504668953
2022-08-08,295.328,26.0,120.8,27,8.979361103105798,26.0,9.025270758122739,27.0,2.200028504668953
2022-08-09,295.328,27.0,120.8,28,8.979361103105798,27.0,9.025270758122739,28.0,2.200028504668953
2022-08-10,295.271,0.0,120.8,29,8.462576727730099,0.0,9.025270758122739,29.0,2.200028504668953
2022-08-11,295.271,1.0,121.8,0,8.462576727730099,1.0,9.433962264150942,0.0,2.24431618487007
2022-08-12,295.271,2.0,121.8,1,8.462576727730099,2.0,9.433962264150942,1.0,2.24431618487007
2022-08-15,295.271,5.0,121.8,4,8.462576727730099,5.0,9.433962264150942,4.0,2.24431618487007
2022-08-16,295.271,6.0,121.8,5,8.462576727730099,6.0,9.433962264150942,5.0,2.24431618487007
2022-08-17,295.271,7.0,121.8,6,8.462576727730099,7.0,9.433962264150942,6.0,2.24431618487007
2022-08-18,295.271,8.0,121.8,7,8.462576727730099,8.0,9.433962264150942,7.0,2.24431618487007
2022-08-19,295.271,9.0,121.8,8,8.462576727730099,9.0,9.433962264150942,8.0,2.24431618487007
2022-08-22,295.271,12.0,121.8,11,8.462576727730099,12.0,9.433962264150942,11.0,2.24431618487007
2022-08-23,295.271,13.0,121.8,12,8.462576727730099,13.0,9.433962264150942,12.0,2.24431618487007
2022-08-24,295.271,14.0,121.8,13,8.462576727730099,14.0,9.433962264150942,13.0,2.24431618487007
2022-08-25,295.271,15.0,121.8,14,8.462576727730099,15.0,9.433962264150942,14.0,2.24431618487007
2022-08-26,295.271,16.0,121.8,15,8.462576727730099,16.0,9.433962264150942,15.0,2.24431618487007
2022-08-29,295.271,19.0,121.8,18,8.462576727730099,19.0,9.433962264150942,18.0,2.24431618487007
2022-08-30,295.271,20.0,121.8,19,8.462576727730099,20.0,9.433962264150942,19.0,2.24431618487007
2022-08-31,295.271,21.0,121.8,20,8.462576727730099,21.0,9.433962264150942,20.0,2.24431618487007
2022-09-01,295.271,22.0,121.8,21,8.462576727730099,22.0,9.433962264150942,21.0,2.24431618487007
2022-09-02,295.271,23.0,121.8,22,8.462576727730099,23.0,9.433962264150942,22.0,2.24431618487007
2022-09-05,295.271,26.0,121.8,25,8.462576727730099,26.0,9.433962264150942,25.0,2.24431618487007
2022-09-06,295.271,27.0,121.8,26,8.462576727730099,27.0,9.433962264150942,26.0,2.24431618487007
2022-09-07,295.271,28.0,121.8,27,8.462576727730099,28.0,9.433962264150942,27.0,2.24431618487007
2022-09-08,295.271,29.0,121.8,28,8.462576727730099,29.0,9.433962264150942,28.0,2.24431618487007
2022-09-09,295.271,30.0,121.8,29,8.462576727730099,30.0,9.433962264150942,29.0,2.24431618487007
2022-09-12,295.271,33.0,122.5,1,8.462576727730099,33.0,10.062893081761004,1.0,2.308854706007641
2022-09-13,295.62,0.0,122.5,2,8.222579178218826,0.0,10.062893081761004,2.0,2.308854706007641
2022-09-14,295.62,1.0,122.5,3,8.222579178218826,1.0,10.062893081761004,3.0,2.308854706007641
2022-09-15,295.62,2.0,122.5,4,8.222579178218826,2.0,10.062893081761004,4.0,2.308854706007641
2022-09-16,295.62,3.0,122.5,5,8.222579178218826,3.0,10.062893081761004,5.0,2.308854706007641
2022-09-19,295.62,6.0,122.5,8,8.222579178218826,6.0,10.062893081761004,8.0,2.308854706007641
2022-09-20,295.62,7.0,122.5,9,8.222579178218826,7.0,10.062893081761004,9.0,2.308854706007641
2022-09-21,295.62,8.0,122.5,10,8.222579178218826,8.0,10.062893081761004,10.0,2.308854706007641
2022-09-22,295.62,9.0,122.5,11,8.222579178218826,9.0,10.062893081761004,11.0,2.308854706007641
2022-09-23,295.62,10.0,122.5,12,8.222579178218826,10.0,10.062893081761004,12.0,2.308854706007641
2022-09-26,295.62,13.0,122.5,15,8.222579178218826,13.0,10.062893081761004,15.0,2.308854706007641
2022-09-27,295.62,14.0,122.5,16,8.222579178218826,14.0,10.062893081761004,16.0,2.308854706007641
2022-09-28,295.62,15.0,122.5,17,8.222579178218826,15.0,10.062893081761004,17.0,2.308854706007641
2022-09-29,295.62,16.0,122.5,18,8.222579178218826,16.0,10.062893081761004,18.0,2.308854706007641
2022-09-30,295.62,17.0,122.5,19,8.222579178218826,17.0,10.062893081761004,19.0,2.308854706007641
2022-10-03,295.62,20.0,122.5,22,8.222579178218826,20.0,10.062893081761004,22.0,2.308854706007641
2022-10-04,295.62,21.0,122.5,23,8.222579178218826,21.0,10.062893081761004,23.0,2.308854706007641
2022-10-05,295.62,22.0,122.5,24,8.222579178218826,22.0,10.062893081761004,24.0,2.308854706007641
2022-10-06,295.62,23.0,122.5,25,8.222579178218826,23.0,10.062893081761004,25.0,2.308854706007641
2022-10-07,295.62,24.0,122.5,26,8.222579178218826,24.0,10.062893081761004,26.0,2.308854706007641
2022-10-10,295.62,27.0,122.5,29,8.222579178218826,27.0,10.062893081761004,29.0,2.308854706007641
2022-10-11,295.62,28.0,122.5,30,8.222579178218826,28.0,10.062893081761004,30.0,2.308854706007641
2022-10-12,295.62,29.0,123.1,0,8.222579178218826,29.0,9.812667261373775,0.0,2.283674128708348
2022-10-13,296.761,0.0,123.1,1,8.192106896425821,0.0,9.812667261373775,1.0,2.283674128708348
2022-10-14,296.761,1.0,123.1,2,8.192106896425821,1.0,9.812667261373775,2.0,2.283674128708348
2022-10-17,296.761,4.0,123.1,5,8.192106896425821,4.0,9.812667261373775,5.0,2.283674128708348
2022-10-18,296.761,5.0,123.1,6,8.192106896425821,5.0,9.812667261373775,6.0,2.283674128708348
2022-10-19,296.761,6.0,123.1,7,8.192106896425821,6.0,9.812667261373775,7.0,2.283674128708348
2022-10-20,296.761,7.0,123.1,8,8.192106896425821,7.0,9.812667261373775,8.0,2.283674128708348
2022-10-21,296.761,8.0,123.1,9,8.192106896425821,8.0,9.812667261373775,9.0,2.283674128708348
2022-10-24,296.761,11.0,123.1,12,8.192106896425821,11.0,9.812667261373775,12.0,2.283674128708348
2022-10-25,296.761,12.0,123.1,13,8.192106896425821,12.0,9.812667261373775,13.0,2.283674128708348
2022-10-26,296.761,13.0,123.1,14,8.192106896425821,13.0,9.812667261373775,14.0,2.283674128708348
2022-10-27,296.761,14.0,123.1,15,8.192106896425821,14.0,9.812667261373775,15.0,2.283674128708348
2022-10-28,296.761,15.0,123.1,16,8.192106896425821,15.0,9.812667261373775,16.0,2.283674128708348
2022-10-31,296.761,18.0,123.1,19,8.192106896425821,18.0,9.812667261373775,19.0,2.283674128708348
2022-11-01,296.761,19.0,123.1,20,8.192106896425821,19.0,9.812667261373775,20.0,2.283674128708348
2022-11-02,296.761,20.0,123.1,21,8.192106896425821,20.0,9.812667261373775,21.0,2.283674128708348
2022-11-03,296.761,21.0,123.1,22,8.192106896425821,21.0,9.812667261373775,22.0,2.283674128708348
2022-11-04,296.761,22.0,123.1,23,8.192106896425821,22.0,9.812667261373775,23.0,2.283674128708348
2022-11-07,296.761,25.0,123.1,26,8.192106896425821,25.0,9.812667261373775,26.0,2.283674128708348
2022-11-08,296.761,26.0,123.1,27,8.192106896425821,26.0,9.812667261373775,27.0,2.283674128708348
2022-11-09,296.761,27.0,123.1,28,8.192106896425821,27.0,9.812667261373775,28.0,2.283674128708348
2022-11-10,298.062,0.0,123.1,29,7.758813957693,0.0,9.812667261373775,29.0,2.283674128708348
2022-11-11,298.062,1.0,123.8,0,7.758813957693,1.0,10.142348754448394,0.0,2.31671960392895
2022-11-14,298.062,4.0,123.8,3,7.758813957693,4.0,10.142348754448394,3.0,2.31671960392895
2022-11-15,298.062,5.0,123.8,4,7.758813957693,5.0,10.142348754448394,4.0,2.31671960392895
2022-11-16,298.062,6.0,123.8,5,7.758813957693,6.0,10.142348754448394,5.0,2.31671960392895
2022-11-17,298.062,7.0,123.8,6,7.758813957693,7.0,10.142348754448394,6.0,2.31671960392895
2022-11-18,298.062,8.0,123.8,7,7.758813957693,8.0,10.142348754448394,7.0,2.31671960392895
2022-11-21,298.062,11.0,123.8,10,7.758813957693,11.0,10.142348754448394,10.0,2.31671960392895
2022-11-22,298.062,12.0,123.8,11,7.758813957693,12.0,10.142348754448394,11.0,2.31671960392895
2022-11-23,298.062,13.0,123.8,12,7.758813957693,13.0,10.142348754448394,12.0,2.31671960392895
2022-11-24,298.062,14.0,123.8,13,7.758813957693,14.0,10.142348754448394,13.0,2.31671960392895
2022-11-25,298.062,15.0,123.8,14,7.758813957693,15.0,10.142348754448394,14.0,2.31671960392895
2022-11-28,298.062,18.0,123.8,17,7.758813957693,18.0,10.142348754448394,17.0,2.31671960392895
2022-11-29,298.062,19.0,123.8,18,7.758813957693,19.0,10.142348754448394,18.0,2.31671960392895
2022-11-30,298.062,20.0,123.8,19,7.758813957693,20.0,10.142348754448394,19.0,2.31671960392895
2022-12-01,298.062,21.0,123.8,20,7.758813957693,21.0,10.142348754448394,20.0,2.31671960392895
2022-12-02,298.062,22.0,123.8,21,7.758813957693,22.0,10.142348754448394,21.0,2.31671960392895
2022-12-05,298.062,25.0,123.8,24,7.758813957693,25.0,10.142348754448394,24.0,2.31671960392895
2022-12-06,298.062,26.0,123.8,25,7.758813957693,26.0,10.142348754448394,25.0,2.31671960392895
2022-12-07,298.062,27.0,123.8,26,7.758813957693,27.0,10.142348754448394,26.0,2.31671960392895
2022-12-08,298.062,28.0,123.8,27,7.758813957693,28.0,10.142348754448394,27.0,2.31671960392895
2022-12-09,298.062,29.0,123.8,28,7.758813957693,29.0,10.142348754448394,28.0,2.31671960392895
2022-12-12,298.062,32.0,126.2,0,7.758813957693,32.0,11.09154929577465,0.0,2.4061834936584727
2022-12-13,298.349,0.0,126.2,1,7.122856456533988,0.0,11.09154929577465,1.0,2.4061834936584727
2022-12-14,298.349,1.0,126.2,2,7.122856456533988,1.0,11.09154929577465,2.0,2.4061834936584727
2022-12-15,298.349,2.0,126.2,3,7.122856456533988,2.0,11.09154929577465,3.0,2.4061834936584727
2022-12-16,298.349,3.0,126.2,4,7.122856456533988,3.0,11.09154929577465,4.0,2.4061834936584727
2022-12-19,298.349,6.0,126.2,7,7.122856456533988,6.0,11.09154929577465,7.0,2.4061834936584727
2022-12-20,298.349,7.0,126.2,8,7.122856456533988,7.0,11.09154929577465,8.0,2.4061834936584727
2022-12-21,298.349,8.0,126.2,9,7.122856456533988,8.0,11.09154929577465,9.0,2.4061834936584727
2022-12-22,298.349,9.0,126.2,10,7.122856456533988,9.0,11.09154929577465,10.0,2.4061834936584727
2022-12-23,298.349,10.0,126.2,11,7.122856456533988,10.0,11.09154929577465,11.0,2.4061834936584727
2022-12-26,298.349,13.0,126.2,14,7.122856456533988,13.0,11.09154929577465,14.0,2.4061834936584727
2022-12-27,298.349,14.0,126.2,15,7.122856456533988,14.0,11.09154929577465,15.0,2.4061834936584727
2022-12-28,298.349,15.0,126.2,16,7.122856456533988,15.0,11.09154929577465,16.0,2.4061834936584727
2022-12-29,298.349,16.0,126.2,17,7.122856456533988,16.0,11.09154929577465,17.0,2.4061834936584727
2022-12-30,298.349,17.0,126.2,18,7.122856456533988,17.0,11.09154929577465,18.0,2.4061834936584727
2023-01-02,298.349,20.0,126.2,21,7.122856456533988,20.0,11.09154929577465,21.0,2.4061834936584727
2023-01-03,298.349,21.0,126.2,22,7.122856456533988,21.0,11.09154929577465,22.0,2.4061834936584727
2023-01-04,298.349,22.0,126.2,23,7.122856456533988,22.0,11.09154929577465,23.0,2.4061834936584727
2023-01-05,298.349,23.0,126.2,24,7.122856456533988,23.0,11.09154929577465,24.0,2.4061834936584727
2023-01-06,298.349,24.0,126.2,25,7.122856456533988,24.0,11.09154929577465,25.0,2.4061834936584727
2023-01-09,298.349,27.0,126.2,28,7.122856456533988,27.0,11.09154929577465,28.0,2.4061834936584727
2023-01-10,298.349,28.0,126.2,29,7.122856456533988,28.0,11.09154929577465,29.0,2.4061834936584727
2023-01-11,298.349,29.0,126.7,0,7.122856456533988,29.0,10.65502183406113,0.0,2.366031314733007
2023-01-12,298.112,0.0,126.7,1,6.404600402357152,0.0,10.65502183406113,1.0,2.366031314733007
2023-01-13,298.112,1.0,126.7,2,6.404600402357152,1.0,10.65502183406113,2.0,2.366031314733007
2023-01-16,298.112,4.0,126.7,5,6.404600402357152,4.0,10.65502183406113,5.0,2.366031314733007
2023-01-17,298.112,5.0,126.7,6,6.404600402357152,5.0,10.65502183406113,6.0,2.366031314733007
2023-01-18,298.112,6.0,126.7,7,6.404600402357152,6.0,10.65502183406113,7.0,2.366031314733007
2023-01-19,298.112,7.0,126.7,8,6.404600402357152,7.0,10.65502183406113,8.0,2.366031314733007
2023-01-20,298.112,8.0,126.7,9,6.404600402357152,8.0,10.65502183406113,9.0,2.366031314733007
2023-01-23,298.112,11.0,126.7,12,6.404600402357152,11.0,10.65502183406113,12.0,2.366031314733007
2023-01-24,298.112,12.0,126.7,13,6.404600402357152,12.0,10.65502183406113,13.0,2.366031314733007
2023-01-25,298.112,13.0,126.7,14,6.404600402357152,13.0,10.65502183406113,14.0,2.366031314733007
2023-01-26,298.112,14.0,126.7,15,6.404600402357152,14.0,10.65502183406113,15.0,2.366031314733007
2023-01-27,298.112,15.0,126.7,16,6.404600402357152,15.0,10.65502183406113,16.0,2.366031314733007
2023-01-30,298.112,18.0,126.7,19,6.404600402357152,18.0,10.65502183406113,19.0,2.366031314733007
2023-01-31,298.112,19.0,126.7,20,6.404600402357152,19.0,10.65502183406113,20.0,2.366031314733007
2023-02-01,298.112,20.0,126.7,21,6.404600402357152,20.0,10.65502183406113,21.0,2.366031314733007
2023-02-02,298.112,21.0,126.7,22,6.404600402357152,21.0,10.65502183406113,22.0,2.366031314733007
2023-02-03,298.112,22.0,126.7,23,6.404600402357152,22.0,10.65502183406113,23.0,2.366031314733007
2023-02-06,298.112,25.0,126.7,26,6.404600402357152,25.0,10.65502183406113,26.0,2.366031314733007
2023-02-07,298.112,26.0,126.7,27,6.404600402357152,26.0,10.65502183406113,27.0,2.366031314733007
2023-02-08,298.112,27.0,126.7,28,6.404600402357152,27.0,10.65502183406113,28.0,2.366031314733007
2023-02-09,298.112,28.0,126.7,29,6.404600402357152,28.0,10.65502183406113,29.0,2.366031314733007
2023-02-10,255.29,0.0,126.7,30,6.404600402357152,29.0,10.65502183406113,30.0,2.366031314733007
2023-02-13,255.29,3.0,127.2,2,6.404600402357152,32.0,10.512597741094698,2.0,2.3525743228629494
2023-02-14,300.536,0.0,127.2,3,6.327178517960097,0.0,10.512597741094698,3.0,2.3525743228629494
2023-02-15,300.536,1.0,127.2,4,6.327178517960097,1.0,10.512597741094698,4.0,2.3525743228629494
2023-02-16,300.536,2.0,127.2,5,6.327178517960097,2.0,10.512597741094698,5.0,2.3525743228629494
2023-02-17,300.536,3.0,127.2,6,6.327178517960097,3.0,10.512597741094698,6.0,2.3525743228629494
2023-02-20,300.536,6.0,127.2,9,6.327178517960097,6.0,10.512597741094698,9.0,2.3525743228629494
2023-02-21,300.536,7.0,127.2,10,6.327178517960097,7.0,10.512597741094698,10.0,2.3525743228629494
2023-02-22,300.536,8.0,127.2,11,6.327178517960097,8.0,10.512597741094698,11.0,2.3525743228629494
2023-02-23,300.536,9.0,127.2,12,6.327178517960097,9.0,10.512597741094698,12.0,2.3525743228629494
2023-02-24,300.536,10.0,127.2,13,6.327178517960097,10.0,10.512597741094698,13.0,2.3525743228629494
2023-02-27,300.536,13.0,127.2,16,6.327178517960097,13.0,10.512597741094698,16.0,2.3525743228629494
2023-02-28,300.536,14.0,127.2,17,6.327178517960097,14.0,10.512597741094698,17.0,2.3525743228629494
2023-03-01,300.536,15.0,127.2,18,6.327178517960097,15.0,10.512597741094698,18.0,2.3525743228629494
2023-03-02,300.536,16.0,127.2,19,6.327178517960097,16.0,10.512597741094698,19.0,2.3525743228629494
2023-03-03,300.536,17.0,127.2,20,6.327178517960097,17.0,10.512597741094698,20.0,2.3525743228629494
2023-03-06,300.536,20.0,127.2,23,6.327178517960097,20.0,10.512597741094698,23.0,2.3525743228629494
2023-03-07,300.536,21.0,127.2,24,6.327178517960097,21.0,10.512597741094698,24.0,2.3525743228629494
2023-03-08,300.536,22.0,127.2,25,6.327178517960097,22.0,10.512597741094698,25.0,2.3525743228629494
2023-03-09,300.536,23.0,127.2,26,6.327178517960097,23.0,10.512597741094698,26.0,2.3525743228629494
2023-03-10,300.536,24.0,127.2,27,6.327178517960097,24.0,10.512597741094698,27.0,2.3525743228629494
2023-03-13,300.536,27.0,127.2,30,6.327178517960097,27.0,10.512597741094698,30.0,2.3525743228629494
2023-03-14,301.648,0.0,126.4,0,5.957820738137087,0.0,10.008703220191473,0.0,2.303455036502586
2023-03-15,301.648,1.0,126.4,1,5.957820738137087,1.0,10.008703220191473,1.0,2.303455036502586
2023-03-16,301.648,2.0,126.4,2,5.957820738137087,2.0,10.008703220191473,2.0,2.303455036502586
2023-03-17,301.648,3.0,126.4,3,5.957820738137087,3.0,10.008703220191473,3.0,2.303455036502586
2023-03-20,301.648,6.0,126.4,6,5.957820738137087,6.0,10.008703220191473,6.0,2.303455036502586
2023-03-21,301.648,7.0,126.4,7,5.957820738137087,7.0,10.008703220191473,7.0,2.303455036502586
2023-03-22,301.648,8.0,126.4,8,5.957820738137087,8.0,10.008703220191473,8.0,2.303455036502586
2023-03-23,301.648,9.0,126.4,9,5.957820738137087,9.0,10.008703220191473,9.0,2.303455036502586
2023-03-24,301.648,10.0,126.4,10,5.957820738137087,10.0,10.008703220191473,10.0,2.303455036502586
2023-03-27,301.648,13.0,126.4,13,5.957820738137087,13.0,10.008703220191473,13.0,2.303455036502586
2023-03-28,301.648,14.0,126.4,14,5.957820738137087,14.0,10.008703220191473,14.0,2.303455036502586
2023-03-29,301.648,15.0,126.4,15,5.957820738137087,15.0,10.008703220191473,15.0,2.303455036502586
2023-03-30,301.648,16.0,126.4,16,5.957820738137087,16.0,10.008703220191473,16.0,2.303455036502586
2023-03-31,301.648,17.0,126.4,17,5.957820738137087,17.0,10.008703220191473,17.0,2.303455036502586
2023-04-03,301.648,20.0,126.4,20,5.957820738137087,20.0,10.008703220191473,20.0,2.303455036502586
2023-04-04,301.648,21.0,126.4,21,5.957820738137087,21.0,10.008703220191473,21.0,2.303455036502586
2023-04-05,301.648,22.0,126.4,22,5.957820738137087,22.0,10.008703220191473,22.0,2.303455036502586
2023-04-06,301.648,23.0,126.4,23,5.957820738137087,23.0,10.008703220191473,23.0,2.303455036502586
2023-04-07,301.648,24.0,126.4,24,5.957820738137087,24.0,10.008703220191473,24.0,2.303455036502586
2023-04-10,301.648,27.0,126.4,27,5.957820738137087,27.0,10.008703220191473,27.0,2.303455036502586
2023-04-11,301.648,28.0,127.9,0,5.957820738137087,28.0,10.449050086355793,0.0,2.3465110734518926
2023-04-12,301.808,0.0,127.9,1,4.917719362889961,0.0,10.449050086355793,1.0,2.3465110734518926
2023-04-13,301.808,1.0,127.9,2,4.917719362889961,1.0,10.449050086355793,2.0,2.3465110734518926
2023-04-14,301.808,2.0,127.9,3,4.917719362889961,2.0,10.449050086355793,3.0,2.3465110734518926
2023-04-17,301.808,5.0,127.9,6,4.917719362889961,5.0,10.449050086355793,6.0,2.3465110734518926
2023-04-18,301.808,6.0,127.9,7,4.917719362889961,6.0,10.449050086355793,7.0,2.3465110734518926
2023-04-19,301.808,7.0,127.9,8,4.917719362889961,7.0,10.449050086355793,8.0,2.3465110734518926
2023-04-20,301.808,8.0,127.9,9,4.917719362889961,8.0,10.449050086355793,9.0,2.3465110734518926
2023-04-21,301.808,9.0,127.9,10,4.917719362889961,9.0,10.449050086355793,10.0,2.3465110734518926
2023-04-24,301.808,12.0,127.9,13,4.917719362889961,12.0,10.449050086355793,13.0,2.3465110734518926
2023-04-25,301.808,13.0,127.9,14,4.917719362889961,13.0,10.449050086355793,14.0,2.3465110734518926
2023-04-26,301.808,14.0,127.9,15,4.917719362889961,14.0,10.449050086355793,15.0,2.3465110734518926
2023-04-27,301.808,15.0,127.9,16,4.917719362889961,15.0,10.449050086355793,16.0,2.3465110734518926
2023-04-28,301.808,16.0,127.9,17,4.917719362889961,16.0,10.449050086355793,17.0,2.3465110734518926
2023-05-01,301.808,19.0,127.9,20,4.917719362889961,19.0,10.449050086355793,20.0,2.3465110734518926
2023-05-02,301.808,20.0,127.9,21,4.917719362889961,20.0,10.449050086355793,21.0,2.3465110734518926
2023-05-03,301.808,21.0,127.9,22,4.917719362889961,21.0,10.449050086355793,22.0,2.3465110734518926
2023-05-04,301.808,22.0,127.9,23,4.917719362889961,22.0,10.449050086355793,23.0,2.3465110734518926
2023-05-05,301.808,23.0,127.9,24,4.917719362889961,23.0,10.449050086355793,24.0,2.3465110734518926
2023-05-08,301.808,26.0,127.9,27,4.917719362889961,26.0,10.449050086355793,27.0,2.3465110734518926
2023-05-09,301.808,27.0,127.9,28,4.917719362889961,27.0,10.449050086355793,28.0,2.3465110734518926
2023-05-10,302.918,0.0,127.9,29,4.950079879124369,0.0,10.449050086355793,29.0,2.3465110734518926
2023-05-11,302.918,1.0,127.9,30,4.950079879124369,1.0,10.449050086355793,30.0,2.3465110734518926
2023-05-12,302.918,2.0,128.9,0,4.950079879124369,2.0,10.076857386848847,0.0,2.310241446856039
2023-05-15,302.918,5.0,128.9,3,4.950079879124369,5.0,10.076857386848847,3.0,2.310241446856039
2023-05-16,302.918,6.0,128.9,4,4.950079879124369,6.0,10.076857386848847,4.0,2.310241446856039
2023-05-17,302.918,7.0,128.9,5,4.950079879124369,7.0,10.076857386848847,5.0,2.310241446856039
2023-05-18,302.918,8.0,128.9,6,4.950079879124369,8.0,10.076857386848847,6.0,2.310241446856039
2023-05-19,302.918,9.0,128.9,7,4.950079879124369,9.0,10.076857386848847,7.0,2.310241446856039
2023-05-22,302.918,12.0,128.9,10,4.950079879124369,12.0,10.076857386848847,10.0,2.310241446856039
2023-05-23,302.918,13.0,128.9,11,4.950079879124369,13.0,10.076857386848847,11.0,2.310241446856039
2023-05-24,302.918,14.0,128.9,12,4.950079879124369,14.0,10.076857386848847,12.0,2.310241446856039
2023-05-25,302.918,15.0,128.9,13,4.950079879124369,15.0,10.076857386848847,13.0,2.310241446856039
2023-05-26,302.918,16.0,128.9,14,4.950079879124369,16.0,10.076857386848847,14.0,2.310241446856039
2023-05-29,302.918,19.0,128.9,17,4.950079879124369,19.0,10.076857386848847,17.0,2.310241446856039
2023-05-30,302.918,20.0,128.9,18,4.950079879124369,20.0,10.076857386848847,18.0,2.310241446856039
2023-05-31,302.918,21.0,128.9,19,4.950079879124369,21.0,10.076857386848847,19.0,2.310241446856039
2023-06-01,302.918,22.0,128.9,20,4.950079879124369,22.0,10.076857386848847,20.0,2.310241446856039
2023-06-02,302.918,23.0,128.9,21,4.950079879124369,23.0,10.076857386848847,21.0,2.310241446856039
2023-06-05,302.918,26.0,128.9,24,4.950079879124369,26.0,10.076857386848847,24.0,2.310241446856039
2023-06-06,302.918,27.0,128.9,25,4.950079879124369,27.0,10.076857386848847,25.0,2.310241446856039
2023-06-07,302.918,28.0,128.9,26,4.950079879124369,28.0,10.076857386848847,26.0,2.310241446856039
2023-06-08,302.918,29.0,128.9,27,4.950079879124369,29.0,10.076857386848847,27.0,2.310241446856039
2023-06-09,302.918,30.0,128.9,28,4.950079879124369,30.0,10.076857386848847,28.0,2.310241446856039
2023-06-12,302.918,33.0,130.4,1,4.950079879124369,33.0,8.666666666666668,1.0,2.1594842493533726
2023-06-13,303.294,0.0,130.4,2,4.131851231385042,0.0,8.666666666666668,2.0,2.1594842493533726
2023-06-14,303.294,1.0,130.4,3,4.131851231385042,1.0,8.666666666666668,3.0,2.1594842493533726
2023-06-15,303.294,2.0,130.4,4,4.131851231385042,2.0,8.666666666666668,4.0,2.1594842493533726
2023-06-16,303.294,3.0,130.4,5,4.131851231385042,3.0,8.666666666666668,5.0,2.1594842493533726
2023-06-19,303.294,6.0,130.4,8,4.131851231385042,6.0,8.666666666666668,8.0,2.1594842493533726
2023-06-20,303.294,7.0,130.4,9,4.131851231385042,7.0,8.666666666666668,9.0,2.1594842493533726
2023-06-21,303.294,8.0,130.4,10,4.131851231385042,8.0,8.666666666666668,10.0,2.1594842493533726
2023-06-22,303.294,9.0,130.4,11,4.131851231385042,9.0,8.666666666666668,11.0,2.1594842493533726
2023-06-23,303.294,10.0,130.4,12,4.131851231385042,10.0,8.666666666666668,12.0,2.1594842493533726
2023-06-26,303.294,13.0,130.4,15,4.131851231385042,13.0,8.666666666666668,15.0,2.1594842493533726
2023-06-27,303.294,14.0,130.4,16,4.131851231385042,14.0,8.666666666666668,16.0,2.1594842493533726
2023-06-28,303.294,15.0,130.4,17,4.131851231385042,15.0,8.666666666666668,17.0,2.1594842493533726
2023-06-29,303.294,16.0,130.4,18,4.131851231385042,16.0,8.666666666666668,18.0,2.1594842493533726
2023-06-30,303.294,17.0,130.4,19,4.131851231385042,17.0,8.666666666666668,19.0,2.1594842493533726
2023-07-03,303.294,20.0,130.4,22,4.131851231385042,20.0,8.666666666666668,22.0,2.1594842493533726
2023-07-04,303.294,21.0,130.4,23,4.131851231385042,21.0,8.666666666666668,23.0,2.1594842493533726
2023-07-05,303.294,22.0,130.4,24,4.131851231385042,22.0,8.666666666666668,24.0,2.1594842493533726
2023-07-06,303.294,23.0,130.4,25,4.131851231385042,23.0,8.666666666666668,25.0,2.1594842493533726
2023-07-07,303.294,24.0,130.4,26,4.131851231385042,24.0,8.666666666666668,26.0,2.1594842493533726
2023-07-10,303.294,27.0,130.4,29,4.131851231385042,27.0,8.666666666666668,29.0,2.1594842493533726
2023-07-11,303.294,28.0,130.4,30,4.131851231385042,28.0,8.666666666666668,30.0,2.1594842493533726
2023-07-12,303.841,0.0,131.3,0,3.070617072997095,0.0,8.69205298013247,0.0,2.1624091576508566
2023-07-13,303.841,1.0,131.3,1,3.070617072997095,1.0,8.69205298013247,1.0,2.1624091576508566
2023-07-14,303.841,2.0,131.3,2,3.070617072997095,2.0,8.69205298013247,2.0,2.1624091576508566
2023-07-17,303.841,5.0,131.3,5,3.070617072997095,5.0,8.69205298013247,5.0,2.1624091576508566
2023-07-18,303.841,6.0,131.3,6,3.070617072997095,6.0,8.69205298013247,6.0,2.1624091576508566
2023-07-19,303.841,7.0,131.3,7,3.070617072997095,7.0,8.69205298013247,7.0,2.1624091576508566
2023-07-20,303.841,8.0,131.3,8,3.070617072997095,8.0,8.69205298013247,8.0,2.1624091576508566
2023-07-21,303.841,9.0,131.3,9,3.070617072997095,9.0,8.69205298013247,9.0,2.1624091576508566
2023-07-24,303.841,12.0,131.3,12,3.070617072997095,12.0,8.69205298013247,12.0,2.1624091576508566
2023-07-25,303.841,13.0,131.3,13,3.070617072997095,13.0,8.69205298013247,13.0,2.1624091576508566
2023-07-26,303.841,14.0,131.3,14,3.070617072997095,14.0,8.69205298013247,14.0,2.1624091576508566
2023-07-27,303.841,15.0,131.3,15,3.070617072997095,15.0,8.69205298013247,15.0,2.1624091576508566
2023-07-28,303.841,16.0,131.3,16,3.070617072997095,16.0,8.69205298013247,16.0,2.1624091576508566
2023-07-31,303.841,19.0,131.3,19,3.070617072997095,19.0,8.69205298013247,19.0,2.1624091576508566
2023-08-01,303.841,20.0,131.3,20,3.070617072997095,20.0,8.69205298013247,20.0,2.1624091576508566
2023-08-02,303.841,21.0,131.3,21,3.070617072997095,21.0,8.69205298013247,21.0,2.1624091576508566
2023-08-03,303.841,22.0,131.3,22,3.070617072997095,22.0,8.69205298013247,22.0,2.1624091576508566
2023-08-04,303.841,23.0,131.3,23,3.070617072997095,23.0,8.69205298013247,23.0,2.1624091576508566
2023-08-07,303.841,26.0,131.3,26,3.070617072997095,26.0,8.69205298013247,26.0,2.1624091576508566
2023-08-08,303.841,27.0,131.3,27,3.070617072997095,27.0,8.69205298013247,27.0,2.1624091576508566
2023-08-09,303.841,28.0,131.3,28,3.070617072997095,28.0,8.69205298013247,28.0,2.1624091576508566
2023-08-10,304.348,0.0,131.3,29,3.287749268428297,0.0,8.69205298013247,29.0,2.1624091576508566
2023-08-11,304.348,1.0,131.5,0,3.287749268428297,1.0,7.9638752052545225,0.0,2.0749157162216325
2023-08-14,304.348,4.0,131.5,3,3.287749268428297,4.0,7.9638752052545225,3.0,2.0749157162216325
2023-08-15,304.348,5.0,131.5,4,3.287749268428297,5.0,7.9638752052545225,4.0,2.0749157162216325
2023-08-16,304.348,6.0,131.5,5,3.287749268428297,6.0,7.9638752052545225,5.0,2.0749157162216325
2023-08-17,304.348,7.0,131.5,6,3.287749268428297,7.0,7.9638752052545225,6.0,2.0749157162216325
2023-08-18,304.348,8.0,131.5,7,3.287749268428297,8.0,7.9638752052545225,7.0,2.0749157162216325
2023-08-21,304.348,11.0,131.5,10,3.287749268428297,11.0,7.9638752052545225,10.0,2.0749157162216325
2023-08-22,304.348,12.0,131.5,11,3.287749268428297,12.0,7.9638752052545225,11.0,2.0749157162216325
2023-08-23,304.348,13.0,131.5,12,3.287749268428297,13.0,7.9638752052545225,12.0,2.0749157162216325
2023-08-24,304.348,14.0,131.5,13,3.287749268428297,14.0,7.9638752052545225,13.0,2.0749157162216325
2023-08-25,304.348,15.0,131.5,14,3.287749268428297,15.0,7.9638752052545225,14.0,2.0749157162216325
2023-08-28,304.348,18.0,131.5,17,3.287749268428297,18.0,7.9638752052545225,17.0,2.0749157162216325
2023-08-29,304.348,19.0,131.5,18,3.287749268428297,19.0,7.9638752052545225,18.0,2.0749157162216325
2023-08-30,304.348,20.0,131.5,19,3.287749268428297,20.0,7.9638752052545225,19.0,2.0749157162216325
2023-08-31,304.348,21.0,131.5,20,3.287749268428297,21.0,7.9638752052545225,20.0,2.0749157162216325
2023-09-01,304.348,22.0,131.5,21,3.287749268428297,22.0,7.9638752052545225,21.0,2.0749157162216325
2023-09-04,304.348,25.0,131.5,24,3.287749268428297,25.0,7.9638752052545225,24.0,2.0749157162216325
2023-09-05,304.348,26.0,131.5,25,3.287749268428297,26.0,7.9638752052545225,25.0,2.0749157162216325
2023-09-06,304.348,27.0,131.5,26,3.287749268428297,27.0,7.9638752052545225,26.0,2.0749157162216325
2023-09-07,304.348,28.0,131.5,27,3.287749268428297,28.0,7.9638752052545225,27.0,2.0749157162216325
2023-09-08,304.348,29.0,131.5,28,3.287749268428297,29.0,7.9638752052545225,28.0,2.0749157162216325
2023-09-11,304.348,32.0,130.9,0,3.287749268428297,32.0,6.857142857142873,0.0,1.92529086185258
2023-09-12,304.348,33.0,130.9,1,3.287749268428297,33.0,6.857142857142873,1.0,1.92529086185258
2023-09-13,306.269,0.0,130.9,2,3.722504803505289,0.0,6.857142857142873,2.0,1.92529086185258
2023-09-14,306.269,1.0,130.9,3,3.722504803505289,1.0,6.857142857142873,3.0,1.92529086185258
2023-09-15,306.269,2.0,130.9,4,3.722504803505289,2.0,6.857142857142873,4.0,1.92529086185258
2023-09-18,306.269,5.0,130.9,7,3.722504803505289,5.0,6.857142857142873,7.0,1.92529086185258
2023-09-19,306.269,6.0,130.9,8,3.722504803505289,6.0,6.857142857142873,8.0,1.92529086185258
2023-09-20,306.269,7.0,130.9,9,3.722504803505289,7.0,6.857142857142873,9.0,1.92529086185258
2023-09-21,306.269,8.0,130.9,10,3.722504803505289,8.0,6.857142857142873,10.0,1.92529086185258
2023-09-22,306.269,9.0,130.9,11,3.722504803505289,9.0,6.857142857142873,11.0,1.92529086185258
2023-09-25,306.269,12.0,130.9,14,3.722504803505289,12.0,6.857142857142873,14.0,1.92529086185258
2023-09-26,306.269,13.0,130.9,15,3.722504803505289,13.0,6.857142857142873,15.0,1.92529086185258
2023-09-27,306.269,14.0,130.9,16,3.722504803505289,14.0,6.857142857142873,16.0,1.92529086185258
2023-09-28,306.269,15.0,130.9,17,3.722504803505289,15.0,6.857142857142873,17.0,1.92529086185258
2023-09-29,306.269,16.0,130.9,18,3.722504803505289,16.0,6.857142857142873,18.0,1.92529086185258
2023-10-02,306.269,19.0,130.9,21,3.722504803505289,19.0,6.857142857142873,21.0,1.92529086185258
2023-10-03,306.269,20.0,130.9,22,3.722504803505289,20.0,6.857142857142873,22.0,1.92529086185258
2023-10-04,306.269,21.0,130.9,23,3.722504803505289,21.0,6.857142857142873,23.0,1.92529086185258
2023-10-05,306.269,22.0,130.9,24,3.722504803505289,22.0,6.857142857142873,24.0,1.92529086185258
2023-10-06,306.269,23.0,130.9,25,3.722504803505289,23.0,6.857142857142873,25.0,1.92529086185258
2023-10-09,306.269,26.0,130.9,28,3.722504803505289,26.0,6.857142857142873,28.0,1.92529086185258
2023-10-10,306.269,27.0,130.9,29,3.722504803505289,27.0,6.857142857142873,29.0,1.92529086185258
2023-10-11,306.269,28.0,130.9,30,3.722504803505289,28.0,6.857142857142873,30.0,1.92529086185258
2023-10-12,307.481,0.0,131.3,0,3.687206638119256,0.0,6.661251015434622,0.0,1.8963073070678933
2023-10-13,307.481,1.0,131.3,1,3.687206638119256,1.0,6.661251015434622,1.0,1.8963073070678933
2023-10-16,307.481,4.0,131.3,4,3.687206638119256,4.0,6.661251015434622,4.0,1.8963073070678933
2023-10-17,307.481,5.0,131.3,5,3.687206638119256,5.0,6.661251015434622,5.0,1.8963073070678933
2023-10-18,307.481,6.0,131.3,6,3.687206638119256,6.0,6.661251015434622,6.0,1.8963073070678933
2023-10-19,307.481,7.0,131.3,7,3.687206638119256,7.0,6.661251015434622,7.0,1.8963073070678933
2023-10-20,307.481,8.0,131.3,8,3.687206638119256,8.0,6.661251015434622,8.0,1.8963073070678933
2023-10-23,307.481,11.0,131.3,11,3.687206638119256,11.0,6.661251015434622,11.0,1.8963073070678933
2023-10-24,307.481,12.0,131.3,12,3.687206638119256,12.0,6.661251015434622,12.0,1.8963073070678933
2023-10-25,307.481,13.0,131.3,13,3.687206638119256,13.0,6.661251015434622,13.0,1.8963073070678933
2023-10-26,307.481,14.0,131.3,14,3.687206638119256,14.0,6.661251015434622,14.0,1.8963073070678933
2023-10-27,307.481,15.0,131.3,15,3.687206638119256,15.0,6.661251015434622,15.0,1.8963073070678933
2023-10-30,307.481,18.0,131.3,18,3.687206638119256,18.0,6.661251015434622,18.0,1.8963073070678933
2023-10-31,307.481,19.0,131.3,19,3.687206638119256,19.0,6.661251015434622,19.0,1.8963073070678933
2023-11-01,307.481,20.0,131.3,20,3.687206638119256,20.0,6.661251015434622,20.0,1.8963073070678933
2023-11-02,307.481,21.0,131.3,21,3.687206638119256,21.0,6.661251015434622,21.0,1.8963073070678933
2023-11-03,307.481,22.0,131.3,22,3.687206638119256,22.0,6.661251015434622,22.0,1.8963073070678933
2023-11-06,307.481,25.0,131.3,25,3.687206638119256,25.0,6.661251015434622,25.0,1.8963073070678933
2023-11-07,307.481,26.0,131.3,26,3.687206638119256,26.0,6.661251015434622,26.0,1.8963073070678933
2023-11-08,307.481,27.0,131.3,27,3.687206638119256,27.0,6.661251015434622,27.0,1.8963073070678933
2023-11-09,307.481,28.0,131.3,28,3.687206638119256,28.0,6.661251015434622,28.0,1.8963073070678933
2023-11-10,307.481,29.0,131.3,29,3.687206638119256,29.0,6.661251015434622,29.0,1.8963073070678933
2023-11-13,307.481,32.0,132.0,2,3.687206638119256,32.0,6.623586429725359,2.0,1.8906369800078024
2023-11-14,307.619,0.0,132.0,3,3.2512659098611785,0.0,6.623586429725359,3.0,1.8906369800078024
2023-11-15,307.619,1.0,132.0,4,3.2512659098611785,1.0,6.623586429725359,4.0,1.8906369800078024
2023-11-16,307.619,2.0,132.0,5,3.2512659098611785,2.0,6.623586429725359,5.0,1.8906369800078024
2023-11-17,307.619,3.0,132.0,6,3.2512659098611785,3.0,6.623586429725359,6.0,1.8906369800078024
2023-11-20,307.619,6.0,132.0,9,3.2512659098611785,6.0,6.623586429725359,9.0,1.8906369800078024
2023-11-21,307.619,7.0,132.0,10,3.2512659098611785,7.0,6.623586429725359,10.0,1.8906369800078024
2023-11-22,307.619,8.0,132.0,11,3.2512659098611785,8.0,6.623586429725359,11.0,1.8906369800078024
2023-11-23,307.619,9.0,132.0,12,3.2512659098611785,9.0,6.623586429725359,12.0,1.8906369800078024
2023-11-24,307.619,10.0,132.0,13,3.2512659098611785,10.0,6.623586429725359,13.0,1.8906369800078024
2023-11-27,307.619,13.0,132.0,16,3.2512659098611785,13.0,6.623586429725359,16.0,1.8906369800078024
2023-11-28,307.619,14.0,132.0,17,3.2512659098611785,14.0,6.623586429725359,17.0,1.8906369800078024
2023-11-29,307.619,15.0,132.0,18,3.2512659098611785,15.0,6.623586429725359,18.0,1.8906369800078024
2023-11-30,307.619,16.0,132.0,19,3.2512659098611785,16.0,6.623586429725359,19.0,1.8906369800078024
2023-12-01,307.619,17.0,132.0,20,3.2512659098611785,17.0,6.623586429725359,20.0,1.8906369800078024
2023-12-04,307.619,20.0,132.0,23,3.2512659098611785,20.0,6.623586429725359,23.0,1.8906369800078024
2023-12-05,307.619,21.0,132.0,24,3.2512659098611785,21.0,6.623586429725359,24.0,1.8906369800078024
2023-12-06,307.619,22.0,132.0,25,3.2512659098611785,22.0,6.623586429725359,25.0,1.8906369800078024
2023-12-07,307.619,23.0,132.0,26,3.2512659098611785,23.0,6.623586429725359,26.0,1.8906369800078024
2023-12-08,307.619,24.0,132.0,27,3.2512659098611785,24.0,6.623586429725359,27.0,1.8906369800078024
2023-12-11,307.619,27.0,132.0,30,3.2512659098611785,27.0,6.623586429725359,30.0,1.8906369800078024
2023-12-12,307.917,0.0,132.0,0,3.1333462745911866,0.0,4.5958795562599075,0.0,1.5251601534333528
2023-12-13,307.917,1.0,132.0,1,3.1333462745911866,1.0,4.5958795562599075,1.0,1.5251601534333528
2023-12-14,307.917,2.0,132.0,2,3.1333462745911866,2.0,4.5958795562599075,2.0,1.5251601534333528
2023-12-15,307.917,3.0,132.0,3,3.1333462745911866,3.0,4.5958795562599075,3.0,1.5251601534333528
2023-12-18,307.917,6.0,132.0,6,3.1333462745911866,6.0,4.5958795562599075,6.0,1.5251601534333528
2023-12-19,307.917,7.0,132.0,7,3.1333462745911866,7.0,4.5958795562599075,7.0,1.5251601534333528
2023-12-20,307.917,8.0,132.0,8,3.1333462745911866,8.0,4.5958795562599075,8.0,1.5251601534333528
2023-12-21,307.917,9.0,132.0,9,3.1333462745911866,9.0,4.5958795562599075,9.0,1.5251601534333528
2023-12-22,307.917,10.0,132.0,10,3.1333462745911866,10.0,4.5958795562599075,10.0,1.5251601534333528
2023-12-25,307.917,13.0,132.0,13,3.1333462745911866,13.0,4.5958795562599075,13.0,1.5251601534333528
2023-12-26,307.917,14.0,132.0,14,3.1333462745911866,14.0,4.5958795562599075,14.0,1.5251601534333528
2023-12-27,307.917,15.0,132.0,15,3.1333462745911866,15.0,4.5958795562599075,15.0,1.5251601534333528
2023-12-28,307.917,16.0,132.0,16,3.1333462745911866,16.0,4.5958795562599075,16.0,1.5251601534333528
2023-12-29,307.917,17.0,132.0,17,3.1333462745911866,17.0,4.5958795562599075,17.0,1.5251601534333528
2024-01-01,307.917,20.0,132.0,20,3.1333462745911866,20.0,4.5958795562599075,20.0,1.5251601534333528
2024-01-02,307.917,21.0,132.0,21,3.1333462745911866,21.0,4.5958795562599075,21.0,1.5251601534333528
2024-01-03,307.917,22.0,132.0,22,3.1333462745911866,22.0,4.5958795562599075,22.0,1.5251601534333528
2024-01-04,307.917,23.0,132.0,23,3.1333462745911866,23.0,4.5958795562599075,23.0,1.5251601534333528
2024-01-05,307.917,24.0,132.0,24,3.1333462745911866,24.0,4.5958795562599075,24.0,1.5251601534333528
2024-01-08,307.917,27.0,132.0,27,3.1333462745911866,27.0,4.5958795562599075,27.0,1.5251601534333528
2024-01-09,255.211,0.0,132.0,28,3.1333462745911866,28.0,4.5958795562599075,28.0,1.5251601534333528
2024-01-10,255.211,1.0,132.0,29,3.1333462745911866,29.0,4.5958795562599075,29.0,1.5251601534333528
2024-01-11,308.85,0.0,131.7,0,3.3159099427102934,0.0,3.946329913180735,0.0,1.3727860110950967
2024-01-12,308.85,1.0,131.7,1,3.3159099427102934,1.0,3.946329913180735,1.0,1.3727860110950967
2024-01-15,308.85,4.0,131.7,4,3.3159099427102934,4.0,3.946329913180735,4.0,1.3727860110950967
2024-01-16,308.85,5.0,131.7,5,3.3159099427102934,5.0,3.946329913180735,5.0,1.3727860110950967
2024-01-17,308.85,6.0,131.7,6,3.3159099427102934,6.0,3.946329913180735,6.0,1.3727860110950967
2024-01-18,308.85,7.0,131.7,7,3.3159099427102934,7.0,3.946329913180735,7.0,1.3727860110950967
2024-01-19,308.85,8.0,131.7,8,3.3159099427102934,8.0,3.946329913180735,8.0,1.3727860110950967
2024-01-22,308.85,11.0,131.7,11,3.3159099427102934,11.0,3.946329913180735,11.0,1.3727860110950967
2024-01-23,308.85,12.0,131.7,12,3.3159099427102934,12.0,3.946329913180735,12.0,1.3727860110950967
2024-01-24,308.85,13.0,131.7,13,3.3159099427102934,13.0,3.946329913180735,13.0,1.3727860110950967
2024-01-25,308.85,14.0,131.7,14,3.3159099427102934,14.0,3.946329913180735,14.0,1.3727860110950967
2024-01-26,308.85,15.0,131.7,15,3.3159099427102934,15.0,3.946329913180735,15.0,1.3727860110950967
2024-01-29,308.85,18.0,131.7,18,3.3159099427102934,18.0,3.946329913180735,18.0,1.3727860110950967
2024-01-30,308.85,19.0,131.7,19,3.3159099427102934,19.0,3.946329913180735,19.0,1.3727860110950967
2024-01-31,308.85,20.0,131.7,20,3.3159099427102934,20.0,3.946329913180735,20.0,1.3727860110950967
2024-02-01,308.85,21.0,131.7,21,3.3159099427102934,21.0,3.946329913180735,21.0,1.3727860110950967
2024-02-02,308.85,22.0,131.7,22,3.3159099427102934,22.0,3.946329913180735,22.0,1.3727860110950967
2024-02-05,308.85,25.0,131.7,25,3.3159099427102934,25.0,3.946329913180735,25.0,1.3727860110950967
2024-02-06,308.85,26.0,131.7,26,3.3159099427102934,26.0,3.946329913180735,26.0,1.3727860110950967
2024-02-07,308.85,27.0,131.7,27,3.3159099427102934,27.0,3.946329913180735,27.0,1.3727860110950967
2024-02-08,308.85,28.0,131.7,28,3.3159099427102934,28.0,3.946329913180735,28.0,1.3727860110950967
2024-02-09,253.319,0.0,131.7,29,3.3159099427102934,29.0,3.946329913180735,29.0,1.3727860110950967
2024-02-12,253.319,3.0,132.2,1,3.3159099427102934,32.0,3.9308176100628867,1.0,1.3688474475161683
2024-02-13,309.685,0.0,132.2,2,3.0883429864855705,0.0,3.9308176100628867,2.0,1.3688474475161683
2024-02-14,309.685,1.0,132.2,3,3.0883429864855705,1.0,3.9308176100628867,3.0,1.3688474475161683
2024-02-15,309.685,2.0,132.2,4,3.0883429864855705,2.0,3.9308176100628867,4.0,1.3688474475161683
2024-02-16,309.685,3.0,132.2,5,3.0883429864855705,3.0,3.9308176100628867,5.0,1.3688474475161683
2024-02-19,309.685,6.0,132.2,8,3.0883429864855705,6.0,3.9308176100628867,8.0,1.3688474475161683
2024-02-20,309.685,7.0,132.2,9,3.0883429864855705,7.0,3.9308176100628867,9.0,1.3688474475161683
2024-02-21,309.685,8.0,132.2,10,3.0883429864855705,8.0,3.9308176100628867,10.0,1.3688474475161683
2024-02-22,309.685,9.0,132.2,11,3.0883429864855705,9.0,3.9308176100628867,11.0,1.3688474475161683
2024-02-23,309.685,10.0,132.2,12,3.0883429864855705,10.0,3.9308176100628867,12.0,1.3688474475161683
2024-02-26,309.685,13.0,132.2,15,3.0883429864855705,13.0,3.9308176100628867,15.0,1.3688474475161683
2024-02-27,309.685,14.0,132.2,16,3.0883429864855705,14.0,3.9308176100628867,16.0,1.3688474475161683
2024-02-28,309.685,15.0,132.2,17,3.0883429864855705,15.0,3.9308176100628867,17.0,1.3688474475161683
2024-02-29,309.685,16.0,132.2,18,3.0883429864855705,16.0,3.9308176100628867,18.0,1.3688474475161683
2024-03-01,309.685,17.0,132.2,19,3.0883429864855705,17.0,3.9308176100628867,19.0,1.3688474475161683
2024-03-04,309.685,20.0,132.2,22,3.0883429864855705,20.0,3.9308176100628867,22.0,1.3688474475161683
2024-03-05,309.685,21.0,132.2,23,3.0883429864855705,21.0,3.9308176100628867,23.0,1.3688474475161683
2024-03-06,309.685,22.0,132.2,24,3.0883429864855705,22.0,3.9308176100628867,24.0,1.3688474475161683
2024-03-07,309.685,23.0,132.2,25,3.0883429864855705,23.0,3.9308176100628867,25.0,1.3688474475161683
2024-03-08,309.685,24.0,132.2,26,3.0883429864855705,24.0,3.9308176100628867,26.0,1.3688474475161683
2024-03-11,309.685,27.0,132.2,29,3.0883429864855705,27.0,3.9308176100628867,29.0,1.3688474475161683
2024-03-12,311.054,0.0,132.2,30,3.157074141648697,0.0,3.9308176100628867,30.0,1.3688474475161683
2024-03-13,311.054,1.0,131.5,0,3.157074141648697,1.0,4.034810126582267,0.0,1.3949592440056116
2024-03-14,311.054,2.0,131.5,1,3.157074141648697,2.0,4.034810126582267,1.0,1.3949592440056116
2024-03-15,311.054,3.0,131.5,2,3.157074141648697,3.0,4.034810126582267,2.0,1.3949592440056116
2024-03-18,311.054,6.0,131.5,5,3.157074141648697,6.0,4.034810126582267,5.0,1.3949592440056116
2024-03-19,311.054,7.0,131.5,6,3.157074141648697,7.0,4.034810126582267,6.0,1.3949592440056116
2024-03-20,311.054,8.0,131.5,7,3.157074141648697,8.0,4.034810126582267,7.0,1.3949592440056116
2024-03-21,311.054,9.0,131.5,8,3.157074141648697,9.0,4.034810126582267,8.0,1.3949592440056116
2024-03-22,311.054,10.0,131.5,9,3.157074141648697,10.0,4.034810126582267,9.0,1.3949592440056116
2024-03-25,311.054,13.0,131.5,12,3.157074141648697,13.0,4.034810126582267,12.0,1.3949592440056116
2024-03-26,311.054,14.0,131.5,13,3.157074141648697,14.0,4.034810126582267,13.0,1.3949592440056116
2024-03-27,311.054,15.0,131.5,14,3.157074141648697,15.0,4.034810126582267,14.0,1.3949592440056116
2024-03-28,311.054,16.0,131.5,15,3.157074141648697,16.0,4.034810126582267,15.0,1.3949592440056116
2024-03-29,311.054,17.0,131.5,16,3.157074141648697,17.0,4.034810126582267,16.0,1.3949592440056116
2024-04-01,311.054,20.0,131.5,19,3.157074141648697,20.0,4.034810126582267,19.0,1.3949592440056116
2024-04-02,311.054,21.0,131.5,20,3.157074141648697,21.0,4.034810126582267,20.0,1.3949592440056116
2024-04-03,311.054,22.0,131.5,21,3.157074141648697,22.0,4.034810126582267,21.0,1.3949592440056116
2024-04-04,311.054,23.0,131.5,22,3.157074141648697,23.0,4.034810126582267,22.0,1.3949592440056116
2024-04-05,311.054,24.0,131.5,23,3.157074141648697,24.0,4.034810126582267,23.0,1.3949592440056116
2024-04-08,311.054,27.0,131.5,26,3.157074141648697,27.0,4.034810126582267,26.0,1.3949592440056116
2024-04-09,311.054,28.0,131.5,27,3.157074141648697,28.0,4.034810126582267,27.0,1.3949592440056116
2024-04-10,312.23,0.0,131.5,28,3.4868349120836584,0.0,4.034810126582267,28.0,1.3949592440056116
2024-04-11,312.23,1.0,132.3,0,3.4868349120836584,1.0,3.4401876465989023,0.0,1.235526018327509
2024-04-12,312.23,2.0,132.3,1,3.4868349120836584,2.0,3.4401876465989023,1.0,1.235526018327509
2024-04-15,312.23,5.0,132.3,4,3.4868349120836584,5.0,3.4401876465989023,4.0,1.235526018327509
2024-04-16,312.23,6.0,132.3,5,3.4868349120836584,6.0,3.4401876465989023,5.0,1.235526018327509
2024-04-17,312.23,7.0,132.3,6,3.4868349120836584,7.0,3.4401876465989023,6.0,1.235526018327509
2024-04-18,312.23,8.0,132.3,7,3.4868349120836584,8.0,3.4401876465989023,7.0,1.235526018327509
2024-04-19,312.23,9.0,132.3,8,3.4868349120836584,9.0,3.4401876465989023,8.0,1.235526018327509
2024-04-22,312.23,12.0,132.3,11,3.4868349120836584,12.0,3.4401876465989023,11.0,1.235526018327509
2024-04-23,312.23,13.0,132.3,12,3.4868349120836584,13.0,3.4401876465989023,12.0,1.235526018327509
2024-04-24,312.23,14.0,132.3,13,3.4868349120836584,14.0,3.4401876465989023,13.0,1.235526018327509
2024-04-25,312.23,15.0,132.3,14,3.4868349120836584,15.0,3.4401876465989023,14.0,1.235526018327509
2024-04-26,312.23,16.0,132.3,15,3.4868349120836584,16.0,3.4401876465989023,15.0,1.235526018327509
2024-04-29,312.23,19.0,132.3,18,3.4868349120836584,19.0,3.4401876465989023,18.0,1.235526018327509
2024-04-30,312.23,20.0,132.3,19,3.4868349120836584,20.0,3.4401876465989023,19.0,1.235526018327509
2024-05-01,312.23,21.0,132.3,20,3.4868349120836584,21.0,3.4401876465989023,20.0,1.235526018327509
2024-05-02,312.23,22.0,132.3,21,3.4868349120836584,22.0,3.4401876465989023,21.0,1.235526018327509
2024-05-03,312.23,23.0,132.3,22,3.4868349120836584,23.0,3.4401876465989023,22.0,1.235526018327509
2024-05-06,312.23,26.0,132.3,25,3.4868349120836584,26.0,3.4401876465989023,25.0,1.235526018327509
2024-05-07,312.23,27.0,132.3,26,3.4868349120836584,27.0,3.4401876465989023,26.0,1.235526018327509
2024-05-08,312.23,28.0,132.3,27,3.4868349120836584,28.0,3.4401876465989023,27.0,1.235526018327509
2024-05-09,312.23,29.0,132.3,28,3.4868349120836584,29.0,3.4401876465989023,28.0,1.235526018327509
2024-05-10,312.23,30.0,132.3,29,3.4868349120836584,30.0,3.4401876465989023,29.0,1.235526018327509
2024-05-13,312.23,33.0,133.0,1,3.4868349120836584,33.0,3.1807602792862655,1.0,1.157120249753211
2024-05-14,312.23,34.0,133.0,2,3.4868349120836584,34.0,3.1807602792862655,2.0,1.157120249753211
2024-05-15,313.207,0.0,133.0,3,3.3607951262196734,0.0,3.1807602792862655,3.0,1.157120249753211
2024-05-16,313.207,1.0,133.0,4,3.3607951262196734,1.0,3.1807602792862655,4.0,1.157120249753211
2024-05-17,313.207,2.0,133.0,5,3.3607951262196734,2.0,3.1807602792862655,5.0,1.157120249753211
2024-05-20,313.207,5.0,133.0,8,3.3607951262196734,5.0,3.1807602792862655,8.0,1.157120249753211
2024-05-21,313.207,6.0,133.0,9,3.3607951262196734,6.0,3.1807602792862655,9.0,1.157120249753211
2024-05-22,313.207,7.0,133.0,10,3.3607951262196734,7.0,3.1807602792862655,10.0,1.157120249753211
2024-05-23,313.207,8.0,133.0,11,3.3607951262196734,8.0,3.1807602792862655,11.0,1.157120249753211
2024-05-24,313.207,9.0,133.0,12,3.3607951262196734,9.0,3.1807602792862655,12.0,1.157120249753211
2024-05-27,313.207,12.0,133.0,15,3.3607951262196734,12.0,3.1807602792862655,15.0,1.157120249753211
2024-05-28,313.207,13.0,133.0,16,3.3607951262196734,13.0,3.1807602792862655,16.0,1.157120249753211
2024-05-29,313.207,14.0,133.0,17,3.3607951262196734,14.0,3.1807602792862655,17.0,1.157120249753211
2024-05-30,313.207,15.0,133.0,18,3.3607951262196734,15.0,3.1807602792862655,18.0,1.157120249753211
2024-05-31,313.207,16.0,133.0,19,3.3607951262196734,16.0,3.1807602792862655,19.0,1.157120249753211
2024-06-03,313.207,19.0,133.0,22,3.3607951262196734,19.0,3.1807602792862655,22.0,1.157120249753211
2024-06-04,313.207,20.0,133.0,23,3.3607951262196734,20.0,3.1807602792862655,23.0,1.157120249753211
2024-06-05,313.207,21.0,133.0,24,3.3607951262196734,21.0,3.1807602792862655,24.0,1.157120249753211
2024-06-06,313.207,22.0,133.0,25,3.3607951262196734,22.0,3.1807602792862655,25.0,1.157120249753211
2024-06-07,313.207,23.0,133.0,26,3.3607951262196734,23.0,3.1807602792862655,26.0,1.157120249753211
2024-06-10,313.207,26.0,133.0,29,3.3607951262196734,26.0,3.1807602792862655,29.0,1.157120249753211
2024-06-11,313.207,27.0,133.5,0,3.3607951262196734,27.0,2.3773006134969243,0.0,0.8659656479866359
2024-06-12,313.225,0.0,133.5,1,3.244278584003113,0.0,2.3773006134969243,1.0,0.8659656479866359
2024-06-13,313.225,1.0,133.5,2,3.244278584003113,1.0,2.3773006134969243,2.0,0.8659656479866359
2024-06-14,313.225,2.0,133.5,3,3.244278584003113,2.0,2.3773006134969243,3.0,0.8659656479866359
2024-06-17,313.225,5.0,133.5,6,3.244278584003113,5.0,2.3773006134969243,6.0,0.8659656479866359
2024-06-18,313.225,6.0,133.5,7,3.244278584003113,6.0,2.3773006134969243,7.0,0.8659656479866359
2024-06-19,313.225,7.0,133.5,8,3.244278584003113,7.0,2.3773006134969243,8.0,0.8659656479866359
2024-06-20,313.225,8.0,133.5,9,3.244278584003113,8.0,2.3773006134969243,9.0,0.8659656479866359
2024-06-21,313.225,9.0,133.5,10,3.244278584003113,9.0,2.3773006134969243,10.0,0.8659656479866359
2024-06-24,313.225,12.0,133.5,13,3.244278584003113,12.0,2.3773006134969243,13.0,0.8659656479866359
2024-06-25,313.225,13.0,133.5,14,3.244278584003113,13.0,2.3773006134969243,14.0,0.8659656479866359
2024-06-26,313.225,14.0,133.5,15,3.244278584003113,14.0,2.3773006134969243,15.0,0.8659656479866359
2024-06-27,313.225,15.0,133.5,16,3.244278584003113,15.0,2.3773006134969243,16.0,0.8659656479866359
2024-06-28,313.225,16.0,133.5,17,3.244278584003113,16.0,2.3773006134969243,17.0,0.8659656479866359
2024-07-01,313.225,19.0,133.5,20,3.244278584003113,19.0,2.3773006134969243,20.0,0.8659656479866359
2024-07-02,313.225,20.0,133.5,21,3.244278584003113,20.0,2.3773006134969243,21.0,0.8659656479866359
2024-07-03,313.225,21.0,133.5,22,3.244278584003113,21.0,2.3773006134969243,22.0,0.8659656479866359
2024-07-04,313.225,22.0,133.5,23,3.244278584003113,22.0,2.3773006134969243,23.0,0.8659656479866359
2024-07-05,313.225,23.0,133.5,24,3.244278584003113,23.0,2.3773006134969243,24.0,0.8659656479866359
2024-07-08,313.225,26.0,133.5,27,3.244278584003113,26.0,2.3773006134969243,27.0,0.8659656479866359
2024-07-09,313.225,27.0,133.5,28,3.244278584003113,27.0,2.3773006134969243,28.0,0.8659656479866359
2024-07-10,313.225,28.0,133.5,29,3.244278584003113,28.0,2.3773006134969243,29.0,0.8659656479866359
2024-07-11,313.049,0.0,133.5,30,2.9702579486470926,0.0,2.3773006134969243,30.0,0.8659656479866359
2024-07-12,313.049,1.0,133.9,0,2.9702579486470926,1.0,1.980198019801982,0.0,0.6831968497067781
2024-07-15,313.049,4.0,133.9,3,2.9702579486470926,4.0,1.980198019801982,3.0,0.6831968497067781
2024-07-16,313.049,5.0,133.9,4,2.9702579486470926,5.0,1.980198019801982,4.0,0.6831968497067781
2024-07-17,313.049,6.0,133.9,5,2.9702579486470926,6.0,1.980198019801982,5.0,0.6831968497067781
2024-07-18,313.049,7.0,133.9,6,2.9702579486470926,7.0,1.980198019801982,6.0,0.6831968497067781
2024-07-19,313.049,8.0,133.9,7,2.9702579486470926,8.0,1.980198019801982,7.0,0.6831968497067781
2024-07-22,313.049,11.0,133.9,10,2.9702579486470926,11.0,1.980198019801982,10.0,0.6831968497067781
2024-07-23,313.049,12.0,133.9,11,2.9702579486470926,12.0,1.980198019801982,11.0,0.6831968497067781
2024-07-24,313.049,13.0,133.9,12,2.9702579486470926,13.0,1.980198019801982,12.0,0.6831968497067781
2024-07-25,313.049,14.0,133.9,13,2.9702579486470926,14.0,1.980198019801982,13.0,0.6831968497067781
2024-07-26,313.049,15.0,133.9,14,2.9702579486470926,15.0,1.980198019801982,14.0,0.6831968497067781
2024-07-29,313.049,18.0,133.9,17,2.9702579486470926,18.0,1.980198019801982,17.0,0.6831968497067781
2024-07-30,313.049,19.0,133.9,18,2.9702579486470926,19.0,1.980198019801982,18.0,0.6831968497067781
2024-07-31,313.049,20.0,133.9,19,2.9702579486470926,20.0,1.980198019801982,19.0,0.6831968497067781
2024-08-01,313.049,21.0,133.9,20,2.9702579486470926,21.0,1.980198019801982,20.0,0.6831968497067781
2024-08-02,313.049,22.0,133.9,21,2.9702579486470926,22.0,1.980198019801982,21.0,0.6831968497067781
2024-08-05,313.049,25.0,133.9,24,2.9702579486470926,25.0,1.980198019801982,24.0,0.6831968497067781
2024-08-06,313.049,26.0,133.9,25,2.9702579486470926,26.0,1.980198019801982,25.0,0.6831968497067781
2024-08-07,313.049,27.0,133.9,26,2.9702579486470926,27.0,1.980198019801982,26.0,0.6831968497067781
2024-08-08,313.049,28.0,133.9,27,2.9702579486470926,28.0,1.980198019801982,27.0,0.6831968497067781
2024-08-09,313.049,29.0,133.9,28,2.9702579486470926,29.0,1.980198019801982,28.0,0.6831968497067781
2024-08-12,313.049,32.0,134.1,1,2.9702579486470926,32.0,1.9771863117870714,1.0,0.681674779397708
2024-08-13,313.049,33.0,134.1,2,2.9702579486470926,33.0,1.9771863117870714,2.0,0.681674779397708
2024-08-14,313.534,0.0,134.1,3,2.9414757935583014,0.0,1.9771863117870714,3.0,0.681674779397708
2024-08-15,313.534,1.0,134.1,4,2.9414757935583014,1.0,1.9771863117870714,4.0,0.681674779397708
2024-08-16,313.534,2.0,134.1,5,2.9414757935583014,2.0,1.9771863117870714,5.0,0.681674779397708
2024-08-19,313.534,5.0,134.1,8,2.9414757935583014,5.0,1.9771863117870714,8.0,0.681674779397708
2024-08-20,313.534,6.0,134.1,9,2.9414757935583014,6.0,1.9771863117870714,9.0,0.681674779397708
2024-08-21,313.534,7.0,134.1,10,2.9414757935583014,7.0,1.9771863117870714,10.0,0.681674779397708
2024-08-22,313.534,8.0,134.1,11,2.9414757935583014,8.0,1.9771863117870714,11.0,0.681674779397708
2024-08-23,313.534,9.0,134.1,12,2.9414757935583014,9.0,1.9771863117870714,12.0,0.681674779397708
2024-08-26,313.534,12.0,134.1,15,2.9414757935583014,12.0,1.9771863117870714,15.0,0.681674779397708
2024-08-27,313.534,13.0,134.1,16,2.9414757935583014,13.0,1.9771863117870714,16.0,0.681674779397708
2024-08-28,313.534,14.0,134.1,17,2.9414757935583014,14.0,1.9771863117870714,17.0,0.681674779397708
2024-08-29,313.534,15.0,134.1,18,2.9414757935583014,15.0,1.9771863117870714,18.0,0.681674779397708
2024-08-30,313.534,16.0,134.1,19,2.9414757935583014,16.0,1.9771863117870714,19.0,0.681674779397708
2024-09-02,313.534,19.0,134.1,22,2.9414757935583014,19.0,1.9771863117870714,22.0,0.681674779397708
2024-09-03,313.534,20.0,134.1,23,2.9414757935583014,20.0,1.9771863117870714,23.0,0.681674779397708
2024-09-04,313.534,21.0,134.1,24,2.9414757935583014,21.0,1.9771863117870714,24.0,0.681674779397708
2024-09-05,313.534,22.0,134.1,25,2.9414757935583014,22.0,1.9771863117870714,25.0,0.681674779397708
2024-09-06,313.534,23.0,134.1,26,2.9414757935583014,23.0,1.9771863117870714,26.0,0.681674779397708
2024-09-09,313.534,26.0,134.1,29,2.9414757935583014,26.0,1.9771863117870714,29.0,0.681674779397708
2024-09-10,313.534,27.0,134.1,30,2.9414757935583014,27.0,1.9771863117870714,30.0,0.681674779397708
2024-09-11,314.121,0.0,133.8,0,2.607144490692037,0.0,2.2154316271963292,0.0,0.7954472500646638
2024-09-12,314.121,1.0,133.8,1,2.607144490692037,1.0,2.2154316271963292,1.0,0.7954472500646638
2024-09-13,314.121,2.0,133.8,2,2.607144490692037,2.0,2.2154316271963292,2.0,0.7954472500646638
2024-09-16,314.121,5.0,133.8,5,2.607144490692037,5.0,2.2154316271963292,5.0,0.7954472500646638
2024-09-17,314.121,6.0,133.8,6,2.607144490692037,6.0,2.2154316271963292,6.0,0.7954472500646638
2024-09-18,314.121,7.0,133.8,7,2.607144490692037,7.0,2.2154316271963292,7.0,0.7954472500646638
2024-09-19,314.121,8.0,133.8,8,2.607144490692037,8.0,2.2154316271963292,8.0,0.7954472500646638
2024-09-20,314.121,9.0,133.8,9,2.607144490692037,9.0,2.2154316271963292,9.0,0.7954472500646638
2024-09-23,314.121,12.0,133.8,12,2.607144490692037,12.0,2.2154316271963292,12.0,0.7954472500646638
2024-09-24,314.121,13.0,133.8,13,2.607144490692037,13.0,2.2154316271963292,13.0,0.7954472500646638
2024-09-25,314.121,14.0,133.8,14,2.607144490692037,14.0,2.2154316271963292,14.0,0.7954472500646638
2024-09-26,314.121,15.0,133.8,15,2.607144490692037,15.0,2.2154316271963292,15.0,0.7954472500646638
2024-09-27,314.121,16.0,133.8,16,2.607144490692037,16.0,2.2154316271963292,16.0,0.7954472500646638
2024-09-30,314.121,19.0,133.8,19,2.607144490692037,19.0,2.2154316271963292,19.0,0.7954472500646638
2024-10-01,314.121,20.0,133.8,20,2.607144490692037,20.0,2.2154316271963292,20.0,0.7954472500646638
2024-10-02,314.121,21.0,133.8,21,2.607144490692037,21.0,2.2154316271963292,21.0,0.7954472500646638
2024-10-03,314.121,22.0,133.8,22,2.607144490692037,22.0,2.2154316271963292,22.0,0.7954472500646638
2024-10-04,314.121,23.0,133.8,23,2.607144490692037,23.0,2.2154316271963292,23.0,0.7954472500646638
2024-10-07,314.121,26.0,133.8,26,2.607144490692037,26.0,2.2154316271963292,26.0,0.7954472500646638
2024-10-08,314.121,27.0,133.8,27,2.607144490692037,27.0,2.2154316271963292,27.0,0.7954472500646638
2024-10-09,314.121,28.0,133.8,28,2.607144490692037,28.0,2.2154316271963292,28.0,0.7954472500646638
2024-10-10,314.686,0.0,133.8,29,2.4264830315416708,0.0,2.2154316271963292,29.0,0.7954472500646638
2024-10-11,314.686,1.0,133.8,30,2.4264830315416708,1.0,2.2154316271963292,30.0,0.7954472500646638
2024-10-14,314.686,4.0,134.3,2,2.4264830315416708,4.0,2.2848438690022954,2.0,0.8262976933474552
2024-10-15,314.686,5.0,134.3,3,2.4264830315416708,5.0,2.2848438690022954,3.0,0.8262976933474552
2024-10-16,314.686,6.0,134.3,4,2.4264830315416708,6.0,2.2848438690022954,4.0,0.8262976933474552
2024-10-17,314.686,7.0,134.3,5,2.4264830315416708,7.0,2.2848438690022954,5.0,0.8262976933474552
2024-10-18,314.686,8.0,134.3,6,2.4264830315416708,8.0,2.2848438690022954,6.0,0.8262976933474552
2024-10-21,314.686,11.0,134.3,9,2.4264830315416708,11.0,2.2848438690022954,9.0,0.8262976933474552
2024-10-22,314.686,12.0,134.3,10,2.4264830315416708,12.0,2.2848438690022954,10.0,0.8262976933474552
2024-10-23,314.686,13.0,134.3,11,2.4264830315416708,13.0,2.2848438690022954,11.0,0.8262976933474552
2024-10-24,314.686,14.0,134.3,12,2.4264830315416708,14.0,2.2848438690022954,12.0,0.8262976933474552
2024-10-25,314.686,15.0,134.3,13,2.4264830315416708,15.0,2.2848438690022954,13.0,0.8262976933474552
2024-10-28,314.686,18.0,134.3,16,2.4264830315416708,18.0,2.2848438690022954,16.0,0.8262976933474552
2024-10-29,314.686,19.0,134.3,17,2.4264830315416708,19.0,2.2848438690022954,17.0,0.8262976933474552
2024-10-30,314.686,20.0,134.3,18,2.4264830315416708,20.0,2.2848438690022954,18.0,0.8262976933474552
2024-10-31,314.686,21.0,134.3,19,2.4264830315416708,21.0,2.2848438690022954,19.0,0.8262976933474552
2024-11-01,314.686,22.0,134.3,20,2.4264830315416708,22.0,2.2848438690022954,20.0,0.8262976933474552
2024-11-04,314.686,25.0,134.3,23,2.4264830315416708,25.0,2.2848438690022954,23.0,0.8262976933474552
2024-11-05,314.686,26.0,134.3,24,2.4264830315416708,26.0,2.2848438690022954,24.0,0.8262976933474552
2024-11-06,314.686,27.0,134.3,25,2.4264830315416708,27.0,2.2848438690022954,25.0,0.8262976933474552
2024-11-07,314.686,28.0,134.3,26,2.4264830315416708,28.0,2.2848438690022954,26.0,0.8262976933474552
2024-11-08,314.686,29.0,134.3,27,2.4264830315416708,29.0,2.2848438690022954,27.0,0.8262976933474552
2024-11-11,314.686,32.0,134.2,0,2.4264830315416708,32.0,1.6666666666666607,0.0,0.5108256237659872
2024-11-12,314.686,33.0,134.2,1,2.4264830315416708,33.0,1.6666666666666607,1.0,0.5108256237659872
2024-11-13,315.454,0.0,134.2,2,2.578844053871343,0.0,1.6666666666666607,2.0,0.5108256237659872
2024-11-14,315.454,1.0,134.2,3,2.578844053871343,1.0,1.6666666666666607,3.0,0.5108256237659872
2024-11-15,315.454,2.0,134.2,4,2.578844053871343,2.0,1.6666666666666607,4.0,0.5108256237659872
2024-11-18,315.454,5.0,134.2,7,2.578844053871343,5.0,1.6666666666666607,7.0,0.5108256237659872
2024-11-19,315.454,6.0,134.2,8,2.578844053871343,6.0,1.6666666666666607,8.0,0.5108256237659872
2024-11-20,315.454,7.0,134.2,9,2.578844053871343,7.0,1.6666666666666607,9.0,0.5108256237659872
2024-11-21,315.454,8.0,134.2,10,2.578844053871343,8.0,1.6666666666666607,10.0,0.5108256237659872
2024-11-22,315.454,9.0,134.2,11,2.578844053871343,9.0,1.6666666666666607,11.0,0.5108256237659872
2024-11-25,315.454,12.0,134.2,14,2.578844053871343,12.0,1.6666666666666607,14.0,0.5108256237659872
2024-11-26,315.454,13.0,134.2,15,2.578844053871343,13.0,1.6666666666666607,15.0,0.5108256237659872
2024-11-27,315.454,14.0,134.2,16,2.578844053871343,14.0,1.6666666666666607,16.0,0.5108256237659872
2024-11-28,315.454,15.0,134.2,17,2.578844053871343,15.0,1.6666666666666607,17.0,0.5108256237659872
2024-11-29,315.454,16.0,134.2,18,2.578844053871343,16.0,1.6666666666666607,18.0,0.5108256237659872
2024-12-02,315.454,19.0,134.2,21,2.578844053871343,19.0,1.6666666666666607,21.0,0.5108256237659872
2024-12-03,315.454,20.0,134.2,22,2.578844053871343,20.0,1.6666666666666607,22.0,0.5108256237659872
2024-12-04,315.454,21.0,134.2,23,2.578844053871343,21.0,1.6666666666666607,23.0,0.5108256237659872
2024-12-05,315.454,22.0,134.2,24,2.578844053871343,22.0,1.6666666666666607,24.0,0.5108256237659872
2024-12-06,315.454,23.0,134.2,25,2.578844053871343,23.0,1.6666666666666607,25.0,0.5108256237659872
2024-12-09,315.454,26.0,134.2,28,2.578844053871343,26.0,1.6666666666666607,28.0,0.5108256237659872
2024-12-10,315.454,27.0,134.2,29,2.578844053871343,27.0,1.6666666666666607,29.0,0.5108256237659872
2024-12-11,316.441,0.0,134.2,30,2.719472461284833,0.0,1.6666666666666607,30.0,0.5108256237659872
2024-12-12,316.441,1.0,135.0,0,2.719472461284833,1.0,2.2727272727272707,0.0,0.8209805520698293
2024-12-13,316.441,2.0,135.0,1,2.719472461284833,2.0,2.2727272727272707,1.0,0.8209805520698293
2024-12-16,316.441,5.0,135.0,4,2.719472461284833,5.0,2.2727272727272707,4.0,0.8209805520698293
2024-12-17,316.441,6.0,135.0,5,2.719472461284833,6.0,2.2727272727272707,5.0,0.8209805520698293
2024-12-18,316.441,7.0,135.0,6,2.719472461284833,7.0,2.2727272727272707,6.0,0.8209805520698293
2024-12-19,316.441,8.0,135.0,7,2.719472461284833,8.0,2.2727272727272707,7.0,0.8209805520698293
2024-12-20,316.441,9.0,135.0,8,2.719472461284833,9.0,2.2727272727272707,8.0,0.8209805520698293
2024-12-23,316.441,12.0,135.0,11,2.719472461284833,12.0,2.2727272727272707,11.0,0.8209805520698293
2024-12-24,316.441,13.0,135.0,12,2.719472461284833,13.0,2.2727272727272707,12.0,0.8209805520698293
2024-12-25,316.441,14.0,135.0,13,2.719472461284833,14.0,2.2727272727272707,13.0,0.8209805520698293
2024-12-26,316.441,15.0,135.0,14,2.719472461284833,15.0,2.2727272727272707,14.0,0.8209805520698293
2024-12-27,316.441,16.0,135.0,15,2.719472461284833,16.0,2.2727272727272707,15.0,0.8209805520698293
2024-12-30,316.441,19.0,135.0,18,2.719472461284833,19.0,2.2727272727272707,18.0,0.8209805520698293
2024-12-31,316.441,20.0,135.0,19,2.719472461284833,20.0,2.2727272727272707,19.0,0.8209805520698293
