date,USA_current_account_value,USA_current_account_days_since_update,UK_current_account_value,UK_current_account_days_since_update
2014-01-01,,,-19933,33
2014-01-02,,,-19933,34
2014-01-03,,,-19933,35
2014-01-06,,,-19933,38
2014-01-07,,,-19933,39
2014-01-08,,,-19933,40
2014-01-09,,,-19933,41
2014-01-10,,,-19933,42
2014-01-13,,,-19933,45
2014-01-14,,,-19933,46
2014-01-15,,,-19933,47
2014-01-16,,,-19933,48
2014-01-17,,,-19933,49
2014-01-20,,,-19933,52
2014-01-21,,,-19933,53
2014-01-22,,,-19933,54
2014-01-23,,,-19933,55
2014-01-24,,,-19933,56
2014-01-27,,,-19933,59
2014-01-28,,,-19933,60
2014-01-29,,,-19933,61
2014-01-30,,,-19933,62
2014-01-31,,,-19933,63
2014-02-03,,,-19933,66
2014-02-04,,,-19933,67
2014-02-05,,,-19933,68
2014-02-06,,,-19933,69
2014-02-07,,,-19933,70
2014-02-10,,,-19933,73
2014-02-11,,,-19933,74
2014-02-12,,,-19933,75
2014-02-13,,,-19933,76
2014-02-14,,,-19933,77
2014-02-17,,,-19933,80
2014-02-18,,,-19933,81
2014-02-19,,,-19933,82
2014-02-20,,,-19933,83
2014-02-21,,,-19933,84
2014-02-24,,,-19933,87
2014-02-25,,,-19933,88
2014-02-26,,,-19933,89
2014-02-27,,,-19933,90
2014-02-28,,,-19933,91
2014-03-03,,,-23851,2
2014-03-04,,,-23851,3
2014-03-05,,,-23851,4
2014-03-06,,,-23851,5
2014-03-07,,,-23851,6
2014-03-10,,,-23851,9
2014-03-11,,,-23851,10
2014-03-12,,,-23851,11
2014-03-13,,,-23851,12
2014-03-14,,,-23851,13
2014-03-17,,,-23851,16
2014-03-18,,,-23851,17
2014-03-19,,,-23851,18
2014-03-20,,,-23851,19
2014-03-21,,,-23851,20
2014-03-24,,,-23851,23
2014-03-25,,,-23851,24
2014-03-26,,,-23851,25
2014-03-27,,,-23851,26
2014-03-28,,,-23851,27
2014-03-31,,,-23851,30
2014-04-01,,,-23851,31
2014-04-02,,,-23851,32
2014-04-03,,,-23851,33
2014-04-04,,,-23851,34
2014-04-07,,,-23851,37
2014-04-08,,,-23851,38
2014-04-09,,,-23851,39
2014-04-10,,,-23851,40
2014-04-11,,,-23851,41
2014-04-14,,,-23851,44
2014-04-15,,,-23851,45
2014-04-16,,,-23851,46
2014-04-17,,,-23851,47
2014-04-18,,,-23851,48
2014-04-21,,,-23851,51
2014-04-22,,,-23851,52
2014-04-23,,,-23851,53
2014-04-24,,,-23851,54
2014-04-25,,,-23851,55
2014-04-28,,,-23851,58
2014-04-29,,,-23851,59
2014-04-30,,,-23851,60
2014-05-01,,,-23851,61
2014-05-02,,,-23851,62
2014-05-05,,,-23851,65
2014-05-06,,,-23851,66
2014-05-07,,,-23851,67
2014-05-08,,,-23851,68
2014-05-09,,,-23851,69
2014-05-12,,,-23851,72
2014-05-13,,,-23851,73
2014-05-14,,,-23851,74
2014-05-15,,,-23851,75
2014-05-16,,,-23851,76
2014-05-19,,,-23851,79
2014-05-20,,,-23851,80
2014-05-21,,,-23851,81
2014-05-22,,,-23851,82
2014-05-23,,,-23851,83
2014-05-26,,,-23851,86
2014-05-27,,,-23851,87
2014-05-28,,,-23851,88
2014-05-29,,,-23851,89
2014-05-30,,,-18200,0
2014-06-02,,,-18200,3
2014-06-03,,,-18200,4
2014-06-04,,,-18200,5
2014-06-05,,,-18200,6
2014-06-06,,,-18200,7
2014-06-09,,,-18200,10
2014-06-10,,,-18200,11
2014-06-11,,,-18200,12
2014-06-12,,,-18200,13
2014-06-13,,,-18200,14
2014-06-16,,,-18200,17
2014-06-17,,,-18200,18
2014-06-18,-111156.0,0.0,-18200,19
2014-06-19,-111156.0,1.0,-18200,20
2014-06-20,-111156.0,2.0,-18200,21
2014-06-23,-111156.0,5.0,-18200,24
2014-06-24,-111156.0,6.0,-18200,25
2014-06-25,-111156.0,7.0,-18200,26
2014-06-26,-111156.0,8.0,-18200,27
2014-06-27,-111156.0,9.0,-18200,28
2014-06-30,-111156.0,12.0,-18200,31
2014-07-01,-111156.0,13.0,-18200,32
2014-07-02,-111156.0,14.0,-18200,33
2014-07-03,-111156.0,15.0,-18200,34
2014-07-04,-111156.0,16.0,-18200,35
2014-07-07,-111156.0,19.0,-18200,38
2014-07-08,-111156.0,20.0,-18200,39
2014-07-09,-111156.0,21.0,-18200,40
2014-07-10,-111156.0,22.0,-18200,41
2014-07-11,-111156.0,23.0,-18200,42
2014-07-14,-111156.0,26.0,-18200,45
2014-07-15,-111156.0,27.0,-18200,46
2014-07-16,-111156.0,28.0,-18200,47
2014-07-17,-111156.0,29.0,-18200,48
2014-07-18,-111156.0,30.0,-18200,49
2014-07-21,-111156.0,33.0,-18200,52
2014-07-22,-111156.0,34.0,-18200,53
2014-07-23,-111156.0,35.0,-18200,54
2014-07-24,-111156.0,36.0,-18200,55
2014-07-25,-111156.0,37.0,-18200,56
2014-07-28,-111156.0,40.0,-18200,59
2014-07-29,-111156.0,41.0,-18200,60
2014-07-30,-111156.0,42.0,-18200,61
2014-07-31,-111156.0,43.0,-18200,62
2014-08-01,-111156.0,44.0,-18200,63
2014-08-04,-111156.0,47.0,-18200,66
2014-08-05,-111156.0,48.0,-18200,67
2014-08-06,-111156.0,49.0,-18200,68
2014-08-07,-111156.0,50.0,-18200,69
2014-08-08,-111156.0,51.0,-18200,70
2014-08-11,-111156.0,54.0,-18200,73
2014-08-12,-111156.0,55.0,-18200,74
2014-08-13,-111156.0,56.0,-18200,75
2014-08-14,-111156.0,57.0,-18200,76
2014-08-15,-111156.0,58.0,-18200,77
2014-08-18,-111156.0,61.0,-18200,80
2014-08-19,-111156.0,62.0,-18200,81
2014-08-20,-111156.0,63.0,-18200,82
2014-08-21,-111156.0,64.0,-18200,83
2014-08-22,-111156.0,65.0,-18200,84
2014-08-25,-111156.0,68.0,-18200,87
2014-08-26,-111156.0,69.0,-18200,88
2014-08-27,-111156.0,70.0,-18200,89
2014-08-28,-111156.0,71.0,-18200,90
2014-08-29,-111156.0,72.0,-18256,0
2014-09-01,-111156.0,75.0,-18256,3
2014-09-02,-111156.0,76.0,-18256,4
2014-09-03,-111156.0,77.0,-18256,5
2014-09-04,-111156.0,78.0,-18256,6
2014-09-05,-111156.0,79.0,-18256,7
2014-09-08,-111156.0,82.0,-18256,10
2014-09-09,-111156.0,83.0,-18256,11
2014-09-10,-111156.0,84.0,-18256,12
2014-09-11,-111156.0,85.0,-18256,13
2014-09-12,-111156.0,86.0,-18256,14
2014-09-15,-111156.0,89.0,-18256,17
2014-09-16,-111156.0,90.0,-18256,18
2014-09-17,-98506.0,0.0,-18256,19
2014-09-18,-98506.0,1.0,-18256,20
2014-09-19,-98506.0,2.0,-18256,21
2014-09-22,-98506.0,5.0,-18256,24
2014-09-23,-98506.0,6.0,-18256,25
2014-09-24,-98506.0,7.0,-18256,26
2014-09-25,-98506.0,8.0,-18256,27
2014-09-26,-98506.0,9.0,-18256,28
2014-09-29,-98506.0,12.0,-18256,31
2014-09-30,-98506.0,13.0,-18256,32
2014-10-01,-98506.0,14.0,-18256,33
2014-10-02,-98506.0,15.0,-18256,34
2014-10-03,-98506.0,16.0,-18256,35
2014-10-06,-98506.0,19.0,-18256,38
2014-10-07,-98506.0,20.0,-18256,39
2014-10-08,-98506.0,21.0,-18256,40
2014-10-09,-98506.0,22.0,-18256,41
2014-10-10,-98506.0,23.0,-18256,42
2014-10-13,-98506.0,26.0,-18256,45
2014-10-14,-98506.0,27.0,-18256,46
2014-10-15,-98506.0,28.0,-18256,47
2014-10-16,-98506.0,29.0,-18256,48
2014-10-17,-98506.0,30.0,-18256,49
2014-10-20,-98506.0,33.0,-18256,52
2014-10-21,-98506.0,34.0,-18256,53
2014-10-22,-98506.0,35.0,-18256,54
2014-10-23,-98506.0,36.0,-18256,55
2014-10-24,-98506.0,37.0,-18256,56
2014-10-27,-98506.0,40.0,-18256,59
2014-10-28,-98506.0,41.0,-18256,60
2014-10-29,-98506.0,42.0,-18256,61
2014-10-30,-98506.0,43.0,-18256,62
2014-10-31,-98506.0,44.0,-18256,63
2014-11-03,-98506.0,47.0,-18256,66
2014-11-04,-98506.0,48.0,-18256,67
2014-11-05,-98506.0,49.0,-18256,68
2014-11-06,-98506.0,50.0,-18256,69
2014-11-07,-98506.0,51.0,-18256,70
2014-11-10,-98506.0,54.0,-18256,73
2014-11-11,-98506.0,55.0,-18256,74
2014-11-12,-98506.0,56.0,-18256,75
2014-11-13,-98506.0,57.0,-18256,76
2014-11-14,-98506.0,58.0,-18256,77
2014-11-17,-98506.0,61.0,-18256,80
2014-11-18,-98506.0,62.0,-18256,81
2014-11-19,-98506.0,63.0,-18256,82
2014-11-20,-98506.0,64.0,-18256,83
2014-11-21,-98506.0,65.0,-18256,84
2014-11-24,-98506.0,68.0,-18256,87
2014-11-25,-98506.0,69.0,-18256,88
2014-11-26,-98506.0,70.0,-18256,89
2014-11-27,-98506.0,71.0,-18256,90
2014-11-28,-98506.0,72.0,-18256,91
2014-12-01,-98506.0,75.0,-22073,2
2014-12-02,-98506.0,76.0,-22073,3
2014-12-03,-98506.0,77.0,-22073,4
2014-12-04,-98506.0,78.0,-22073,5
2014-12-05,-98506.0,79.0,-22073,6
2014-12-08,-98506.0,82.0,-22073,9
2014-12-09,-98506.0,83.0,-22073,10
2014-12-10,-98506.0,84.0,-22073,11
2014-12-11,-98506.0,85.0,-22073,12
2014-12-12,-98506.0,86.0,-22073,13
2014-12-15,-98506.0,89.0,-22073,16
2014-12-16,-98506.0,90.0,-22073,17
2014-12-17,-98417.0,0.0,-22073,18
2014-12-18,-98417.0,1.0,-22073,19
2014-12-19,-98417.0,2.0,-22073,20
2014-12-22,-98417.0,5.0,-22073,23
2014-12-23,-98417.0,6.0,-22073,24
2014-12-24,-98417.0,7.0,-22073,25
2014-12-25,-98417.0,8.0,-22073,26
2014-12-26,-98417.0,9.0,-22073,27
2014-12-29,-98417.0,12.0,-22073,30
2014-12-30,-98417.0,13.0,-22073,31
2014-12-31,-98417.0,14.0,-22073,32
2015-01-01,-98417.0,15.0,-22073,33
2015-01-02,-98417.0,16.0,-22073,34
2015-01-05,-98417.0,19.0,-22073,37
2015-01-06,-102111.0,0.0,-22073,38
2015-01-07,-102111.0,1.0,-22073,39
2015-01-08,-102111.0,2.0,-22073,40
2015-01-09,-102111.0,3.0,-22073,41
2015-01-12,-102111.0,6.0,-22073,44
2015-01-13,-102111.0,7.0,-22073,45
2015-01-14,-102111.0,8.0,-22073,46
2015-01-15,-102111.0,9.0,-22073,47
2015-01-16,-102111.0,10.0,-22073,48
2015-01-19,-102111.0,13.0,-22073,51
2015-01-20,-102111.0,14.0,-22073,52
2015-01-21,-102111.0,15.0,-22073,53
2015-01-22,-102111.0,16.0,-22073,54
2015-01-23,-102111.0,17.0,-22073,55
2015-01-26,-102111.0,20.0,-22073,58
2015-01-27,-102111.0,21.0,-22073,59
2015-01-28,-102111.0,22.0,-22073,60
2015-01-29,-102111.0,23.0,-22073,61
2015-01-30,-102111.0,24.0,-22073,62
2015-02-02,-102111.0,27.0,-22073,65
2015-02-03,-102111.0,28.0,-22073,66
2015-02-04,-102111.0,29.0,-22073,67
2015-02-05,-102111.0,30.0,-22073,68
2015-02-06,-102111.0,31.0,-22073,69
2015-02-09,-102111.0,34.0,-22073,72
2015-02-10,-102111.0,35.0,-22073,73
2015-02-11,-102111.0,36.0,-22073,74
2015-02-12,-102111.0,37.0,-22073,75
2015-02-13,-102111.0,38.0,-22073,76
2015-02-16,-102111.0,41.0,-22073,79
2015-02-17,-102111.0,42.0,-22073,80
2015-02-18,-102111.0,43.0,-22073,81
2015-02-19,-102111.0,44.0,-22073,82
2015-02-20,-102111.0,45.0,-22073,83
2015-02-23,-102111.0,48.0,-22073,86
2015-02-24,-102111.0,49.0,-22073,87
2015-02-25,-102111.0,50.0,-22073,88
2015-02-26,-102111.0,51.0,-22073,89
2015-02-27,-102111.0,52.0,-22073,90
2015-03-02,-102111.0,55.0,-31769,1
2015-03-03,-102111.0,56.0,-31769,2
2015-03-04,-102111.0,57.0,-31769,3
2015-03-05,-102111.0,58.0,-31769,4
2015-03-06,-102111.0,59.0,-31769,5
2015-03-09,-102111.0,62.0,-31769,8
2015-03-10,-102111.0,63.0,-31769,9
2015-03-11,-102111.0,64.0,-31769,10
2015-03-12,-102111.0,65.0,-31769,11
2015-03-13,-102111.0,66.0,-31769,12
2015-03-16,-102111.0,69.0,-31769,15
2015-03-17,-102111.0,70.0,-31769,16
2015-03-18,-102111.0,71.0,-31769,17
2015-03-19,-100969.0,0.0,-31769,18
2015-03-20,-100969.0,1.0,-31769,19
2015-03-23,-100969.0,4.0,-31769,22
2015-03-24,-100969.0,5.0,-31769,23
2015-03-25,-100969.0,6.0,-31769,24
2015-03-26,-100969.0,7.0,-31769,25
2015-03-27,-100969.0,8.0,-31769,26
2015-03-30,-100969.0,11.0,-31769,29
2015-03-31,-100969.0,12.0,-31769,30
2015-04-01,-100969.0,13.0,-31769,31
2015-04-02,-100969.0,14.0,-31769,32
2015-04-03,-100969.0,15.0,-31769,33
2015-04-06,-100969.0,18.0,-31769,36
2015-04-07,-100969.0,19.0,-31769,37
2015-04-08,-100969.0,20.0,-31769,38
2015-04-09,-100969.0,21.0,-31769,39
2015-04-10,-100969.0,22.0,-31769,40
2015-04-13,-100969.0,25.0,-31769,43
2015-04-14,-100969.0,26.0,-31769,44
2015-04-15,-100969.0,27.0,-31769,45
2015-04-16,-100969.0,28.0,-31769,46
2015-04-17,-100969.0,29.0,-31769,47
2015-04-20,-100969.0,32.0,-31769,50
2015-04-21,-100969.0,33.0,-31769,51
2015-04-22,-100969.0,34.0,-31769,52
2015-04-23,-100969.0,35.0,-31769,53
2015-04-24,-100969.0,36.0,-31769,54
2015-04-27,-100969.0,39.0,-31769,57
2015-04-28,-100969.0,40.0,-31769,58
2015-04-29,-100969.0,41.0,-31769,59
2015-04-30,-100969.0,42.0,-31769,60
2015-05-01,-100969.0,43.0,-31769,61
2015-05-04,-100969.0,46.0,-31769,64
2015-05-05,-100969.0,47.0,-31769,65
2015-05-06,-100969.0,48.0,-31769,66
2015-05-07,-100969.0,49.0,-31769,67
2015-05-08,-100969.0,50.0,-31769,68
2015-05-11,-100969.0,53.0,-31769,71
2015-05-12,-100969.0,54.0,-31769,72
2015-05-13,-100969.0,55.0,-31769,73
2015-05-14,-100969.0,56.0,-31769,74
2015-05-15,-100969.0,57.0,-31769,75
2015-05-18,-100969.0,60.0,-31769,78
2015-05-19,-100969.0,61.0,-31769,79
2015-05-20,-100969.0,62.0,-31769,80
2015-05-21,-100969.0,63.0,-31769,81
2015-05-22,-100969.0,64.0,-31769,82
2015-05-25,-100969.0,67.0,-31769,85
2015-05-26,-100969.0,68.0,-31769,86
2015-05-27,-100969.0,69.0,-31769,87
2015-05-28,-100969.0,70.0,-31769,88
2015-05-29,-100969.0,71.0,-31769,89
2015-06-01,-100969.0,74.0,-25776,2
2015-06-02,-100969.0,75.0,-25776,3
2015-06-03,-100969.0,76.0,-25776,4
2015-06-04,-100969.0,77.0,-25776,5
2015-06-05,-100969.0,78.0,-25776,6
2015-06-08,-100969.0,81.0,-25776,9
2015-06-09,-100969.0,82.0,-25776,10
2015-06-10,-100969.0,83.0,-25776,11
2015-06-11,-100969.0,84.0,-25776,12
2015-06-12,-100969.0,85.0,-25776,13
2015-06-15,-100969.0,88.0,-25776,16
2015-06-16,-100969.0,89.0,-25776,17
2015-06-17,-100969.0,90.0,-25776,18
2015-06-18,-96443.0,0.0,-25776,19
2015-06-19,-96443.0,1.0,-25776,20
2015-06-22,-96443.0,4.0,-25776,23
2015-06-23,-96443.0,5.0,-25776,24
2015-06-24,-96443.0,6.0,-25776,25
2015-06-25,-96443.0,7.0,-25776,26
2015-06-26,-96443.0,8.0,-25776,27
2015-06-29,-96443.0,11.0,-25776,30
2015-06-30,-96443.0,12.0,-25776,31
2015-07-01,-96443.0,13.0,-25776,32
2015-07-02,-96443.0,14.0,-25776,33
2015-07-03,-96443.0,15.0,-25776,34
2015-07-06,-96443.0,18.0,-25776,37
2015-07-07,-96443.0,19.0,-25776,38
2015-07-08,-96443.0,20.0,-25776,39
2015-07-09,-96443.0,21.0,-25776,40
2015-07-10,-96443.0,22.0,-25776,41
2015-07-13,-96443.0,25.0,-25776,44
2015-07-14,-96443.0,26.0,-25776,45
2015-07-15,-96443.0,27.0,-25776,46
2015-07-16,-96443.0,28.0,-25776,47
2015-07-17,-96443.0,29.0,-25776,48
2015-07-20,-96443.0,32.0,-25776,51
2015-07-21,-96443.0,33.0,-25776,52
2015-07-22,-96443.0,34.0,-25776,53
2015-07-23,-96443.0,35.0,-25776,54
2015-07-24,-96443.0,36.0,-25776,55
2015-07-27,-96443.0,39.0,-25776,58
2015-07-28,-96443.0,40.0,-25776,59
2015-07-29,-96443.0,41.0,-25776,60
2015-07-30,-96443.0,42.0,-25776,61
2015-07-31,-96443.0,43.0,-25776,62
2015-08-03,-96443.0,46.0,-25776,65
2015-08-04,-96443.0,47.0,-25776,66
2015-08-05,-96443.0,48.0,-25776,67
2015-08-06,-96443.0,49.0,-25776,68
2015-08-07,-96443.0,50.0,-25776,69
2015-08-10,-96443.0,53.0,-25776,72
2015-08-11,-96443.0,54.0,-25776,73
2015-08-12,-96443.0,55.0,-25776,74
2015-08-13,-96443.0,56.0,-25776,75
2015-08-14,-96443.0,57.0,-25776,76
2015-08-17,-96443.0,60.0,-25776,79
2015-08-18,-96443.0,61.0,-25776,80
2015-08-19,-96443.0,62.0,-25776,81
2015-08-20,-96443.0,63.0,-25776,82
2015-08-21,-96443.0,64.0,-25776,83
2015-08-24,-96443.0,67.0,-25776,86
2015-08-25,-96443.0,68.0,-25776,87
2015-08-26,-96443.0,69.0,-25776,88
2015-08-27,-96443.0,70.0,-25776,89
2015-08-28,-96443.0,71.0,-25776,90
2015-08-31,-96443.0,74.0,-14221,2
2015-09-01,-96443.0,75.0,-14221,3
2015-09-02,-96443.0,76.0,-14221,4
2015-09-03,-96443.0,77.0,-14221,5
2015-09-04,-96443.0,78.0,-14221,6
2015-09-07,-96443.0,81.0,-14221,9
2015-09-08,-96443.0,82.0,-14221,10
2015-09-09,-96443.0,83.0,-14221,11
2015-09-10,-96443.0,84.0,-14221,12
2015-09-11,-96443.0,85.0,-14221,13
2015-09-14,-96443.0,88.0,-14221,16
2015-09-15,-96443.0,89.0,-14221,17
2015-09-16,-96443.0,90.0,-14221,18
2015-09-17,-118295.0,0.0,-14221,19
2015-09-18,-118295.0,1.0,-14221,20
2015-09-21,-118295.0,4.0,-14221,23
2015-09-22,-118295.0,5.0,-14221,24
2015-09-23,-118295.0,6.0,-14221,25
2015-09-24,-118295.0,7.0,-14221,26
2015-09-25,-118295.0,8.0,-14221,27
2015-09-28,-118295.0,11.0,-14221,30
2015-09-29,-118295.0,12.0,-14221,31
2015-09-30,-118295.0,13.0,-14221,32
2015-10-01,-118295.0,14.0,-14221,33
2015-10-02,-118295.0,15.0,-14221,34
2015-10-05,-118295.0,18.0,-14221,37
2015-10-06,-118295.0,19.0,-14221,38
2015-10-07,-118295.0,20.0,-14221,39
2015-10-08,-118295.0,21.0,-14221,40
2015-10-09,-118295.0,22.0,-14221,41
2015-10-12,-118295.0,25.0,-14221,44
2015-10-13,-118295.0,26.0,-14221,45
2015-10-14,-118295.0,27.0,-14221,46
2015-10-15,-118295.0,28.0,-14221,47
2015-10-16,-118295.0,29.0,-14221,48
2015-10-19,-118295.0,32.0,-14221,51
2015-10-20,-118295.0,33.0,-14221,52
2015-10-21,-118295.0,34.0,-14221,53
2015-10-22,-118295.0,35.0,-14221,54
2015-10-23,-118295.0,36.0,-14221,55
2015-10-26,-118295.0,39.0,-14221,58
2015-10-27,-118295.0,40.0,-14221,59
2015-10-28,-118295.0,41.0,-14221,60
2015-10-29,-118295.0,42.0,-14221,61
2015-10-30,-118295.0,43.0,-14221,62
2015-11-02,-118295.0,46.0,-14221,65
2015-11-03,-118295.0,47.0,-14221,66
2015-11-04,-118295.0,48.0,-14221,67
2015-11-05,-118295.0,49.0,-14221,68
2015-11-06,-118295.0,50.0,-14221,69
2015-11-09,-118295.0,53.0,-14221,72
2015-11-10,-118295.0,54.0,-14221,73
2015-11-11,-118295.0,55.0,-14221,74
2015-11-12,-118295.0,56.0,-14221,75
2015-11-13,-118295.0,57.0,-14221,76
2015-11-16,-118295.0,60.0,-14221,79
2015-11-17,-118295.0,61.0,-14221,80
2015-11-18,-118295.0,62.0,-14221,81
2015-11-19,-118295.0,63.0,-14221,82
2015-11-20,-118295.0,64.0,-14221,83
2015-11-23,-118295.0,67.0,-14221,86
2015-11-24,-118295.0,68.0,-14221,87
2015-11-25,-118295.0,69.0,-14221,88
2015-11-26,-118295.0,70.0,-14221,89
2015-11-27,-118295.0,71.0,-14221,90
2015-11-30,-118295.0,74.0,-20413,1
2015-12-01,-118295.0,75.0,-20413,2
2015-12-02,-118295.0,76.0,-20413,3
2015-12-03,-118295.0,77.0,-20413,4
2015-12-04,-118295.0,78.0,-20413,5
2015-12-07,-118295.0,81.0,-20413,8
2015-12-08,-118295.0,82.0,-20413,9
2015-12-09,-118295.0,83.0,-20413,10
2015-12-10,-118295.0,84.0,-20413,11
2015-12-11,-118295.0,85.0,-20413,12
2015-12-14,-118295.0,88.0,-20413,15
2015-12-15,-118295.0,89.0,-20413,16
2015-12-16,-118295.0,90.0,-20413,17
2015-12-17,-111091.0,0.0,-20413,18
2015-12-18,-111091.0,1.0,-20413,19
2015-12-21,-111091.0,4.0,-20413,22
2015-12-22,-111091.0,5.0,-20413,23
2015-12-23,-111091.0,6.0,-20413,24
2015-12-24,-111091.0,7.0,-20413,25
2015-12-25,-111091.0,8.0,-20413,26
2015-12-28,-111091.0,11.0,-20413,29
2015-12-29,-111091.0,12.0,-20413,30
2015-12-30,-111091.0,13.0,-20413,31
2015-12-31,-111091.0,14.0,-20413,32
2016-01-01,-111091.0,15.0,-20413,33
2016-01-04,-111091.0,18.0,-20413,36
2016-01-05,-111091.0,19.0,-20413,37
2016-01-06,-111091.0,20.0,-20413,38
2016-01-07,-111091.0,21.0,-20413,39
2016-01-08,-111091.0,22.0,-20413,40
2016-01-11,-111091.0,25.0,-20413,43
2016-01-12,-111091.0,26.0,-20413,44
2016-01-13,-111091.0,27.0,-20413,45
2016-01-14,-111091.0,28.0,-20413,46
2016-01-15,-111091.0,29.0,-20413,47
2016-01-18,-111091.0,32.0,-20413,50
2016-01-19,-111091.0,33.0,-20413,51
2016-01-20,-111091.0,34.0,-20413,52
2016-01-21,-111091.0,35.0,-20413,53
2016-01-22,-111091.0,36.0,-20413,54
2016-01-25,-111091.0,39.0,-20413,57
2016-01-26,-111091.0,40.0,-20413,58
2016-01-27,-111091.0,41.0,-20413,59
2016-01-28,-111091.0,42.0,-20413,60
2016-01-29,-111091.0,43.0,-20413,61
2016-02-01,-111091.0,46.0,-20413,64
2016-02-02,-111091.0,47.0,-20413,65
2016-02-03,-111091.0,48.0,-20413,66
2016-02-04,-111091.0,49.0,-20413,67
2016-02-05,-111091.0,50.0,-20413,68
2016-02-08,-111091.0,53.0,-20413,71
2016-02-09,-111091.0,54.0,-20413,72
2016-02-10,-111091.0,55.0,-20413,73
2016-02-11,-111091.0,56.0,-20413,74
2016-02-12,-111091.0,57.0,-20413,75
2016-02-15,-111091.0,60.0,-20413,78
2016-02-16,-111091.0,61.0,-20413,79
2016-02-17,-111091.0,62.0,-20413,80
2016-02-18,-111091.0,63.0,-20413,81
2016-02-19,-111091.0,64.0,-20413,82
2016-02-22,-111091.0,67.0,-20413,85
2016-02-23,-111091.0,68.0,-20413,86
2016-02-24,-111091.0,69.0,-20413,87
2016-02-25,-111091.0,70.0,-20413,88
2016-02-26,-111091.0,71.0,-20413,89
2016-02-29,-111091.0,74.0,-31796,0
2016-03-01,-111091.0,75.0,-31796,1
2016-03-02,-111091.0,76.0,-31796,2
2016-03-03,-111091.0,77.0,-31796,3
2016-03-04,-111091.0,78.0,-31796,4
2016-03-07,-111091.0,81.0,-31796,7
2016-03-08,-111091.0,82.0,-31796,8
2016-03-09,-111091.0,83.0,-31796,9
2016-03-10,-111091.0,84.0,-31796,10
2016-03-11,-111091.0,85.0,-31796,11
2016-03-14,-111091.0,88.0,-31796,14
2016-03-15,-111091.0,89.0,-31796,15
2016-03-16,-111091.0,90.0,-31796,16
2016-03-17,-110798.0,0.0,-31796,17
2016-03-18,-110798.0,1.0,-31796,18
2016-03-21,-110798.0,4.0,-31796,21
2016-03-22,-110798.0,5.0,-31796,22
2016-03-23,-110798.0,6.0,-31796,23
2016-03-24,-110798.0,7.0,-31796,24
2016-03-25,-110798.0,8.0,-31796,25
2016-03-28,-110798.0,11.0,-31796,28
2016-03-29,-110798.0,12.0,-31796,29
2016-03-30,-110798.0,13.0,-31796,30
2016-03-31,-110798.0,14.0,-31796,31
2016-04-01,-110798.0,15.0,-31796,32
2016-04-04,-110798.0,18.0,-31796,35
2016-04-05,-110798.0,19.0,-31796,36
2016-04-06,-110798.0,20.0,-31796,37
2016-04-07,-110798.0,21.0,-31796,38
2016-04-08,-110798.0,22.0,-31796,39
2016-04-11,-110798.0,25.0,-31796,42
2016-04-12,-110798.0,26.0,-31796,43
2016-04-13,-110798.0,27.0,-31796,44
2016-04-14,-110798.0,28.0,-31796,45
2016-04-15,-110798.0,29.0,-31796,46
2016-04-18,-110798.0,32.0,-31796,49
2016-04-19,-110798.0,33.0,-31796,50
2016-04-20,-110798.0,34.0,-31796,51
2016-04-21,-110798.0,35.0,-31796,52
2016-04-22,-110798.0,36.0,-31796,53
2016-04-25,-110798.0,39.0,-31796,56
2016-04-26,-110798.0,40.0,-31796,57
2016-04-27,-110798.0,41.0,-31796,58
2016-04-28,-110798.0,42.0,-31796,59
2016-04-29,-110798.0,43.0,-31796,60
2016-05-02,-110798.0,46.0,-31796,63
2016-05-03,-110798.0,47.0,-31796,64
2016-05-04,-110798.0,48.0,-31796,65
2016-05-05,-110798.0,49.0,-31796,66
2016-05-06,-110798.0,50.0,-31796,67
2016-05-09,-110798.0,53.0,-31796,70
2016-05-10,-110798.0,54.0,-31796,71
2016-05-11,-110798.0,55.0,-31796,72
2016-05-12,-110798.0,56.0,-31796,73
2016-05-13,-110798.0,57.0,-31796,74
2016-05-16,-110798.0,60.0,-31796,77
2016-05-17,-110798.0,61.0,-31796,78
2016-05-18,-110798.0,62.0,-31796,79
2016-05-19,-110798.0,63.0,-31796,80
2016-05-20,-110798.0,64.0,-31796,81
2016-05-23,-110798.0,67.0,-31796,84
2016-05-24,-110798.0,68.0,-31796,85
2016-05-25,-110798.0,69.0,-31796,86
2016-05-26,-110798.0,70.0,-31796,87
2016-05-27,-110798.0,71.0,-31796,88
2016-05-30,-110798.0,74.0,-27970,0
2016-05-31,-110798.0,75.0,-27970,1
2016-06-01,-110798.0,76.0,-27970,2
2016-06-02,-110798.0,77.0,-27970,3
2016-06-03,-110798.0,78.0,-27970,4
2016-06-06,-110798.0,81.0,-27970,7
2016-06-07,-110798.0,82.0,-27970,8
2016-06-08,-110798.0,83.0,-27970,9
2016-06-09,-110798.0,84.0,-27970,10
2016-06-10,-110798.0,85.0,-27970,11
2016-06-13,-110798.0,88.0,-27970,14
2016-06-14,-110798.0,89.0,-27970,15
2016-06-15,-110798.0,90.0,-27970,16
2016-06-16,-94060.0,0.0,-27970,17
2016-06-17,-94060.0,1.0,-27970,18
2016-06-20,-94060.0,4.0,-27970,21
2016-06-21,-94060.0,5.0,-27970,22
2016-06-22,-94060.0,6.0,-27970,23
2016-06-23,-94060.0,7.0,-27970,24
2016-06-24,-94060.0,8.0,-27970,25
2016-06-27,-94060.0,11.0,-27970,28
2016-06-28,-94060.0,12.0,-27970,29
2016-06-29,-94060.0,13.0,-27970,30
2016-06-30,-94060.0,14.0,-27970,31
2016-07-01,-94060.0,15.0,-27970,32
2016-07-04,-94060.0,18.0,-27970,35
2016-07-05,-94060.0,19.0,-27970,36
2016-07-06,-94060.0,20.0,-27970,37
2016-07-07,-94060.0,21.0,-27970,38
2016-07-08,-94060.0,22.0,-27970,39
2016-07-11,-94060.0,25.0,-27970,42
2016-07-12,-94060.0,26.0,-27970,43
2016-07-13,-94060.0,27.0,-27970,44
2016-07-14,-94060.0,28.0,-27970,45
2016-07-15,-94060.0,29.0,-27970,46
2016-07-18,-94060.0,32.0,-27970,49
2016-07-19,-94060.0,33.0,-27970,50
2016-07-20,-94060.0,34.0,-27970,51
2016-07-21,-94060.0,35.0,-27970,52
2016-07-22,-94060.0,36.0,-27970,53
2016-07-25,-94060.0,39.0,-27970,56
2016-07-26,-94060.0,40.0,-27970,57
2016-07-27,-94060.0,41.0,-27970,58
2016-07-28,-94060.0,42.0,-27970,59
2016-07-29,-94060.0,43.0,-27970,60
2016-08-01,-94060.0,46.0,-27970,63
2016-08-02,-94060.0,47.0,-27970,64
2016-08-03,-94060.0,48.0,-27970,65
2016-08-04,-94060.0,49.0,-27970,66
2016-08-05,-94060.0,50.0,-27970,67
2016-08-08,-94060.0,53.0,-27970,70
2016-08-09,-94060.0,54.0,-27970,71
2016-08-10,-94060.0,55.0,-27970,72
2016-08-11,-94060.0,56.0,-27970,73
2016-08-12,-94060.0,57.0,-27970,74
2016-08-15,-94060.0,60.0,-27970,77
2016-08-16,-94060.0,61.0,-27970,78
2016-08-17,-94060.0,62.0,-27970,79
2016-08-18,-94060.0,63.0,-27970,80
2016-08-19,-94060.0,64.0,-27970,81
2016-08-22,-94060.0,67.0,-27970,84
2016-08-23,-94060.0,68.0,-27970,85
2016-08-24,-94060.0,69.0,-27970,86
2016-08-25,-94060.0,70.0,-27970,87
2016-08-26,-94060.0,71.0,-27970,88
2016-08-29,-94060.0,74.0,-25159,0
2016-08-30,-94060.0,75.0,-25159,1
2016-08-31,-94060.0,76.0,-25159,2
2016-09-01,-94060.0,77.0,-25159,3
2016-09-02,-94060.0,78.0,-25159,4
2016-09-05,-94060.0,81.0,-25159,7
2016-09-06,-94060.0,82.0,-25159,8
2016-09-07,-94060.0,83.0,-25159,9
2016-09-08,-94060.0,84.0,-25159,10
2016-09-09,-94060.0,85.0,-25159,11
2016-09-12,-94060.0,88.0,-25159,14
2016-09-13,-94060.0,89.0,-25159,15
2016-09-14,-94060.0,90.0,-25159,16
2016-09-15,-131838.0,0.0,-25159,17
2016-09-16,-131838.0,1.0,-25159,18
2016-09-19,-131838.0,4.0,-25159,21
2016-09-20,-131838.0,5.0,-25159,22
2016-09-21,-131838.0,6.0,-25159,23
2016-09-22,-131838.0,7.0,-25159,24
2016-09-23,-131838.0,8.0,-25159,25
2016-09-26,-131838.0,11.0,-25159,28
2016-09-27,-131838.0,12.0,-25159,29
2016-09-28,-131838.0,13.0,-25159,30
2016-09-29,-131838.0,14.0,-25159,31
2016-09-30,-131838.0,15.0,-25159,32
2016-10-03,-131838.0,18.0,-25159,35
2016-10-04,-131838.0,19.0,-25159,36
2016-10-05,-131838.0,20.0,-25159,37
2016-10-06,-131838.0,21.0,-25159,38
2016-10-07,-131838.0,22.0,-25159,39
2016-10-10,-131838.0,25.0,-25159,42
2016-10-11,-131838.0,26.0,-25159,43
2016-10-12,-131838.0,27.0,-25159,44
2016-10-13,-131838.0,28.0,-25159,45
2016-10-14,-131838.0,29.0,-25159,46
2016-10-17,-131838.0,32.0,-25159,49
2016-10-18,-131838.0,33.0,-25159,50
2016-10-19,-131838.0,34.0,-25159,51
2016-10-20,-131838.0,35.0,-25159,52
2016-10-21,-131838.0,36.0,-25159,53
2016-10-24,-131838.0,39.0,-25159,56
2016-10-25,-131838.0,40.0,-25159,57
2016-10-26,-131838.0,41.0,-25159,58
2016-10-27,-131838.0,42.0,-25159,59
2016-10-28,-131838.0,43.0,-25159,60
2016-10-31,-131838.0,46.0,-25159,63
2016-11-01,-131838.0,47.0,-25159,64
2016-11-02,-131838.0,48.0,-25159,65
2016-11-03,-131838.0,49.0,-25159,66
2016-11-04,-131838.0,50.0,-25159,67
2016-11-07,-131838.0,53.0,-25159,70
2016-11-08,-131838.0,54.0,-25159,71
2016-11-09,-131838.0,55.0,-25159,72
2016-11-10,-131838.0,56.0,-25159,73
2016-11-11,-131838.0,57.0,-25159,74
2016-11-14,-131838.0,60.0,-25159,77
2016-11-15,-131838.0,61.0,-25159,78
2016-11-16,-131838.0,62.0,-25159,79
2016-11-17,-131838.0,63.0,-25159,80
2016-11-18,-131838.0,64.0,-25159,81
2016-11-21,-131838.0,67.0,-25159,84
2016-11-22,-131838.0,68.0,-25159,85
2016-11-23,-131838.0,69.0,-25159,86
2016-11-24,-131838.0,70.0,-25159,87
2016-11-25,-131838.0,71.0,-25159,88
2016-11-28,-131838.0,74.0,-25159,91
2016-11-29,-131838.0,75.0,-32707,0
2016-11-30,-131838.0,76.0,-32707,1
2016-12-01,-131838.0,77.0,-32707,2
2016-12-02,-131838.0,78.0,-32707,3
2016-12-05,-131838.0,81.0,-32707,6
2016-12-06,-131838.0,82.0,-32707,7
2016-12-07,-131838.0,83.0,-32707,8
2016-12-08,-131838.0,84.0,-32707,9
2016-12-09,-131838.0,85.0,-32707,10
2016-12-12,-131838.0,88.0,-32707,13
2016-12-13,-131838.0,89.0,-32707,14
2016-12-14,-131838.0,90.0,-32707,15
2016-12-15,-112958.0,0.0,-32707,16
2016-12-16,-112958.0,1.0,-32707,17
2016-12-19,-112958.0,4.0,-32707,20
2016-12-20,-112958.0,5.0,-32707,21
2016-12-21,-112958.0,6.0,-32707,22
2016-12-22,-112958.0,7.0,-32707,23
2016-12-23,-112958.0,8.0,-32707,24
2016-12-26,-112958.0,11.0,-32707,27
2016-12-27,-112958.0,12.0,-32707,28
2016-12-28,-112958.0,13.0,-32707,29
2016-12-29,-112958.0,14.0,-32707,30
2016-12-30,-112958.0,15.0,-32707,31
2017-01-02,-112958.0,18.0,-32707,34
2017-01-03,-112958.0,19.0,-32707,35
2017-01-04,-112958.0,20.0,-32707,36
2017-01-05,-112958.0,21.0,-32707,37
2017-01-06,-112958.0,22.0,-32707,38
2017-01-09,-112958.0,25.0,-32707,41
2017-01-10,-112958.0,26.0,-32707,42
2017-01-11,-112958.0,27.0,-32707,43
2017-01-12,-112958.0,28.0,-32707,44
2017-01-13,-112958.0,29.0,-32707,45
2017-01-16,-112958.0,32.0,-32707,48
2017-01-17,-112958.0,33.0,-32707,49
2017-01-18,-112958.0,34.0,-32707,50
2017-01-19,-112958.0,35.0,-32707,51
2017-01-20,-112958.0,36.0,-32707,52
2017-01-23,-112958.0,39.0,-32707,55
2017-01-24,-112958.0,40.0,-32707,56
2017-01-25,-112958.0,41.0,-32707,57
2017-01-26,-112958.0,42.0,-32707,58
2017-01-27,-112958.0,43.0,-32707,59
2017-01-30,-112958.0,46.0,-32707,62
2017-01-31,-112958.0,47.0,-32707,63
2017-02-01,-112958.0,48.0,-32707,64
2017-02-02,-112958.0,49.0,-32707,65
2017-02-03,-112958.0,50.0,-32707,66
2017-02-06,-112958.0,53.0,-32707,69
2017-02-07,-112958.0,54.0,-32707,70
2017-02-08,-112958.0,55.0,-32707,71
2017-02-09,-112958.0,56.0,-32707,72
2017-02-10,-112958.0,57.0,-32707,73
2017-02-13,-112958.0,60.0,-32707,76
2017-02-14,-112958.0,61.0,-32707,77
2017-02-15,-112958.0,62.0,-32707,78
2017-02-16,-112958.0,63.0,-32707,79
2017-02-17,-112958.0,64.0,-32707,80
2017-02-20,-112958.0,67.0,-32707,83
2017-02-21,-112958.0,68.0,-32707,84
2017-02-22,-112958.0,69.0,-32707,85
2017-02-23,-112958.0,70.0,-32707,86
2017-02-24,-112958.0,71.0,-32707,87
2017-02-27,-112958.0,74.0,-32707,90
2017-02-28,-112958.0,75.0,-32707,91
2017-03-01,-112958.0,76.0,-19315,0
2017-03-02,-112958.0,77.0,-19315,1
2017-03-03,-112958.0,78.0,-19315,2
2017-03-06,-112958.0,81.0,-19315,5
2017-03-07,-112958.0,82.0,-19315,6
2017-03-08,-112958.0,83.0,-19315,7
2017-03-09,-112958.0,84.0,-19315,8
2017-03-10,-112958.0,85.0,-19315,9
2017-03-13,-112958.0,88.0,-19315,12
2017-03-14,-112958.0,89.0,-19315,13
2017-03-15,-112958.0,90.0,-19315,14
2017-03-16,-112958.0,91.0,-19315,15
2017-03-17,-112958.0,92.0,-19315,16
2017-03-20,-112958.0,95.0,-19315,19
2017-03-21,-112382.0,0.0,-19315,20
2017-03-22,-112382.0,1.0,-19315,21
2017-03-23,-112382.0,2.0,-19315,22
2017-03-24,-112382.0,3.0,-19315,23
2017-03-27,-112382.0,6.0,-19315,26
2017-03-28,-112382.0,7.0,-19315,27
2017-03-29,-112382.0,8.0,-19315,28
2017-03-30,-112382.0,9.0,-19315,29
2017-03-31,-112382.0,10.0,-19315,30
2017-04-03,-112382.0,13.0,-19315,33
2017-04-04,-112382.0,14.0,-19315,34
2017-04-05,-112382.0,15.0,-19315,35
2017-04-06,-112382.0,16.0,-19315,36
2017-04-07,-112382.0,17.0,-19315,37
2017-04-10,-112382.0,20.0,-19315,40
2017-04-11,-112382.0,21.0,-19315,41
2017-04-12,-112382.0,22.0,-19315,42
2017-04-13,-112382.0,23.0,-19315,43
2017-04-14,-112382.0,24.0,-19315,44
2017-04-17,-112382.0,27.0,-19315,47
2017-04-18,-112382.0,28.0,-19315,48
2017-04-19,-112382.0,29.0,-19315,49
2017-04-20,-112382.0,30.0,-19315,50
2017-04-21,-112382.0,31.0,-19315,51
2017-04-24,-112382.0,34.0,-19315,54
2017-04-25,-112382.0,35.0,-19315,55
2017-04-26,-112382.0,36.0,-19315,56
2017-04-27,-112382.0,37.0,-19315,57
2017-04-28,-112382.0,38.0,-19315,58
2017-05-01,-112382.0,41.0,-19315,61
2017-05-02,-112382.0,42.0,-19315,62
2017-05-03,-112382.0,43.0,-19315,63
2017-05-04,-112382.0,44.0,-19315,64
2017-05-05,-112382.0,45.0,-19315,65
2017-05-08,-112382.0,48.0,-19315,68
2017-05-09,-112382.0,49.0,-19315,69
2017-05-10,-112382.0,50.0,-19315,70
2017-05-11,-112382.0,51.0,-19315,71
2017-05-12,-112382.0,52.0,-19315,72
2017-05-15,-112382.0,55.0,-19315,75
2017-05-16,-112382.0,56.0,-19315,76
2017-05-17,-112382.0,57.0,-19315,77
2017-05-18,-112382.0,58.0,-19315,78
2017-05-19,-112382.0,59.0,-19315,79
2017-05-22,-112382.0,62.0,-19315,82
2017-05-23,-112382.0,63.0,-19315,83
2017-05-24,-112382.0,64.0,-19315,84
2017-05-25,-112382.0,65.0,-19315,85
2017-05-26,-112382.0,66.0,-19315,86
2017-05-29,-112382.0,69.0,-19315,89
2017-05-30,-112382.0,70.0,-15445,0
2017-05-31,-112382.0,71.0,-15445,1
2017-06-01,-112382.0,72.0,-15445,2
2017-06-02,-112382.0,73.0,-15445,3
2017-06-05,-112382.0,76.0,-15445,6
2017-06-06,-112382.0,77.0,-15445,7
2017-06-07,-112382.0,78.0,-15445,8
2017-06-08,-112382.0,79.0,-15445,9
2017-06-09,-112382.0,80.0,-15445,10
2017-06-12,-112382.0,83.0,-15445,13
2017-06-13,-112382.0,84.0,-15445,14
2017-06-14,-112382.0,85.0,-15445,15
2017-06-15,-112382.0,86.0,-15445,16
2017-06-16,-112382.0,87.0,-15445,17
2017-06-19,-112382.0,90.0,-15445,20
2017-06-20,-106496.0,0.0,-15445,21
2017-06-21,-106496.0,1.0,-15445,22
2017-06-22,-106496.0,2.0,-15445,23
2017-06-23,-106496.0,3.0,-15445,24
2017-06-26,-106496.0,6.0,-15445,27
2017-06-27,-106496.0,7.0,-15445,28
2017-06-28,-106496.0,8.0,-15445,29
2017-06-29,-106496.0,9.0,-15445,30
2017-06-30,-106496.0,10.0,-15445,31
2017-07-03,-106496.0,13.0,-15445,34
2017-07-04,-106496.0,14.0,-15445,35
2017-07-05,-106496.0,15.0,-15445,36
2017-07-06,-106496.0,16.0,-15445,37
2017-07-07,-106496.0,17.0,-15445,38
2017-07-10,-106496.0,20.0,-15445,41
2017-07-11,-106496.0,21.0,-15445,42
2017-07-12,-106496.0,22.0,-15445,43
2017-07-13,-106496.0,23.0,-15445,44
2017-07-14,-106496.0,24.0,-15445,45
2017-07-17,-106496.0,27.0,-15445,48
2017-07-18,-106496.0,28.0,-15445,49
2017-07-19,-106496.0,29.0,-15445,50
2017-07-20,-106496.0,30.0,-15445,51
2017-07-21,-106496.0,31.0,-15445,52
2017-07-24,-106496.0,34.0,-15445,55
2017-07-25,-106496.0,35.0,-15445,56
2017-07-26,-106496.0,36.0,-15445,57
2017-07-27,-106496.0,37.0,-15445,58
2017-07-28,-106496.0,38.0,-15445,59
2017-07-31,-106496.0,41.0,-15445,62
2017-08-01,-106496.0,42.0,-15445,63
2017-08-02,-106496.0,43.0,-15445,64
2017-08-03,-106496.0,44.0,-15445,65
2017-08-04,-106496.0,45.0,-15445,66
2017-08-07,-106496.0,48.0,-15445,69
2017-08-08,-106496.0,49.0,-15445,70
2017-08-09,-106496.0,50.0,-15445,71
2017-08-10,-106496.0,51.0,-15445,72
2017-08-11,-106496.0,52.0,-15445,73
2017-08-14,-106496.0,55.0,-15445,76
2017-08-15,-106496.0,56.0,-15445,77
2017-08-16,-106496.0,57.0,-15445,78
2017-08-17,-106496.0,58.0,-15445,79
2017-08-18,-106496.0,59.0,-15445,80
2017-08-21,-106496.0,62.0,-15445,83
2017-08-22,-106496.0,63.0,-15445,84
2017-08-23,-106496.0,64.0,-15445,85
2017-08-24,-106496.0,65.0,-15445,86
2017-08-25,-106496.0,66.0,-15445,87
2017-08-28,-106496.0,69.0,-15445,90
2017-08-29,-106496.0,70.0,-22652,0
2017-08-30,-106496.0,71.0,-22652,1
2017-08-31,-106496.0,72.0,-22652,2
2017-09-01,-106496.0,73.0,-22652,3
2017-09-04,-106496.0,76.0,-22652,6
2017-09-05,-106496.0,77.0,-22652,7
2017-09-06,-106496.0,78.0,-22652,8
2017-09-07,-106496.0,79.0,-22652,9
2017-09-08,-106496.0,80.0,-22652,10
2017-09-11,-106496.0,83.0,-22652,13
2017-09-12,-106496.0,84.0,-22652,14
2017-09-13,-106496.0,85.0,-22652,15
2017-09-14,-106496.0,86.0,-22652,16
2017-09-15,-106496.0,87.0,-22652,17
2017-09-18,-106496.0,90.0,-22652,20
2017-09-19,-123137.0,0.0,-22652,21
2017-09-20,-123137.0,1.0,-22652,22
2017-09-21,-123137.0,2.0,-22652,23
2017-09-22,-123137.0,3.0,-22652,24
2017-09-25,-123137.0,6.0,-22652,27
2017-09-26,-123137.0,7.0,-22652,28
2017-09-27,-123137.0,8.0,-22652,29
2017-09-28,-123137.0,9.0,-22652,30
2017-09-29,-123137.0,10.0,-22652,31
2017-10-02,-123137.0,13.0,-22652,34
2017-10-03,-123137.0,14.0,-22652,35
2017-10-04,-123137.0,15.0,-22652,36
2017-10-05,-123137.0,16.0,-22652,37
2017-10-06,-123137.0,17.0,-22652,38
2017-10-09,-123137.0,20.0,-22652,41
2017-10-10,-123137.0,21.0,-22652,42
2017-10-11,-123137.0,22.0,-22652,43
2017-10-12,-123137.0,23.0,-22652,44
2017-10-13,-123137.0,24.0,-22652,45
2017-10-16,-123137.0,27.0,-22652,48
2017-10-17,-123137.0,28.0,-22652,49
2017-10-18,-123137.0,29.0,-22652,50
2017-10-19,-123137.0,30.0,-22652,51
2017-10-20,-123137.0,31.0,-22652,52
2017-10-23,-123137.0,34.0,-22652,55
2017-10-24,-123137.0,35.0,-22652,56
2017-10-25,-123137.0,36.0,-22652,57
2017-10-26,-123137.0,37.0,-22652,58
2017-10-27,-123137.0,38.0,-22652,59
2017-10-30,-123137.0,41.0,-22652,62
2017-10-31,-123137.0,42.0,-22652,63
2017-11-01,-123137.0,43.0,-22652,64
2017-11-02,-123137.0,44.0,-22652,65
2017-11-03,-123137.0,45.0,-22652,66
2017-11-06,-123137.0,48.0,-22652,69
2017-11-07,-123137.0,49.0,-22652,70
2017-11-08,-123137.0,50.0,-22652,71
2017-11-09,-123137.0,51.0,-22652,72
2017-11-10,-123137.0,52.0,-22652,73
2017-11-13,-123137.0,55.0,-22652,76
2017-11-14,-123137.0,56.0,-22652,77
2017-11-15,-123137.0,57.0,-22652,78
2017-11-16,-123137.0,58.0,-22652,79
2017-11-17,-123137.0,59.0,-22652,80
2017-11-20,-123137.0,62.0,-22652,83
2017-11-21,-123137.0,63.0,-22652,84
2017-11-22,-123137.0,64.0,-22652,85
2017-11-23,-123137.0,65.0,-22652,86
2017-11-24,-123137.0,66.0,-22652,87
2017-11-27,-123137.0,69.0,-22652,90
2017-11-28,-123137.0,70.0,-22652,91
2017-11-29,-123137.0,71.0,-17213,0
2017-11-30,-123137.0,72.0,-17213,1
2017-12-01,-123137.0,73.0,-17213,2
2017-12-04,-123137.0,76.0,-17213,5
2017-12-05,-123137.0,77.0,-17213,6
2017-12-06,-123137.0,78.0,-17213,7
2017-12-07,-123137.0,79.0,-17213,8
2017-12-08,-123137.0,80.0,-17213,9
2017-12-11,-123137.0,83.0,-17213,12
2017-12-12,-123137.0,84.0,-17213,13
2017-12-13,-123137.0,85.0,-17213,14
2017-12-14,-123137.0,86.0,-17213,15
2017-12-15,-123137.0,87.0,-17213,16
2017-12-18,-123137.0,90.0,-17213,19
2017-12-19,-124397.0,0.0,-17213,20
2017-12-20,-124397.0,1.0,-17213,21
2017-12-21,-124397.0,2.0,-17213,22
2017-12-22,-124397.0,3.0,-17213,23
2017-12-25,-124397.0,6.0,-17213,26
2017-12-26,-124397.0,7.0,-17213,27
2017-12-27,-124397.0,8.0,-17213,28
2017-12-28,-124397.0,9.0,-17213,29
2017-12-29,-124397.0,10.0,-17213,30
2018-01-01,-124397.0,13.0,-17213,33
2018-01-02,-124397.0,14.0,-17213,34
2018-01-03,-124397.0,15.0,-17213,35
2018-01-04,-124397.0,16.0,-17213,36
2018-01-05,-124397.0,17.0,-17213,37
2018-01-08,-116563.0,1.0,-17213,40
2018-01-09,-116563.0,2.0,-17213,41
2018-01-10,-116563.0,3.0,-17213,42
2018-01-11,-116563.0,4.0,-17213,43
2018-01-12,-116563.0,5.0,-17213,44
2018-01-15,-116563.0,8.0,-17213,47
2018-01-16,-116563.0,9.0,-17213,48
2018-01-17,-116563.0,10.0,-17213,49
2018-01-18,-116563.0,11.0,-17213,50
2018-01-19,-116563.0,12.0,-17213,51
2018-01-22,-116563.0,15.0,-17213,54
2018-01-23,-116563.0,16.0,-17213,55
2018-01-24,-116563.0,17.0,-17213,56
2018-01-25,-116563.0,18.0,-17213,57
2018-01-26,-116563.0,19.0,-17213,58
2018-01-29,-116563.0,22.0,-17213,61
2018-01-30,-116563.0,23.0,-17213,62
2018-01-31,-116563.0,24.0,-17213,63
2018-02-01,-116563.0,25.0,-17213,64
2018-02-02,-116563.0,26.0,-17213,65
2018-02-05,-116563.0,29.0,-17213,68
2018-02-06,-116563.0,30.0,-17213,69
2018-02-07,-116563.0,31.0,-17213,70
2018-02-08,-116563.0,32.0,-17213,71
2018-02-09,-116563.0,33.0,-17213,72
2018-02-12,-116563.0,36.0,-17213,75
2018-02-13,-116563.0,37.0,-17213,76
2018-02-14,-116563.0,38.0,-17213,77
2018-02-15,-116563.0,39.0,-17213,78
2018-02-16,-116563.0,40.0,-17213,79
2018-02-19,-116563.0,43.0,-17213,82
2018-02-20,-116563.0,44.0,-17213,83
2018-02-21,-116563.0,45.0,-17213,84
2018-02-22,-116563.0,46.0,-17213,85
2018-02-23,-116563.0,47.0,-17213,86
2018-02-26,-116563.0,50.0,-17213,89
2018-02-27,-116563.0,51.0,-17213,90
2018-02-28,-116563.0,52.0,-17213,91
2018-03-01,-116563.0,53.0,-15565,0
2018-03-02,-116563.0,54.0,-15565,1
2018-03-05,-116563.0,57.0,-15565,4
2018-03-06,-116563.0,58.0,-15565,5
2018-03-07,-116563.0,59.0,-15565,6
2018-03-08,-116563.0,60.0,-15565,7
2018-03-09,-116563.0,61.0,-15565,8
2018-03-12,-116563.0,64.0,-15565,11
2018-03-13,-116563.0,65.0,-15565,12
2018-03-14,-116563.0,66.0,-15565,13
2018-03-15,-116563.0,67.0,-15565,14
2018-03-16,-116563.0,68.0,-15565,15
2018-03-19,-116563.0,71.0,-15565,18
2018-03-20,-116563.0,72.0,-15565,19
2018-03-21,-112871.0,0.0,-15565,20
2018-03-22,-112871.0,1.0,-15565,21
2018-03-23,-112871.0,2.0,-15565,22
2018-03-26,-112871.0,5.0,-15565,25
2018-03-27,-112871.0,6.0,-15565,26
2018-03-28,-112871.0,7.0,-15565,27
2018-03-29,-112871.0,8.0,-15565,28
2018-03-30,-112871.0,9.0,-15565,29
2018-04-02,-112871.0,12.0,-15565,32
2018-04-03,-112871.0,13.0,-15565,33
2018-04-04,-112871.0,14.0,-15565,34
2018-04-05,-112871.0,15.0,-15565,35
2018-04-06,-112871.0,16.0,-15565,36
2018-04-09,-112871.0,19.0,-15565,39
2018-04-10,-112871.0,20.0,-15565,40
2018-04-11,-112871.0,21.0,-15565,41
2018-04-12,-112871.0,22.0,-15565,42
2018-04-13,-112871.0,23.0,-15565,43
2018-04-16,-112871.0,26.0,-15565,46
2018-04-17,-112871.0,27.0,-15565,47
2018-04-18,-112871.0,28.0,-15565,48
2018-04-19,-112871.0,29.0,-15565,49
2018-04-20,-112871.0,30.0,-15565,50
2018-04-23,-112871.0,33.0,-15565,53
2018-04-24,-112871.0,34.0,-15565,54
2018-04-25,-112871.0,35.0,-15565,55
2018-04-26,-112871.0,36.0,-15565,56
2018-04-27,-112871.0,37.0,-15565,57
2018-04-30,-112871.0,40.0,-15565,60
2018-05-01,-112871.0,41.0,-15565,61
2018-05-02,-112871.0,42.0,-15565,62
2018-05-03,-112871.0,43.0,-15565,63
2018-05-04,-112871.0,44.0,-15565,64
2018-05-07,-112871.0,47.0,-15565,67
2018-05-08,-112871.0,48.0,-15565,68
2018-05-09,-112871.0,49.0,-15565,69
2018-05-10,-112871.0,50.0,-15565,70
2018-05-11,-112871.0,51.0,-15565,71
2018-05-14,-112871.0,54.0,-15565,74
2018-05-15,-112871.0,55.0,-15565,75
2018-05-16,-112871.0,56.0,-15565,76
2018-05-17,-112871.0,57.0,-15565,77
2018-05-18,-112871.0,58.0,-15565,78
2018-05-21,-112871.0,61.0,-15565,81
2018-05-22,-112871.0,62.0,-15565,82
2018-05-23,-112871.0,63.0,-15565,83
2018-05-24,-112871.0,64.0,-15565,84
2018-05-25,-112871.0,65.0,-15565,85
2018-05-28,-112871.0,68.0,-15565,88
2018-05-29,-112871.0,69.0,-15565,89
2018-05-30,-112871.0,70.0,-20949,0
2018-05-31,-112871.0,71.0,-20949,1
2018-06-01,-112871.0,72.0,-20949,2
2018-06-04,-112871.0,75.0,-20949,5
2018-06-05,-112871.0,76.0,-20949,6
2018-06-06,-112871.0,77.0,-20949,7
2018-06-07,-112871.0,78.0,-20949,8
2018-06-08,-112871.0,79.0,-20949,9
2018-06-11,-112871.0,82.0,-20949,12
2018-06-12,-112871.0,83.0,-20949,13
2018-06-13,-112871.0,84.0,-20949,14
2018-06-14,-112871.0,85.0,-20949,15
2018-06-15,-112871.0,86.0,-20949,16
2018-06-18,-112871.0,89.0,-20949,19
2018-06-19,-112871.0,90.0,-20949,20
2018-06-20,-89533.0,0.0,-20949,21
2018-06-21,-89533.0,1.0,-20949,22
2018-06-22,-89533.0,2.0,-20949,23
2018-06-25,-89533.0,5.0,-20949,26
2018-06-26,-89533.0,6.0,-20949,27
2018-06-27,-89533.0,7.0,-20949,28
2018-06-28,-89533.0,8.0,-20949,29
2018-06-29,-89533.0,9.0,-20949,30
2018-07-02,-89533.0,12.0,-20949,33
2018-07-03,-89533.0,13.0,-20949,34
2018-07-04,-89533.0,14.0,-20949,35
2018-07-05,-89533.0,15.0,-20949,36
2018-07-06,-89533.0,16.0,-20949,37
2018-07-09,-89533.0,19.0,-20949,40
2018-07-10,-89533.0,20.0,-20949,41
2018-07-11,-89533.0,21.0,-20949,42
2018-07-12,-89533.0,22.0,-20949,43
2018-07-13,-89533.0,23.0,-20949,44
2018-07-16,-89533.0,26.0,-20949,47
2018-07-17,-89533.0,27.0,-20949,48
2018-07-18,-89533.0,28.0,-20949,49
2018-07-19,-89533.0,29.0,-20949,50
2018-07-20,-89533.0,30.0,-20949,51
2018-07-23,-89533.0,33.0,-20949,54
2018-07-24,-89533.0,34.0,-20949,55
2018-07-25,-89533.0,35.0,-20949,56
2018-07-26,-89533.0,36.0,-20949,57
2018-07-27,-89533.0,37.0,-20949,58
2018-07-30,-89533.0,40.0,-20949,61
2018-07-31,-89533.0,41.0,-20949,62
2018-08-01,-89533.0,42.0,-20949,63
2018-08-02,-89533.0,43.0,-20949,64
2018-08-03,-89533.0,44.0,-20949,65
2018-08-06,-89533.0,47.0,-20949,68
2018-08-07,-89533.0,48.0,-20949,69
2018-08-08,-89533.0,49.0,-20949,70
2018-08-09,-89533.0,50.0,-20949,71
2018-08-10,-89533.0,51.0,-20949,72
2018-08-13,-89533.0,54.0,-20949,75
2018-08-14,-89533.0,55.0,-20949,76
2018-08-15,-89533.0,56.0,-20949,77
2018-08-16,-89533.0,57.0,-20949,78
2018-08-17,-89533.0,58.0,-20949,79
2018-08-20,-89533.0,61.0,-20949,82
2018-08-21,-89533.0,62.0,-20949,83
2018-08-22,-89533.0,63.0,-20949,84
2018-08-23,-89533.0,64.0,-20949,85
2018-08-24,-89533.0,65.0,-20949,86
2018-08-27,-89533.0,68.0,-20949,89
2018-08-28,-89533.0,69.0,-20949,90
2018-08-29,-89533.0,70.0,-16834,0
2018-08-30,-89533.0,71.0,-16834,1
2018-08-31,-89533.0,72.0,-16834,2
2018-09-03,-89533.0,75.0,-16834,5
2018-09-04,-89533.0,76.0,-16834,6
2018-09-05,-89533.0,77.0,-16834,7
2018-09-06,-89533.0,78.0,-16834,8
2018-09-07,-89533.0,79.0,-16834,9
2018-09-10,-89533.0,82.0,-16834,12
2018-09-11,-89533.0,83.0,-16834,13
2018-09-12,-89533.0,84.0,-16834,14
2018-09-13,-89533.0,85.0,-16834,15
2018-09-14,-89533.0,86.0,-16834,16
2018-09-17,-89533.0,89.0,-16834,19
2018-09-18,-89533.0,90.0,-16834,20
2018-09-19,-101460.0,0.0,-16834,21
2018-09-20,-101460.0,1.0,-16834,22
2018-09-21,-101460.0,2.0,-16834,23
2018-09-24,-101460.0,5.0,-16834,26
2018-09-25,-101460.0,6.0,-16834,27
2018-09-26,-101460.0,7.0,-16834,28
2018-09-27,-101460.0,8.0,-16834,29
2018-09-28,-101460.0,9.0,-16834,30
2018-10-01,-101460.0,12.0,-16834,33
2018-10-02,-101460.0,13.0,-16834,34
2018-10-03,-101460.0,14.0,-16834,35
2018-10-04,-101460.0,15.0,-16834,36
2018-10-05,-101460.0,16.0,-16834,37
2018-10-08,-101460.0,19.0,-16834,40
2018-10-09,-101460.0,20.0,-16834,41
2018-10-10,-101460.0,21.0,-16834,42
2018-10-11,-101460.0,22.0,-16834,43
2018-10-12,-101460.0,23.0,-16834,44
2018-10-15,-101460.0,26.0,-16834,47
2018-10-16,-101460.0,27.0,-16834,48
2018-10-17,-101460.0,28.0,-16834,49
2018-10-18,-101460.0,29.0,-16834,50
2018-10-19,-101460.0,30.0,-16834,51
2018-10-22,-101460.0,33.0,-16834,54
2018-10-23,-101460.0,34.0,-16834,55
2018-10-24,-101460.0,35.0,-16834,56
2018-10-25,-101460.0,36.0,-16834,57
2018-10-26,-101460.0,37.0,-16834,58
2018-10-29,-101460.0,40.0,-16834,61
2018-10-30,-101460.0,41.0,-16834,62
2018-10-31,-101460.0,42.0,-16834,63
2018-11-01,-101460.0,43.0,-16834,64
2018-11-02,-101460.0,44.0,-16834,65
2018-11-05,-101460.0,47.0,-16834,68
2018-11-06,-101460.0,48.0,-16834,69
2018-11-07,-101460.0,49.0,-16834,70
2018-11-08,-101460.0,50.0,-16834,71
2018-11-09,-101460.0,51.0,-16834,72
2018-11-12,-101460.0,54.0,-16834,75
2018-11-13,-101460.0,55.0,-16834,76
2018-11-14,-101460.0,56.0,-16834,77
2018-11-15,-101460.0,57.0,-16834,78
2018-11-16,-101460.0,58.0,-16834,79
2018-11-19,-101460.0,61.0,-16834,82
2018-11-20,-101460.0,62.0,-16834,83
2018-11-21,-101460.0,63.0,-16834,84
2018-11-22,-101460.0,64.0,-16834,85
2018-11-23,-101460.0,65.0,-16834,86
2018-11-26,-101460.0,68.0,-16834,89
2018-11-27,-101460.0,69.0,-16834,90
2018-11-28,-101460.0,70.0,-16834,91
2018-11-29,-101460.0,71.0,-18810,0
2018-11-30,-101460.0,72.0,-18810,1
2018-12-03,-101460.0,75.0,-18810,4
2018-12-04,-101460.0,76.0,-18810,5
2018-12-05,-101460.0,77.0,-18810,6
2018-12-06,-101460.0,78.0,-18810,7
2018-12-07,-101460.0,79.0,-18810,8
2018-12-10,-101460.0,82.0,-18810,11
2018-12-11,-101460.0,83.0,-18810,12
2018-12-12,-101460.0,84.0,-18810,13
2018-12-13,-101460.0,85.0,-18810,14
2018-12-14,-101460.0,86.0,-18810,15
2018-12-17,-101460.0,89.0,-18810,18
2018-12-18,-101460.0,90.0,-18810,19
2018-12-19,-101224.0,0.0,-18810,20
2018-12-20,-101224.0,1.0,-18810,21
2018-12-21,-101224.0,2.0,-18810,22
2018-12-24,-101224.0,5.0,-18810,25
2018-12-25,-101224.0,6.0,-18810,26
2018-12-26,-101224.0,7.0,-18810,27
2018-12-27,-101224.0,8.0,-18810,28
2018-12-28,-101224.0,9.0,-18810,29
2018-12-31,-101224.0,12.0,-18810,32
2019-01-01,-101224.0,13.0,-18810,33
2019-01-02,-101224.0,14.0,-18810,34
2019-01-03,-101224.0,15.0,-18810,35
2019-01-04,-101224.0,16.0,-18810,36
2019-01-07,-101224.0,19.0,-18810,39
2019-01-08,-101224.0,20.0,-18810,40
2019-01-09,-101224.0,21.0,-18810,41
2019-01-10,-101224.0,22.0,-18810,42
2019-01-11,-101224.0,23.0,-18810,43
2019-01-14,-101224.0,26.0,-18810,46
2019-01-15,-101224.0,27.0,-18810,47
2019-01-16,-101224.0,28.0,-18810,48
2019-01-17,-101224.0,29.0,-18810,49
2019-01-18,-101224.0,30.0,-18810,50
2019-01-21,-101224.0,33.0,-18810,53
2019-01-22,-101224.0,34.0,-18810,54
2019-01-23,-101224.0,35.0,-18810,55
2019-01-24,-101224.0,36.0,-18810,56
2019-01-25,-101224.0,37.0,-18810,57
2019-01-28,-101224.0,40.0,-18810,60
2019-01-29,-101224.0,41.0,-18810,61
2019-01-30,-101224.0,42.0,-18810,62
2019-01-31,-101224.0,43.0,-18810,63
2019-02-01,-101224.0,44.0,-18810,64
2019-02-04,-101224.0,47.0,-18810,67
2019-02-05,-101224.0,48.0,-18810,68
2019-02-06,-101224.0,49.0,-18810,69
2019-02-07,-101224.0,50.0,-18810,70
2019-02-08,-101224.0,51.0,-18810,71
2019-02-11,-101224.0,54.0,-18810,74
2019-02-12,-101224.0,55.0,-18810,75
2019-02-13,-101224.0,56.0,-18810,76
2019-02-14,-101224.0,57.0,-18810,77
2019-02-15,-101224.0,58.0,-18810,78
2019-02-18,-101224.0,61.0,-18810,81
2019-02-19,-101224.0,62.0,-18810,82
2019-02-20,-101224.0,63.0,-18810,83
2019-02-21,-101224.0,64.0,-18810,84
2019-02-22,-101224.0,65.0,-18810,85
2019-02-25,-101224.0,68.0,-18810,88
2019-02-26,-101224.0,69.0,-18810,89
2019-02-27,-101224.0,70.0,-18810,90
2019-02-28,-101224.0,71.0,-18810,91
2019-03-01,-101224.0,72.0,-24249,0
2019-03-04,-101224.0,75.0,-24249,3
2019-03-05,-101224.0,76.0,-24249,4
2019-03-06,-101224.0,77.0,-24249,5
2019-03-07,-101224.0,78.0,-24249,6
2019-03-08,-101224.0,79.0,-24249,7
2019-03-11,-101224.0,82.0,-24249,10
2019-03-12,-101224.0,83.0,-24249,11
2019-03-13,-101224.0,84.0,-24249,12
2019-03-14,-101224.0,85.0,-24249,13
2019-03-15,-101224.0,86.0,-24249,14
2019-03-18,-101224.0,89.0,-24249,17
2019-03-19,-101224.0,90.0,-24249,18
2019-03-20,-101224.0,91.0,-24249,19
2019-03-21,-101224.0,92.0,-24249,20
2019-03-22,-101224.0,93.0,-24249,21
2019-03-25,-101224.0,96.0,-24249,24
2019-03-26,-101224.0,97.0,-24249,25
2019-03-27,-126604.0,0.0,-24249,26
2019-03-28,-126604.0,1.0,-24249,27
2019-03-29,-126604.0,2.0,-24249,28
2019-04-01,-126604.0,5.0,-24249,31
2019-04-02,-126604.0,6.0,-24249,32
2019-04-03,-126604.0,7.0,-24249,33
2019-04-04,-126604.0,8.0,-24249,34
2019-04-05,-126604.0,9.0,-24249,35
2019-04-08,-126604.0,12.0,-24249,38
2019-04-09,-126604.0,13.0,-24249,39
2019-04-10,-126604.0,14.0,-24249,40
2019-04-11,-126604.0,15.0,-24249,41
2019-04-12,-126604.0,16.0,-24249,42
2019-04-15,-126604.0,19.0,-24249,45
2019-04-16,-126604.0,20.0,-24249,46
2019-04-17,-126604.0,21.0,-24249,47
2019-04-18,-126604.0,22.0,-24249,48
2019-04-19,-126604.0,23.0,-24249,49
2019-04-22,-126604.0,26.0,-24249,52
2019-04-23,-126604.0,27.0,-24249,53
2019-04-24,-126604.0,28.0,-24249,54
2019-04-25,-126604.0,29.0,-24249,55
2019-04-26,-126604.0,30.0,-24249,56
2019-04-29,-126604.0,33.0,-24249,59
2019-04-30,-126604.0,34.0,-24249,60
2019-05-01,-126604.0,35.0,-24249,61
2019-05-02,-126604.0,36.0,-24249,62
2019-05-03,-126604.0,37.0,-24249,63
2019-05-06,-126604.0,40.0,-24249,66
2019-05-07,-126604.0,41.0,-24249,67
2019-05-08,-126604.0,42.0,-24249,68
2019-05-09,-126604.0,43.0,-24249,69
2019-05-10,-126604.0,44.0,-24249,70
2019-05-13,-126604.0,47.0,-24249,73
2019-05-14,-126604.0,48.0,-24249,74
2019-05-15,-126604.0,49.0,-24249,75
2019-05-16,-126604.0,50.0,-24249,76
2019-05-17,-126604.0,51.0,-24249,77
2019-05-20,-126604.0,54.0,-24249,80
2019-05-21,-126604.0,55.0,-24249,81
2019-05-22,-126604.0,56.0,-24249,82
2019-05-23,-126604.0,57.0,-24249,83
2019-05-24,-126604.0,58.0,-24249,84
2019-05-27,-126604.0,61.0,-24249,87
2019-05-28,-126604.0,62.0,-24249,88
2019-05-29,-126604.0,63.0,-24249,89
2019-05-30,-126604.0,64.0,-32956,0
2019-05-31,-126604.0,65.0,-32956,1
2019-06-03,-126604.0,68.0,-32956,4
2019-06-04,-126604.0,69.0,-32956,5
2019-06-05,-126604.0,70.0,-32956,6
2019-06-06,-126604.0,71.0,-32956,7
2019-06-07,-126604.0,72.0,-32956,8
2019-06-10,-126604.0,75.0,-32956,11
2019-06-11,-126604.0,76.0,-32956,12
2019-06-12,-126604.0,77.0,-32956,13
2019-06-13,-126604.0,78.0,-32956,14
2019-06-14,-126604.0,79.0,-32956,15
2019-06-17,-126604.0,82.0,-32956,18
2019-06-18,-126604.0,83.0,-32956,19
2019-06-19,-126604.0,84.0,-32956,20
2019-06-20,-114001.0,0.0,-32956,21
2019-06-21,-114001.0,1.0,-32956,22
2019-06-24,-114001.0,4.0,-32956,25
2019-06-25,-114001.0,5.0,-32956,26
2019-06-26,-114001.0,6.0,-32956,27
2019-06-27,-114001.0,7.0,-32956,28
2019-06-28,-114001.0,8.0,-32956,29
2019-07-01,-114001.0,11.0,-32956,32
2019-07-02,-114001.0,12.0,-32956,33
2019-07-03,-114001.0,13.0,-32956,34
2019-07-04,-114001.0,14.0,-32956,35
2019-07-05,-114001.0,15.0,-32956,36
2019-07-08,-114001.0,18.0,-32956,39
2019-07-09,-114001.0,19.0,-32956,40
2019-07-10,-114001.0,20.0,-32956,41
2019-07-11,-114001.0,21.0,-32956,42
2019-07-12,-114001.0,22.0,-32956,43
2019-07-15,-114001.0,25.0,-32956,46
2019-07-16,-114001.0,26.0,-32956,47
2019-07-17,-114001.0,27.0,-32956,48
2019-07-18,-114001.0,28.0,-32956,49
2019-07-19,-114001.0,29.0,-32956,50
2019-07-22,-114001.0,32.0,-32956,53
2019-07-23,-114001.0,33.0,-32956,54
2019-07-24,-114001.0,34.0,-32956,55
2019-07-25,-114001.0,35.0,-32956,56
2019-07-26,-114001.0,36.0,-32956,57
2019-07-29,-114001.0,39.0,-32956,60
2019-07-30,-114001.0,40.0,-32956,61
2019-07-31,-114001.0,41.0,-32956,62
2019-08-01,-114001.0,42.0,-32956,63
2019-08-02,-114001.0,43.0,-32956,64
2019-08-05,-114001.0,46.0,-32956,67
2019-08-06,-114001.0,47.0,-32956,68
2019-08-07,-114001.0,48.0,-32956,69
2019-08-08,-114001.0,49.0,-32956,70
2019-08-09,-114001.0,50.0,-32956,71
2019-08-12,-114001.0,53.0,-32956,74
2019-08-13,-114001.0,54.0,-32956,75
2019-08-14,-114001.0,55.0,-32956,76
2019-08-15,-114001.0,56.0,-32956,77
2019-08-16,-114001.0,57.0,-32956,78
2019-08-19,-114001.0,60.0,-32956,81
2019-08-20,-114001.0,61.0,-32956,82
2019-08-21,-114001.0,62.0,-32956,83
2019-08-22,-114001.0,63.0,-32956,84
2019-08-23,-114001.0,64.0,-32956,85
2019-08-26,-114001.0,67.0,-32956,88
2019-08-27,-114001.0,68.0,-32956,89
2019-08-28,-114001.0,69.0,-32956,90
2019-08-29,-114001.0,70.0,-13056,0
2019-08-30,-114001.0,71.0,-13056,1
2019-09-02,-114001.0,74.0,-13056,4
2019-09-03,-114001.0,75.0,-13056,5
2019-09-04,-114001.0,76.0,-13056,6
2019-09-05,-114001.0,77.0,-13056,7
2019-09-06,-114001.0,78.0,-13056,8
2019-09-09,-114001.0,81.0,-13056,11
2019-09-10,-114001.0,82.0,-13056,12
2019-09-11,-114001.0,83.0,-13056,13
2019-09-12,-114001.0,84.0,-13056,14
2019-09-13,-114001.0,85.0,-13056,15
2019-09-16,-114001.0,88.0,-13056,18
2019-09-17,-114001.0,89.0,-13056,19
2019-09-18,-114001.0,90.0,-13056,20
2019-09-19,-136194.0,0.0,-13056,21
2019-09-20,-136194.0,1.0,-13056,22
2019-09-23,-136194.0,4.0,-13056,25
2019-09-24,-136194.0,5.0,-13056,26
2019-09-25,-136194.0,6.0,-13056,27
2019-09-26,-136194.0,7.0,-13056,28
2019-09-27,-136194.0,8.0,-13056,29
2019-09-30,-136194.0,11.0,-13056,32
2019-10-01,-136194.0,12.0,-13056,33
2019-10-02,-136194.0,13.0,-13056,34
2019-10-03,-136194.0,14.0,-13056,35
2019-10-04,-136194.0,15.0,-13056,36
2019-10-07,-136194.0,18.0,-13056,39
2019-10-08,-136194.0,19.0,-13056,40
2019-10-09,-136194.0,20.0,-13056,41
2019-10-10,-136194.0,21.0,-13056,42
2019-10-11,-136194.0,22.0,-13056,43
2019-10-14,-136194.0,25.0,-13056,46
2019-10-15,-136194.0,26.0,-13056,47
2019-10-16,-136194.0,27.0,-13056,48
2019-10-17,-136194.0,28.0,-13056,49
2019-10-18,-136194.0,29.0,-13056,50
2019-10-21,-136194.0,32.0,-13056,53
2019-10-22,-136194.0,33.0,-13056,54
2019-10-23,-136194.0,34.0,-13056,55
2019-10-24,-136194.0,35.0,-13056,56
2019-10-25,-136194.0,36.0,-13056,57
2019-10-28,-136194.0,39.0,-13056,60
2019-10-29,-136194.0,40.0,-13056,61
2019-10-30,-136194.0,41.0,-13056,62
2019-10-31,-136194.0,42.0,-13056,63
2019-11-01,-136194.0,43.0,-13056,64
2019-11-04,-136194.0,46.0,-13056,67
2019-11-05,-136194.0,47.0,-13056,68
2019-11-06,-136194.0,48.0,-13056,69
2019-11-07,-136194.0,49.0,-13056,70
2019-11-08,-136194.0,50.0,-13056,71
2019-11-11,-136194.0,53.0,-13056,74
2019-11-12,-136194.0,54.0,-13056,75
2019-11-13,-136194.0,55.0,-13056,76
2019-11-14,-136194.0,56.0,-13056,77
2019-11-15,-136194.0,57.0,-13056,78
2019-11-18,-136194.0,60.0,-13056,81
2019-11-19,-136194.0,61.0,-13056,82
2019-11-20,-136194.0,62.0,-13056,83
2019-11-21,-136194.0,63.0,-13056,84
2019-11-22,-136194.0,64.0,-13056,85
2019-11-25,-136194.0,67.0,-13056,88
2019-11-26,-136194.0,68.0,-13056,89
2019-11-27,-136194.0,69.0,-13056,90
2019-11-28,-136194.0,70.0,-13056,91
2019-11-29,-136194.0,71.0,-12872,0
2019-12-02,-136194.0,74.0,-12872,3
2019-12-03,-136194.0,75.0,-12872,4
2019-12-04,-136194.0,76.0,-12872,5
2019-12-05,-136194.0,77.0,-12872,6
2019-12-06,-136194.0,78.0,-12872,7
2019-12-09,-136194.0,81.0,-12872,10
2019-12-10,-136194.0,82.0,-12872,11
2019-12-11,-136194.0,83.0,-12872,12
2019-12-12,-136194.0,84.0,-12872,13
2019-12-13,-136194.0,85.0,-12872,14
2019-12-16,-136194.0,88.0,-12872,17
2019-12-17,-136194.0,89.0,-12872,18
2019-12-18,-136194.0,90.0,-12872,19
2019-12-19,-124094.0,0.0,-12872,20
2019-12-20,-124094.0,1.0,-12872,21
2019-12-23,-124094.0,4.0,-12872,24
2019-12-24,-124094.0,5.0,-12872,25
2019-12-25,-124094.0,6.0,-12872,26
2019-12-26,-124094.0,7.0,-12872,27
2019-12-27,-124094.0,8.0,-12872,28
2019-12-30,-124094.0,11.0,-12872,31
2019-12-31,-124094.0,12.0,-12872,32
2020-01-01,-124094.0,13.0,-12872,33
2020-01-02,-124094.0,14.0,-12872,34
2020-01-03,-124094.0,15.0,-12872,35
2020-01-06,-124094.0,18.0,-12872,38
2020-01-07,-124094.0,19.0,-12872,39
2020-01-08,-124094.0,20.0,-12872,40
2020-01-09,-124094.0,21.0,-12872,41
2020-01-10,-124094.0,22.0,-12872,42
2020-01-13,-124094.0,25.0,-12872,45
2020-01-14,-124094.0,26.0,-12872,46
2020-01-15,-124094.0,27.0,-12872,47
2020-01-16,-124094.0,28.0,-12872,48
2020-01-17,-124094.0,29.0,-12872,49
2020-01-20,-124094.0,32.0,-12872,52
2020-01-21,-124094.0,33.0,-12872,53
2020-01-22,-124094.0,34.0,-12872,54
2020-01-23,-124094.0,35.0,-12872,55
2020-01-24,-124094.0,36.0,-12872,56
2020-01-27,-124094.0,39.0,-12872,59
2020-01-28,-124094.0,40.0,-12872,60
2020-01-29,-124094.0,41.0,-12872,61
2020-01-30,-124094.0,42.0,-12872,62
2020-01-31,-124094.0,43.0,-12872,63
2020-02-03,-124094.0,46.0,-12872,66
2020-02-04,-124094.0,47.0,-12872,67
2020-02-05,-124094.0,48.0,-12872,68
2020-02-06,-124094.0,49.0,-12872,69
2020-02-07,-124094.0,50.0,-12872,70
2020-02-10,-124094.0,53.0,-12872,73
2020-02-11,-124094.0,54.0,-12872,74
2020-02-12,-124094.0,55.0,-12872,75
2020-02-13,-124094.0,56.0,-12872,76
2020-02-14,-124094.0,57.0,-12872,77
2020-02-17,-124094.0,60.0,-12872,80
2020-02-18,-124094.0,61.0,-12872,81
2020-02-19,-124094.0,62.0,-12872,82
2020-02-20,-124094.0,63.0,-12872,83
2020-02-21,-124094.0,64.0,-12872,84
2020-02-24,-124094.0,67.0,-12872,87
2020-02-25,-124094.0,68.0,-12872,88
2020-02-26,-124094.0,69.0,-12872,89
2020-02-27,-124094.0,70.0,-12872,90
2020-02-28,-124094.0,71.0,-12872,91
2020-03-02,-124094.0,74.0,3022,2
2020-03-03,-124094.0,75.0,3022,3
2020-03-04,-124094.0,76.0,3022,4
2020-03-05,-124094.0,77.0,3022,5
2020-03-06,-124094.0,78.0,3022,6
2020-03-09,-124094.0,81.0,3022,9
2020-03-10,-124094.0,82.0,3022,10
2020-03-11,-124094.0,83.0,3022,11
2020-03-12,-124094.0,84.0,3022,12
2020-03-13,-124094.0,85.0,3022,13
2020-03-16,-124094.0,88.0,3022,16
2020-03-17,-124094.0,89.0,3022,17
2020-03-18,-124094.0,90.0,3022,18
2020-03-19,-125378.0,0.0,3022,19
2020-03-20,-125378.0,1.0,3022,20
2020-03-23,-125378.0,4.0,3022,23
2020-03-24,-125378.0,5.0,3022,24
2020-03-25,-125378.0,6.0,3022,25
2020-03-26,-125378.0,7.0,3022,26
2020-03-27,-125378.0,8.0,3022,27
2020-03-30,-125378.0,11.0,3022,30
2020-03-31,-125378.0,12.0,3022,31
2020-04-01,-125378.0,13.0,3022,32
2020-04-02,-125378.0,14.0,3022,33
2020-04-03,-125378.0,15.0,3022,34
2020-04-06,-125378.0,18.0,3022,37
2020-04-07,-125378.0,19.0,3022,38
2020-04-08,-125378.0,20.0,3022,39
2020-04-09,-125378.0,21.0,3022,40
2020-04-10,-125378.0,22.0,3022,41
2020-04-13,-125378.0,25.0,3022,44
2020-04-14,-125378.0,26.0,3022,45
2020-04-15,-125378.0,27.0,3022,46
2020-04-16,-125378.0,28.0,3022,47
2020-04-17,-125378.0,29.0,3022,48
2020-04-20,-125378.0,32.0,3022,51
2020-04-21,-125378.0,33.0,3022,52
2020-04-22,-125378.0,34.0,3022,53
2020-04-23,-125378.0,35.0,3022,54
2020-04-24,-125378.0,36.0,3022,55
2020-04-27,-125378.0,39.0,3022,58
2020-04-28,-125378.0,40.0,3022,59
2020-04-29,-125378.0,41.0,3022,60
2020-04-30,-125378.0,42.0,3022,61
2020-05-01,-125378.0,43.0,3022,62
2020-05-04,-125378.0,46.0,3022,65
2020-05-05,-125378.0,47.0,3022,66
2020-05-06,-125378.0,48.0,3022,67
2020-05-07,-125378.0,49.0,3022,68
2020-05-08,-125378.0,50.0,3022,69
2020-05-11,-125378.0,53.0,3022,72
2020-05-12,-125378.0,54.0,3022,73
2020-05-13,-125378.0,55.0,3022,74
2020-05-14,-125378.0,56.0,3022,75
2020-05-15,-125378.0,57.0,3022,76
2020-05-18,-125378.0,60.0,3022,79
2020-05-19,-125378.0,61.0,3022,80
2020-05-20,-125378.0,62.0,3022,81
2020-05-21,-125378.0,63.0,3022,82
2020-05-22,-125378.0,64.0,3022,83
2020-05-25,-125378.0,67.0,3022,86
2020-05-26,-125378.0,68.0,3022,87
2020-05-27,-125378.0,69.0,3022,88
2020-05-28,-125378.0,70.0,3022,89
2020-05-29,-125378.0,71.0,3022,90
2020-06-01,-125378.0,74.0,-12605,2
2020-06-02,-125378.0,75.0,-12605,3
2020-06-03,-125378.0,76.0,-12605,4
2020-06-04,-125378.0,77.0,-12605,5
2020-06-05,-125378.0,78.0,-12605,6
2020-06-08,-125378.0,81.0,-12605,9
2020-06-09,-125378.0,82.0,-12605,10
2020-06-10,-125378.0,83.0,-12605,11
2020-06-11,-125378.0,84.0,-12605,12
2020-06-12,-125378.0,85.0,-12605,13
2020-06-15,-125378.0,88.0,-12605,16
2020-06-16,-125378.0,89.0,-12605,17
2020-06-17,-125378.0,90.0,-12605,18
2020-06-18,-125378.0,91.0,-12605,19
2020-06-19,-125241.0,0.0,-12605,20
2020-06-22,-125241.0,3.0,-12605,23
2020-06-23,-125241.0,4.0,-12605,24
2020-06-24,-125241.0,5.0,-12605,25
2020-06-25,-125241.0,6.0,-12605,26
2020-06-26,-125241.0,7.0,-12605,27
2020-06-29,-125241.0,10.0,-12605,30
2020-06-30,-125241.0,11.0,-12605,31
2020-07-01,-125241.0,12.0,-12605,32
2020-07-02,-125241.0,13.0,-12605,33
2020-07-03,-125241.0,14.0,-12605,34
2020-07-06,-125241.0,17.0,-12605,37
2020-07-07,-125241.0,18.0,-12605,38
2020-07-08,-125241.0,19.0,-12605,39
2020-07-09,-125241.0,20.0,-12605,40
2020-07-10,-125241.0,21.0,-12605,41
2020-07-13,-125241.0,24.0,-12605,44
2020-07-14,-125241.0,25.0,-12605,45
2020-07-15,-125241.0,26.0,-12605,46
2020-07-16,-125241.0,27.0,-12605,47
2020-07-17,-125241.0,28.0,-12605,48
2020-07-20,-125241.0,31.0,-12605,51
2020-07-21,-125241.0,32.0,-12605,52
2020-07-22,-125241.0,33.0,-12605,53
2020-07-23,-125241.0,34.0,-12605,54
2020-07-24,-125241.0,35.0,-12605,55
2020-07-27,-125241.0,38.0,-12605,58
2020-07-28,-125241.0,39.0,-12605,59
2020-07-29,-125241.0,40.0,-12605,60
2020-07-30,-125241.0,41.0,-12605,61
2020-07-31,-125241.0,42.0,-12605,62
2020-08-03,-125241.0,45.0,-12605,65
2020-08-04,-125241.0,46.0,-12605,66
2020-08-05,-125241.0,47.0,-12605,67
2020-08-06,-125241.0,48.0,-12605,68
2020-08-07,-125241.0,49.0,-12605,69
2020-08-10,-125241.0,52.0,-12605,72
2020-08-11,-125241.0,53.0,-12605,73
2020-08-12,-125241.0,54.0,-12605,74
2020-08-13,-125241.0,55.0,-12605,75
2020-08-14,-125241.0,56.0,-12605,76
2020-08-17,-125241.0,59.0,-12605,79
2020-08-18,-125241.0,60.0,-12605,80
2020-08-19,-125241.0,61.0,-12605,81
2020-08-20,-125241.0,62.0,-12605,82
2020-08-21,-125241.0,63.0,-12605,83
2020-08-24,-125241.0,66.0,-12605,86
2020-08-25,-125241.0,67.0,-12605,87
2020-08-26,-125241.0,68.0,-12605,88
2020-08-27,-125241.0,69.0,-12605,89
2020-08-28,-125241.0,70.0,-12605,90
2020-08-31,-125241.0,73.0,-8224,2
2020-09-01,-125241.0,74.0,-8224,3
2020-09-02,-125241.0,75.0,-8224,4
2020-09-03,-125241.0,76.0,-8224,5
2020-09-04,-125241.0,77.0,-8224,6
2020-09-07,-125241.0,80.0,-8224,9
2020-09-08,-125241.0,81.0,-8224,10
2020-09-09,-125241.0,82.0,-8224,11
2020-09-10,-125241.0,83.0,-8224,12
2020-09-11,-125241.0,84.0,-8224,13
2020-09-14,-125241.0,87.0,-8224,16
2020-09-15,-125241.0,88.0,-8224,17
2020-09-16,-125241.0,89.0,-8224,18
2020-09-17,-125241.0,90.0,-8224,19
2020-09-18,-111516.0,0.0,-8224,20
2020-09-21,-111516.0,3.0,-8224,23
2020-09-22,-111516.0,4.0,-8224,24
2020-09-23,-111516.0,5.0,-8224,25
2020-09-24,-111516.0,6.0,-8224,26
2020-09-25,-111516.0,7.0,-8224,27
2020-09-28,-111516.0,10.0,-8224,30
2020-09-29,-111516.0,11.0,-8224,31
2020-09-30,-111516.0,12.0,-8224,32
2020-10-01,-111516.0,13.0,-8224,33
2020-10-02,-111516.0,14.0,-8224,34
2020-10-05,-111516.0,17.0,-8224,37
2020-10-06,-111516.0,18.0,-8224,38
2020-10-07,-111516.0,19.0,-8224,39
2020-10-08,-111516.0,20.0,-8224,40
2020-10-09,-111516.0,21.0,-8224,41
2020-10-12,-111516.0,24.0,-8224,44
2020-10-13,-111516.0,25.0,-8224,45
2020-10-14,-111516.0,26.0,-8224,46
2020-10-15,-111516.0,27.0,-8224,47
2020-10-16,-111516.0,28.0,-8224,48
2020-10-19,-111516.0,31.0,-8224,51
2020-10-20,-111516.0,32.0,-8224,52
2020-10-21,-111516.0,33.0,-8224,53
2020-10-22,-111516.0,34.0,-8224,54
2020-10-23,-111516.0,35.0,-8224,55
2020-10-26,-111516.0,38.0,-8224,58
2020-10-27,-111516.0,39.0,-8224,59
2020-10-28,-111516.0,40.0,-8224,60
2020-10-29,-111516.0,41.0,-8224,61
2020-10-30,-111516.0,42.0,-8224,62
2020-11-02,-111516.0,45.0,-8224,65
2020-11-03,-111516.0,46.0,-8224,66
2020-11-04,-111516.0,47.0,-8224,67
2020-11-05,-111516.0,48.0,-8224,68
2020-11-06,-111516.0,49.0,-8224,69
2020-11-09,-111516.0,52.0,-8224,72
2020-11-10,-111516.0,53.0,-8224,73
2020-11-11,-111516.0,54.0,-8224,74
2020-11-12,-111516.0,55.0,-8224,75
2020-11-13,-111516.0,56.0,-8224,76
2020-11-16,-111516.0,59.0,-8224,79
2020-11-17,-111516.0,60.0,-8224,80
2020-11-18,-111516.0,61.0,-8224,81
2020-11-19,-111516.0,62.0,-8224,82
2020-11-20,-111516.0,63.0,-8224,83
2020-11-23,-111516.0,66.0,-8224,86
2020-11-24,-111516.0,67.0,-8224,87
2020-11-25,-111516.0,68.0,-8224,88
2020-11-26,-111516.0,69.0,-8224,89
2020-11-27,-111516.0,70.0,-8224,90
2020-11-30,-111516.0,73.0,-9335,1
2020-12-01,-111516.0,74.0,-9335,2
2020-12-02,-111516.0,75.0,-9335,3
2020-12-03,-111516.0,76.0,-9335,4
2020-12-04,-111516.0,77.0,-9335,5
2020-12-07,-111516.0,80.0,-9335,8
2020-12-08,-111516.0,81.0,-9335,9
2020-12-09,-111516.0,82.0,-9335,10
2020-12-10,-111516.0,83.0,-9335,11
2020-12-11,-111516.0,84.0,-9335,12
2020-12-14,-111516.0,87.0,-9335,15
2020-12-15,-111516.0,88.0,-9335,16
2020-12-16,-111516.0,89.0,-9335,17
2020-12-17,-111516.0,90.0,-9335,18
2020-12-18,-161362.0,0.0,-9335,19
2020-12-21,-161362.0,3.0,-9335,22
2020-12-22,-161362.0,4.0,-9335,23
2020-12-23,-161362.0,5.0,-9335,24
2020-12-24,-161362.0,6.0,-9335,25
2020-12-25,-161362.0,7.0,-9335,26
2020-12-28,-161362.0,10.0,-9335,29
2020-12-29,-161362.0,11.0,-9335,30
2020-12-30,-161362.0,12.0,-9335,31
2020-12-31,-161362.0,13.0,-9335,32
2021-01-01,-161362.0,14.0,-9335,33
2021-01-04,-161362.0,17.0,-9335,36
2021-01-05,-161362.0,18.0,-9335,37
2021-01-06,-161362.0,19.0,-9335,38
2021-01-07,-161362.0,20.0,-9335,39
2021-01-08,-96587.0,0.0,-9335,40
2021-01-11,-96587.0,3.0,-9335,43
2021-01-12,-96587.0,4.0,-9335,44
2021-01-13,-96587.0,5.0,-9335,45
2021-01-14,-96587.0,6.0,-9335,46
2021-01-15,-96587.0,7.0,-9335,47
2021-01-18,-96587.0,10.0,-9335,50
2021-01-19,-96587.0,11.0,-9335,51
2021-01-20,-96587.0,12.0,-9335,52
2021-01-21,-96587.0,13.0,-9335,53
2021-01-22,-96587.0,14.0,-9335,54
2021-01-25,-96587.0,17.0,-9335,57
2021-01-26,-96587.0,18.0,-9335,58
2021-01-27,-96587.0,19.0,-9335,59
2021-01-28,-96587.0,20.0,-9335,60
2021-01-29,-96587.0,21.0,-9335,61
2021-02-01,-96587.0,24.0,-9335,64
2021-02-02,-96587.0,25.0,-9335,65
2021-02-03,-96587.0,26.0,-9335,66
2021-02-04,-96587.0,27.0,-9335,67
2021-02-05,-96587.0,28.0,-9335,68
2021-02-08,-96587.0,31.0,-9335,71
2021-02-09,-96587.0,32.0,-9335,72
2021-02-10,-96587.0,33.0,-9335,73
2021-02-11,-96587.0,34.0,-9335,74
2021-02-12,-96587.0,35.0,-9335,75
2021-02-15,-96587.0,38.0,-9335,78
2021-02-16,-96587.0,39.0,-9335,79
2021-02-17,-96587.0,40.0,-9335,80
2021-02-18,-96587.0,41.0,-9335,81
2021-02-19,-96587.0,42.0,-9335,82
2021-02-22,-96587.0,45.0,-9335,85
2021-02-23,-96587.0,46.0,-9335,86
2021-02-24,-96587.0,47.0,-9335,87
2021-02-25,-96587.0,48.0,-9335,88
2021-02-26,-96587.0,49.0,-9335,89
2021-03-01,-96587.0,52.0,-27636,0
2021-03-02,-96587.0,53.0,-27636,1
2021-03-03,-96587.0,54.0,-27636,2
2021-03-04,-96587.0,55.0,-27636,3
2021-03-05,-96587.0,56.0,-27636,4
2021-03-08,-96587.0,59.0,-27636,7
2021-03-09,-96587.0,60.0,-27636,8
2021-03-10,-96587.0,61.0,-27636,9
2021-03-11,-96587.0,62.0,-27636,10
2021-03-12,-96587.0,63.0,-27636,11
2021-03-15,-96587.0,66.0,-27636,14
2021-03-16,-96587.0,67.0,-27636,15
2021-03-17,-96587.0,68.0,-27636,16
2021-03-18,-96587.0,69.0,-27636,17
2021-03-19,-96587.0,70.0,-27636,18
2021-03-22,-96587.0,73.0,-27636,21
2021-03-23,-163248.0,0.0,-27636,22
2021-03-24,-163248.0,1.0,-27636,23
2021-03-25,-163248.0,2.0,-27636,24
2021-03-26,-163248.0,3.0,-27636,25
2021-03-29,-163248.0,6.0,-27636,28
2021-03-30,-163248.0,7.0,-27636,29
2021-03-31,-163248.0,8.0,-27636,30
2021-04-01,-163248.0,9.0,-27636,31
2021-04-02,-163248.0,10.0,-27636,32
2021-04-05,-163248.0,13.0,-27636,35
2021-04-06,-163248.0,14.0,-27636,36
2021-04-07,-163248.0,15.0,-27636,37
2021-04-08,-163248.0,16.0,-27636,38
2021-04-09,-163248.0,17.0,-27636,39
2021-04-12,-163248.0,20.0,-27636,42
2021-04-13,-163248.0,21.0,-27636,43
2021-04-14,-163248.0,22.0,-27636,44
2021-04-15,-163248.0,23.0,-27636,45
2021-04-16,-163248.0,24.0,-27636,46
2021-04-19,-163248.0,27.0,-27636,49
2021-04-20,-163248.0,28.0,-27636,50
2021-04-21,-163248.0,29.0,-27636,51
2021-04-22,-163248.0,30.0,-27636,52
2021-04-23,-163248.0,31.0,-27636,53
2021-04-26,-163248.0,34.0,-27636,56
2021-04-27,-163248.0,35.0,-27636,57
2021-04-28,-163248.0,36.0,-27636,58
2021-04-29,-163248.0,37.0,-27636,59
2021-04-30,-163248.0,38.0,-27636,60
2021-05-03,-163248.0,41.0,-27636,63
2021-05-04,-163248.0,42.0,-27636,64
2021-05-05,-163248.0,43.0,-27636,65
2021-05-06,-163248.0,44.0,-27636,66
2021-05-07,-163248.0,45.0,-27636,67
2021-05-10,-163248.0,48.0,-27636,70
2021-05-11,-163248.0,49.0,-27636,71
2021-05-12,-163248.0,50.0,-27636,72
2021-05-13,-163248.0,51.0,-27636,73
2021-05-14,-163248.0,52.0,-27636,74
2021-05-17,-163248.0,55.0,-27636,77
2021-05-18,-163248.0,56.0,-27636,78
2021-05-19,-163248.0,57.0,-27636,79
2021-05-20,-163248.0,58.0,-27636,80
2021-05-21,-163248.0,59.0,-27636,81
2021-05-24,-163248.0,62.0,-27636,84
2021-05-25,-163248.0,63.0,-27636,85
2021-05-26,-163248.0,64.0,-27636,86
2021-05-27,-163248.0,65.0,-27636,87
2021-05-28,-163248.0,66.0,-27636,88
2021-05-31,-163248.0,69.0,-3355,1
2021-06-01,-163248.0,70.0,-3355,2
2021-06-02,-163248.0,71.0,-3355,3
2021-06-03,-163248.0,72.0,-3355,4
2021-06-04,-163248.0,73.0,-3355,5
2021-06-07,-163248.0,76.0,-3355,8
2021-06-08,-163248.0,77.0,-3355,9
2021-06-09,-163248.0,78.0,-3355,10
2021-06-10,-163248.0,79.0,-3355,11
2021-06-11,-163248.0,80.0,-3355,12
2021-06-14,-163248.0,83.0,-3355,15
2021-06-15,-163248.0,84.0,-3355,16
2021-06-16,-163248.0,85.0,-3355,17
2021-06-17,-163248.0,86.0,-3355,18
2021-06-18,-163248.0,87.0,-3355,19
2021-06-21,-163248.0,90.0,-3355,22
2021-06-22,-163248.0,91.0,-3355,23
2021-06-23,-93584.0,0.0,-3355,24
2021-06-24,-93584.0,1.0,-3355,25
2021-06-25,-93584.0,2.0,-3355,26
2021-06-28,-93584.0,5.0,-3355,29
2021-06-29,-93584.0,6.0,-3355,30
2021-06-30,-93584.0,7.0,-3355,31
2021-07-01,-93584.0,8.0,-3355,32
2021-07-02,-93584.0,9.0,-3355,33
2021-07-05,-93584.0,12.0,-3355,36
2021-07-06,-93584.0,13.0,-3355,37
2021-07-07,-93584.0,14.0,-3355,38
2021-07-08,-93584.0,15.0,-3355,39
2021-07-09,-93584.0,16.0,-3355,40
2021-07-12,-93584.0,19.0,-3355,43
2021-07-13,-93584.0,20.0,-3355,44
2021-07-14,-93584.0,21.0,-3355,45
2021-07-15,-93584.0,22.0,-3355,46
2021-07-16,-93584.0,23.0,-3355,47
2021-07-19,-93584.0,26.0,-3355,50
2021-07-20,-93584.0,27.0,-3355,51
2021-07-21,-93584.0,28.0,-3355,52
2021-07-22,-93584.0,29.0,-3355,53
2021-07-23,-93584.0,30.0,-3355,54
2021-07-26,-93584.0,33.0,-3355,57
2021-07-27,-93584.0,34.0,-3355,58
2021-07-28,-93584.0,35.0,-3355,59
2021-07-29,-93584.0,36.0,-3355,60
2021-07-30,-93584.0,37.0,-3355,61
2021-08-02,-93584.0,40.0,-3355,64
2021-08-03,-93584.0,41.0,-3355,65
2021-08-04,-93584.0,42.0,-3355,66
2021-08-05,-93584.0,43.0,-3355,67
2021-08-06,-93584.0,44.0,-3355,68
2021-08-09,-93584.0,47.0,-3355,71
2021-08-10,-93584.0,48.0,-3355,72
2021-08-11,-93584.0,49.0,-3355,73
2021-08-12,-93584.0,50.0,-3355,74
2021-08-13,-93584.0,51.0,-3355,75
2021-08-16,-93584.0,54.0,-3355,78
2021-08-17,-93584.0,55.0,-3355,79
2021-08-18,-93584.0,56.0,-3355,80
2021-08-19,-93584.0,57.0,-3355,81
2021-08-20,-93584.0,58.0,-3355,82
2021-08-23,-93584.0,61.0,-3355,85
2021-08-24,-93584.0,62.0,-3355,86
2021-08-25,-93584.0,63.0,-3355,87
2021-08-26,-93584.0,64.0,-3355,88
2021-08-27,-93584.0,65.0,-3355,89
2021-08-30,-93584.0,68.0,5008,1
2021-08-31,-93584.0,69.0,5008,2
2021-09-01,-93584.0,70.0,5008,3
2021-09-02,-93584.0,71.0,5008,4
2021-09-03,-93584.0,72.0,5008,5
2021-09-06,-93584.0,75.0,5008,8
2021-09-07,-93584.0,76.0,5008,9
2021-09-08,-93584.0,77.0,5008,10
2021-09-09,-93584.0,78.0,5008,11
2021-09-10,-93584.0,79.0,5008,12
2021-09-13,-93584.0,82.0,5008,15
2021-09-14,-93584.0,83.0,5008,16
2021-09-15,-93584.0,84.0,5008,17
2021-09-16,-93584.0,85.0,5008,18
2021-09-17,-93584.0,86.0,5008,19
2021-09-20,-93584.0,89.0,5008,22
2021-09-21,-190282.0,0.0,5008,23
2021-09-22,-190282.0,1.0,5008,24
2021-09-23,-190282.0,2.0,5008,25
2021-09-24,-190282.0,3.0,5008,26
2021-09-27,-190282.0,6.0,5008,29
2021-09-28,-190282.0,7.0,5008,30
2021-09-29,-190282.0,8.0,5008,31
2021-09-30,-190282.0,9.0,5008,32
2021-10-01,-190282.0,10.0,5008,33
2021-10-04,-190282.0,13.0,5008,36
2021-10-05,-190282.0,14.0,5008,37
2021-10-06,-190282.0,15.0,5008,38
2021-10-07,-190282.0,16.0,5008,39
2021-10-08,-190282.0,17.0,5008,40
2021-10-11,-190282.0,20.0,5008,43
2021-10-12,-190282.0,21.0,5008,44
2021-10-13,-190282.0,22.0,5008,45
2021-10-14,-190282.0,23.0,5008,46
2021-10-15,-190282.0,24.0,5008,47
2021-10-18,-190282.0,27.0,5008,50
2021-10-19,-190282.0,28.0,5008,51
2021-10-20,-190282.0,29.0,5008,52
2021-10-21,-190282.0,30.0,5008,53
2021-10-22,-190282.0,31.0,5008,54
2021-10-25,-190282.0,34.0,5008,57
2021-10-26,-190282.0,35.0,5008,58
2021-10-27,-190282.0,36.0,5008,59
2021-10-28,-190282.0,37.0,5008,60
2021-10-29,-190282.0,38.0,5008,61
2021-11-01,-190282.0,41.0,5008,64
2021-11-02,-190282.0,42.0,5008,65
2021-11-03,-190282.0,43.0,5008,66
2021-11-04,-190282.0,44.0,5008,67
2021-11-05,-190282.0,45.0,5008,68
2021-11-08,-190282.0,48.0,5008,71
2021-11-09,-190282.0,49.0,5008,72
2021-11-10,-190282.0,50.0,5008,73
2021-11-11,-190282.0,51.0,5008,74
2021-11-12,-190282.0,52.0,5008,75
2021-11-15,-190282.0,55.0,5008,78
2021-11-16,-190282.0,56.0,5008,79
2021-11-17,-190282.0,57.0,5008,80
2021-11-18,-190282.0,58.0,5008,81
2021-11-19,-190282.0,59.0,5008,82
2021-11-22,-190282.0,62.0,5008,85
2021-11-23,-190282.0,63.0,5008,86
2021-11-24,-190282.0,64.0,5008,87
2021-11-25,-190282.0,65.0,5008,88
2021-11-26,-190282.0,66.0,5008,89
2021-11-29,-190282.0,69.0,-15561,0
2021-11-30,-190282.0,70.0,-15561,1
2021-12-01,-190282.0,71.0,-15561,2
2021-12-02,-190282.0,72.0,-15561,3
2021-12-03,-190282.0,73.0,-15561,4
2021-12-06,-190282.0,76.0,-15561,7
2021-12-07,-190282.0,77.0,-15561,8
2021-12-08,-190282.0,78.0,-15561,9
2021-12-09,-190282.0,79.0,-15561,10
2021-12-10,-190282.0,80.0,-15561,11
2021-12-13,-190282.0,83.0,-15561,14
2021-12-14,-190282.0,84.0,-15561,15
2021-12-15,-190282.0,85.0,-15561,16
2021-12-16,-190282.0,86.0,-15561,17
2021-12-17,-190282.0,87.0,-15561,18
2021-12-20,-190282.0,90.0,-15561,21
2021-12-21,-198319.0,0.0,-15561,22
2021-12-22,-198319.0,1.0,-15561,23
2021-12-23,-198319.0,2.0,-15561,24
2021-12-24,-198319.0,3.0,-15561,25
2021-12-27,-198319.0,6.0,-15561,28
2021-12-28,-198319.0,7.0,-15561,29
2021-12-29,-198319.0,8.0,-15561,30
2021-12-30,-198319.0,9.0,-15561,31
2021-12-31,-198319.0,10.0,-15561,32
2022-01-03,-198319.0,13.0,-15561,35
2022-01-04,-198319.0,14.0,-15561,36
2022-01-05,-198319.0,15.0,-15561,37
2022-01-06,-198319.0,16.0,-15561,38
2022-01-07,-198319.0,17.0,-15561,39
2022-01-10,-198319.0,20.0,-15561,42
2022-01-11,-198319.0,21.0,-15561,43
2022-01-12,-198319.0,22.0,-15561,44
2022-01-13,-198319.0,23.0,-15561,45
2022-01-14,-198319.0,24.0,-15561,46
2022-01-17,-198319.0,27.0,-15561,49
2022-01-18,-198319.0,28.0,-15561,50
2022-01-19,-198319.0,29.0,-15561,51
2022-01-20,-198319.0,30.0,-15561,52
2022-01-21,-198319.0,31.0,-15561,53
2022-01-24,-198319.0,34.0,-15561,56
2022-01-25,-198319.0,35.0,-15561,57
2022-01-26,-198319.0,36.0,-15561,58
2022-01-27,-198319.0,37.0,-15561,59
2022-01-28,-198319.0,38.0,-15561,60
2022-01-31,-198319.0,41.0,-15561,63
2022-02-01,-198319.0,42.0,-15561,64
2022-02-02,-198319.0,43.0,-15561,65
2022-02-03,-198319.0,44.0,-15561,66
2022-02-04,-198319.0,45.0,-15561,67
2022-02-07,-198319.0,48.0,-15561,70
2022-02-08,-198319.0,49.0,-15561,71
2022-02-09,-198319.0,50.0,-15561,72
2022-02-10,-198319.0,51.0,-15561,73
2022-02-11,-198319.0,52.0,-15561,74
2022-02-14,-198319.0,55.0,-15561,77
2022-02-15,-198319.0,56.0,-15561,78
2022-02-16,-198319.0,57.0,-15561,79
2022-02-17,-198319.0,58.0,-15561,80
2022-02-18,-198319.0,59.0,-15561,81
2022-02-21,-198319.0,62.0,-15561,84
2022-02-22,-198319.0,63.0,-15561,85
2022-02-23,-198319.0,64.0,-15561,86
2022-02-24,-198319.0,65.0,-15561,87
2022-02-25,-198319.0,66.0,-15561,88
2022-02-28,-198319.0,69.0,-15561,91
2022-03-01,-198319.0,70.0,-3652,0
2022-03-02,-198319.0,71.0,-3652,1
2022-03-03,-198319.0,72.0,-3652,2
2022-03-04,-198319.0,73.0,-3652,3
2022-03-07,-198319.0,76.0,-3652,6
2022-03-08,-198319.0,77.0,-3652,7
2022-03-09,-198319.0,78.0,-3652,8
2022-03-10,-198319.0,79.0,-3652,9
2022-03-11,-198319.0,80.0,-3652,10
2022-03-14,-198319.0,83.0,-3652,13
2022-03-15,-198319.0,84.0,-3652,14
2022-03-16,-198319.0,85.0,-3652,15
2022-03-17,-198319.0,86.0,-3652,16
2022-03-18,-198319.0,87.0,-3652,17
2022-03-21,-198319.0,90.0,-3652,20
2022-03-22,-198319.0,91.0,-3652,21
2022-03-23,-198319.0,92.0,-3652,22
2022-03-24,-217880.0,0.0,-3652,23
2022-03-25,-217880.0,1.0,-3652,24
2022-03-28,-217880.0,4.0,-3652,27
2022-03-29,-217880.0,5.0,-3652,28
2022-03-30,-217880.0,6.0,-3652,29
2022-03-31,-217880.0,7.0,-3652,30
2022-04-01,-217880.0,8.0,-3652,31
2022-04-04,-217880.0,11.0,-3652,34
2022-04-05,-217880.0,12.0,-3652,35
2022-04-06,-217880.0,13.0,-3652,36
2022-04-07,-217880.0,14.0,-3652,37
2022-04-08,-217880.0,15.0,-3652,38
2022-04-11,-217880.0,18.0,-3652,41
2022-04-12,-217880.0,19.0,-3652,42
2022-04-13,-217880.0,20.0,-3652,43
2022-04-14,-217880.0,21.0,-3652,44
2022-04-15,-217880.0,22.0,-3652,45
2022-04-18,-217880.0,25.0,-3652,48
2022-04-19,-217880.0,26.0,-3652,49
2022-04-20,-217880.0,27.0,-3652,50
2022-04-21,-217880.0,28.0,-3652,51
2022-04-22,-217880.0,29.0,-3652,52
2022-04-25,-217880.0,32.0,-3652,55
2022-04-26,-217880.0,33.0,-3652,56
2022-04-27,-217880.0,34.0,-3652,57
2022-04-28,-217880.0,35.0,-3652,58
2022-04-29,-217880.0,36.0,-3652,59
2022-05-02,-217880.0,39.0,-3652,62
2022-05-03,-217880.0,40.0,-3652,63
2022-05-04,-217880.0,41.0,-3652,64
2022-05-05,-217880.0,42.0,-3652,65
2022-05-06,-217880.0,43.0,-3652,66
2022-05-09,-217880.0,46.0,-3652,69
2022-05-10,-217880.0,47.0,-3652,70
2022-05-11,-217880.0,48.0,-3652,71
2022-05-12,-217880.0,49.0,-3652,72
2022-05-13,-217880.0,50.0,-3652,73
2022-05-16,-217880.0,53.0,-3652,76
2022-05-17,-217880.0,54.0,-3652,77
2022-05-18,-217880.0,55.0,-3652,78
2022-05-19,-217880.0,56.0,-3652,79
2022-05-20,-217880.0,57.0,-3652,80
2022-05-23,-217880.0,60.0,-3652,83
2022-05-24,-217880.0,61.0,-3652,84
2022-05-25,-217880.0,62.0,-3652,85
2022-05-26,-217880.0,63.0,-3652,86
2022-05-27,-217880.0,64.0,-3652,87
2022-05-30,-217880.0,67.0,-36480,0
2022-05-31,-217880.0,68.0,-36480,1
2022-06-01,-217880.0,69.0,-36480,2
2022-06-02,-217880.0,70.0,-36480,3
2022-06-03,-217880.0,71.0,-36480,4
2022-06-06,-217880.0,74.0,-36480,7
2022-06-07,-217880.0,75.0,-36480,8
2022-06-08,-217880.0,76.0,-36480,9
2022-06-09,-217880.0,77.0,-36480,10
2022-06-10,-217880.0,78.0,-36480,11
2022-06-13,-217880.0,81.0,-36480,14
2022-06-14,-217880.0,82.0,-36480,15
2022-06-15,-217880.0,83.0,-36480,16
2022-06-16,-217880.0,84.0,-36480,17
2022-06-17,-217880.0,85.0,-36480,18
2022-06-20,-217880.0,88.0,-36480,21
2022-06-21,-217880.0,89.0,-36480,22
2022-06-22,-217880.0,90.0,-36480,23
2022-06-23,-206402.0,0.0,-36480,24
2022-06-24,-206402.0,1.0,-36480,25
2022-06-27,-206402.0,4.0,-36480,28
2022-06-28,-206402.0,5.0,-36480,29
2022-06-29,-206402.0,6.0,-36480,30
2022-06-30,-206402.0,7.0,-36480,31
2022-07-01,-206402.0,8.0,-36480,32
2022-07-04,-206402.0,11.0,-36480,35
2022-07-05,-206402.0,12.0,-36480,36
2022-07-06,-206402.0,13.0,-36480,37
2022-07-07,-206402.0,14.0,-36480,38
2022-07-08,-206402.0,15.0,-36480,39
2022-07-11,-206402.0,18.0,-36480,42
2022-07-12,-206402.0,19.0,-36480,43
2022-07-13,-206402.0,20.0,-36480,44
2022-07-14,-206402.0,21.0,-36480,45
2022-07-15,-206402.0,22.0,-36480,46
2022-07-18,-206402.0,25.0,-36480,49
2022-07-19,-206402.0,26.0,-36480,50
2022-07-20,-206402.0,27.0,-36480,51
2022-07-21,-206402.0,28.0,-36480,52
2022-07-22,-206402.0,29.0,-36480,53
2022-07-25,-206402.0,32.0,-36480,56
2022-07-26,-206402.0,33.0,-36480,57
2022-07-27,-206402.0,34.0,-36480,58
2022-07-28,-206402.0,35.0,-36480,59
2022-07-29,-206402.0,36.0,-36480,60
2022-08-01,-206402.0,39.0,-36480,63
2022-08-02,-206402.0,40.0,-36480,64
2022-08-03,-206402.0,41.0,-36480,65
2022-08-04,-206402.0,42.0,-36480,66
2022-08-05,-206402.0,43.0,-36480,67
2022-08-08,-206402.0,46.0,-36480,70
2022-08-09,-206402.0,47.0,-36480,71
2022-08-10,-206402.0,48.0,-36480,72
2022-08-11,-206402.0,49.0,-36480,73
2022-08-12,-206402.0,50.0,-36480,74
2022-08-15,-206402.0,53.0,-36480,77
2022-08-16,-206402.0,54.0,-36480,78
2022-08-17,-206402.0,55.0,-36480,79
2022-08-18,-206402.0,56.0,-36480,80
2022-08-19,-206402.0,57.0,-36480,81
2022-08-22,-206402.0,60.0,-36480,84
2022-08-23,-206402.0,61.0,-36480,85
2022-08-24,-206402.0,62.0,-36480,86
2022-08-25,-206402.0,63.0,-36480,87
2022-08-26,-206402.0,64.0,-36480,88
2022-08-29,-206402.0,67.0,-15794,0
2022-08-30,-206402.0,68.0,-15794,1
2022-08-31,-206402.0,69.0,-15794,2
2022-09-01,-206402.0,70.0,-15794,3
2022-09-02,-206402.0,71.0,-15794,4
2022-09-05,-206402.0,74.0,-15794,7
2022-09-06,-206402.0,75.0,-15794,8
2022-09-07,-206402.0,76.0,-15794,9
2022-09-08,-206402.0,77.0,-15794,10
2022-09-09,-206402.0,78.0,-15794,11
2022-09-12,-206402.0,81.0,-15794,14
2022-09-13,-206402.0,82.0,-15794,15
2022-09-14,-206402.0,83.0,-15794,16
2022-09-15,-206402.0,84.0,-15794,17
2022-09-16,-206402.0,85.0,-15794,18
2022-09-19,-206402.0,88.0,-15794,21
2022-09-20,-206402.0,89.0,-15794,22
2022-09-21,-206402.0,90.0,-15794,23
2022-09-22,-282540.0,0.0,-15794,24
2022-09-23,-282540.0,1.0,-15794,25
2022-09-26,-282540.0,4.0,-15794,28
2022-09-27,-282540.0,5.0,-15794,29
2022-09-28,-282540.0,6.0,-15794,30
2022-09-29,-282540.0,7.0,-15794,31
2022-09-30,-282540.0,8.0,-15794,32
2022-10-03,-282540.0,11.0,-15794,35
2022-10-04,-282540.0,12.0,-15794,36
2022-10-05,-282540.0,13.0,-15794,37
2022-10-06,-282540.0,14.0,-15794,38
2022-10-07,-282540.0,15.0,-15794,39
2022-10-10,-282540.0,18.0,-15794,42
2022-10-11,-282540.0,19.0,-15794,43
2022-10-12,-282540.0,20.0,-15794,44
2022-10-13,-282540.0,21.0,-15794,45
2022-10-14,-282540.0,22.0,-15794,46
2022-10-17,-282540.0,25.0,-15794,49
2022-10-18,-282540.0,26.0,-15794,50
2022-10-19,-282540.0,27.0,-15794,51
2022-10-20,-282540.0,28.0,-15794,52
2022-10-21,-282540.0,29.0,-15794,53
2022-10-24,-282540.0,32.0,-15794,56
2022-10-25,-282540.0,33.0,-15794,57
2022-10-26,-282540.0,34.0,-15794,58
2022-10-27,-282540.0,35.0,-15794,59
2022-10-28,-282540.0,36.0,-15794,60
2022-10-31,-282540.0,39.0,-15794,63
2022-11-01,-282540.0,40.0,-15794,64
2022-11-02,-282540.0,41.0,-15794,65
2022-11-03,-282540.0,42.0,-15794,66
2022-11-04,-282540.0,43.0,-15794,67
2022-11-07,-282540.0,46.0,-15794,70
2022-11-08,-282540.0,47.0,-15794,71
2022-11-09,-282540.0,48.0,-15794,72
2022-11-10,-282540.0,49.0,-15794,73
2022-11-11,-282540.0,50.0,-15794,74
2022-11-14,-282540.0,53.0,-15794,77
2022-11-15,-282540.0,54.0,-15794,78
2022-11-16,-282540.0,55.0,-15794,79
2022-11-17,-282540.0,56.0,-15794,80
2022-11-18,-282540.0,57.0,-15794,81
2022-11-21,-282540.0,60.0,-15794,84
2022-11-22,-282540.0,61.0,-15794,85
2022-11-23,-282540.0,62.0,-15794,86
2022-11-24,-282540.0,63.0,-15794,87
2022-11-25,-282540.0,64.0,-15794,88
2022-11-28,-282540.0,67.0,-15794,91
2022-11-29,-282540.0,68.0,-2431,0
2022-11-30,-282540.0,69.0,-2431,1
2022-12-01,-282540.0,70.0,-2431,2
2022-12-02,-282540.0,71.0,-2431,3
2022-12-05,-282540.0,74.0,-2431,6
2022-12-06,-282540.0,75.0,-2431,7
2022-12-07,-282540.0,76.0,-2431,8
2022-12-08,-282540.0,77.0,-2431,9
2022-12-09,-282540.0,78.0,-2431,10
2022-12-12,-282540.0,81.0,-2431,13
2022-12-13,-282540.0,82.0,-2431,14
2022-12-14,-282540.0,83.0,-2431,15
2022-12-15,-282540.0,84.0,-2431,16
2022-12-16,-282540.0,85.0,-2431,17
2022-12-19,-282540.0,88.0,-2431,20
2022-12-20,-282540.0,89.0,-2431,21
2022-12-21,-217106.0,0.0,-2431,22
2022-12-22,-217106.0,1.0,-2431,23
2022-12-23,-217106.0,2.0,-2431,24
2022-12-26,-217106.0,5.0,-2431,27
2022-12-27,-217106.0,6.0,-2431,28
2022-12-28,-217106.0,7.0,-2431,29
2022-12-29,-217106.0,8.0,-2431,30
2022-12-30,-217106.0,9.0,-2431,31
2023-01-02,-217106.0,12.0,-2431,34
2023-01-03,-217106.0,13.0,-2431,35
2023-01-04,-217106.0,14.0,-2431,36
2023-01-05,-217106.0,15.0,-2431,37
2023-01-06,-217106.0,16.0,-2431,38
2023-01-09,-217106.0,19.0,-2431,41
2023-01-10,-217106.0,20.0,-2431,42
2023-01-11,-217106.0,21.0,-2431,43
2023-01-12,-217106.0,22.0,-2431,44
2023-01-13,-217106.0,23.0,-2431,45
2023-01-16,-217106.0,26.0,-2431,48
2023-01-17,-217106.0,27.0,-2431,49
2023-01-18,-217106.0,28.0,-2431,50
2023-01-19,-217106.0,29.0,-2431,51
2023-01-20,-217106.0,30.0,-2431,52
2023-01-23,-217106.0,33.0,-2431,55
2023-01-24,-217106.0,34.0,-2431,56
2023-01-25,-217106.0,35.0,-2431,57
2023-01-26,-217106.0,36.0,-2431,58
2023-01-27,-217106.0,37.0,-2431,59
2023-01-30,-217106.0,40.0,-2431,62
2023-01-31,-217106.0,41.0,-2431,63
2023-02-01,-217106.0,42.0,-2431,64
2023-02-02,-217106.0,43.0,-2431,65
2023-02-03,-217106.0,44.0,-2431,66
2023-02-06,-217106.0,47.0,-2431,69
2023-02-07,-217106.0,48.0,-2431,70
2023-02-08,-217106.0,49.0,-2431,71
2023-02-09,-217106.0,50.0,-2431,72
2023-02-10,-217106.0,51.0,-2431,73
2023-02-13,-217106.0,54.0,-2431,76
2023-02-14,-217106.0,55.0,-2431,77
2023-02-15,-217106.0,56.0,-2431,78
2023-02-16,-217106.0,57.0,-2431,79
2023-02-17,-217106.0,58.0,-2431,80
2023-02-20,-217106.0,61.0,-2431,83
2023-02-21,-217106.0,62.0,-2431,84
2023-02-22,-217106.0,63.0,-2431,85
2023-02-23,-217106.0,64.0,-2431,86
2023-02-24,-217106.0,65.0,-2431,87
2023-02-27,-217106.0,68.0,-2431,90
2023-02-28,-217106.0,69.0,-2431,91
2023-03-01,-217106.0,70.0,5258,0
2023-03-02,-217106.0,71.0,5258,1
2023-03-03,-217106.0,72.0,5258,2
2023-03-06,-217106.0,75.0,5258,5
2023-03-07,-217106.0,76.0,5258,6
2023-03-08,-217106.0,77.0,5258,7
2023-03-09,-217106.0,78.0,5258,8
2023-03-10,-217106.0,79.0,5258,9
2023-03-13,-217106.0,82.0,5258,12
2023-03-14,-217106.0,83.0,5258,13
2023-03-15,-217106.0,84.0,5258,14
2023-03-16,-217106.0,85.0,5258,15
2023-03-17,-217106.0,86.0,5258,16
2023-03-20,-217106.0,89.0,5258,19
2023-03-21,-217106.0,90.0,5258,20
2023-03-22,-217106.0,91.0,5258,21
2023-03-23,-219002.0,0.0,5258,22
2023-03-24,-219002.0,1.0,5258,23
2023-03-27,-219002.0,4.0,5258,26
2023-03-28,-219002.0,5.0,5258,27
2023-03-29,-219002.0,6.0,5258,28
2023-03-30,-219002.0,7.0,5258,29
2023-03-31,-219002.0,8.0,5258,30
2023-04-03,-219002.0,11.0,5258,33
2023-04-04,-219002.0,12.0,5258,34
2023-04-05,-219002.0,13.0,5258,35
2023-04-06,-219002.0,14.0,5258,36
2023-04-07,-219002.0,15.0,5258,37
2023-04-10,-219002.0,18.0,5258,40
2023-04-11,-219002.0,19.0,5258,41
2023-04-12,-219002.0,20.0,5258,42
2023-04-13,-219002.0,21.0,5258,43
2023-04-14,-219002.0,22.0,5258,44
2023-04-17,-219002.0,25.0,5258,47
2023-04-18,-219002.0,26.0,5258,48
2023-04-19,-219002.0,27.0,5258,49
2023-04-20,-219002.0,28.0,5258,50
2023-04-21,-219002.0,29.0,5258,51
2023-04-24,-219002.0,32.0,5258,54
2023-04-25,-219002.0,33.0,5258,55
2023-04-26,-219002.0,34.0,5258,56
2023-04-27,-219002.0,35.0,5258,57
2023-04-28,-219002.0,36.0,5258,58
2023-05-01,-219002.0,39.0,5258,61
2023-05-02,-219002.0,40.0,5258,62
2023-05-03,-219002.0,41.0,5258,63
2023-05-04,-219002.0,42.0,5258,64
2023-05-05,-219002.0,43.0,5258,65
2023-05-08,-219002.0,46.0,5258,68
2023-05-09,-219002.0,47.0,5258,69
2023-05-10,-219002.0,48.0,5258,70
2023-05-11,-219002.0,49.0,5258,71
2023-05-12,-219002.0,50.0,5258,72
2023-05-15,-219002.0,53.0,5258,75
2023-05-16,-219002.0,54.0,5258,76
2023-05-17,-219002.0,55.0,5258,77
2023-05-18,-219002.0,56.0,5258,78
2023-05-19,-219002.0,57.0,5258,79
2023-05-22,-219002.0,60.0,5258,82
2023-05-23,-219002.0,61.0,5258,83
2023-05-24,-219002.0,62.0,5258,84
2023-05-25,-219002.0,63.0,5258,85
2023-05-26,-219002.0,64.0,5258,86
2023-05-29,-219002.0,67.0,5258,89
2023-05-30,-219002.0,68.0,-19791,0
2023-05-31,-219002.0,69.0,-19791,1
2023-06-01,-219002.0,70.0,-19791,2
2023-06-02,-219002.0,71.0,-19791,3
2023-06-05,-219002.0,74.0,-19791,6
2023-06-06,-219002.0,75.0,-19791,7
2023-06-07,-219002.0,76.0,-19791,8
2023-06-08,-219002.0,77.0,-19791,9
2023-06-09,-219002.0,78.0,-19791,10
2023-06-12,-219002.0,81.0,-19791,13
2023-06-13,-219002.0,82.0,-19791,14
2023-06-14,-219002.0,83.0,-19791,15
2023-06-15,-219002.0,84.0,-19791,16
2023-06-16,-219002.0,85.0,-19791,17
2023-06-19,-219002.0,88.0,-19791,20
2023-06-20,-219002.0,89.0,-19791,21
2023-06-21,-219002.0,90.0,-19791,22
2023-06-22,-94154.0,0.0,-19791,23
2023-06-23,-94154.0,1.0,-19791,24
2023-06-26,-94154.0,4.0,-19791,27
2023-06-27,-94154.0,5.0,-19791,28
2023-06-28,-94154.0,6.0,-19791,29
2023-06-29,-94154.0,7.0,-19791,30
2023-06-30,-94154.0,8.0,-19791,31
2023-07-03,-94154.0,11.0,-19791,34
2023-07-04,-94154.0,12.0,-19791,35
2023-07-05,-94154.0,13.0,-19791,36
2023-07-06,-94154.0,14.0,-19791,37
2023-07-07,-94154.0,15.0,-19791,38
2023-07-10,-94154.0,18.0,-19791,41
2023-07-11,-94154.0,19.0,-19791,42
2023-07-12,-94154.0,20.0,-19791,43
2023-07-13,-94154.0,21.0,-19791,44
2023-07-14,-94154.0,22.0,-19791,45
2023-07-17,-94154.0,25.0,-19791,48
2023-07-18,-94154.0,26.0,-19791,49
2023-07-19,-94154.0,27.0,-19791,50
2023-07-20,-94154.0,28.0,-19791,51
2023-07-21,-94154.0,29.0,-19791,52
2023-07-24,-94154.0,32.0,-19791,55
2023-07-25,-94154.0,33.0,-19791,56
2023-07-26,-94154.0,34.0,-19791,57
2023-07-27,-94154.0,35.0,-19791,58
2023-07-28,-94154.0,36.0,-19791,59
2023-07-31,-94154.0,39.0,-19791,62
2023-08-01,-94154.0,40.0,-19791,63
2023-08-02,-94154.0,41.0,-19791,64
2023-08-03,-94154.0,42.0,-19791,65
2023-08-04,-94154.0,43.0,-19791,66
2023-08-07,-94154.0,46.0,-19791,69
2023-08-08,-94154.0,47.0,-19791,70
2023-08-09,-94154.0,48.0,-19791,71
2023-08-10,-94154.0,49.0,-19791,72
2023-08-11,-94154.0,50.0,-19791,73
2023-08-14,-94154.0,53.0,-19791,76
2023-08-15,-94154.0,54.0,-19791,77
2023-08-16,-94154.0,55.0,-19791,78
2023-08-17,-94154.0,56.0,-19791,79
2023-08-18,-94154.0,57.0,-19791,80
2023-08-21,-94154.0,60.0,-19791,83
2023-08-22,-94154.0,61.0,-19791,84
2023-08-23,-94154.0,62.0,-19791,85
2023-08-24,-94154.0,63.0,-19791,86
2023-08-25,-94154.0,64.0,-19791,87
2023-08-28,-94154.0,67.0,-19791,90
2023-08-29,-94154.0,68.0,-34682,0
2023-08-30,-94154.0,69.0,-34682,1
2023-08-31,-94154.0,70.0,-34682,2
2023-09-01,-94154.0,71.0,-34682,3
2023-09-04,-94154.0,74.0,-34682,6
2023-09-05,-94154.0,75.0,-34682,7
2023-09-06,-94154.0,76.0,-34682,8
2023-09-07,-94154.0,77.0,-34682,9
2023-09-08,-94154.0,78.0,-34682,10
2023-09-11,-94154.0,81.0,-34682,13
2023-09-12,-94154.0,82.0,-34682,14
2023-09-13,-94154.0,83.0,-34682,15
2023-09-14,-94154.0,84.0,-34682,16
2023-09-15,-94154.0,85.0,-34682,17
2023-09-18,-94154.0,88.0,-34682,20
2023-09-19,-94154.0,89.0,-34682,21
2023-09-20,-94154.0,90.0,-34682,22
2023-09-21,-214472.0,0.0,-34682,23
2023-09-22,-214472.0,1.0,-34682,24
2023-09-25,-214472.0,4.0,-34682,27
2023-09-26,-214472.0,5.0,-34682,28
2023-09-27,-214472.0,6.0,-34682,29
2023-09-28,-214472.0,7.0,-34682,30
2023-09-29,-214472.0,8.0,-34682,31
2023-10-02,-214472.0,11.0,-34682,34
2023-10-03,-214472.0,12.0,-34682,35
2023-10-04,-214472.0,13.0,-34682,36
2023-10-05,-214472.0,14.0,-34682,37
2023-10-06,-214472.0,15.0,-34682,38
2023-10-09,-214472.0,18.0,-34682,41
2023-10-10,-214472.0,19.0,-34682,42
2023-10-11,-214472.0,20.0,-34682,43
2023-10-12,-214472.0,21.0,-34682,44
2023-10-13,-214472.0,22.0,-34682,45
2023-10-16,-214472.0,25.0,-34682,48
2023-10-17,-214472.0,26.0,-34682,49
2023-10-18,-214472.0,27.0,-34682,50
2023-10-19,-214472.0,28.0,-34682,51
2023-10-20,-214472.0,29.0,-34682,52
2023-10-23,-214472.0,32.0,-34682,55
2023-10-24,-214472.0,33.0,-34682,56
2023-10-25,-214472.0,34.0,-34682,57
2023-10-26,-214472.0,35.0,-34682,58
2023-10-27,-214472.0,36.0,-34682,59
2023-10-30,-214472.0,39.0,-34682,62
2023-10-31,-214472.0,40.0,-34682,63
2023-11-01,-214472.0,41.0,-34682,64
2023-11-02,-214472.0,42.0,-34682,65
2023-11-03,-214472.0,43.0,-34682,66
2023-11-06,-214472.0,46.0,-34682,69
2023-11-07,-214472.0,47.0,-34682,70
2023-11-08,-214472.0,48.0,-34682,71
2023-11-09,-214472.0,49.0,-34682,72
2023-11-10,-214472.0,50.0,-34682,73
2023-11-13,-214472.0,53.0,-34682,76
2023-11-14,-214472.0,54.0,-34682,77
2023-11-15,-214472.0,55.0,-34682,78
2023-11-16,-214472.0,56.0,-34682,79
2023-11-17,-214472.0,57.0,-34682,80
2023-11-20,-214472.0,60.0,-34682,83
2023-11-21,-214472.0,61.0,-34682,84
2023-11-22,-214472.0,62.0,-34682,85
2023-11-23,-214472.0,63.0,-34682,86
2023-11-24,-214472.0,64.0,-34682,87
2023-11-27,-214472.0,67.0,-34682,90
2023-11-28,-214472.0,68.0,-34682,91
2023-11-29,-214472.0,69.0,-15739,0
2023-11-30,-214472.0,70.0,-15739,1
2023-12-01,-214472.0,71.0,-15739,2
2023-12-04,-214472.0,74.0,-15739,5
2023-12-05,-214472.0,75.0,-15739,6
2023-12-06,-214472.0,76.0,-15739,7
2023-12-07,-214472.0,77.0,-15739,8
2023-12-08,-214472.0,78.0,-15739,9
2023-12-11,-214472.0,81.0,-15739,12
2023-12-12,-214472.0,82.0,-15739,13
2023-12-13,-214472.0,83.0,-15739,14
2023-12-14,-214472.0,84.0,-15739,15
2023-12-15,-214472.0,85.0,-15739,16
2023-12-18,-214472.0,88.0,-15739,19
2023-12-19,-214472.0,89.0,-15739,20
2023-12-20,-216805.0,0.0,-15739,21
2023-12-21,-216805.0,1.0,-15739,22
2023-12-22,-216805.0,2.0,-15739,23
2023-12-25,-216805.0,5.0,-15739,26
2023-12-26,-216805.0,6.0,-15739,27
2023-12-27,-216805.0,7.0,-15739,28
2023-12-28,-216805.0,8.0,-15739,29
2023-12-29,-216805.0,9.0,-15739,30
2024-01-01,-216805.0,12.0,-15739,33
2024-01-02,-216805.0,13.0,-15739,34
2024-01-03,-216805.0,14.0,-15739,35
2024-01-04,-216805.0,15.0,-15739,36
2024-01-05,-216805.0,16.0,-15739,37
2024-01-08,-216805.0,19.0,-15739,40
2024-01-09,-102784.0,0.0,-15739,41
2024-01-10,-102784.0,1.0,-15739,42
2024-01-11,-102784.0,2.0,-15739,43
2024-01-12,-102784.0,3.0,-15739,44
2024-01-15,-102784.0,6.0,-15739,47
2024-01-16,-102784.0,7.0,-15739,48
2024-01-17,-102784.0,8.0,-15739,49
2024-01-18,-102784.0,9.0,-15739,50
2024-01-19,-102784.0,10.0,-15739,51
2024-01-22,-102784.0,13.0,-15739,54
2024-01-23,-102784.0,14.0,-15739,55
2024-01-24,-102784.0,15.0,-15739,56
2024-01-25,-102784.0,16.0,-15739,57
2024-01-26,-102784.0,17.0,-15739,58
2024-01-29,-102784.0,20.0,-15739,61
2024-01-30,-102784.0,21.0,-15739,62
2024-01-31,-102784.0,22.0,-15739,63
2024-02-01,-102784.0,23.0,-15739,64
2024-02-02,-102784.0,24.0,-15739,65
2024-02-05,-102784.0,27.0,-15739,68
2024-02-06,-102784.0,28.0,-15739,69
2024-02-07,-102784.0,29.0,-15739,70
2024-02-08,-102784.0,30.0,-15739,71
2024-02-09,-102784.0,31.0,-15739,72
2024-02-12,-102784.0,34.0,-15739,75
2024-02-13,-102784.0,35.0,-15739,76
2024-02-14,-102784.0,36.0,-15739,77
2024-02-15,-102784.0,37.0,-15739,78
2024-02-16,-102784.0,38.0,-15739,79
2024-02-19,-102784.0,41.0,-15739,82
2024-02-20,-102784.0,42.0,-15739,83
2024-02-21,-102784.0,43.0,-15739,84
2024-02-22,-102784.0,44.0,-15739,85
2024-02-23,-102784.0,45.0,-15739,86
2024-02-26,-102784.0,48.0,-15739,89
2024-02-27,-102784.0,49.0,-15739,90
2024-02-28,-102784.0,50.0,-15739,91
2024-02-29,-102784.0,51.0,-28045,0
2024-03-01,-102784.0,52.0,-28045,1
2024-03-04,-102784.0,55.0,-28045,4
2024-03-05,-102784.0,56.0,-28045,5
2024-03-06,-102784.0,57.0,-28045,6
2024-03-07,-102784.0,58.0,-28045,7
2024-03-08,-102784.0,59.0,-28045,8
2024-03-11,-102784.0,62.0,-28045,11
2024-03-12,-102784.0,63.0,-28045,12
2024-03-13,-102784.0,64.0,-28045,13
2024-03-14,-102784.0,65.0,-28045,14
2024-03-15,-102784.0,66.0,-28045,15
2024-03-18,-102784.0,69.0,-28045,18
2024-03-19,-102784.0,70.0,-28045,19
2024-03-20,-102784.0,71.0,-28045,20
2024-03-21,-212655.0,0.0,-28045,21
2024-03-22,-212655.0,1.0,-28045,22
2024-03-25,-212655.0,4.0,-28045,25
2024-03-26,-212655.0,5.0,-28045,26
2024-03-27,-212655.0,6.0,-28045,27
2024-03-28,-212655.0,7.0,-28045,28
2024-03-29,-212655.0,8.0,-28045,29
2024-04-01,-212655.0,11.0,-28045,32
2024-04-02,-212655.0,12.0,-28045,33
2024-04-03,-212655.0,13.0,-28045,34
2024-04-04,-212655.0,14.0,-28045,35
2024-04-05,-212655.0,15.0,-28045,36
2024-04-08,-212655.0,18.0,-28045,39
2024-04-09,-212655.0,19.0,-28045,40
2024-04-10,-212655.0,20.0,-28045,41
2024-04-11,-212655.0,21.0,-28045,42
2024-04-12,-212655.0,22.0,-28045,43
2024-04-15,-212655.0,25.0,-28045,46
2024-04-16,-212655.0,26.0,-28045,47
2024-04-17,-212655.0,27.0,-28045,48
2024-04-18,-212655.0,28.0,-28045,49
2024-04-19,-212655.0,29.0,-28045,50
2024-04-22,-212655.0,32.0,-28045,53
2024-04-23,-212655.0,33.0,-28045,54
2024-04-24,-212655.0,34.0,-28045,55
2024-04-25,-212655.0,35.0,-28045,56
2024-04-26,-212655.0,36.0,-28045,57
2024-04-29,-212655.0,39.0,-28045,60
2024-04-30,-212655.0,40.0,-28045,61
2024-05-01,-212655.0,41.0,-28045,62
2024-05-02,-212655.0,42.0,-28045,63
2024-05-03,-212655.0,43.0,-28045,64
2024-05-06,-212655.0,46.0,-28045,67
2024-05-07,-212655.0,47.0,-28045,68
2024-05-08,-212655.0,48.0,-28045,69
2024-05-09,-212655.0,49.0,-28045,70
2024-05-10,-212655.0,50.0,-28045,71
2024-05-13,-212655.0,53.0,-28045,74
2024-05-14,-212655.0,54.0,-28045,75
2024-05-15,-212655.0,55.0,-28045,76
2024-05-16,-212655.0,56.0,-28045,77
2024-05-17,-212655.0,57.0,-28045,78
2024-05-20,-212655.0,60.0,-28045,81
2024-05-21,-212655.0,61.0,-28045,82
2024-05-22,-212655.0,62.0,-28045,83
2024-05-23,-212655.0,63.0,-28045,84
2024-05-24,-212655.0,64.0,-28045,85
2024-05-27,-212655.0,67.0,-28045,88
2024-05-28,-212655.0,68.0,-28045,89
2024-05-29,-212655.0,69.0,-28045,90
2024-05-30,-212655.0,70.0,-20844,0
2024-05-31,-212655.0,71.0,-20844,1
2024-06-03,-212655.0,74.0,-20844,4
2024-06-04,-212655.0,75.0,-20844,5
2024-06-05,-212655.0,76.0,-20844,6
2024-06-06,-212655.0,77.0,-20844,7
2024-06-07,-212655.0,78.0,-20844,8
2024-06-10,-212655.0,81.0,-20844,11
2024-06-11,-212655.0,82.0,-20844,12
2024-06-12,-212655.0,83.0,-20844,13
2024-06-13,-212655.0,84.0,-20844,14
2024-06-14,-212655.0,85.0,-20844,15
2024-06-17,-212655.0,88.0,-20844,18
2024-06-18,-212655.0,89.0,-20844,19
2024-06-19,-212655.0,90.0,-20844,20
2024-06-20,-291819.0,0.0,-20844,21
2024-06-21,-291819.0,1.0,-20844,22
2024-06-24,-291819.0,4.0,-20844,25
2024-06-25,-291819.0,5.0,-20844,26
2024-06-26,-291819.0,6.0,-20844,27
2024-06-27,-291819.0,7.0,-20844,28
2024-06-28,-291819.0,8.0,-20844,29
2024-07-01,-291819.0,11.0,-20844,32
2024-07-02,-291819.0,12.0,-20844,33
2024-07-03,-291819.0,13.0,-20844,34
2024-07-04,-291819.0,14.0,-20844,35
2024-07-05,-291819.0,15.0,-20844,36
2024-07-08,-291819.0,18.0,-20844,39
2024-07-09,-291819.0,19.0,-20844,40
2024-07-10,-291819.0,20.0,-20844,41
2024-07-11,-291819.0,21.0,-20844,42
2024-07-12,-291819.0,22.0,-20844,43
2024-07-15,-291819.0,25.0,-20844,46
2024-07-16,-291819.0,26.0,-20844,47
2024-07-17,-291819.0,27.0,-20844,48
2024-07-18,-291819.0,28.0,-20844,49
2024-07-19,-291819.0,29.0,-20844,50
2024-07-22,-291819.0,32.0,-20844,53
2024-07-23,-291819.0,33.0,-20844,54
2024-07-24,-291819.0,34.0,-20844,55
2024-07-25,-291819.0,35.0,-20844,56
2024-07-26,-291819.0,36.0,-20844,57
2024-07-29,-291819.0,39.0,-20844,60
2024-07-30,-291819.0,40.0,-20844,61
2024-07-31,-291819.0,41.0,-20844,62
2024-08-01,-291819.0,42.0,-20844,63
2024-08-02,-291819.0,43.0,-20844,64
2024-08-05,-291819.0,46.0,-20844,67
2024-08-06,-291819.0,47.0,-20844,68
2024-08-07,-291819.0,48.0,-20844,69
2024-08-08,-291819.0,49.0,-20844,70
2024-08-09,-291819.0,50.0,-20844,71
2024-08-12,-291819.0,53.0,-20844,74
2024-08-13,-291819.0,54.0,-20844,75
2024-08-14,-291819.0,55.0,-20844,76
2024-08-15,-291819.0,56.0,-20844,77
2024-08-16,-291819.0,57.0,-20844,78
2024-08-19,-291819.0,60.0,-20844,81
2024-08-20,-291819.0,61.0,-20844,82
2024-08-21,-291819.0,62.0,-20844,83
2024-08-22,-291819.0,63.0,-20844,84
2024-08-23,-291819.0,64.0,-20844,85
2024-08-26,-291819.0,67.0,-20844,88
2024-08-27,-291819.0,68.0,-20844,89
2024-08-28,-291819.0,69.0,-20844,90
2024-08-29,-291819.0,70.0,-23332,0
2024-08-30,-291819.0,71.0,-23332,1
2024-09-02,-291819.0,74.0,-23332,4
2024-09-03,-291819.0,75.0,-23332,5
2024-09-04,-291819.0,76.0,-23332,6
2024-09-05,-291819.0,77.0,-23332,7
2024-09-06,-291819.0,78.0,-23332,8
2024-09-09,-291819.0,81.0,-23332,11
2024-09-10,-291819.0,82.0,-23332,12
2024-09-11,-291819.0,83.0,-23332,13
2024-09-12,-291819.0,84.0,-23332,14
2024-09-13,-291819.0,85.0,-23332,15
2024-09-16,-291819.0,88.0,-23332,18
2024-09-17,-291819.0,89.0,-23332,19
2024-09-18,-291819.0,90.0,-23332,20
2024-09-19,-240984.0,0.0,-23332,21
2024-09-20,-240984.0,1.0,-23332,22
2024-09-23,-240984.0,4.0,-23332,25
2024-09-24,-240984.0,5.0,-23332,26
2024-09-25,-240984.0,6.0,-23332,27
2024-09-26,-240984.0,7.0,-23332,28
2024-09-27,-240984.0,8.0,-23332,29
2024-09-30,-240984.0,11.0,-23332,32
2024-10-01,-240984.0,12.0,-23332,33
2024-10-02,-240984.0,13.0,-23332,34
2024-10-03,-240984.0,14.0,-23332,35
2024-10-04,-240984.0,15.0,-23332,36
2024-10-07,-240984.0,18.0,-23332,39
2024-10-08,-240984.0,19.0,-23332,40
2024-10-09,-240984.0,20.0,-23332,41
2024-10-10,-240984.0,21.0,-23332,42
2024-10-11,-240984.0,22.0,-23332,43
2024-10-14,-240984.0,25.0,-23332,46
2024-10-15,-240984.0,26.0,-23332,47
2024-10-16,-240984.0,27.0,-23332,48
2024-10-17,-240984.0,28.0,-23332,49
2024-10-18,-240984.0,29.0,-23332,50
2024-10-21,-240984.0,32.0,-23332,53
2024-10-22,-240984.0,33.0,-23332,54
2024-10-23,-240984.0,34.0,-23332,55
2024-10-24,-240984.0,35.0,-23332,56
2024-10-25,-240984.0,36.0,-23332,57
2024-10-28,-240984.0,39.0,-23332,60
2024-10-29,-240984.0,40.0,-23332,61
2024-10-30,-240984.0,41.0,-23332,62
2024-10-31,-240984.0,42.0,-23332,63
2024-11-01,-240984.0,43.0,-23332,64
2024-11-04,-240984.0,46.0,-23332,67
2024-11-05,-240984.0,47.0,-23332,68
2024-11-06,-240984.0,48.0,-23332,69
2024-11-07,-240984.0,49.0,-23332,70
2024-11-08,-240984.0,50.0,-23332,71
2024-11-11,-240984.0,53.0,-23332,74
2024-11-12,-240984.0,54.0,-23332,75
2024-11-13,-240984.0,55.0,-23332,76
2024-11-14,-240984.0,56.0,-23332,77
2024-11-15,-240984.0,57.0,-23332,78
2024-11-18,-240984.0,60.0,-23332,81
2024-11-19,-240984.0,61.0,-23332,82
2024-11-20,-240984.0,62.0,-23332,83
2024-11-21,-240984.0,63.0,-23332,84
2024-11-22,-240984.0,64.0,-23332,85
2024-11-25,-240984.0,67.0,-23332,88
2024-11-26,-240984.0,68.0,-23332,89
2024-11-27,-240984.0,69.0,-23332,90
2024-11-28,-240984.0,70.0,-23332,91
2024-11-29,-240984.0,71.0,-13894,0
2024-12-02,-240984.0,74.0,-13894,3
2024-12-03,-240984.0,75.0,-13894,4
2024-12-04,-240984.0,76.0,-13894,5
2024-12-05,-240984.0,77.0,-13894,6
2024-12-06,-240984.0,78.0,-13894,7
2024-12-09,-240984.0,81.0,-13894,10
2024-12-10,-240984.0,82.0,-13894,11
2024-12-11,-240984.0,83.0,-13894,12
2024-12-12,-240984.0,84.0,-13894,13
2024-12-13,-240984.0,85.0,-13894,14
2024-12-16,-240984.0,88.0,-13894,17
2024-12-17,-240984.0,89.0,-13894,18
2024-12-18,-275031.0,0.0,-13894,19
2024-12-19,-275031.0,1.0,-13894,20
2024-12-20,-275031.0,2.0,-13894,21
2024-12-23,-275031.0,5.0,-13894,24
2024-12-24,-275031.0,6.0,-13894,25
2024-12-25,-275031.0,7.0,-13894,26
2024-12-26,-275031.0,8.0,-13894,27
2024-12-27,-275031.0,9.0,-13894,28
2024-12-30,-275031.0,12.0,-13894,31
2024-12-31,-275031.0,13.0,-13894,32
