date,USA_gdp_value,USA_gdp_days_since_update,UK_gdp_value,UK_gdp_days_since_update
2014-01-01,,,588076.0,33
2014-01-02,,,588076.0,34
2014-01-03,,,588076.0,35
2014-01-06,,,588076.0,38
2014-01-07,,,588076.0,39
2014-01-08,,,588076.0,40
2014-01-09,,,588076.0,41
2014-01-10,,,588076.0,42
2014-01-13,,,588076.0,45
2014-01-14,,,588076.0,46
2014-01-15,,,588076.0,47
2014-01-16,,,588076.0,48
2014-01-17,,,588076.0,49
2014-01-20,,,588076.0,52
2014-01-21,,,588076.0,53
2014-01-22,,,588076.0,54
2014-01-23,,,588076.0,55
2014-01-24,,,588076.0,56
2014-01-27,,,588076.0,59
2014-01-28,,,588076.0,60
2014-01-29,,,588076.0,61
2014-01-30,,,588076.0,62
2014-01-31,,,588076.0,63
2014-02-03,,,588076.0,66
2014-02-04,,,588076.0,67
2014-02-05,,,588076.0,68
2014-02-06,,,588076.0,69
2014-02-07,,,588076.0,70
2014-02-10,,,588076.0,73
2014-02-11,,,588076.0,74
2014-02-12,,,588076.0,75
2014-02-13,,,588076.0,76
2014-02-14,,,588076.0,77
2014-02-17,,,588076.0,80
2014-02-18,,,588076.0,81
2014-02-19,,,588076.0,82
2014-02-20,,,588076.0,83
2014-02-21,,,588076.0,84
2014-02-24,,,588076.0,87
2014-02-25,,,588076.0,88
2014-02-26,,,588076.0,89
2014-02-27,,,588076.0,90
2014-02-28,,,588076.0,91
2014-03-03,,,591954.0,2
2014-03-04,,,591954.0,3
2014-03-05,,,591954.0,4
2014-03-06,,,591954.0,5
2014-03-07,,,591954.0,6
2014-03-10,,,591954.0,9
2014-03-11,,,591954.0,10
2014-03-12,,,591954.0,11
2014-03-13,,,591954.0,12
2014-03-14,,,591954.0,13
2014-03-17,,,591954.0,16
2014-03-18,,,591954.0,17
2014-03-19,,,591954.0,18
2014-03-20,,,591954.0,19
2014-03-21,,,591954.0,20
2014-03-24,,,591954.0,23
2014-03-25,,,591954.0,24
2014-03-26,,,591954.0,25
2014-03-27,,,591954.0,26
2014-03-28,,,591954.0,27
2014-03-31,,,591954.0,30
2014-04-01,,,591954.0,31
2014-04-02,,,591954.0,32
2014-04-03,,,591954.0,33
2014-04-04,,,591954.0,34
2014-04-07,,,591954.0,37
2014-04-08,,,591954.0,38
2014-04-09,,,591954.0,39
2014-04-10,,,591954.0,40
2014-04-11,,,591954.0,41
2014-04-14,,,591954.0,44
2014-04-15,,,591954.0,45
2014-04-16,,,591954.0,46
2014-04-17,,,591954.0,47
2014-04-18,,,591954.0,48
2014-04-21,,,591954.0,51
2014-04-22,,,591954.0,52
2014-04-23,,,591954.0,53
2014-04-24,,,591954.0,54
2014-04-25,,,591954.0,55
2014-04-28,,,591954.0,58
2014-04-29,,,591954.0,59
2014-04-30,17149.6,0.0,591954.0,60
2014-05-01,17149.6,1.0,591954.0,61
2014-05-02,17149.6,2.0,591954.0,62
2014-05-05,17149.6,5.0,591954.0,65
2014-05-06,17149.6,6.0,591954.0,66
2014-05-07,17149.6,7.0,591954.0,67
2014-05-08,17149.6,8.0,591954.0,68
2014-05-09,17149.6,9.0,591954.0,69
2014-05-12,17149.6,12.0,591954.0,72
2014-05-13,17149.6,13.0,591954.0,73
2014-05-14,17149.6,14.0,591954.0,74
2014-05-15,17149.6,15.0,591954.0,75
2014-05-16,17149.6,16.0,591954.0,76
2014-05-19,17149.6,19.0,591954.0,79
2014-05-20,17149.6,20.0,591954.0,80
2014-05-21,17149.6,21.0,591954.0,81
2014-05-22,17149.6,22.0,591954.0,82
2014-05-23,17149.6,23.0,591954.0,83
2014-05-26,17149.6,26.0,591954.0,86
2014-05-27,17149.6,27.0,591954.0,87
2014-05-28,17149.6,28.0,591954.0,88
2014-05-29,17101.3,0.0,591954.0,89
2014-05-30,17101.3,1.0,596696.0,0
2014-06-02,17101.3,4.0,596696.0,3
2014-06-03,17101.3,5.0,596696.0,4
2014-06-04,17101.3,6.0,596696.0,5
2014-06-05,17101.3,7.0,596696.0,6
2014-06-06,17101.3,8.0,596696.0,7
2014-06-09,17101.3,11.0,596696.0,10
2014-06-10,17101.3,12.0,596696.0,11
2014-06-11,17101.3,13.0,596696.0,12
2014-06-12,17101.3,14.0,596696.0,13
2014-06-13,17101.3,15.0,596696.0,14
2014-06-16,17101.3,18.0,596696.0,17
2014-06-17,17101.3,19.0,596696.0,18
2014-06-18,17101.3,20.0,596696.0,19
2014-06-19,17101.3,21.0,596696.0,20
2014-06-20,17101.3,22.0,596696.0,21
2014-06-23,17101.3,25.0,596696.0,24
2014-06-24,17101.3,26.0,596696.0,25
2014-06-25,17016.0,0.0,596696.0,26
2014-06-26,17016.0,1.0,596696.0,27
2014-06-27,17016.0,2.0,596696.0,28
2014-06-30,17016.0,5.0,596696.0,31
2014-07-01,17016.0,6.0,596696.0,32
2014-07-02,17016.0,7.0,596696.0,33
2014-07-03,17016.0,8.0,596696.0,34
2014-07-04,17016.0,9.0,596696.0,35
2014-07-07,17016.0,12.0,596696.0,38
2014-07-08,17016.0,13.0,596696.0,39
2014-07-09,17016.0,14.0,596696.0,40
2014-07-10,17016.0,15.0,596696.0,41
2014-07-11,17016.0,16.0,596696.0,42
2014-07-14,17016.0,19.0,596696.0,45
2014-07-15,17016.0,20.0,596696.0,46
2014-07-16,17016.0,21.0,596696.0,47
2014-07-17,17016.0,22.0,596696.0,48
2014-07-18,17016.0,23.0,596696.0,49
2014-07-21,17016.0,26.0,596696.0,52
2014-07-22,17016.0,27.0,596696.0,53
2014-07-23,17016.0,28.0,596696.0,54
2014-07-24,17016.0,29.0,596696.0,55
2014-07-25,17016.0,30.0,596696.0,56
2014-07-28,17016.0,33.0,596696.0,59
2014-07-29,17016.0,34.0,596696.0,60
2014-07-30,17044.0,0.0,596696.0,61
2014-07-31,17044.0,1.0,596696.0,62
2014-08-01,17044.0,2.0,596696.0,63
2014-08-04,17044.0,5.0,596696.0,66
2014-08-05,17044.0,6.0,596696.0,67
2014-08-06,17044.0,7.0,596696.0,68
2014-08-07,17044.0,8.0,596696.0,69
2014-08-08,17044.0,9.0,596696.0,70
2014-08-11,17044.0,12.0,596696.0,73
2014-08-12,17044.0,13.0,596696.0,74
2014-08-13,17044.0,14.0,596696.0,75
2014-08-14,17044.0,15.0,596696.0,76
2014-08-15,17044.0,16.0,596696.0,77
2014-08-18,17044.0,19.0,596696.0,80
2014-08-19,17044.0,20.0,596696.0,81
2014-08-20,17044.0,21.0,596696.0,82
2014-08-21,17044.0,22.0,596696.0,83
2014-08-22,17044.0,23.0,596696.0,84
2014-08-25,17044.0,26.0,596696.0,87
2014-08-26,17044.0,27.0,596696.0,88
2014-08-27,17044.0,28.0,596696.0,89
2014-08-28,17311.3,0.0,596696.0,90
2014-08-29,17311.3,1.0,602310.0,0
2014-09-01,17311.3,4.0,602310.0,3
2014-09-02,17311.3,5.0,602310.0,4
2014-09-03,17311.3,6.0,602310.0,5
2014-09-04,17311.3,7.0,602310.0,6
2014-09-05,17311.3,8.0,602310.0,7
2014-09-08,17311.3,11.0,602310.0,10
2014-09-09,17311.3,12.0,602310.0,11
2014-09-10,17311.3,13.0,602310.0,12
2014-09-11,17311.3,14.0,602310.0,13
2014-09-12,17311.3,15.0,602310.0,14
2014-09-15,17311.3,18.0,602310.0,17
2014-09-16,17311.3,19.0,602310.0,18
2014-09-17,17311.3,20.0,602310.0,19
2014-09-18,17311.3,21.0,602310.0,20
2014-09-19,17311.3,22.0,602310.0,21
2014-09-22,17311.3,25.0,602310.0,24
2014-09-23,17311.3,26.0,602310.0,25
2014-09-24,17311.3,27.0,602310.0,26
2014-09-25,17311.3,28.0,602310.0,27
2014-09-26,17328.2,0.0,602310.0,28
2014-09-29,17328.2,3.0,602310.0,31
2014-09-30,17328.2,4.0,602310.0,32
2014-10-01,17328.2,5.0,602310.0,33
2014-10-02,17328.2,6.0,602310.0,34
2014-10-03,17328.2,7.0,602310.0,35
2014-10-06,17328.2,10.0,602310.0,38
2014-10-07,17328.2,11.0,602310.0,39
2014-10-08,17328.2,12.0,602310.0,40
2014-10-09,17328.2,13.0,602310.0,41
2014-10-10,17328.2,14.0,602310.0,42
2014-10-13,17328.2,17.0,602310.0,45
2014-10-14,17328.2,18.0,602310.0,46
2014-10-15,17328.2,19.0,602310.0,47
2014-10-16,17328.2,20.0,602310.0,48
2014-10-17,17328.2,21.0,602310.0,49
2014-10-20,17328.2,24.0,602310.0,52
2014-10-21,17328.2,25.0,602310.0,53
2014-10-22,17328.2,26.0,602310.0,54
2014-10-23,17328.2,27.0,602310.0,55
2014-10-24,17328.2,28.0,602310.0,56
2014-10-27,17328.2,31.0,602310.0,59
2014-10-28,17328.2,32.0,602310.0,60
2014-10-29,17328.2,33.0,602310.0,61
2014-10-30,17535.4,0.0,602310.0,62
2014-10-31,17535.4,1.0,602310.0,63
2014-11-03,17535.4,4.0,602310.0,66
2014-11-04,17535.4,5.0,602310.0,67
2014-11-05,17535.4,6.0,602310.0,68
2014-11-06,17535.4,7.0,602310.0,69
2014-11-07,17535.4,8.0,602310.0,70
2014-11-10,17535.4,11.0,602310.0,73
2014-11-11,17535.4,12.0,602310.0,74
2014-11-12,17535.4,13.0,602310.0,75
2014-11-13,17535.4,14.0,602310.0,76
2014-11-14,17535.4,15.0,602310.0,77
2014-11-17,17535.4,18.0,602310.0,80
2014-11-18,17535.4,19.0,602310.0,81
2014-11-19,17535.4,20.0,602310.0,82
2014-11-20,17535.4,21.0,602310.0,83
2014-11-21,17535.4,22.0,602310.0,84
2014-11-24,17535.4,25.0,602310.0,87
2014-11-25,17555.2,0.0,602310.0,88
2014-11-26,17555.2,1.0,602310.0,89
2014-11-27,17555.2,2.0,602310.0,90
2014-11-28,17555.2,3.0,602310.0,91
2014-12-01,17555.2,6.0,607213.0,2
2014-12-02,17555.2,7.0,607213.0,3
2014-12-03,17555.2,8.0,607213.0,4
2014-12-04,17555.2,9.0,607213.0,5
2014-12-05,17555.2,10.0,607213.0,6
2014-12-08,17555.2,13.0,607213.0,9
2014-12-09,17555.2,14.0,607213.0,10
2014-12-10,17555.2,15.0,607213.0,11
2014-12-11,17555.2,16.0,607213.0,12
2014-12-12,17555.2,17.0,607213.0,13
2014-12-15,17555.2,20.0,607213.0,16
2014-12-16,17555.2,21.0,607213.0,17
2014-12-17,17555.2,22.0,607213.0,18
2014-12-18,17555.2,23.0,607213.0,19
2014-12-19,17555.2,24.0,607213.0,20
2014-12-22,17555.2,27.0,607213.0,23
2014-12-23,17599.8,0.0,607213.0,24
2014-12-24,17599.8,1.0,607213.0,25
2014-12-25,17599.8,2.0,607213.0,26
2014-12-26,17599.8,3.0,607213.0,27
2014-12-29,17599.8,6.0,607213.0,30
2014-12-30,17599.8,7.0,607213.0,31
2014-12-31,17599.8,8.0,607213.0,32
2015-01-01,17599.8,9.0,607213.0,33
2015-01-02,17599.8,10.0,607213.0,34
2015-01-05,17599.8,13.0,607213.0,37
2015-01-06,17328.2,0.0,607213.0,38
2015-01-07,17328.2,1.0,607213.0,39
2015-01-08,17328.2,2.0,607213.0,40
2015-01-09,17328.2,3.0,607213.0,41
2015-01-12,17328.2,6.0,607213.0,44
2015-01-13,17328.2,7.0,607213.0,45
2015-01-14,17328.2,8.0,607213.0,46
2015-01-15,17328.2,9.0,607213.0,47
2015-01-16,17328.2,10.0,607213.0,48
2015-01-19,17328.2,13.0,607213.0,51
2015-01-20,17328.2,14.0,607213.0,52
2015-01-21,17328.2,15.0,607213.0,53
2015-01-22,17328.2,16.0,607213.0,54
2015-01-23,17328.2,17.0,607213.0,55
2015-01-26,17328.2,20.0,607213.0,58
2015-01-27,17328.2,21.0,607213.0,59
2015-01-28,17328.2,22.0,607213.0,60
2015-01-29,17328.2,23.0,607213.0,61
2015-01-30,17710.7,0.0,607213.0,62
2015-02-02,17710.7,3.0,607213.0,65
2015-02-03,17710.7,4.0,607213.0,66
2015-02-04,17710.7,5.0,607213.0,67
2015-02-05,17710.7,6.0,607213.0,68
2015-02-06,17710.7,7.0,607213.0,69
2015-02-09,17710.7,10.0,607213.0,72
2015-02-10,17710.7,11.0,607213.0,73
2015-02-11,17710.7,12.0,607213.0,74
2015-02-12,17710.7,13.0,607213.0,75
2015-02-13,17710.7,14.0,607213.0,76
2015-02-16,17710.7,17.0,607213.0,79
2015-02-17,17710.7,18.0,607213.0,80
2015-02-18,17710.7,19.0,607213.0,81
2015-02-19,17710.7,20.0,607213.0,82
2015-02-20,17710.7,21.0,607213.0,83
2015-02-23,17710.7,24.0,607213.0,86
2015-02-24,17710.7,25.0,607213.0,87
2015-02-25,17710.7,26.0,607213.0,88
2015-02-26,17710.7,27.0,607213.0,89
2015-02-27,17701.3,0.0,607213.0,90
2015-03-02,17701.3,3.0,611220.0,1
2015-03-03,17701.3,4.0,611220.0,2
2015-03-04,17701.3,5.0,611220.0,3
2015-03-05,17701.3,6.0,611220.0,4
2015-03-06,17701.3,7.0,611220.0,5
2015-03-09,17701.3,10.0,611220.0,8
2015-03-10,17701.3,11.0,611220.0,9
2015-03-11,17701.3,12.0,611220.0,10
2015-03-12,17701.3,13.0,611220.0,11
2015-03-13,17701.3,14.0,611220.0,12
2015-03-16,17701.3,17.0,611220.0,15
2015-03-17,17701.3,18.0,611220.0,16
2015-03-18,17701.3,19.0,611220.0,17
2015-03-19,17701.3,20.0,611220.0,18
2015-03-20,17701.3,21.0,611220.0,19
2015-03-23,17701.3,24.0,611220.0,22
2015-03-24,17701.3,25.0,611220.0,23
2015-03-25,17701.3,26.0,611220.0,24
2015-03-26,17701.3,27.0,611220.0,25
2015-03-27,17703.7,0.0,611220.0,26
2015-03-30,17703.7,3.0,611220.0,29
2015-03-31,17703.7,4.0,611220.0,30
2015-04-01,17703.7,5.0,611220.0,31
2015-04-02,17703.7,6.0,611220.0,32
2015-04-03,17703.7,7.0,611220.0,33
2015-04-06,17703.7,10.0,611220.0,36
2015-04-07,17703.7,11.0,611220.0,37
2015-04-08,17703.7,12.0,611220.0,38
2015-04-09,17703.7,13.0,611220.0,39
2015-04-10,17703.7,14.0,611220.0,40
2015-04-13,17703.7,17.0,611220.0,43
2015-04-14,17703.7,18.0,611220.0,44
2015-04-15,17703.7,19.0,611220.0,45
2015-04-16,17703.7,20.0,611220.0,46
2015-04-17,17703.7,21.0,611220.0,47
2015-04-20,17703.7,24.0,611220.0,50
2015-04-21,17703.7,25.0,611220.0,51
2015-04-22,17703.7,26.0,611220.0,52
2015-04-23,17703.7,27.0,611220.0,53
2015-04-24,17703.7,28.0,611220.0,54
2015-04-27,17703.7,31.0,611220.0,57
2015-04-28,17703.7,32.0,611220.0,58
2015-04-29,17710.0,0.0,611220.0,59
2015-04-30,17710.0,1.0,611220.0,60
2015-05-01,17710.0,2.0,611220.0,61
2015-05-04,17710.0,5.0,611220.0,64
2015-05-05,17710.0,6.0,611220.0,65
2015-05-06,17710.0,7.0,611220.0,66
2015-05-07,17710.0,8.0,611220.0,67
2015-05-08,17710.0,9.0,611220.0,68
2015-05-11,17710.0,12.0,611220.0,71
2015-05-12,17710.0,13.0,611220.0,72
2015-05-13,17710.0,14.0,611220.0,73
2015-05-14,17710.0,15.0,611220.0,74
2015-05-15,17710.0,16.0,611220.0,75
2015-05-18,17710.0,19.0,611220.0,78
2015-05-19,17710.0,20.0,611220.0,79
2015-05-20,17710.0,21.0,611220.0,80
2015-05-21,17710.0,22.0,611220.0,81
2015-05-22,17710.0,23.0,611220.0,82
2015-05-25,17710.0,26.0,611220.0,85
2015-05-26,17710.0,27.0,611220.0,86
2015-05-27,17710.0,28.0,611220.0,87
2015-05-28,17710.0,29.0,611220.0,88
2015-05-29,17665.0,0.0,611220.0,89
2015-06-01,17665.0,3.0,613076.0,2
2015-06-02,17665.0,4.0,613076.0,3
2015-06-03,17665.0,5.0,613076.0,4
2015-06-04,17665.0,6.0,613076.0,5
2015-06-05,17665.0,7.0,613076.0,6
2015-06-08,17665.0,10.0,613076.0,9
2015-06-09,17665.0,11.0,613076.0,10
2015-06-10,17665.0,12.0,613076.0,11
2015-06-11,17665.0,13.0,613076.0,12
2015-06-12,17665.0,14.0,613076.0,13
2015-06-15,17665.0,17.0,613076.0,16
2015-06-16,17665.0,18.0,613076.0,17
2015-06-17,17665.0,19.0,613076.0,18
2015-06-18,17665.0,20.0,613076.0,19
2015-06-19,17665.0,21.0,613076.0,20
2015-06-22,17665.0,24.0,613076.0,23
2015-06-23,17665.0,25.0,613076.0,24
2015-06-24,17693.3,0.0,613076.0,25
2015-06-25,17693.3,1.0,613076.0,26
2015-06-26,17693.3,2.0,613076.0,27
2015-06-29,17693.3,5.0,613076.0,30
2015-06-30,17693.3,6.0,613076.0,31
2015-07-01,17693.3,7.0,613076.0,32
2015-07-02,17693.3,8.0,613076.0,33
2015-07-03,17693.3,9.0,613076.0,34
2015-07-06,17693.3,12.0,613076.0,37
2015-07-07,17693.3,13.0,613076.0,38
2015-07-08,17693.3,14.0,613076.0,39
2015-07-09,17693.3,15.0,613076.0,40
2015-07-10,17693.3,16.0,613076.0,41
2015-07-13,17693.3,19.0,613076.0,44
2015-07-14,17693.3,20.0,613076.0,45
2015-07-15,17693.3,21.0,613076.0,46
2015-07-16,17693.3,22.0,613076.0,47
2015-07-17,17693.3,23.0,613076.0,48
2015-07-20,17693.3,26.0,613076.0,51
2015-07-21,17693.3,27.0,613076.0,52
2015-07-22,17693.3,28.0,613076.0,53
2015-07-23,17693.3,29.0,613076.0,54
2015-07-24,17693.3,30.0,613076.0,55
2015-07-27,17693.3,33.0,613076.0,58
2015-07-28,17693.3,34.0,613076.0,59
2015-07-29,17693.3,35.0,613076.0,60
2015-07-30,17270.0,0.0,613076.0,61
2015-07-31,17270.0,1.0,613076.0,62
2015-08-03,17270.0,4.0,613076.0,65
2015-08-04,17270.0,5.0,613076.0,66
2015-08-05,17270.0,6.0,613076.0,67
2015-08-06,17270.0,7.0,613076.0,68
2015-08-07,17270.0,8.0,613076.0,69
2015-08-10,17270.0,11.0,613076.0,72
2015-08-11,17270.0,12.0,613076.0,73
2015-08-12,17270.0,13.0,613076.0,74
2015-08-13,17270.0,14.0,613076.0,75
2015-08-14,17270.0,15.0,613076.0,76
2015-08-17,17270.0,18.0,613076.0,79
2015-08-18,17270.0,19.0,613076.0,80
2015-08-19,17270.0,20.0,613076.0,81
2015-08-20,17270.0,21.0,613076.0,82
2015-08-21,17270.0,22.0,613076.0,83
2015-08-24,17270.0,25.0,613076.0,86
2015-08-25,17270.0,26.0,613076.0,87
2015-08-26,17270.0,27.0,613076.0,88
2015-08-27,17902.0,0.0,613076.0,89
2015-08-28,17902.0,1.0,613076.0,90
2015-08-31,17902.0,4.0,615875.0,2
2015-09-01,17902.0,5.0,615875.0,3
2015-09-02,17902.0,6.0,615875.0,4
2015-09-03,17902.0,7.0,615875.0,5
2015-09-04,17902.0,8.0,615875.0,6
2015-09-07,17902.0,11.0,615875.0,9
2015-09-08,17902.0,12.0,615875.0,10
2015-09-09,17902.0,13.0,615875.0,11
2015-09-10,17902.0,14.0,615875.0,12
2015-09-11,17902.0,15.0,615875.0,13
2015-09-14,17902.0,18.0,615875.0,16
2015-09-15,17902.0,19.0,615875.0,17
2015-09-16,17902.0,20.0,615875.0,18
2015-09-17,17902.0,21.0,615875.0,19
2015-09-18,17902.0,22.0,615875.0,20
2015-09-21,17902.0,25.0,615875.0,23
2015-09-22,17902.0,26.0,615875.0,24
2015-09-23,17902.0,27.0,615875.0,25
2015-09-24,17902.0,28.0,615875.0,26
2015-09-25,17913.7,0.0,615875.0,27
2015-09-28,17913.7,3.0,615875.0,30
2015-09-29,17913.7,4.0,615875.0,31
2015-09-30,17913.7,5.0,615875.0,32
2015-10-01,17913.7,6.0,615875.0,33
2015-10-02,17913.7,7.0,615875.0,34
2015-10-05,17913.7,10.0,615875.0,37
2015-10-06,17913.7,11.0,615875.0,38
2015-10-07,17913.7,12.0,615875.0,39
2015-10-08,17913.7,13.0,615875.0,40
2015-10-09,17913.7,14.0,615875.0,41
2015-10-12,17913.7,17.0,615875.0,44
2015-10-13,17913.7,18.0,615875.0,45
2015-10-14,17913.7,19.0,615875.0,46
2015-10-15,17913.7,20.0,615875.0,47
2015-10-16,17913.7,21.0,615875.0,48
2015-10-19,17913.7,24.0,615875.0,51
2015-10-20,17913.7,25.0,615875.0,52
2015-10-21,17913.7,26.0,615875.0,53
2015-10-22,17913.7,27.0,615875.0,54
2015-10-23,17913.7,28.0,615875.0,55
2015-10-26,17913.7,31.0,615875.0,58
2015-10-27,17913.7,32.0,615875.0,59
2015-10-28,17913.7,33.0,615875.0,60
2015-10-29,18034.8,0.0,615875.0,61
2015-10-30,18034.8,1.0,615875.0,62
2015-11-02,18034.8,4.0,615875.0,65
2015-11-03,18034.8,5.0,615875.0,66
2015-11-04,18034.8,6.0,615875.0,67
2015-11-05,18034.8,7.0,615875.0,68
2015-11-06,18034.8,8.0,615875.0,69
2015-11-09,18034.8,11.0,615875.0,72
2015-11-10,18034.8,12.0,615875.0,73
2015-11-11,18034.8,13.0,615875.0,74
2015-11-12,18034.8,14.0,615875.0,75
2015-11-13,18034.8,15.0,615875.0,76
2015-11-16,18034.8,18.0,615875.0,79
2015-11-17,18034.8,19.0,615875.0,80
2015-11-18,18034.8,20.0,615875.0,81
2015-11-19,18034.8,21.0,615875.0,82
2015-11-20,18034.8,22.0,615875.0,83
2015-11-23,18034.8,25.0,615875.0,86
2015-11-24,18064.7,0.0,615875.0,87
2015-11-25,18064.7,1.0,615875.0,88
2015-11-26,18064.7,2.0,615875.0,89
2015-11-27,18064.7,3.0,615875.0,90
2015-11-30,18064.7,6.0,618263.0,1
2015-12-01,18064.7,7.0,618263.0,2
2015-12-02,18064.7,8.0,618263.0,3
2015-12-03,18064.7,9.0,618263.0,4
2015-12-04,18064.7,10.0,618263.0,5
2015-12-07,18064.7,13.0,618263.0,8
2015-12-08,18064.7,14.0,618263.0,9
2015-12-09,18064.7,15.0,618263.0,10
2015-12-10,18064.7,16.0,618263.0,11
2015-12-11,18064.7,17.0,618263.0,12
2015-12-14,18064.7,20.0,618263.0,15
2015-12-15,18064.7,21.0,618263.0,16
2015-12-16,18064.7,22.0,618263.0,17
2015-12-17,18064.7,23.0,618263.0,18
2015-12-18,18064.7,24.0,618263.0,19
2015-12-21,18064.7,27.0,618263.0,22
2015-12-22,18060.2,0.0,618263.0,23
2015-12-23,18060.2,1.0,618263.0,24
2015-12-24,18060.2,2.0,618263.0,25
2015-12-25,18060.2,3.0,618263.0,26
2015-12-28,18060.2,6.0,618263.0,29
2015-12-29,18060.2,7.0,618263.0,30
2015-12-30,18060.2,8.0,618263.0,31
2015-12-31,18060.2,9.0,618263.0,32
2016-01-01,18060.2,10.0,618263.0,33
2016-01-04,18060.2,13.0,618263.0,36
2016-01-05,18060.2,14.0,618263.0,37
2016-01-06,18060.2,15.0,618263.0,38
2016-01-07,18060.2,16.0,618263.0,39
2016-01-08,18060.2,17.0,618263.0,40
2016-01-11,18060.2,20.0,618263.0,43
2016-01-12,18060.2,21.0,618263.0,44
2016-01-13,18060.2,22.0,618263.0,45
2016-01-14,18060.2,23.0,618263.0,46
2016-01-15,18060.2,24.0,618263.0,47
2016-01-18,18060.2,27.0,618263.0,50
2016-01-19,18060.2,28.0,618263.0,51
2016-01-20,18060.2,29.0,618263.0,52
2016-01-21,18060.2,30.0,618263.0,53
2016-01-22,18060.2,31.0,618263.0,54
2016-01-25,18060.2,34.0,618263.0,57
2016-01-26,18060.2,35.0,618263.0,58
2016-01-27,18060.2,36.0,618263.0,59
2016-01-28,18060.2,37.0,618263.0,60
2016-01-29,18128.2,0.0,618263.0,61
2016-02-01,18128.2,3.0,618263.0,64
2016-02-02,18128.2,4.0,618263.0,65
2016-02-03,18128.2,5.0,618263.0,66
2016-02-04,18128.2,6.0,618263.0,67
2016-02-05,18128.2,7.0,618263.0,68
2016-02-08,18128.2,10.0,618263.0,71
2016-02-09,18128.2,11.0,618263.0,72
2016-02-10,18128.2,12.0,618263.0,73
2016-02-11,18128.2,13.0,618263.0,74
2016-02-12,18128.2,14.0,618263.0,75
2016-02-15,18128.2,17.0,618263.0,78
2016-02-16,18128.2,18.0,618263.0,79
2016-02-17,18128.2,19.0,618263.0,80
2016-02-18,18128.2,20.0,618263.0,81
2016-02-19,18128.2,21.0,618263.0,82
2016-02-22,18128.2,24.0,618263.0,85
2016-02-23,18128.2,25.0,618263.0,86
2016-02-24,18128.2,26.0,618263.0,87
2016-02-25,18128.2,27.0,618263.0,88
2016-02-26,18148.4,0.0,618263.0,89
2016-02-29,18148.4,3.0,621968.0,0
2016-03-01,18148.4,4.0,621968.0,1
2016-03-02,18148.4,5.0,621968.0,2
2016-03-03,18148.4,6.0,621968.0,3
2016-03-04,18148.4,7.0,621968.0,4
2016-03-07,18148.4,10.0,621968.0,7
2016-03-08,18148.4,11.0,621968.0,8
2016-03-09,18148.4,12.0,621968.0,9
2016-03-10,18148.4,13.0,621968.0,10
2016-03-11,18148.4,14.0,621968.0,11
2016-03-14,18148.4,17.0,621968.0,14
2016-03-15,18148.4,18.0,621968.0,15
2016-03-16,18148.4,19.0,621968.0,16
2016-03-17,18148.4,20.0,621968.0,17
2016-03-18,18148.4,21.0,621968.0,18
2016-03-21,18148.4,24.0,621968.0,21
2016-03-22,18148.4,25.0,621968.0,22
2016-03-23,18148.4,26.0,621968.0,23
2016-03-24,18148.4,27.0,621968.0,24
2016-03-25,18164.8,0.0,621968.0,25
2016-03-28,18164.8,3.0,621968.0,28
2016-03-29,18164.8,4.0,621968.0,29
2016-03-30,18164.8,5.0,621968.0,30
2016-03-31,18164.8,6.0,621968.0,31
2016-04-01,18164.8,7.0,621968.0,32
2016-04-04,18164.8,10.0,621968.0,35
2016-04-05,18164.8,11.0,621968.0,36
2016-04-06,18164.8,12.0,621968.0,37
2016-04-07,18164.8,13.0,621968.0,38
2016-04-08,18164.8,14.0,621968.0,39
2016-04-11,18164.8,17.0,621968.0,42
2016-04-12,18164.8,18.0,621968.0,43
2016-04-13,18164.8,19.0,621968.0,44
2016-04-14,18164.8,20.0,621968.0,45
2016-04-15,18164.8,21.0,621968.0,46
2016-04-18,18164.8,24.0,621968.0,49
2016-04-19,18164.8,25.0,621968.0,50
2016-04-20,18164.8,26.0,621968.0,51
2016-04-21,18164.8,27.0,621968.0,52
2016-04-22,18164.8,28.0,621968.0,53
2016-04-25,18164.8,31.0,621968.0,56
2016-04-26,18164.8,32.0,621968.0,57
2016-04-27,18164.8,33.0,621968.0,58
2016-04-28,18221.1,0.0,621968.0,59
2016-04-29,18221.1,1.0,621968.0,60
2016-05-02,18221.1,4.0,621968.0,63
2016-05-03,18221.1,5.0,621968.0,64
2016-05-04,18221.1,6.0,621968.0,65
2016-05-05,18221.1,7.0,621968.0,66
2016-05-06,18221.1,8.0,621968.0,67
2016-05-09,18221.1,11.0,621968.0,70
2016-05-10,18221.1,12.0,621968.0,71
2016-05-11,18221.1,13.0,621968.0,72
2016-05-12,18221.1,14.0,621968.0,73
2016-05-13,18221.1,15.0,621968.0,74
2016-05-16,18221.1,18.0,621968.0,77
2016-05-17,18221.1,19.0,621968.0,78
2016-05-18,18221.1,20.0,621968.0,79
2016-05-19,18221.1,21.0,621968.0,80
2016-05-20,18221.1,22.0,621968.0,81
2016-05-23,18221.1,25.0,621968.0,84
2016-05-24,18221.1,26.0,621968.0,85
2016-05-25,18221.1,27.0,621968.0,86
2016-05-26,18221.1,28.0,621968.0,87
2016-05-27,18229.5,0.0,621968.0,88
2016-05-30,18229.5,3.0,625099.0,0
2016-05-31,18229.5,4.0,625099.0,1
2016-06-01,18229.5,5.0,625099.0,2
2016-06-02,18229.5,6.0,625099.0,3
2016-06-03,18229.5,7.0,625099.0,4
2016-06-06,18229.5,10.0,625099.0,7
2016-06-07,18229.5,11.0,625099.0,8
2016-06-08,18229.5,12.0,625099.0,9
2016-06-09,18229.5,13.0,625099.0,10
2016-06-10,18229.5,14.0,625099.0,11
2016-06-13,18229.5,17.0,625099.0,14
2016-06-14,18229.5,18.0,625099.0,15
2016-06-15,18229.5,19.0,625099.0,16
2016-06-16,18229.5,20.0,625099.0,17
2016-06-17,18229.5,21.0,625099.0,18
2016-06-20,18229.5,24.0,625099.0,21
2016-06-21,18229.5,25.0,625099.0,22
2016-06-22,18229.5,26.0,625099.0,23
2016-06-23,18229.5,27.0,625099.0,24
2016-06-24,18229.5,28.0,625099.0,25
2016-06-27,18229.5,31.0,625099.0,28
2016-06-28,18230.1,0.0,625099.0,29
2016-06-29,18230.1,1.0,625099.0,30
2016-06-30,18230.1,2.0,625099.0,31
2016-07-01,18230.1,3.0,625099.0,32
2016-07-04,18230.1,6.0,625099.0,35
2016-07-05,18230.1,7.0,625099.0,36
2016-07-06,18230.1,8.0,625099.0,37
2016-07-07,18230.1,9.0,625099.0,38
2016-07-08,18230.1,10.0,625099.0,39
2016-07-11,18230.1,13.0,625099.0,42
2016-07-12,18230.1,14.0,625099.0,43
2016-07-13,18230.1,15.0,625099.0,44
2016-07-14,18230.1,16.0,625099.0,45
2016-07-15,18230.1,17.0,625099.0,46
2016-07-18,18230.1,20.0,625099.0,49
2016-07-19,18230.1,21.0,625099.0,50
2016-07-20,18230.1,22.0,625099.0,51
2016-07-21,18230.1,23.0,625099.0,52
2016-07-22,18230.1,24.0,625099.0,53
2016-07-25,18230.1,27.0,625099.0,56
2016-07-26,18230.1,28.0,625099.0,57
2016-07-27,18230.1,29.0,625099.0,58
2016-07-28,18230.1,30.0,625099.0,59
2016-07-29,17025.2,0.0,625099.0,60
2016-08-01,17025.2,3.0,625099.0,63
2016-08-02,17025.2,4.0,625099.0,64
2016-08-03,17025.2,5.0,625099.0,65
2016-08-04,17025.2,6.0,625099.0,66
2016-08-05,17025.2,7.0,625099.0,67
2016-08-08,17025.2,10.0,625099.0,70
2016-08-09,17025.2,11.0,625099.0,71
2016-08-10,17025.2,12.0,625099.0,72
2016-08-11,17025.2,13.0,625099.0,73
2016-08-12,17025.2,14.0,625099.0,74
2016-08-15,17025.2,17.0,625099.0,77
2016-08-16,17025.2,18.0,625099.0,78
2016-08-17,17025.2,19.0,625099.0,79
2016-08-18,17025.2,20.0,625099.0,80
2016-08-19,17025.2,21.0,625099.0,81
2016-08-22,17025.2,24.0,625099.0,84
2016-08-23,17025.2,25.0,625099.0,85
2016-08-24,17025.2,26.0,625099.0,86
2016-08-25,17025.2,27.0,625099.0,87
2016-08-26,18436.5,0.0,625099.0,88
2016-08-29,18436.5,3.0,629697.0,0
2016-08-30,18436.5,4.0,629697.0,1
2016-08-31,18436.5,5.0,629697.0,2
2016-09-01,18436.5,6.0,629697.0,3
2016-09-02,18436.5,7.0,629697.0,4
2016-09-05,18436.5,10.0,629697.0,7
2016-09-06,18436.5,11.0,629697.0,8
2016-09-07,18436.5,12.0,629697.0,9
2016-09-08,18436.5,13.0,629697.0,10
2016-09-09,18436.5,14.0,629697.0,11
2016-09-12,18436.5,17.0,629697.0,14
2016-09-13,18436.5,18.0,629697.0,15
2016-09-14,18436.5,19.0,629697.0,16
2016-09-15,18436.5,20.0,629697.0,17
2016-09-16,18436.5,21.0,629697.0,18
2016-09-19,18436.5,24.0,629697.0,21
2016-09-20,18436.5,25.0,629697.0,22
2016-09-21,18436.5,26.0,629697.0,23
2016-09-22,18436.5,27.0,629697.0,24
2016-09-23,18436.5,28.0,629697.0,25
2016-09-26,18436.5,31.0,629697.0,28
2016-09-27,18436.5,32.0,629697.0,29
2016-09-28,18436.5,33.0,629697.0,30
2016-09-29,18450.1,0.0,629697.0,31
2016-09-30,18450.1,1.0,629697.0,32
2016-10-03,18450.1,4.0,629697.0,35
2016-10-04,18450.1,5.0,629697.0,36
2016-10-05,18450.1,6.0,629697.0,37
2016-10-06,18450.1,7.0,629697.0,38
2016-10-07,18450.1,8.0,629697.0,39
2016-10-10,18450.1,11.0,629697.0,42
2016-10-11,18450.1,12.0,629697.0,43
2016-10-12,18450.1,13.0,629697.0,44
2016-10-13,18450.1,14.0,629697.0,45
2016-10-14,18450.1,15.0,629697.0,46
2016-10-17,18450.1,18.0,629697.0,49
2016-10-18,18450.1,19.0,629697.0,50
2016-10-19,18450.1,20.0,629697.0,51
2016-10-20,18450.1,21.0,629697.0,52
2016-10-21,18450.1,22.0,629697.0,53
2016-10-24,18450.1,25.0,629697.0,56
2016-10-25,18450.1,26.0,629697.0,57
2016-10-26,18450.1,27.0,629697.0,58
2016-10-27,18450.1,28.0,629697.0,59
2016-10-28,18651.2,0.0,629697.0,60
2016-10-31,18651.2,3.0,629697.0,63
2016-11-01,18651.2,4.0,629697.0,64
2016-11-02,18651.2,5.0,629697.0,65
2016-11-03,18651.2,6.0,629697.0,66
2016-11-04,18651.2,7.0,629697.0,67
2016-11-07,18651.2,10.0,629697.0,70
2016-11-08,18651.2,11.0,629697.0,71
2016-11-09,18651.2,12.0,629697.0,72
2016-11-10,18651.2,13.0,629697.0,73
2016-11-11,18651.2,14.0,629697.0,74
2016-11-14,18651.2,17.0,629697.0,77
2016-11-15,18651.2,18.0,629697.0,78
2016-11-16,18651.2,19.0,629697.0,79
2016-11-17,18651.2,20.0,629697.0,80
2016-11-18,18651.2,21.0,629697.0,81
2016-11-21,18651.2,24.0,629697.0,84
2016-11-22,18651.2,25.0,629697.0,85
2016-11-23,18651.2,26.0,629697.0,86
2016-11-24,18651.2,27.0,629697.0,87
2016-11-25,18651.2,28.0,629697.0,88
2016-11-28,18651.2,31.0,629697.0,91
2016-11-29,18657.9,0.0,632477.0,0
2016-11-30,18657.9,1.0,632477.0,1
2016-12-01,18657.9,2.0,632477.0,2
2016-12-02,18657.9,3.0,632477.0,3
2016-12-05,18657.9,6.0,632477.0,6
2016-12-06,18657.9,7.0,632477.0,7
2016-12-07,18657.9,8.0,632477.0,8
2016-12-08,18657.9,9.0,632477.0,9
2016-12-09,18657.9,10.0,632477.0,10
2016-12-12,18657.9,13.0,632477.0,13
2016-12-13,18657.9,14.0,632477.0,14
2016-12-14,18657.9,15.0,632477.0,15
2016-12-15,18657.9,16.0,632477.0,16
2016-12-16,18657.9,17.0,632477.0,17
2016-12-19,18657.9,20.0,632477.0,20
2016-12-20,18657.9,21.0,632477.0,21
2016-12-21,18657.9,22.0,632477.0,22
2016-12-22,18675.3,0.0,632477.0,23
2016-12-23,18675.3,1.0,632477.0,24
2016-12-26,18675.3,4.0,632477.0,27
2016-12-27,18675.3,5.0,632477.0,28
2016-12-28,18675.3,6.0,632477.0,29
2016-12-29,18675.3,7.0,632477.0,30
2016-12-30,18675.3,8.0,632477.0,31
2017-01-02,18675.3,11.0,632477.0,34
2017-01-03,18675.3,12.0,632477.0,35
2017-01-04,18675.3,13.0,632477.0,36
2017-01-05,18675.3,14.0,632477.0,37
2017-01-06,18675.3,15.0,632477.0,38
2017-01-09,18675.3,18.0,632477.0,41
2017-01-10,18675.3,19.0,632477.0,42
2017-01-11,18675.3,20.0,632477.0,43
2017-01-12,18675.3,21.0,632477.0,44
2017-01-13,18675.3,22.0,632477.0,45
2017-01-16,18675.3,25.0,632477.0,48
2017-01-17,18675.3,26.0,632477.0,49
2017-01-18,18675.3,27.0,632477.0,50
2017-01-19,18675.3,28.0,632477.0,51
2017-01-20,18675.3,29.0,632477.0,52
2017-01-23,18675.3,32.0,632477.0,55
2017-01-24,18675.3,33.0,632477.0,56
2017-01-25,18675.3,34.0,632477.0,57
2017-01-26,18675.3,35.0,632477.0,58
2017-01-27,18860.8,0.0,632477.0,59
2017-01-30,18860.8,3.0,632477.0,62
2017-01-31,18860.8,4.0,632477.0,63
2017-02-01,18860.8,5.0,632477.0,64
2017-02-02,18860.8,6.0,632477.0,65
2017-02-03,18860.8,7.0,632477.0,66
2017-02-06,18860.8,10.0,632477.0,69
2017-02-07,18860.8,11.0,632477.0,70
2017-02-08,18860.8,12.0,632477.0,71
2017-02-09,18860.8,13.0,632477.0,72
2017-02-10,18860.8,14.0,632477.0,73
2017-02-13,18860.8,17.0,632477.0,76
2017-02-14,18860.8,18.0,632477.0,77
2017-02-15,18860.8,19.0,632477.0,78
2017-02-16,18860.8,20.0,632477.0,79
2017-02-17,18860.8,21.0,632477.0,80
2017-02-20,18860.8,24.0,632477.0,83
2017-02-21,18860.8,25.0,632477.0,84
2017-02-22,18860.8,26.0,632477.0,85
2017-02-23,18860.8,27.0,632477.0,86
2017-02-24,18860.8,28.0,632477.0,87
2017-02-27,18860.8,31.0,632477.0,90
2017-02-28,18855.5,0.0,632477.0,91
2017-03-01,18855.5,1.0,636392.0,0
2017-03-02,18855.5,2.0,636392.0,1
2017-03-03,18855.5,3.0,636392.0,2
2017-03-06,18855.5,6.0,636392.0,5
2017-03-07,18855.5,7.0,636392.0,6
2017-03-08,18855.5,8.0,636392.0,7
2017-03-09,18855.5,9.0,636392.0,8
2017-03-10,18855.5,10.0,636392.0,9
2017-03-13,18855.5,13.0,636392.0,12
2017-03-14,18855.5,14.0,636392.0,13
2017-03-15,18855.5,15.0,636392.0,14
2017-03-16,18855.5,16.0,636392.0,15
2017-03-17,18855.5,17.0,636392.0,16
2017-03-20,18855.5,20.0,636392.0,19
2017-03-21,18855.5,21.0,636392.0,20
2017-03-22,18855.5,22.0,636392.0,21
2017-03-23,18855.5,23.0,636392.0,22
2017-03-24,18855.5,24.0,636392.0,23
2017-03-27,18855.5,27.0,636392.0,26
2017-03-28,18855.5,28.0,636392.0,27
2017-03-29,18855.5,29.0,636392.0,28
2017-03-30,18869.4,0.0,636392.0,29
2017-03-31,18869.4,1.0,636392.0,30
2017-04-03,18869.4,4.0,636392.0,33
2017-04-04,18869.4,5.0,636392.0,34
2017-04-05,18869.4,6.0,636392.0,35
2017-04-06,18869.4,7.0,636392.0,36
2017-04-07,18869.4,8.0,636392.0,37
2017-04-10,18869.4,11.0,636392.0,40
2017-04-11,18869.4,12.0,636392.0,41
2017-04-12,18869.4,13.0,636392.0,42
2017-04-13,18869.4,14.0,636392.0,43
2017-04-14,18869.4,15.0,636392.0,44
2017-04-17,18869.4,18.0,636392.0,47
2017-04-18,18869.4,19.0,636392.0,48
2017-04-19,18869.4,20.0,636392.0,49
2017-04-20,18869.4,21.0,636392.0,50
2017-04-21,18869.4,22.0,636392.0,51
2017-04-24,18869.4,25.0,636392.0,54
2017-04-25,18869.4,26.0,636392.0,55
2017-04-26,18869.4,27.0,636392.0,56
2017-04-27,18869.4,28.0,636392.0,57
2017-04-28,19007.3,0.0,636392.0,58
2017-05-01,19007.3,3.0,636392.0,61
2017-05-02,19007.3,4.0,636392.0,62
2017-05-03,19007.3,5.0,636392.0,63
2017-05-04,19007.3,6.0,636392.0,64
2017-05-05,19007.3,7.0,636392.0,65
2017-05-08,19007.3,10.0,636392.0,68
2017-05-09,19007.3,11.0,636392.0,69
2017-05-10,19007.3,12.0,636392.0,70
2017-05-11,19007.3,13.0,636392.0,71
2017-05-12,19007.3,14.0,636392.0,72
2017-05-15,19007.3,17.0,636392.0,75
2017-05-16,19007.3,18.0,636392.0,76
2017-05-17,19007.3,19.0,636392.0,77
2017-05-18,19007.3,20.0,636392.0,78
2017-05-19,19007.3,21.0,636392.0,79
2017-05-22,19007.3,24.0,636392.0,82
2017-05-23,19007.3,25.0,636392.0,83
2017-05-24,19007.3,26.0,636392.0,84
2017-05-25,19007.3,27.0,636392.0,85
2017-05-26,19027.6,0.0,636392.0,86
2017-05-29,19027.6,3.0,636392.0,89
2017-05-30,19027.6,4.0,642463.0,0
2017-05-31,19027.6,5.0,642463.0,1
2017-06-01,19027.6,6.0,642463.0,2
2017-06-02,19027.6,7.0,642463.0,3
2017-06-05,19027.6,10.0,642463.0,6
2017-06-06,19027.6,11.0,642463.0,7
2017-06-07,19027.6,12.0,642463.0,8
2017-06-08,19027.6,13.0,642463.0,9
2017-06-09,19027.6,14.0,642463.0,10
2017-06-12,19027.6,17.0,642463.0,13
2017-06-13,19027.6,18.0,642463.0,14
2017-06-14,19027.6,19.0,642463.0,15
2017-06-15,19027.6,20.0,642463.0,16
2017-06-16,19027.6,21.0,642463.0,17
2017-06-19,19027.6,24.0,642463.0,20
2017-06-20,19027.6,25.0,642463.0,21
2017-06-21,19027.6,26.0,642463.0,22
2017-06-22,19027.6,27.0,642463.0,23
2017-06-23,19027.6,28.0,642463.0,24
2017-06-26,19027.6,31.0,642463.0,27
2017-06-27,19027.6,32.0,642463.0,28
2017-06-28,19027.6,33.0,642463.0,29
2017-06-29,19027.1,0.0,642463.0,30
2017-06-30,19027.1,1.0,642463.0,31
2017-07-03,19027.1,4.0,642463.0,34
2017-07-04,19027.1,5.0,642463.0,35
2017-07-05,19027.1,6.0,642463.0,36
2017-07-06,19027.1,7.0,642463.0,37
2017-07-07,19027.1,8.0,642463.0,38
2017-07-10,19027.1,11.0,642463.0,41
2017-07-11,19027.1,12.0,642463.0,42
2017-07-12,19027.1,13.0,642463.0,43
2017-07-13,19027.1,14.0,642463.0,44
2017-07-14,19027.1,15.0,642463.0,45
2017-07-17,19027.1,18.0,642463.0,48
2017-07-18,19027.1,19.0,642463.0,49
2017-07-19,19027.1,20.0,642463.0,50
2017-07-20,19027.1,21.0,642463.0,51
2017-07-21,19027.1,22.0,642463.0,52
2017-07-24,19027.1,25.0,642463.0,55
2017-07-25,19027.1,26.0,642463.0,56
2017-07-26,19027.1,27.0,642463.0,57
2017-07-27,19027.1,28.0,642463.0,58
2017-07-28,18729.1,0.0,642463.0,59
2017-07-31,18729.1,3.0,642463.0,62
2017-08-01,18729.1,4.0,642463.0,63
2017-08-02,18729.1,5.0,642463.0,64
2017-08-03,18729.1,6.0,642463.0,65
2017-08-04,18729.1,7.0,642463.0,66
2017-08-07,18729.1,10.0,642463.0,69
2017-08-08,18729.1,11.0,642463.0,70
2017-08-09,18729.1,12.0,642463.0,71
2017-08-10,18729.1,13.0,642463.0,72
2017-08-11,18729.1,14.0,642463.0,73
2017-08-14,18729.1,17.0,642463.0,76
2017-08-15,18729.1,18.0,642463.0,77
2017-08-16,18729.1,19.0,642463.0,78
2017-08-17,18729.1,20.0,642463.0,79
2017-08-18,18729.1,21.0,642463.0,80
2017-08-21,18729.1,24.0,642463.0,83
2017-08-22,18729.1,25.0,642463.0,84
2017-08-23,18729.1,26.0,642463.0,85
2017-08-24,18729.1,27.0,642463.0,86
2017-08-25,18729.1,28.0,642463.0,87
2017-08-28,18729.1,31.0,642463.0,90
2017-08-29,18729.1,32.0,647944.0,0
2017-08-30,19246.7,0.0,647944.0,1
2017-08-31,19246.7,1.0,647944.0,2
2017-09-01,19246.7,2.0,647944.0,3
2017-09-04,19246.7,5.0,647944.0,6
2017-09-05,19246.7,6.0,647944.0,7
2017-09-06,19246.7,7.0,647944.0,8
2017-09-07,19246.7,8.0,647944.0,9
2017-09-08,19246.7,9.0,647944.0,10
2017-09-11,19246.7,12.0,647944.0,13
2017-09-12,19246.7,13.0,647944.0,14
2017-09-13,19246.7,14.0,647944.0,15
2017-09-14,19246.7,15.0,647944.0,16
2017-09-15,19246.7,16.0,647944.0,17
2017-09-18,19246.7,19.0,647944.0,20
2017-09-19,19246.7,20.0,647944.0,21
2017-09-20,19246.7,21.0,647944.0,22
2017-09-21,19246.7,22.0,647944.0,23
2017-09-22,19246.7,23.0,647944.0,24
2017-09-25,19246.7,26.0,647944.0,27
2017-09-26,19246.7,27.0,647944.0,28
2017-09-27,19246.7,28.0,647944.0,29
2017-09-28,19250.0,0.0,647944.0,30
2017-09-29,19250.0,1.0,647944.0,31
2017-10-02,19250.0,4.0,647944.0,34
2017-10-03,19250.0,5.0,647944.0,35
2017-10-04,19250.0,6.0,647944.0,36
2017-10-05,19250.0,7.0,647944.0,37
2017-10-06,19250.0,8.0,647944.0,38
2017-10-09,19250.0,11.0,647944.0,41
2017-10-10,19250.0,12.0,647944.0,42
2017-10-11,19250.0,13.0,647944.0,43
2017-10-12,19250.0,14.0,647944.0,44
2017-10-13,19250.0,15.0,647944.0,45
2017-10-16,19250.0,18.0,647944.0,48
2017-10-17,19250.0,19.0,647944.0,49
2017-10-18,19250.0,20.0,647944.0,50
2017-10-19,19250.0,21.0,647944.0,51
2017-10-20,19250.0,22.0,647944.0,52
2017-10-23,19250.0,25.0,647944.0,55
2017-10-24,19250.0,26.0,647944.0,56
2017-10-25,19250.0,27.0,647944.0,57
2017-10-26,19250.0,28.0,647944.0,58
2017-10-27,19057.705,0.0,647944.0,59
2017-10-30,19057.705,3.0,647944.0,62
2017-10-31,19057.705,4.0,647944.0,63
2017-11-01,19057.705,5.0,647944.0,64
2017-11-02,19057.705,6.0,647944.0,65
2017-11-03,19057.705,7.0,647944.0,66
2017-11-06,19057.705,10.0,647944.0,69
2017-11-07,19057.705,11.0,647944.0,70
2017-11-08,19057.705,12.0,647944.0,71
2017-11-09,19057.705,13.0,647944.0,72
2017-11-10,19057.705,14.0,647944.0,73
2017-11-13,19057.705,17.0,647944.0,76
2017-11-14,19057.705,18.0,647944.0,77
2017-11-15,19057.705,19.0,647944.0,78
2017-11-16,19057.705,20.0,647944.0,79
2017-11-17,19057.705,21.0,647944.0,80
2017-11-20,19057.705,24.0,647944.0,83
2017-11-21,19057.705,25.0,647944.0,84
2017-11-22,19057.705,26.0,647944.0,85
2017-11-23,19057.705,27.0,647944.0,86
2017-11-24,19057.705,28.0,647944.0,87
2017-11-27,19057.705,31.0,647944.0,90
2017-11-28,19057.705,32.0,647944.0,91
2017-11-29,19508.986,0.0,652329.0,0
2017-11-30,19508.986,1.0,652329.0,1
2017-12-01,19508.986,2.0,652329.0,2
2017-12-04,19508.986,5.0,652329.0,5
2017-12-05,19508.986,6.0,652329.0,6
2017-12-06,19508.986,7.0,652329.0,7
2017-12-07,19508.986,8.0,652329.0,8
2017-12-08,19508.986,9.0,652329.0,9
2017-12-11,19508.986,12.0,652329.0,12
2017-12-12,19508.986,13.0,652329.0,13
2017-12-13,19508.986,14.0,652329.0,14
2017-12-14,19508.986,15.0,652329.0,15
2017-12-15,19508.986,16.0,652329.0,16
2017-12-18,19508.986,19.0,652329.0,19
2017-12-19,19508.986,20.0,652329.0,20
2017-12-20,19508.986,21.0,652329.0,21
2017-12-21,19500.602,0.0,652329.0,22
2017-12-22,19500.602,1.0,652329.0,23
2017-12-25,19500.602,4.0,652329.0,26
2017-12-26,19500.602,5.0,652329.0,27
2017-12-27,19500.602,6.0,652329.0,28
2017-12-28,19500.602,7.0,652329.0,29
2017-12-29,19500.602,8.0,652329.0,30
2018-01-01,19500.602,11.0,652329.0,33
2018-01-02,19500.602,12.0,652329.0,34
2018-01-03,19500.602,13.0,652329.0,35
2018-01-04,19500.602,14.0,652329.0,36
2018-01-05,19500.602,15.0,652329.0,37
2018-01-08,18287.226,1.0,652329.0,40
2018-01-09,18287.226,2.0,652329.0,41
2018-01-10,18287.226,3.0,652329.0,42
2018-01-11,18287.226,4.0,652329.0,43
2018-01-12,18287.226,5.0,652329.0,44
2018-01-15,18287.226,8.0,652329.0,47
2018-01-16,18287.226,9.0,652329.0,48
2018-01-17,18287.226,10.0,652329.0,49
2018-01-18,18287.226,11.0,652329.0,50
2018-01-19,18287.226,12.0,652329.0,51
2018-01-22,18287.226,15.0,652329.0,54
2018-01-23,18287.226,16.0,652329.0,55
2018-01-24,18287.226,17.0,652329.0,56
2018-01-25,18287.226,18.0,652329.0,57
2018-01-26,19738.887,0.0,652329.0,58
2018-01-29,19738.887,3.0,652329.0,61
2018-01-30,19738.887,4.0,652329.0,62
2018-01-31,19738.887,5.0,652329.0,63
2018-02-01,19738.887,6.0,652329.0,64
2018-02-02,19738.887,7.0,652329.0,65
2018-02-05,19738.887,10.0,652329.0,68
2018-02-06,19738.887,11.0,652329.0,69
2018-02-07,19738.887,12.0,652329.0,70
2018-02-08,19738.887,13.0,652329.0,71
2018-02-09,19738.887,14.0,652329.0,72
2018-02-12,19738.887,17.0,652329.0,75
2018-02-13,19738.887,18.0,652329.0,76
2018-02-14,19738.887,19.0,652329.0,77
2018-02-15,19738.887,20.0,652329.0,78
2018-02-16,19738.887,21.0,652329.0,79
2018-02-19,19738.887,24.0,652329.0,82
2018-02-20,19738.887,25.0,652329.0,83
2018-02-21,19738.887,26.0,652329.0,84
2018-02-22,19738.887,27.0,652329.0,85
2018-02-23,19738.887,28.0,652329.0,86
2018-02-26,19738.887,31.0,652329.0,89
2018-02-27,19738.887,32.0,652329.0,90
2018-02-28,19736.491,0.0,652329.0,91
2018-03-01,19736.491,1.0,657225.0,0
2018-03-02,19736.491,2.0,657225.0,1
2018-03-05,19736.491,5.0,657225.0,4
2018-03-06,19736.491,6.0,657225.0,5
2018-03-07,19736.491,7.0,657225.0,6
2018-03-08,19736.491,8.0,657225.0,7
2018-03-09,19736.491,9.0,657225.0,8
2018-03-12,19736.491,12.0,657225.0,11
2018-03-13,19736.491,13.0,657225.0,12
2018-03-14,19736.491,14.0,657225.0,13
2018-03-15,19736.491,15.0,657225.0,14
2018-03-16,19736.491,16.0,657225.0,15
2018-03-19,19736.491,19.0,657225.0,18
2018-03-20,19736.491,20.0,657225.0,19
2018-03-21,19736.491,21.0,657225.0,20
2018-03-22,19736.491,22.0,657225.0,21
2018-03-23,19736.491,23.0,657225.0,22
2018-03-26,19736.491,26.0,657225.0,25
2018-03-27,19736.491,27.0,657225.0,26
2018-03-28,19754.102,0.0,657225.0,27
2018-03-29,19754.102,1.0,657225.0,28
2018-03-30,19754.102,2.0,657225.0,29
2018-04-02,19754.102,5.0,657225.0,32
2018-04-03,19754.102,6.0,657225.0,33
2018-04-04,19754.102,7.0,657225.0,34
2018-04-05,19754.102,8.0,657225.0,35
2018-04-06,19754.102,9.0,657225.0,36
2018-04-09,19754.102,12.0,657225.0,39
2018-04-10,19754.102,13.0,657225.0,40
2018-04-11,19754.102,14.0,657225.0,41
2018-04-12,19754.102,15.0,657225.0,42
2018-04-13,19754.102,16.0,657225.0,43
2018-04-16,19754.102,19.0,657225.0,46
2018-04-17,19754.102,20.0,657225.0,47
2018-04-18,19754.102,21.0,657225.0,48
2018-04-19,19754.102,22.0,657225.0,49
2018-04-20,19754.102,23.0,657225.0,50
2018-04-23,19754.102,26.0,657225.0,53
2018-04-24,19754.102,27.0,657225.0,54
2018-04-25,19754.102,28.0,657225.0,55
2018-04-26,19754.102,29.0,657225.0,56
2018-04-27,19965.326,0.0,657225.0,57
2018-04-30,19965.326,3.0,657225.0,60
2018-05-01,19965.326,4.0,657225.0,61
2018-05-02,19965.326,5.0,657225.0,62
2018-05-03,19965.326,6.0,657225.0,63
2018-05-04,19965.326,7.0,657225.0,64
2018-05-07,19965.326,10.0,657225.0,67
2018-05-08,19965.326,11.0,657225.0,68
2018-05-09,19965.326,12.0,657225.0,69
2018-05-10,19965.326,13.0,657225.0,70
2018-05-11,19965.326,14.0,657225.0,71
2018-05-14,19965.326,17.0,657225.0,74
2018-05-15,19965.326,18.0,657225.0,75
2018-05-16,19965.326,19.0,657225.0,76
2018-05-17,19965.326,20.0,657225.0,77
2018-05-18,19965.326,21.0,657225.0,78
2018-05-21,19965.326,24.0,657225.0,81
2018-05-22,19965.326,25.0,657225.0,82
2018-05-23,19965.326,26.0,657225.0,83
2018-05-24,19965.326,27.0,657225.0,84
2018-05-25,19965.326,28.0,657225.0,85
2018-05-28,19965.326,31.0,657225.0,88
2018-05-29,19965.326,32.0,657225.0,89
2018-05-30,19956.811,0.0,657741.0,0
2018-05-31,19956.811,1.0,657741.0,1
2018-06-01,19956.811,2.0,657741.0,2
2018-06-04,19956.811,5.0,657741.0,5
2018-06-05,19956.811,6.0,657741.0,6
2018-06-06,19956.811,7.0,657741.0,7
2018-06-07,19956.811,8.0,657741.0,8
2018-06-08,19956.811,9.0,657741.0,9
2018-06-11,19956.811,12.0,657741.0,12
2018-06-12,19956.811,13.0,657741.0,13
2018-06-13,19956.811,14.0,657741.0,14
2018-06-14,19956.811,15.0,657741.0,15
2018-06-15,19956.811,16.0,657741.0,16
2018-06-18,19956.811,19.0,657741.0,19
2018-06-19,19956.811,20.0,657741.0,20
2018-06-20,19956.811,21.0,657741.0,21
2018-06-21,19956.811,22.0,657741.0,22
2018-06-22,19956.811,23.0,657741.0,23
2018-06-25,19956.811,26.0,657741.0,26
2018-06-26,19956.811,27.0,657741.0,27
2018-06-27,19956.811,28.0,657741.0,28
2018-06-28,19960.097,0.0,657741.0,29
2018-06-29,19960.097,1.0,657741.0,30
2018-07-02,19960.097,4.0,657741.0,33
2018-07-03,19960.097,5.0,657741.0,34
2018-07-04,19960.097,6.0,657741.0,35
2018-07-05,19960.097,7.0,657741.0,36
2018-07-06,19960.097,8.0,657741.0,37
2018-07-09,19960.097,11.0,657741.0,40
2018-07-10,19960.097,12.0,657741.0,41
2018-07-11,19960.097,13.0,657741.0,42
2018-07-12,19960.097,14.0,657741.0,43
2018-07-13,19960.097,15.0,657741.0,44
2018-07-16,19960.097,18.0,657741.0,47
2018-07-17,19960.097,19.0,657741.0,48
2018-07-18,19960.097,20.0,657741.0,49
2018-07-19,19960.097,21.0,657741.0,50
2018-07-20,19960.097,22.0,657741.0,51
2018-07-23,19960.097,25.0,657741.0,54
2018-07-24,19960.097,26.0,657741.0,55
2018-07-25,19960.097,27.0,657741.0,56
2018-07-26,19960.097,28.0,657741.0,57
2018-07-27,17719.836,0.0,657741.0,58
2018-07-30,17719.836,3.0,657741.0,61
2018-07-31,17719.836,4.0,657741.0,62
2018-08-01,17719.836,5.0,657741.0,63
2018-08-02,17719.836,6.0,657741.0,64
2018-08-03,17719.836,7.0,657741.0,65
2018-08-06,17719.836,10.0,657741.0,68
2018-08-07,17719.836,11.0,657741.0,69
2018-08-08,17719.836,12.0,657741.0,70
2018-08-09,17719.836,13.0,657741.0,71
2018-08-10,17719.836,14.0,657741.0,72
2018-08-13,17719.836,17.0,657741.0,75
2018-08-14,17719.836,18.0,657741.0,76
2018-08-15,17719.836,19.0,657741.0,77
2018-08-16,17719.836,20.0,657741.0,78
2018-08-17,17719.836,21.0,657741.0,79
2018-08-20,17719.836,24.0,657741.0,82
2018-08-21,17719.836,25.0,657741.0,83
2018-08-22,17719.836,26.0,657741.0,84
2018-08-23,17719.836,27.0,657741.0,85
2018-08-24,17719.836,28.0,657741.0,86
2018-08-27,17719.836,31.0,657741.0,89
2018-08-28,17719.836,32.0,657741.0,90
2018-08-29,20411.87,0.0,659172.0,0
2018-08-30,20411.87,1.0,659172.0,1
2018-08-31,20411.87,2.0,659172.0,2
2018-09-03,20411.87,5.0,659172.0,5
2018-09-04,20411.87,6.0,659172.0,6
2018-09-05,20411.87,7.0,659172.0,7
2018-09-06,20411.87,8.0,659172.0,8
2018-09-07,20411.87,9.0,659172.0,9
2018-09-10,20411.87,12.0,659172.0,12
2018-09-11,20411.87,13.0,659172.0,13
2018-09-12,20411.87,14.0,659172.0,14
2018-09-13,20411.87,15.0,659172.0,15
2018-09-14,20411.87,16.0,659172.0,16
2018-09-17,20411.87,19.0,659172.0,19
2018-09-18,20411.87,20.0,659172.0,20
2018-09-19,20411.87,21.0,659172.0,21
2018-09-20,20411.87,22.0,659172.0,22
2018-09-21,20411.87,23.0,659172.0,23
2018-09-24,20411.87,26.0,659172.0,26
2018-09-25,20411.87,27.0,659172.0,27
2018-09-26,20411.87,28.0,659172.0,28
2018-09-27,20411.924,0.0,659172.0,29
2018-09-28,20411.924,1.0,659172.0,30
2018-10-01,20411.924,4.0,659172.0,33
2018-10-02,20411.924,5.0,659172.0,34
2018-10-03,20411.924,6.0,659172.0,35
2018-10-04,20411.924,7.0,659172.0,36
2018-10-05,20411.924,8.0,659172.0,37
2018-10-08,20411.924,11.0,659172.0,40
2018-10-09,20411.924,12.0,659172.0,41
2018-10-10,20411.924,13.0,659172.0,42
2018-10-11,20411.924,14.0,659172.0,43
2018-10-12,20411.924,15.0,659172.0,44
2018-10-15,20411.924,18.0,659172.0,47
2018-10-16,20411.924,19.0,659172.0,48
2018-10-17,20411.924,20.0,659172.0,49
2018-10-18,20411.924,21.0,659172.0,50
2018-10-19,20411.924,22.0,659172.0,51
2018-10-22,20411.924,25.0,659172.0,54
2018-10-23,20411.924,26.0,659172.0,55
2018-10-24,20411.924,27.0,659172.0,56
2018-10-25,20411.924,28.0,659172.0,57
2018-10-26,20659.029,0.0,659172.0,58
2018-10-29,20659.029,3.0,659172.0,61
2018-10-30,20659.029,4.0,659172.0,62
2018-10-31,20659.029,5.0,659172.0,63
2018-11-01,20659.029,6.0,659172.0,64
2018-11-02,20659.029,7.0,659172.0,65
2018-11-05,20659.029,10.0,659172.0,68
2018-11-06,20659.029,11.0,659172.0,69
2018-11-07,20659.029,12.0,659172.0,70
2018-11-08,20659.029,13.0,659172.0,71
2018-11-09,20659.029,14.0,659172.0,72
2018-11-12,20659.029,17.0,659172.0,75
2018-11-13,20659.029,18.0,659172.0,76
2018-11-14,20659.029,19.0,659172.0,77
2018-11-15,20659.029,20.0,659172.0,78
2018-11-16,20659.029,21.0,659172.0,79
2018-11-19,20659.029,24.0,659172.0,82
2018-11-20,20659.029,25.0,659172.0,83
2018-11-21,20659.029,26.0,659172.0,84
2018-11-22,20659.029,27.0,659172.0,85
2018-11-23,20659.029,28.0,659172.0,86
2018-11-26,20659.029,31.0,659172.0,89
2018-11-27,20659.029,32.0,659172.0,90
2018-11-28,20660.34,0.0,659172.0,91
2018-11-29,20660.34,1.0,661262.0,0
2018-11-30,20660.34,2.0,661262.0,1
2018-12-03,20660.34,5.0,661262.0,4
2018-12-04,20660.34,6.0,661262.0,5
2018-12-05,20660.34,7.0,661262.0,6
2018-12-06,20660.34,8.0,661262.0,7
2018-12-07,20660.34,9.0,661262.0,8
2018-12-10,20660.34,12.0,661262.0,11
2018-12-11,20660.34,13.0,661262.0,12
2018-12-12,20660.34,14.0,661262.0,13
2018-12-13,20660.34,15.0,661262.0,14
2018-12-14,20660.34,16.0,661262.0,15
2018-12-17,20660.34,19.0,661262.0,18
2018-12-18,20660.34,20.0,661262.0,19
2018-12-19,20660.34,21.0,661262.0,20
2018-12-20,20660.34,22.0,661262.0,21
2018-12-21,20658.204,0.0,661262.0,22
2018-12-24,20658.204,3.0,661262.0,25
2018-12-25,20658.204,4.0,661262.0,26
2018-12-26,20658.204,5.0,661262.0,27
2018-12-27,20658.204,6.0,661262.0,28
2018-12-28,20658.204,7.0,661262.0,29
2018-12-31,20658.204,10.0,661262.0,32
2019-01-01,20658.204,11.0,661262.0,33
2019-01-02,20658.204,12.0,661262.0,34
2019-01-03,20658.204,13.0,661262.0,35
2019-01-04,20658.204,14.0,661262.0,36
2019-01-07,20658.204,17.0,661262.0,39
2019-01-08,20658.204,18.0,661262.0,40
2019-01-09,20658.204,19.0,661262.0,41
2019-01-10,20658.204,20.0,661262.0,42
2019-01-11,20658.204,21.0,661262.0,43
2019-01-14,20658.204,24.0,661262.0,46
2019-01-15,20658.204,25.0,661262.0,47
2019-01-16,20658.204,26.0,661262.0,48
2019-01-17,20658.204,27.0,661262.0,49
2019-01-18,20658.204,28.0,661262.0,50
2019-01-21,20658.204,31.0,661262.0,53
2019-01-22,20658.204,32.0,661262.0,54
2019-01-23,20658.204,33.0,661262.0,55
2019-01-24,20658.204,34.0,661262.0,56
2019-01-25,20658.204,35.0,661262.0,57
2019-01-28,20658.204,38.0,661262.0,60
2019-01-29,20658.204,39.0,661262.0,61
2019-01-30,20658.204,40.0,661262.0,62
2019-01-31,20658.204,41.0,661262.0,63
2019-02-01,20658.204,42.0,661262.0,64
2019-02-04,20658.204,45.0,661262.0,67
2019-02-05,20658.204,46.0,661262.0,68
2019-02-06,20658.204,47.0,661262.0,69
2019-02-07,20658.204,48.0,661262.0,70
2019-02-08,20658.204,49.0,661262.0,71
2019-02-11,20658.204,52.0,661262.0,74
2019-02-12,20658.204,53.0,661262.0,75
2019-02-13,20658.204,54.0,661262.0,76
2019-02-14,20658.204,55.0,661262.0,77
2019-02-15,20658.204,56.0,661262.0,78
2019-02-18,20658.204,59.0,661262.0,81
2019-02-19,20658.204,60.0,661262.0,82
2019-02-20,20658.204,61.0,661262.0,83
2019-02-21,20658.204,62.0,661262.0,84
2019-02-22,20658.204,63.0,661262.0,85
2019-02-25,20658.204,66.0,661262.0,88
2019-02-26,20658.204,67.0,661262.0,89
2019-02-27,20658.204,68.0,661262.0,90
2019-02-28,20891.367,0.0,661262.0,91
2019-03-01,20891.367,1.0,662120.0,0
2019-03-04,20891.367,4.0,662120.0,3
2019-03-05,20891.367,5.0,662120.0,4
2019-03-06,20891.367,6.0,662120.0,5
2019-03-07,20891.367,7.0,662120.0,6
2019-03-08,20891.367,8.0,662120.0,7
2019-03-11,20891.367,11.0,662120.0,10
2019-03-12,20891.367,12.0,662120.0,11
2019-03-13,20891.367,13.0,662120.0,12
2019-03-14,20891.367,14.0,662120.0,13
2019-03-15,20891.367,15.0,662120.0,14
2019-03-18,20891.367,18.0,662120.0,17
2019-03-19,20891.367,19.0,662120.0,18
2019-03-20,20891.367,20.0,662120.0,19
2019-03-21,20891.367,21.0,662120.0,20
2019-03-22,20891.367,22.0,662120.0,21
2019-03-25,20891.367,25.0,662120.0,24
2019-03-26,20891.367,26.0,662120.0,25
2019-03-27,20891.367,27.0,662120.0,26
2019-03-28,20865.14,0.0,662120.0,27
2019-03-29,20865.14,1.0,662120.0,28
2019-04-01,20865.14,4.0,662120.0,31
2019-04-02,20865.14,5.0,662120.0,32
2019-04-03,20865.14,6.0,662120.0,33
2019-04-04,20865.14,7.0,662120.0,34
2019-04-05,20865.14,8.0,662120.0,35
2019-04-08,20865.14,11.0,662120.0,38
2019-04-09,20865.14,12.0,662120.0,39
2019-04-10,20865.14,13.0,662120.0,40
2019-04-11,20865.14,14.0,662120.0,41
2019-04-12,20865.14,15.0,662120.0,42
2019-04-15,20865.14,18.0,662120.0,45
2019-04-16,20865.14,19.0,662120.0,46
2019-04-17,20865.14,20.0,662120.0,47
2019-04-18,20865.14,21.0,662120.0,48
2019-04-19,20865.14,22.0,662120.0,49
2019-04-22,20865.14,25.0,662120.0,52
2019-04-23,20865.14,26.0,662120.0,53
2019-04-24,20865.14,27.0,662120.0,54
2019-04-25,20865.14,28.0,662120.0,55
2019-04-26,21062.691,0.0,662120.0,56
2019-04-29,21062.691,3.0,662120.0,59
2019-04-30,21062.691,4.0,662120.0,60
2019-05-01,21062.691,5.0,662120.0,61
2019-05-02,21062.691,6.0,662120.0,62
2019-05-03,21062.691,7.0,662120.0,63
2019-05-06,21062.691,10.0,662120.0,66
2019-05-07,21062.691,11.0,662120.0,67
2019-05-08,21062.691,12.0,662120.0,68
2019-05-09,21062.691,13.0,662120.0,69
2019-05-10,21062.691,14.0,662120.0,70
2019-05-13,21062.691,17.0,662120.0,73
2019-05-14,21062.691,18.0,662120.0,74
2019-05-15,21062.691,19.0,662120.0,75
2019-05-16,21062.691,20.0,662120.0,76
2019-05-17,21062.691,21.0,662120.0,77
2019-05-20,21062.691,24.0,662120.0,80
2019-05-21,21062.691,25.0,662120.0,81
2019-05-22,21062.691,26.0,662120.0,82
2019-05-23,21062.691,27.0,662120.0,83
2019-05-24,21062.691,28.0,662120.0,84
2019-05-27,21062.691,31.0,662120.0,87
2019-05-28,21062.691,32.0,662120.0,88
2019-05-29,21062.691,33.0,662120.0,89
2019-05-30,21048.839,0.0,665456.0,0
2019-05-31,21048.839,1.0,665456.0,1
2019-06-03,21048.839,4.0,665456.0,4
2019-06-04,21048.839,5.0,665456.0,5
2019-06-05,21048.839,6.0,665456.0,6
2019-06-06,21048.839,7.0,665456.0,7
2019-06-07,21048.839,8.0,665456.0,8
2019-06-10,21048.839,11.0,665456.0,11
2019-06-11,21048.839,12.0,665456.0,12
2019-06-12,21048.839,13.0,665456.0,13
2019-06-13,21048.839,14.0,665456.0,14
2019-06-14,21048.839,15.0,665456.0,15
2019-06-17,21048.839,18.0,665456.0,18
2019-06-18,21048.839,19.0,665456.0,19
2019-06-19,21048.839,20.0,665456.0,20
2019-06-20,21048.839,21.0,665456.0,21
2019-06-21,21048.839,22.0,665456.0,22
2019-06-24,21048.839,25.0,665456.0,25
2019-06-25,21048.839,26.0,665456.0,26
2019-06-26,21048.839,27.0,665456.0,27
2019-06-27,21060.062,0.0,665456.0,28
2019-06-28,21060.062,1.0,665456.0,29
2019-07-01,21060.062,4.0,665456.0,32
2019-07-02,21060.062,5.0,665456.0,33
2019-07-03,21060.062,6.0,665456.0,34
2019-07-04,21060.062,7.0,665456.0,35
2019-07-05,21060.062,8.0,665456.0,36
2019-07-08,21060.062,11.0,665456.0,39
2019-07-09,21060.062,12.0,665456.0,40
2019-07-10,21060.062,13.0,665456.0,41
2019-07-11,21060.062,14.0,665456.0,42
2019-07-12,21060.062,15.0,665456.0,43
2019-07-15,21060.062,18.0,665456.0,46
2019-07-16,21060.062,19.0,665456.0,47
2019-07-17,21060.062,20.0,665456.0,48
2019-07-18,21060.062,21.0,665456.0,49
2019-07-19,21060.062,22.0,665456.0,50
2019-07-22,21060.062,25.0,665456.0,53
2019-07-23,21060.062,26.0,665456.0,54
2019-07-24,21060.062,27.0,665456.0,55
2019-07-25,21060.062,28.0,665456.0,56
2019-07-26,20510.177,0.0,665456.0,57
2019-07-29,20510.177,3.0,665456.0,60
2019-07-30,20510.177,4.0,665456.0,61
2019-07-31,20510.177,5.0,665456.0,62
2019-08-01,20510.177,6.0,665456.0,63
2019-08-02,20510.177,7.0,665456.0,64
2019-08-05,20510.177,10.0,665456.0,67
2019-08-06,20510.177,11.0,665456.0,68
2019-08-07,20510.177,12.0,665456.0,69
2019-08-08,20510.177,13.0,665456.0,70
2019-08-09,20510.177,14.0,665456.0,71
2019-08-12,20510.177,17.0,665456.0,74
2019-08-13,20510.177,18.0,665456.0,75
2019-08-14,20510.177,19.0,665456.0,76
2019-08-15,20510.177,20.0,665456.0,77
2019-08-16,20510.177,21.0,665456.0,78
2019-08-19,20510.177,24.0,665456.0,81
2019-08-20,20510.177,25.0,665456.0,82
2019-08-21,20510.177,26.0,665456.0,83
2019-08-22,20510.177,27.0,665456.0,84
2019-08-23,20510.177,28.0,665456.0,85
2019-08-26,20510.177,31.0,665456.0,88
2019-08-27,20510.177,32.0,665456.0,89
2019-08-28,20510.177,33.0,665456.0,90
2019-08-29,21339.121,0.0,666875.0,0
2019-08-30,21339.121,1.0,666875.0,1
2019-09-02,21339.121,4.0,666875.0,4
2019-09-03,21339.121,5.0,666875.0,5
2019-09-04,21339.121,6.0,666875.0,6
2019-09-05,21339.121,7.0,666875.0,7
2019-09-06,21339.121,8.0,666875.0,8
2019-09-09,21339.121,11.0,666875.0,11
2019-09-10,21339.121,12.0,666875.0,12
2019-09-11,21339.121,13.0,666875.0,13
2019-09-12,21339.121,14.0,666875.0,14
2019-09-13,21339.121,15.0,666875.0,15
2019-09-16,21339.121,18.0,666875.0,18
2019-09-17,21339.121,19.0,666875.0,19
2019-09-18,21339.121,20.0,666875.0,20
2019-09-19,21339.121,21.0,666875.0,21
2019-09-20,21339.121,22.0,666875.0,22
2019-09-23,21339.121,25.0,666875.0,25
2019-09-24,21339.121,26.0,666875.0,26
2019-09-25,21339.121,27.0,666875.0,27
2019-09-26,21340.267,0.0,666875.0,28
2019-09-27,21340.267,1.0,666875.0,29
2019-09-30,21340.267,4.0,666875.0,32
2019-10-01,21340.267,5.0,666875.0,33
2019-10-02,21340.267,6.0,666875.0,34
2019-10-03,21340.267,7.0,666875.0,35
2019-10-04,21340.267,8.0,666875.0,36
2019-10-07,21340.267,11.0,666875.0,39
2019-10-08,21340.267,12.0,666875.0,40
2019-10-09,21340.267,13.0,666875.0,41
2019-10-10,21340.267,14.0,666875.0,42
2019-10-11,21340.267,15.0,666875.0,43
2019-10-14,21340.267,18.0,666875.0,46
2019-10-15,21340.267,19.0,666875.0,47
2019-10-16,21340.267,20.0,666875.0,48
2019-10-17,21340.267,21.0,666875.0,49
2019-10-18,21340.267,22.0,666875.0,50
2019-10-21,21340.267,25.0,666875.0,53
2019-10-22,21340.267,26.0,666875.0,54
2019-10-23,21340.267,27.0,666875.0,55
2019-10-24,21340.267,28.0,666875.0,56
2019-10-25,21340.267,29.0,666875.0,57
2019-10-28,21340.267,32.0,666875.0,60
2019-10-29,21340.267,33.0,666875.0,61
2019-10-30,21525.819,0.0,666875.0,62
2019-10-31,21525.819,1.0,666875.0,63
2019-11-01,21525.819,2.0,666875.0,64
2019-11-04,21525.819,5.0,666875.0,67
2019-11-05,21525.819,6.0,666875.0,68
2019-11-06,21525.819,7.0,666875.0,69
2019-11-07,21525.819,8.0,666875.0,70
2019-11-08,21525.819,9.0,666875.0,71
2019-11-11,21525.819,12.0,666875.0,74
2019-11-12,21525.819,13.0,666875.0,75
2019-11-13,21525.819,14.0,666875.0,76
2019-11-14,21525.819,15.0,666875.0,77
2019-11-15,21525.819,16.0,666875.0,78
2019-11-18,21525.819,19.0,666875.0,81
2019-11-19,21525.819,20.0,666875.0,82
2019-11-20,21525.819,21.0,666875.0,83
2019-11-21,21525.819,22.0,666875.0,84
2019-11-22,21525.819,23.0,666875.0,85
2019-11-25,21525.819,26.0,666875.0,88
2019-11-26,21525.819,27.0,666875.0,89
2019-11-27,21542.104,0.0,666875.0,90
2019-11-28,21542.104,1.0,666875.0,91
2019-11-29,21542.104,2.0,670547.0,0
2019-12-02,21542.104,5.0,670547.0,3
2019-12-03,21542.104,6.0,670547.0,4
2019-12-04,21542.104,7.0,670547.0,5
2019-12-05,21542.104,8.0,670547.0,6
2019-12-06,21542.104,9.0,670547.0,7
2019-12-09,21542.104,12.0,670547.0,10
2019-12-10,21542.104,13.0,670547.0,11
2019-12-11,21542.104,14.0,670547.0,12
2019-12-12,21542.104,15.0,670547.0,13
2019-12-13,21542.104,16.0,670547.0,14
2019-12-16,21542.104,19.0,670547.0,17
2019-12-17,21542.104,20.0,670547.0,18
2019-12-18,21542.104,21.0,670547.0,19
2019-12-19,21542.104,22.0,670547.0,20
2019-12-20,21542.54,0.0,670547.0,21
2019-12-23,21542.54,3.0,670547.0,24
2019-12-24,21542.54,4.0,670547.0,25
2019-12-25,21542.54,5.0,670547.0,26
2019-12-26,21542.54,6.0,670547.0,27
2019-12-27,21542.54,7.0,670547.0,28
2019-12-30,21542.54,10.0,670547.0,31
2019-12-31,21542.54,11.0,670547.0,32
2020-01-01,21542.54,12.0,670547.0,33
2020-01-02,21542.54,13.0,670547.0,34
2020-01-03,21542.54,14.0,670547.0,35
2020-01-06,21542.54,17.0,670547.0,38
2020-01-07,21542.54,18.0,670547.0,39
2020-01-08,21542.54,19.0,670547.0,40
2020-01-09,21542.54,20.0,670547.0,41
2020-01-10,21542.54,21.0,670547.0,42
2020-01-13,21542.54,24.0,670547.0,45
2020-01-14,21542.54,25.0,670547.0,46
2020-01-15,21542.54,26.0,670547.0,47
2020-01-16,21542.54,27.0,670547.0,48
2020-01-17,21542.54,28.0,670547.0,49
2020-01-20,21542.54,31.0,670547.0,52
2020-01-21,21542.54,32.0,670547.0,53
2020-01-22,21542.54,33.0,670547.0,54
2020-01-23,21542.54,34.0,670547.0,55
2020-01-24,21542.54,35.0,670547.0,56
2020-01-27,21542.54,38.0,670547.0,59
2020-01-28,21542.54,39.0,670547.0,60
2020-01-29,21542.54,40.0,670547.0,61
2020-01-30,21734.266,0.0,670547.0,62
2020-01-31,21734.266,1.0,670547.0,63
2020-02-03,21734.266,4.0,670547.0,66
2020-02-04,21734.266,5.0,670547.0,67
2020-02-05,21734.266,6.0,670547.0,68
2020-02-06,21734.266,7.0,670547.0,69
2020-02-07,21734.266,8.0,670547.0,70
2020-02-10,21734.266,11.0,670547.0,73
2020-02-11,21734.266,12.0,670547.0,74
2020-02-12,21734.266,13.0,670547.0,75
2020-02-13,21734.266,14.0,670547.0,76
2020-02-14,21734.266,15.0,670547.0,77
2020-02-17,21734.266,18.0,670547.0,80
2020-02-18,21734.266,19.0,670547.0,81
2020-02-19,21734.266,20.0,670547.0,82
2020-02-20,21734.266,21.0,670547.0,83
2020-02-21,21734.266,22.0,670547.0,84
2020-02-24,21734.266,25.0,670547.0,87
2020-02-25,21734.266,26.0,670547.0,88
2020-02-26,21734.266,27.0,670547.0,89
2020-02-27,21726.779,0.0,670547.0,90
2020-02-28,21726.779,1.0,670547.0,91
2020-03-02,21726.779,4.0,670587.0,2
2020-03-03,21726.779,5.0,670587.0,3
2020-03-04,21726.779,6.0,670587.0,4
2020-03-05,21726.779,7.0,670587.0,5
2020-03-06,21726.779,8.0,670587.0,6
2020-03-09,21726.779,11.0,670587.0,9
2020-03-10,21726.779,12.0,670587.0,10
2020-03-11,21726.779,13.0,670587.0,11
2020-03-12,21726.779,14.0,670587.0,12
2020-03-13,21726.779,15.0,670587.0,13
2020-03-16,21726.779,18.0,670587.0,16
2020-03-17,21726.779,19.0,670587.0,17
2020-03-18,21726.779,20.0,670587.0,18
2020-03-19,21726.779,21.0,670587.0,19
2020-03-20,21726.779,22.0,670587.0,20
2020-03-23,21726.779,25.0,670587.0,23
2020-03-24,21726.779,26.0,670587.0,24
2020-03-25,21726.779,27.0,670587.0,25
2020-03-26,21729.124,0.0,670587.0,26
2020-03-27,21729.124,1.0,670587.0,27
2020-03-30,21729.124,4.0,670587.0,30
2020-03-31,21729.124,5.0,670587.0,31
2020-04-01,21729.124,6.0,670587.0,32
2020-04-02,21729.124,7.0,670587.0,33
2020-04-03,21729.124,8.0,670587.0,34
2020-04-06,21729.124,11.0,670587.0,37
2020-04-07,21729.124,12.0,670587.0,38
2020-04-08,21729.124,13.0,670587.0,39
2020-04-09,21729.124,14.0,670587.0,40
2020-04-10,21729.124,15.0,670587.0,41
2020-04-13,21729.124,18.0,670587.0,44
2020-04-14,21729.124,19.0,670587.0,45
2020-04-15,21729.124,20.0,670587.0,46
2020-04-16,21729.124,21.0,670587.0,47
2020-04-17,21729.124,22.0,670587.0,48
2020-04-20,21729.124,25.0,670587.0,51
2020-04-21,21729.124,26.0,670587.0,52
2020-04-22,21729.124,27.0,670587.0,53
2020-04-23,21729.124,28.0,670587.0,54
2020-04-24,21729.124,29.0,670587.0,55
2020-04-27,21729.124,32.0,670587.0,58
2020-04-28,21729.124,33.0,670587.0,59
2020-04-29,21537.94,0.0,670587.0,60
2020-04-30,21537.94,1.0,670587.0,61
2020-05-01,21537.94,2.0,670587.0,62
2020-05-04,21537.94,5.0,670587.0,65
2020-05-05,21537.94,6.0,670587.0,66
2020-05-06,21537.94,7.0,670587.0,67
2020-05-07,21537.94,8.0,670587.0,68
2020-05-08,21537.94,9.0,670587.0,69
2020-05-11,21537.94,12.0,670587.0,72
2020-05-12,21537.94,13.0,670587.0,73
2020-05-13,21537.94,14.0,670587.0,74
2020-05-14,21537.94,15.0,670587.0,75
2020-05-15,21537.94,16.0,670587.0,76
2020-05-18,21537.94,19.0,670587.0,79
2020-05-19,21537.94,20.0,670587.0,80
2020-05-20,21537.94,21.0,670587.0,81
2020-05-21,21537.94,22.0,670587.0,82
2020-05-22,21537.94,23.0,670587.0,83
2020-05-25,21537.94,26.0,670587.0,86
2020-05-26,21537.94,27.0,670587.0,87
2020-05-27,21537.94,28.0,670587.0,88
2020-05-28,21534.907,0.0,670587.0,89
2020-05-29,21534.907,1.0,670587.0,90
2020-06-01,21534.907,4.0,652180.0,2
2020-06-02,21534.907,5.0,652180.0,3
2020-06-03,21534.907,6.0,652180.0,4
2020-06-04,21534.907,7.0,652180.0,5
2020-06-05,21534.907,8.0,652180.0,6
2020-06-08,21534.907,11.0,652180.0,9
2020-06-09,21534.907,12.0,652180.0,10
2020-06-10,21534.907,13.0,652180.0,11
2020-06-11,21534.907,14.0,652180.0,12
2020-06-12,21534.907,15.0,652180.0,13
2020-06-15,21534.907,18.0,652180.0,16
2020-06-16,21534.907,19.0,652180.0,17
2020-06-17,21534.907,20.0,652180.0,18
2020-06-18,21534.907,21.0,652180.0,19
2020-06-19,21534.907,22.0,652180.0,20
2020-06-22,21534.907,25.0,652180.0,23
2020-06-23,21534.907,26.0,652180.0,24
2020-06-24,21534.907,27.0,652180.0,25
2020-06-25,21539.689,0.0,652180.0,26
2020-06-26,21539.689,1.0,652180.0,27
2020-06-29,21539.689,4.0,652180.0,30
2020-06-30,21539.689,5.0,652180.0,31
2020-07-01,21539.689,6.0,652180.0,32
2020-07-02,21539.689,7.0,652180.0,33
2020-07-03,21539.689,8.0,652180.0,34
2020-07-06,21539.689,11.0,652180.0,37
2020-07-07,21539.689,12.0,652180.0,38
2020-07-08,21539.689,13.0,652180.0,39
2020-07-09,21539.689,14.0,652180.0,40
2020-07-10,21539.689,15.0,652180.0,41
2020-07-13,21539.689,18.0,652180.0,44
2020-07-14,21539.689,19.0,652180.0,45
2020-07-15,21539.689,20.0,652180.0,46
2020-07-16,21539.689,21.0,652180.0,47
2020-07-17,21539.689,22.0,652180.0,48
2020-07-20,21539.689,25.0,652180.0,51
2020-07-21,21539.689,26.0,652180.0,52
2020-07-22,21539.689,27.0,652180.0,53
2020-07-23,21539.689,28.0,652180.0,54
2020-07-24,21539.689,29.0,652180.0,55
2020-07-27,21539.689,32.0,652180.0,58
2020-07-28,21539.689,33.0,652180.0,59
2020-07-29,21539.689,34.0,652180.0,60
2020-07-30,18378.803,0.0,652180.0,61
2020-07-31,18378.803,1.0,652180.0,62
2020-08-03,18378.803,4.0,652180.0,65
2020-08-04,18378.803,5.0,652180.0,66
2020-08-05,18378.803,6.0,652180.0,67
2020-08-06,18378.803,7.0,652180.0,68
2020-08-07,18378.803,8.0,652180.0,69
2020-08-10,18378.803,11.0,652180.0,72
2020-08-11,18378.803,12.0,652180.0,73
2020-08-12,18378.803,13.0,652180.0,74
2020-08-13,18378.803,14.0,652180.0,75
2020-08-14,18378.803,15.0,652180.0,76
2020-08-17,18378.803,18.0,652180.0,79
2020-08-18,18378.803,19.0,652180.0,80
2020-08-19,18378.803,20.0,652180.0,81
2020-08-20,18378.803,21.0,652180.0,82
2020-08-21,18378.803,22.0,652180.0,83
2020-08-24,18378.803,25.0,652180.0,86
2020-08-25,18378.803,26.0,652180.0,87
2020-08-26,18378.803,27.0,652180.0,88
2020-08-27,19486.509,0.0,652180.0,89
2020-08-28,19486.509,1.0,652180.0,90
2020-08-31,19486.509,4.0,522356.0,2
2020-09-01,19486.509,5.0,522356.0,3
2020-09-02,19486.509,6.0,522356.0,4
2020-09-03,19486.509,7.0,522356.0,5
2020-09-04,19486.509,8.0,522356.0,6
2020-09-07,19486.509,11.0,522356.0,9
2020-09-08,19486.509,12.0,522356.0,10
2020-09-09,19486.509,13.0,522356.0,11
2020-09-10,19486.509,14.0,522356.0,12
2020-09-11,19486.509,15.0,522356.0,13
2020-09-14,19486.509,18.0,522356.0,16
2020-09-15,19486.509,19.0,522356.0,17
2020-09-16,19486.509,20.0,522356.0,18
2020-09-17,19486.509,21.0,522356.0,19
2020-09-18,19486.509,22.0,522356.0,20
2020-09-21,19486.509,25.0,522356.0,23
2020-09-22,19486.509,26.0,522356.0,24
2020-09-23,19486.509,27.0,522356.0,25
2020-09-24,19486.509,28.0,522356.0,26
2020-09-25,19486.509,29.0,522356.0,27
2020-09-28,19486.509,32.0,522356.0,30
2020-09-29,19486.509,33.0,522356.0,31
2020-09-30,19520.114,0.0,522356.0,32
2020-10-01,19520.114,1.0,522356.0,33
2020-10-02,19520.114,2.0,522356.0,34
2020-10-05,19520.114,5.0,522356.0,37
2020-10-06,19520.114,6.0,522356.0,38
2020-10-07,19520.114,7.0,522356.0,39
2020-10-08,19520.114,8.0,522356.0,40
2020-10-09,19520.114,9.0,522356.0,41
2020-10-12,19520.114,12.0,522356.0,44
2020-10-13,19520.114,13.0,522356.0,45
2020-10-14,19520.114,14.0,522356.0,46
2020-10-15,19520.114,15.0,522356.0,47
2020-10-16,19520.114,16.0,522356.0,48
2020-10-19,19520.114,19.0,522356.0,51
2020-10-20,19520.114,20.0,522356.0,52
2020-10-21,19520.114,21.0,522356.0,53
2020-10-22,19520.114,22.0,522356.0,54
2020-10-23,19520.114,23.0,522356.0,55
2020-10-26,19520.114,26.0,522356.0,58
2020-10-27,19520.114,27.0,522356.0,59
2020-10-28,19520.114,28.0,522356.0,60
2020-10-29,21157.635,0.0,522356.0,61
2020-10-30,21157.635,1.0,522356.0,62
2020-11-02,21157.635,4.0,522356.0,65
2020-11-03,21157.635,5.0,522356.0,66
2020-11-04,21157.635,6.0,522356.0,67
2020-11-05,21157.635,7.0,522356.0,68
2020-11-06,21157.635,8.0,522356.0,69
2020-11-09,21157.635,11.0,522356.0,72
2020-11-10,21157.635,12.0,522356.0,73
2020-11-11,21157.635,13.0,522356.0,74
2020-11-12,21157.635,14.0,522356.0,75
2020-11-13,21157.635,15.0,522356.0,76
2020-11-16,21157.635,18.0,522356.0,79
2020-11-17,21157.635,19.0,522356.0,80
2020-11-18,21157.635,20.0,522356.0,81
2020-11-19,21157.635,21.0,522356.0,82
2020-11-20,21157.635,22.0,522356.0,83
2020-11-23,21157.635,25.0,522356.0,86
2020-11-24,21157.635,26.0,522356.0,87
2020-11-25,21157.122,0.0,522356.0,88
2020-11-26,21157.122,1.0,522356.0,89
2020-11-27,21157.122,2.0,522356.0,90
2020-11-30,21157.122,5.0,610972.0,1
2020-12-01,21157.122,6.0,610972.0,2
2020-12-02,21157.122,7.0,610972.0,3
2020-12-03,21157.122,8.0,610972.0,4
2020-12-04,21157.122,9.0,610972.0,5
2020-12-07,21157.122,12.0,610972.0,8
2020-12-08,21157.122,13.0,610972.0,9
2020-12-09,21157.122,14.0,610972.0,10
2020-12-10,21157.122,15.0,610972.0,11
2020-12-11,21157.122,16.0,610972.0,12
2020-12-14,21157.122,19.0,610972.0,15
2020-12-15,21157.122,20.0,610972.0,16
2020-12-16,21157.122,21.0,610972.0,17
2020-12-17,21157.122,22.0,610972.0,18
2020-12-18,21157.122,23.0,610972.0,19
2020-12-21,21157.122,26.0,610972.0,22
2020-12-22,21170.252,0.0,610972.0,23
2020-12-23,21170.252,1.0,610972.0,24
2020-12-24,21170.252,2.0,610972.0,25
2020-12-25,21170.252,3.0,610972.0,26
2020-12-28,21170.252,6.0,610972.0,29
2020-12-29,21170.252,7.0,610972.0,30
2020-12-30,21170.252,8.0,610972.0,31
2020-12-31,21170.252,9.0,610972.0,32
2021-01-01,21170.252,10.0,610972.0,33
2021-01-04,21170.252,13.0,610972.0,36
2021-01-05,21170.252,14.0,610972.0,37
2021-01-06,21170.252,15.0,610972.0,38
2021-01-07,21170.252,16.0,610972.0,39
2021-01-08,21540.325,0.0,610972.0,40
2021-01-11,21540.325,3.0,610972.0,43
2021-01-12,21540.325,4.0,610972.0,44
2021-01-13,21540.325,5.0,610972.0,45
2021-01-14,21540.325,6.0,610972.0,46
2021-01-15,21540.325,7.0,610972.0,47
2021-01-18,21540.325,10.0,610972.0,50
2021-01-19,21540.325,11.0,610972.0,51
2021-01-20,21540.325,12.0,610972.0,52
2021-01-21,21540.325,13.0,610972.0,53
2021-01-22,21540.325,14.0,610972.0,54
2021-01-25,21540.325,17.0,610972.0,57
2021-01-26,21540.325,18.0,610972.0,58
2021-01-27,21540.325,19.0,610972.0,59
2021-01-28,21479.529,0.0,610972.0,60
2021-01-29,21479.529,1.0,610972.0,61
2021-02-01,21479.529,4.0,610972.0,64
2021-02-02,21479.529,5.0,610972.0,65
2021-02-03,21479.529,6.0,610972.0,66
2021-02-04,21479.529,7.0,610972.0,67
2021-02-05,21479.529,8.0,610972.0,68
2021-02-08,21479.529,11.0,610972.0,71
2021-02-09,21479.529,12.0,610972.0,72
2021-02-10,21479.529,13.0,610972.0,73
2021-02-11,21479.529,14.0,610972.0,74
2021-02-12,21479.529,15.0,610972.0,75
2021-02-15,21479.529,18.0,610972.0,78
2021-02-16,21479.529,19.0,610972.0,79
2021-02-17,21479.529,20.0,610972.0,80
2021-02-18,21479.529,21.0,610972.0,81
2021-02-19,21479.529,22.0,610972.0,82
2021-02-22,21479.529,25.0,610972.0,85
2021-02-23,21479.529,26.0,610972.0,86
2021-02-24,21479.529,27.0,610972.0,87
2021-02-25,21487.896,0.0,610972.0,88
2021-02-26,21487.896,1.0,610972.0,89
2021-03-01,21487.896,4.0,619330.0,0
2021-03-02,21487.896,5.0,619330.0,1
2021-03-03,21487.896,6.0,619330.0,2
2021-03-04,21487.896,7.0,619330.0,3
2021-03-05,21487.896,8.0,619330.0,4
2021-03-08,21487.896,11.0,619330.0,7
2021-03-09,21487.896,12.0,619330.0,8
2021-03-10,21487.896,13.0,619330.0,9
2021-03-11,21487.896,14.0,619330.0,10
2021-03-12,21487.896,15.0,619330.0,11
2021-03-15,21487.896,18.0,619330.0,14
2021-03-16,21487.896,19.0,619330.0,15
2021-03-17,21487.896,20.0,619330.0,16
2021-03-18,21487.896,21.0,619330.0,17
2021-03-19,21487.896,22.0,619330.0,18
2021-03-22,21487.896,25.0,619330.0,21
2021-03-23,21487.896,26.0,619330.0,22
2021-03-24,21487.896,27.0,619330.0,23
2021-03-25,21494.731,0.0,619330.0,24
2021-03-26,21494.731,1.0,619330.0,25
2021-03-29,21494.731,4.0,619330.0,28
2021-03-30,21494.731,5.0,619330.0,29
2021-03-31,21494.731,6.0,619330.0,30
2021-04-01,21494.731,7.0,619330.0,31
2021-04-02,21494.731,8.0,619330.0,32
2021-04-05,21494.731,11.0,619330.0,35
2021-04-06,21494.731,12.0,619330.0,36
2021-04-07,21494.731,13.0,619330.0,37
2021-04-08,21494.731,14.0,619330.0,38
2021-04-09,21494.731,15.0,619330.0,39
2021-04-12,21494.731,18.0,619330.0,42
2021-04-13,21494.731,19.0,619330.0,43
2021-04-14,21494.731,20.0,619330.0,44
2021-04-15,21494.731,21.0,619330.0,45
2021-04-16,21494.731,22.0,619330.0,46
2021-04-19,21494.731,25.0,619330.0,49
2021-04-20,21494.731,26.0,619330.0,50
2021-04-21,21494.731,27.0,619330.0,51
2021-04-22,21494.731,28.0,619330.0,52
2021-04-23,21494.731,29.0,619330.0,53
2021-04-26,21494.731,32.0,619330.0,56
2021-04-27,21494.731,33.0,619330.0,57
2021-04-28,21494.731,34.0,619330.0,58
2021-04-29,22048.894,0.0,619330.0,59
2021-04-30,22048.894,1.0,619330.0,60
2021-05-03,22048.894,4.0,619330.0,63
2021-05-04,22048.894,5.0,619330.0,64
2021-05-05,22048.894,6.0,619330.0,65
2021-05-06,22048.894,7.0,619330.0,66
2021-05-07,22048.894,8.0,619330.0,67
2021-05-10,22048.894,11.0,619330.0,70
2021-05-11,22048.894,12.0,619330.0,71
2021-05-12,22048.894,13.0,619330.0,72
2021-05-13,22048.894,14.0,619330.0,73
2021-05-14,22048.894,15.0,619330.0,74
2021-05-17,22048.894,18.0,619330.0,77
2021-05-18,22048.894,19.0,619330.0,78
2021-05-19,22048.894,20.0,619330.0,79
2021-05-20,22048.894,21.0,619330.0,80
2021-05-21,22048.894,22.0,619330.0,81
2021-05-24,22048.894,25.0,619330.0,84
2021-05-25,22048.894,26.0,619330.0,85
2021-05-26,22048.894,27.0,619330.0,86
2021-05-27,22061.025,0.0,619330.0,87
2021-05-28,22061.025,1.0,619330.0,88
2021-05-31,22061.025,4.0,612665.0,1
2021-06-01,22061.025,5.0,612665.0,2
2021-06-02,22061.025,6.0,612665.0,3
2021-06-03,22061.025,7.0,612665.0,4
2021-06-04,22061.025,8.0,612665.0,5
2021-06-07,22061.025,11.0,612665.0,8
2021-06-08,22061.025,12.0,612665.0,9
2021-06-09,22061.025,13.0,612665.0,10
2021-06-10,22061.025,14.0,612665.0,11
2021-06-11,22061.025,15.0,612665.0,12
2021-06-14,22061.025,18.0,612665.0,15
2021-06-15,22061.025,19.0,612665.0,16
2021-06-16,22061.025,20.0,612665.0,17
2021-06-17,22061.025,21.0,612665.0,18
2021-06-18,22061.025,22.0,612665.0,19
2021-06-21,22061.025,25.0,612665.0,22
2021-06-22,22061.025,26.0,612665.0,23
2021-06-23,22061.025,27.0,612665.0,24
2021-06-24,22061.503,0.0,612665.0,25
2021-06-25,22061.503,1.0,612665.0,26
2021-06-28,22061.503,4.0,612665.0,29
2021-06-29,22061.503,5.0,612665.0,30
2021-06-30,22061.503,6.0,612665.0,31
2021-07-01,22061.503,7.0,612665.0,32
2021-07-02,22061.503,8.0,612665.0,33
2021-07-05,22061.503,11.0,612665.0,36
2021-07-06,22061.503,12.0,612665.0,37
2021-07-07,22061.503,13.0,612665.0,38
2021-07-08,22061.503,14.0,612665.0,39
2021-07-09,22061.503,15.0,612665.0,40
2021-07-12,22061.503,18.0,612665.0,43
2021-07-13,22061.503,19.0,612665.0,44
2021-07-14,22061.503,20.0,612665.0,45
2021-07-15,22061.503,21.0,612665.0,46
2021-07-16,22061.503,22.0,612665.0,47
2021-07-19,22061.503,25.0,612665.0,50
2021-07-20,22061.503,26.0,612665.0,51
2021-07-21,22061.503,27.0,612665.0,52
2021-07-22,22061.503,28.0,612665.0,53
2021-07-23,22061.503,29.0,612665.0,54
2021-07-26,22061.503,32.0,612665.0,57
2021-07-27,22061.503,33.0,612665.0,58
2021-07-28,22061.503,34.0,612665.0,59
2021-07-29,17462.703,0.0,612665.0,60
2021-07-30,17462.703,1.0,612665.0,61
2021-08-02,17462.703,4.0,612665.0,64
2021-08-03,17462.703,5.0,612665.0,65
2021-08-04,17462.703,6.0,612665.0,66
2021-08-05,17462.703,7.0,612665.0,67
2021-08-06,17462.703,8.0,612665.0,68
2021-08-09,17462.703,11.0,612665.0,71
2021-08-10,17462.703,12.0,612665.0,72
2021-08-11,17462.703,13.0,612665.0,73
2021-08-12,17462.703,14.0,612665.0,74
2021-08-13,17462.703,15.0,612665.0,75
2021-08-16,17462.703,18.0,612665.0,78
2021-08-17,17462.703,19.0,612665.0,79
2021-08-18,17462.703,20.0,612665.0,80
2021-08-19,17462.703,21.0,612665.0,81
2021-08-20,17462.703,22.0,612665.0,82
2021-08-23,17462.703,25.0,612665.0,85
2021-08-24,17462.703,26.0,612665.0,86
2021-08-25,17462.703,27.0,612665.0,87
2021-08-26,22731.369,0.0,612665.0,88
2021-08-27,22731.369,1.0,612665.0,89
2021-08-30,22731.369,4.0,655443.0,1
2021-08-31,22731.369,5.0,655443.0,2
2021-09-01,22731.369,6.0,655443.0,3
2021-09-02,22731.369,7.0,655443.0,4
2021-09-03,22731.369,8.0,655443.0,5
2021-09-06,22731.369,11.0,655443.0,8
2021-09-07,22731.369,12.0,655443.0,9
2021-09-08,22731.369,13.0,655443.0,10
2021-09-09,22731.369,14.0,655443.0,11
2021-09-10,22731.369,15.0,655443.0,12
2021-09-13,22731.369,18.0,655443.0,15
2021-09-14,22731.369,19.0,655443.0,16
2021-09-15,22731.369,20.0,655443.0,17
2021-09-16,22731.369,21.0,655443.0,18
2021-09-17,22731.369,22.0,655443.0,19
2021-09-20,22731.369,25.0,655443.0,22
2021-09-21,22731.369,26.0,655443.0,23
2021-09-22,22731.369,27.0,655443.0,24
2021-09-23,22731.369,28.0,655443.0,25
2021-09-24,22731.369,29.0,655443.0,26
2021-09-27,22731.369,32.0,655443.0,29
2021-09-28,22731.369,33.0,655443.0,30
2021-09-29,22731.369,34.0,655443.0,31
2021-09-30,22740.959,0.0,655443.0,32
2021-10-01,22740.959,1.0,655443.0,33
2021-10-04,22740.959,4.0,655443.0,36
2021-10-05,22740.959,5.0,655443.0,37
2021-10-06,22740.959,6.0,655443.0,38
2021-10-07,22740.959,7.0,655443.0,39
2021-10-08,22740.959,8.0,655443.0,40
2021-10-11,22740.959,11.0,655443.0,43
2021-10-12,22740.959,12.0,655443.0,44
2021-10-13,22740.959,13.0,655443.0,45
2021-10-14,22740.959,14.0,655443.0,46
2021-10-15,22740.959,15.0,655443.0,47
2021-10-18,22740.959,18.0,655443.0,50
2021-10-19,22740.959,19.0,655443.0,51
2021-10-20,22740.959,20.0,655443.0,52
2021-10-21,22740.959,21.0,655443.0,53
2021-10-22,22740.959,22.0,655443.0,54
2021-10-25,22740.959,25.0,655443.0,57
2021-10-26,22740.959,26.0,655443.0,58
2021-10-27,22740.959,27.0,655443.0,59
2021-10-28,23173.496,0.0,655443.0,60
2021-10-29,23173.496,1.0,655443.0,61
2021-11-01,23173.496,4.0,655443.0,64
2021-11-02,23173.496,5.0,655443.0,65
2021-11-03,23173.496,6.0,655443.0,66
2021-11-04,23173.496,7.0,655443.0,67
2021-11-05,23173.496,8.0,655443.0,68
2021-11-08,23173.496,11.0,655443.0,71
2021-11-09,23173.496,12.0,655443.0,72
2021-11-10,23173.496,13.0,655443.0,73
2021-11-11,23173.496,14.0,655443.0,74
2021-11-12,23173.496,15.0,655443.0,75
2021-11-15,23173.496,18.0,655443.0,78
2021-11-16,23173.496,19.0,655443.0,79
2021-11-17,23173.496,20.0,655443.0,80
2021-11-18,23173.496,21.0,655443.0,81
2021-11-19,23173.496,22.0,655443.0,82
2021-11-22,23173.496,25.0,655443.0,85
2021-11-23,23173.496,26.0,655443.0,86
2021-11-24,23187.042,0.0,655443.0,87
2021-11-25,23187.042,1.0,655443.0,88
2021-11-26,23187.042,2.0,655443.0,89
2021-11-29,23187.042,5.0,666498.0,0
2021-11-30,23187.042,6.0,666498.0,1
2021-12-01,23187.042,7.0,666498.0,2
2021-12-02,23187.042,8.0,666498.0,3
2021-12-03,23187.042,9.0,666498.0,4
2021-12-06,23187.042,12.0,666498.0,7
2021-12-07,23187.042,13.0,666498.0,8
2021-12-08,23187.042,14.0,666498.0,9
2021-12-09,23187.042,15.0,666498.0,10
2021-12-10,23187.042,16.0,666498.0,11
2021-12-13,23187.042,19.0,666498.0,14
2021-12-14,23187.042,20.0,666498.0,15
2021-12-15,23187.042,21.0,666498.0,16
2021-12-16,23187.042,22.0,666498.0,17
2021-12-17,23187.042,23.0,666498.0,18
2021-12-20,23187.042,26.0,666498.0,21
2021-12-21,23187.042,27.0,666498.0,22
2021-12-22,23202.344,0.0,666498.0,23
2021-12-23,23202.344,1.0,666498.0,24
2021-12-24,23202.344,2.0,666498.0,25
2021-12-27,23202.344,5.0,666498.0,28
2021-12-28,23202.344,6.0,666498.0,29
2021-12-29,23202.344,7.0,666498.0,30
2021-12-30,23202.344,8.0,666498.0,31
2021-12-31,23202.344,9.0,666498.0,32
2022-01-03,23202.344,12.0,666498.0,35
2022-01-04,23202.344,13.0,666498.0,36
2022-01-05,23202.344,14.0,666498.0,37
2022-01-06,23202.344,15.0,666498.0,38
2022-01-07,23202.344,16.0,666498.0,39
2022-01-10,23202.344,19.0,666498.0,42
2022-01-11,23202.344,20.0,666498.0,43
2022-01-12,23202.344,21.0,666498.0,44
2022-01-13,23202.344,22.0,666498.0,45
2022-01-14,23202.344,23.0,666498.0,46
2022-01-17,23202.344,26.0,666498.0,49
2022-01-18,23202.344,27.0,666498.0,50
2022-01-19,23202.344,28.0,666498.0,51
2022-01-20,23202.344,29.0,666498.0,52
2022-01-21,23202.344,30.0,666498.0,53
2022-01-24,23202.344,33.0,666498.0,56
2022-01-25,23202.344,34.0,666498.0,57
2022-01-26,23202.344,35.0,666498.0,58
2022-01-27,23992.355,0.0,666498.0,59
2022-01-28,23992.355,1.0,666498.0,60
2022-01-31,23992.355,4.0,666498.0,63
2022-02-01,23992.355,5.0,666498.0,64
2022-02-02,23992.355,6.0,666498.0,65
2022-02-03,23992.355,7.0,666498.0,66
2022-02-04,23992.355,8.0,666498.0,67
2022-02-07,23992.355,11.0,666498.0,70
2022-02-08,23992.355,12.0,666498.0,71
2022-02-09,23992.355,13.0,666498.0,72
2022-02-10,23992.355,14.0,666498.0,73
2022-02-11,23992.355,15.0,666498.0,74
2022-02-14,23992.355,18.0,666498.0,77
2022-02-15,23992.355,19.0,666498.0,78
2022-02-16,23992.355,20.0,666498.0,79
2022-02-17,23992.355,21.0,666498.0,80
2022-02-18,23992.355,22.0,666498.0,81
2022-02-21,23992.355,25.0,666498.0,84
2022-02-22,23992.355,26.0,666498.0,85
2022-02-23,23992.355,27.0,666498.0,86
2022-02-24,24008.472,0.0,666498.0,87
2022-02-25,24008.472,1.0,666498.0,88
2022-02-28,24008.472,4.0,666498.0,91
2022-03-01,24008.472,5.0,675680.0,0
2022-03-02,24008.472,6.0,675680.0,1
2022-03-03,24008.472,7.0,675680.0,2
2022-03-04,24008.472,8.0,675680.0,3
2022-03-07,24008.472,11.0,675680.0,6
2022-03-08,24008.472,12.0,675680.0,7
2022-03-09,24008.472,13.0,675680.0,8
2022-03-10,24008.472,14.0,675680.0,9
2022-03-11,24008.472,15.0,675680.0,10
2022-03-14,24008.472,18.0,675680.0,13
2022-03-15,24008.472,19.0,675680.0,14
2022-03-16,24008.472,20.0,675680.0,15
2022-03-17,24008.472,21.0,675680.0,16
2022-03-18,24008.472,22.0,675680.0,17
2022-03-21,24008.472,25.0,675680.0,20
2022-03-22,24008.472,26.0,675680.0,21
2022-03-23,24008.472,27.0,675680.0,22
2022-03-24,24008.472,28.0,675680.0,23
2022-03-25,24008.472,29.0,675680.0,24
2022-03-28,24008.472,32.0,675680.0,27
2022-03-29,24008.472,33.0,675680.0,28
2022-03-30,24002.815,0.0,675680.0,29
2022-03-31,24002.815,1.0,675680.0,30
2022-04-01,24002.815,2.0,675680.0,31
2022-04-04,24002.815,5.0,675680.0,34
2022-04-05,24002.815,6.0,675680.0,35
2022-04-06,24002.815,7.0,675680.0,36
2022-04-07,24002.815,8.0,675680.0,37
2022-04-08,24002.815,9.0,675680.0,38
2022-04-11,24002.815,12.0,675680.0,41
2022-04-12,24002.815,13.0,675680.0,42
2022-04-13,24002.815,14.0,675680.0,43
2022-04-14,24002.815,15.0,675680.0,44
2022-04-15,24002.815,16.0,675680.0,45
2022-04-18,24002.815,19.0,675680.0,48
2022-04-19,24002.815,20.0,675680.0,49
2022-04-20,24002.815,21.0,675680.0,50
2022-04-21,24002.815,22.0,675680.0,51
2022-04-22,24002.815,23.0,675680.0,52
2022-04-25,24002.815,26.0,675680.0,55
2022-04-26,24002.815,27.0,675680.0,56
2022-04-27,24002.815,28.0,675680.0,57
2022-04-28,24382.683,0.0,675680.0,58
2022-04-29,24382.683,1.0,675680.0,59
2022-05-02,24382.683,4.0,675680.0,62
2022-05-03,24382.683,5.0,675680.0,63
2022-05-04,24382.683,6.0,675680.0,64
2022-05-05,24382.683,7.0,675680.0,65
2022-05-06,24382.683,8.0,675680.0,66
2022-05-09,24382.683,11.0,675680.0,69
2022-05-10,24382.683,12.0,675680.0,70
2022-05-11,24382.683,13.0,675680.0,71
2022-05-12,24382.683,14.0,675680.0,72
2022-05-13,24382.683,15.0,675680.0,73
2022-05-16,24382.683,18.0,675680.0,76
2022-05-17,24382.683,19.0,675680.0,77
2022-05-18,24382.683,20.0,675680.0,78
2022-05-19,24382.683,21.0,675680.0,79
2022-05-20,24382.683,22.0,675680.0,80
2022-05-23,24382.683,25.0,675680.0,83
2022-05-24,24382.683,26.0,675680.0,84
2022-05-25,24382.683,27.0,675680.0,85
2022-05-26,24384.289,0.0,675680.0,86
2022-05-27,24384.289,1.0,675680.0,87
2022-05-30,24384.289,4.0,682527.0,0
2022-05-31,24384.289,5.0,682527.0,1
2022-06-01,24384.289,6.0,682527.0,2
2022-06-02,24384.289,7.0,682527.0,3
2022-06-03,24384.289,8.0,682527.0,4
2022-06-06,24384.289,11.0,682527.0,7
2022-06-07,24384.289,12.0,682527.0,8
2022-06-08,24384.289,13.0,682527.0,9
2022-06-09,24384.289,14.0,682527.0,10
2022-06-10,24384.289,15.0,682527.0,11
2022-06-13,24384.289,18.0,682527.0,14
2022-06-14,24384.289,19.0,682527.0,15
2022-06-15,24384.289,20.0,682527.0,16
2022-06-16,24384.289,21.0,682527.0,17
2022-06-17,24384.289,22.0,682527.0,18
2022-06-20,24384.289,25.0,682527.0,21
2022-06-21,24384.289,26.0,682527.0,22
2022-06-22,24384.289,27.0,682527.0,23
2022-06-23,24384.289,28.0,682527.0,24
2022-06-24,24384.289,29.0,682527.0,25
2022-06-27,24384.289,32.0,682527.0,28
2022-06-28,24384.289,33.0,682527.0,29
2022-06-29,24386.734,0.0,682527.0,30
2022-06-30,24386.734,1.0,682527.0,31
2022-07-01,24386.734,2.0,682527.0,32
2022-07-04,24386.734,5.0,682527.0,35
2022-07-05,24386.734,6.0,682527.0,36
2022-07-06,24386.734,7.0,682527.0,37
2022-07-07,24386.734,8.0,682527.0,38
2022-07-08,24386.734,9.0,682527.0,39
2022-07-11,24386.734,12.0,682527.0,42
2022-07-12,24386.734,13.0,682527.0,43
2022-07-13,24386.734,14.0,682527.0,44
2022-07-14,24386.734,15.0,682527.0,45
2022-07-15,24386.734,16.0,682527.0,46
2022-07-18,24386.734,19.0,682527.0,49
2022-07-19,24386.734,20.0,682527.0,50
2022-07-20,24386.734,21.0,682527.0,51
2022-07-21,24386.734,22.0,682527.0,52
2022-07-22,24386.734,23.0,682527.0,53
2022-07-25,24386.734,26.0,682527.0,56
2022-07-26,24386.734,27.0,682527.0,57
2022-07-27,24386.734,28.0,682527.0,58
2022-07-28,24851.809,0.0,682527.0,59
2022-07-29,24851.809,1.0,682527.0,60
2022-08-01,24851.809,4.0,682527.0,63
2022-08-02,24851.809,5.0,682527.0,64
2022-08-03,24851.809,6.0,682527.0,65
2022-08-04,24851.809,7.0,682527.0,66
2022-08-05,24851.809,8.0,682527.0,67
2022-08-08,24851.809,11.0,682527.0,70
2022-08-09,24851.809,12.0,682527.0,71
2022-08-10,24851.809,13.0,682527.0,72
2022-08-11,24851.809,14.0,682527.0,73
2022-08-12,24851.809,15.0,682527.0,74
2022-08-15,24851.809,18.0,682527.0,77
2022-08-16,24851.809,19.0,682527.0,78
2022-08-17,24851.809,20.0,682527.0,79
2022-08-18,24851.809,21.0,682527.0,80
2022-08-19,24851.809,22.0,682527.0,81
2022-08-22,24851.809,25.0,682527.0,84
2022-08-23,24851.809,26.0,682527.0,85
2022-08-24,24851.809,27.0,682527.0,86
2022-08-25,24882.878,0.0,682527.0,87
2022-08-26,24882.878,1.0,682527.0,88
2022-08-29,24882.878,4.0,686335.0,0
2022-08-30,24882.878,5.0,686335.0,1
2022-08-31,24882.878,6.0,686335.0,2
2022-09-01,24882.878,7.0,686335.0,3
2022-09-02,24882.878,8.0,686335.0,4
2022-09-05,24882.878,11.0,686335.0,7
2022-09-06,24882.878,12.0,686335.0,8
2022-09-07,24882.878,13.0,686335.0,9
2022-09-08,24882.878,14.0,686335.0,10
2022-09-09,24882.878,15.0,686335.0,11
2022-09-12,24882.878,18.0,686335.0,14
2022-09-13,24882.878,19.0,686335.0,15
2022-09-14,24882.878,20.0,686335.0,16
2022-09-15,24882.878,21.0,686335.0,17
2022-09-16,24882.878,22.0,686335.0,18
2022-09-19,24882.878,25.0,686335.0,21
2022-09-20,24882.878,26.0,686335.0,22
2022-09-21,24882.878,27.0,686335.0,23
2022-09-22,24882.878,28.0,686335.0,24
2022-09-23,24882.878,29.0,686335.0,25
2022-09-26,24882.878,32.0,686335.0,28
2022-09-27,24882.878,33.0,686335.0,29
2022-09-28,24882.878,34.0,686335.0,30
2022-09-29,21531.839,0.0,686335.0,31
2022-09-30,21531.839,1.0,686335.0,32
2022-10-03,21531.839,4.0,686335.0,35
2022-10-04,21531.839,5.0,686335.0,36
2022-10-05,21531.839,6.0,686335.0,37
2022-10-06,21531.839,7.0,686335.0,38
2022-10-07,21531.839,8.0,686335.0,39
2022-10-10,21531.839,11.0,686335.0,42
2022-10-11,21531.839,12.0,686335.0,43
2022-10-12,21531.839,13.0,686335.0,44
2022-10-13,21531.839,14.0,686335.0,45
2022-10-14,21531.839,15.0,686335.0,46
2022-10-17,21531.839,18.0,686335.0,49
2022-10-18,21531.839,19.0,686335.0,50
2022-10-19,21531.839,20.0,686335.0,51
2022-10-20,21531.839,21.0,686335.0,52
2022-10-21,21531.839,22.0,686335.0,53
2022-10-24,21531.839,25.0,686335.0,56
2022-10-25,21531.839,26.0,686335.0,57
2022-10-26,21531.839,27.0,686335.0,58
2022-10-27,25663.289,0.0,686335.0,59
2022-10-28,25663.289,1.0,686335.0,60
2022-10-31,25663.289,4.0,686335.0,63
2022-11-01,25663.289,5.0,686335.0,64
2022-11-02,25663.289,6.0,686335.0,65
2022-11-03,25663.289,7.0,686335.0,66
2022-11-04,25663.289,8.0,686335.0,67
2022-11-07,25663.289,11.0,686335.0,70
2022-11-08,25663.289,12.0,686335.0,71
2022-11-09,25663.289,13.0,686335.0,72
2022-11-10,25663.289,14.0,686335.0,73
2022-11-11,25663.289,15.0,686335.0,74
2022-11-14,25663.289,18.0,686335.0,77
2022-11-15,25663.289,19.0,686335.0,78
2022-11-16,25663.289,20.0,686335.0,79
2022-11-17,25663.289,21.0,686335.0,80
2022-11-18,25663.289,22.0,686335.0,81
2022-11-21,25663.289,25.0,686335.0,84
2022-11-22,25663.289,26.0,686335.0,85
2022-11-23,25663.289,27.0,686335.0,86
2022-11-24,25663.289,28.0,686335.0,87
2022-11-25,25663.289,29.0,686335.0,88
2022-11-28,25663.289,32.0,686335.0,91
2022-11-29,25663.289,33.0,687029.0,0
2022-11-30,25698.96,0.0,687029.0,1
2022-12-01,25698.96,1.0,687029.0,2
2022-12-02,25698.96,2.0,687029.0,3
2022-12-05,25698.96,5.0,687029.0,6
2022-12-06,25698.96,6.0,687029.0,7
2022-12-07,25698.96,7.0,687029.0,8
2022-12-08,25698.96,8.0,687029.0,9
2022-12-09,25698.96,9.0,687029.0,10
2022-12-12,25698.96,12.0,687029.0,13
2022-12-13,25698.96,13.0,687029.0,14
2022-12-14,25698.96,14.0,687029.0,15
2022-12-15,25698.96,15.0,687029.0,16
2022-12-16,25698.96,16.0,687029.0,17
2022-12-19,25698.96,19.0,687029.0,20
2022-12-20,25698.96,20.0,687029.0,21
2022-12-21,25698.96,21.0,687029.0,22
2022-12-22,25723.941,0.0,687029.0,23
2022-12-23,25723.941,1.0,687029.0,24
2022-12-26,25723.941,4.0,687029.0,27
2022-12-27,25723.941,5.0,687029.0,28
2022-12-28,25723.941,6.0,687029.0,29
2022-12-29,25723.941,7.0,687029.0,30
2022-12-30,25723.941,8.0,687029.0,31
2023-01-02,25723.941,11.0,687029.0,34
2023-01-03,25723.941,12.0,687029.0,35
2023-01-04,25723.941,13.0,687029.0,36
2023-01-05,25723.941,14.0,687029.0,37
2023-01-06,25723.941,15.0,687029.0,38
2023-01-09,25723.941,18.0,687029.0,41
2023-01-10,25723.941,19.0,687029.0,42
2023-01-11,25723.941,20.0,687029.0,43
2023-01-12,25723.941,21.0,687029.0,44
2023-01-13,25723.941,22.0,687029.0,45
2023-01-16,25723.941,25.0,687029.0,48
2023-01-17,25723.941,26.0,687029.0,49
2023-01-18,25723.941,27.0,687029.0,50
2023-01-19,25723.941,28.0,687029.0,51
2023-01-20,25723.941,29.0,687029.0,52
2023-01-23,25723.941,32.0,687029.0,55
2023-01-24,25723.941,33.0,687029.0,56
2023-01-25,25723.941,34.0,687029.0,57
2023-01-26,26132.458,0.0,687029.0,58
2023-01-27,26132.458,1.0,687029.0,59
2023-01-30,26132.458,4.0,687029.0,62
2023-01-31,26132.458,5.0,687029.0,63
2023-02-01,26132.458,6.0,687029.0,64
2023-02-02,26132.458,7.0,687029.0,65
2023-02-03,26132.458,8.0,687029.0,66
2023-02-06,26132.458,11.0,687029.0,69
2023-02-07,26132.458,12.0,687029.0,70
2023-02-08,26132.458,13.0,687029.0,71
2023-02-09,26132.458,14.0,687029.0,72
2023-02-10,26132.458,15.0,687029.0,73
2023-02-13,26132.458,18.0,687029.0,76
2023-02-14,26132.458,19.0,687029.0,77
2023-02-15,26132.458,20.0,687029.0,78
2023-02-16,26132.458,21.0,687029.0,79
2023-02-17,26132.458,22.0,687029.0,80
2023-02-20,26132.458,25.0,687029.0,83
2023-02-21,26132.458,26.0,687029.0,84
2023-02-22,26132.458,27.0,687029.0,85
2023-02-23,26144.956,0.0,687029.0,86
2023-02-24,26144.956,1.0,687029.0,87
2023-02-27,26144.956,4.0,687029.0,90
2023-02-28,26144.956,5.0,687029.0,91
2023-03-01,26144.956,6.0,688817.0,0
2023-03-02,26144.956,7.0,688817.0,1
2023-03-03,26144.956,8.0,688817.0,2
2023-03-06,26144.956,11.0,688817.0,5
2023-03-07,26144.956,12.0,688817.0,6
2023-03-08,26144.956,13.0,688817.0,7
2023-03-09,26144.956,14.0,688817.0,8
2023-03-10,26144.956,15.0,688817.0,9
2023-03-13,26144.956,18.0,688817.0,12
2023-03-14,26144.956,19.0,688817.0,13
2023-03-15,26144.956,20.0,688817.0,14
2023-03-16,26144.956,21.0,688817.0,15
2023-03-17,26144.956,22.0,688817.0,16
2023-03-20,26144.956,25.0,688817.0,19
2023-03-21,26144.956,26.0,688817.0,20
2023-03-22,26144.956,27.0,688817.0,21
2023-03-23,26144.956,28.0,688817.0,22
2023-03-24,26144.956,29.0,688817.0,23
2023-03-27,26144.956,32.0,688817.0,26
2023-03-28,26144.956,33.0,688817.0,27
2023-03-29,26144.956,34.0,688817.0,28
2023-03-30,26137.992,0.0,688817.0,29
2023-03-31,26137.992,1.0,688817.0,30
2023-04-03,26137.992,4.0,688817.0,33
2023-04-04,26137.992,5.0,688817.0,34
2023-04-05,26137.992,6.0,688817.0,35
2023-04-06,26137.992,7.0,688817.0,36
2023-04-07,26137.992,8.0,688817.0,37
2023-04-10,26137.992,11.0,688817.0,40
2023-04-11,26137.992,12.0,688817.0,41
2023-04-12,26137.992,13.0,688817.0,42
2023-04-13,26137.992,14.0,688817.0,43
2023-04-14,26137.992,15.0,688817.0,44
2023-04-17,26137.992,18.0,688817.0,47
2023-04-18,26137.992,19.0,688817.0,48
2023-04-19,26137.992,20.0,688817.0,49
2023-04-20,26137.992,21.0,688817.0,50
2023-04-21,26137.992,22.0,688817.0,51
2023-04-24,26137.992,25.0,688817.0,54
2023-04-25,26137.992,26.0,688817.0,55
2023-04-26,26137.992,27.0,688817.0,56
2023-04-27,26465.865,0.0,688817.0,57
2023-04-28,26465.865,1.0,688817.0,58
2023-05-01,26465.865,4.0,688817.0,61
2023-05-02,26465.865,5.0,688817.0,62
2023-05-03,26465.865,6.0,688817.0,63
2023-05-04,26465.865,7.0,688817.0,64
2023-05-05,26465.865,8.0,688817.0,65
2023-05-08,26465.865,11.0,688817.0,68
2023-05-09,26465.865,12.0,688817.0,69
2023-05-10,26465.865,13.0,688817.0,70
2023-05-11,26465.865,14.0,688817.0,71
2023-05-12,26465.865,15.0,688817.0,72
2023-05-15,26465.865,18.0,688817.0,75
2023-05-16,26465.865,19.0,688817.0,76
2023-05-17,26465.865,20.0,688817.0,77
2023-05-18,26465.865,21.0,688817.0,78
2023-05-19,26465.865,22.0,688817.0,79
2023-05-22,26465.865,25.0,688817.0,82
2023-05-23,26465.865,26.0,688817.0,83
2023-05-24,26465.865,27.0,688817.0,84
2023-05-25,26486.287,0.0,688817.0,85
2023-05-26,26486.287,1.0,688817.0,86
2023-05-29,26486.287,4.0,688817.0,89
2023-05-30,26486.287,5.0,689206.0,0
2023-05-31,26486.287,6.0,689206.0,1
2023-06-01,26486.287,7.0,689206.0,2
2023-06-02,26486.287,8.0,689206.0,3
2023-06-05,26486.287,11.0,689206.0,6
2023-06-06,26486.287,12.0,689206.0,7
2023-06-07,26486.287,13.0,689206.0,8
2023-06-08,26486.287,14.0,689206.0,9
2023-06-09,26486.287,15.0,689206.0,10
2023-06-12,26486.287,18.0,689206.0,13
2023-06-13,26486.287,19.0,689206.0,14
2023-06-14,26486.287,20.0,689206.0,15
2023-06-15,26486.287,21.0,689206.0,16
2023-06-16,26486.287,22.0,689206.0,17
2023-06-19,26486.287,25.0,689206.0,20
2023-06-20,26486.287,26.0,689206.0,21
2023-06-21,26486.287,27.0,689206.0,22
2023-06-22,26486.287,28.0,689206.0,23
2023-06-23,26486.287,29.0,689206.0,24
2023-06-26,26486.287,32.0,689206.0,27
2023-06-27,26486.287,33.0,689206.0,28
2023-06-28,26486.287,34.0,689206.0,29
2023-06-29,26529.774,0.0,689206.0,30
2023-06-30,26529.774,1.0,689206.0,31
2023-07-03,26529.774,4.0,689206.0,34
2023-07-04,26529.774,5.0,689206.0,35
2023-07-05,26529.774,6.0,689206.0,36
2023-07-06,26529.774,7.0,689206.0,37
2023-07-07,26529.774,8.0,689206.0,38
2023-07-10,26529.774,11.0,689206.0,41
2023-07-11,26529.774,12.0,689206.0,42
2023-07-12,26529.774,13.0,689206.0,43
2023-07-13,26529.774,14.0,689206.0,44
2023-07-14,26529.774,15.0,689206.0,45
2023-07-17,26529.774,18.0,689206.0,48
2023-07-18,26529.774,19.0,689206.0,49
2023-07-19,26529.774,20.0,689206.0,50
2023-07-20,26529.774,21.0,689206.0,51
2023-07-21,26529.774,22.0,689206.0,52
2023-07-24,26529.774,25.0,689206.0,55
2023-07-25,26529.774,26.0,689206.0,56
2023-07-26,26529.774,27.0,689206.0,57
2023-07-27,26834.953,0.0,689206.0,58
2023-07-28,26834.953,1.0,689206.0,59
2023-07-31,26834.953,4.0,689206.0,62
2023-08-01,26834.953,5.0,689206.0,63
2023-08-02,26834.953,6.0,689206.0,64
2023-08-03,26834.953,7.0,689206.0,65
2023-08-04,26834.953,8.0,689206.0,66
2023-08-07,26834.953,11.0,689206.0,69
2023-08-08,26834.953,12.0,689206.0,70
2023-08-09,26834.953,13.0,689206.0,71
2023-08-10,26834.953,14.0,689206.0,72
2023-08-11,26834.953,15.0,689206.0,73
2023-08-14,26834.953,18.0,689206.0,76
2023-08-15,26834.953,19.0,689206.0,77
2023-08-16,26834.953,20.0,689206.0,78
2023-08-17,26834.953,21.0,689206.0,79
2023-08-18,26834.953,22.0,689206.0,80
2023-08-21,26834.953,25.0,689206.0,83
2023-08-22,26834.953,26.0,689206.0,84
2023-08-23,26834.953,27.0,689206.0,85
2023-08-24,26834.953,28.0,689206.0,86
2023-08-25,26834.953,29.0,689206.0,87
2023-08-28,26834.953,32.0,689206.0,90
2023-08-29,26834.953,33.0,689491.0,0
2023-08-30,26798.605,0.0,689491.0,1
2023-08-31,26798.605,1.0,689491.0,2
2023-09-01,26798.605,2.0,689491.0,3
2023-09-04,26798.605,5.0,689491.0,6
2023-09-05,26798.605,6.0,689491.0,7
2023-09-06,26798.605,7.0,689491.0,8
2023-09-07,26798.605,8.0,689491.0,9
2023-09-08,26798.605,9.0,689491.0,10
2023-09-11,26798.605,12.0,689491.0,13
2023-09-12,26798.605,13.0,689491.0,14
2023-09-13,26798.605,14.0,689491.0,15
2023-09-14,26798.605,15.0,689491.0,16
2023-09-15,26798.605,16.0,689491.0,17
2023-09-18,26798.605,19.0,689491.0,20
2023-09-19,26798.605,20.0,689491.0,21
2023-09-20,26798.605,21.0,689491.0,22
2023-09-21,26798.605,22.0,689491.0,23
2023-09-22,26798.605,23.0,689491.0,24
2023-09-25,26798.605,26.0,689491.0,27
2023-09-26,26798.605,27.0,689491.0,28
2023-09-27,26798.605,28.0,689491.0,29
2023-09-28,25994.639,0.0,689491.0,30
2023-09-29,25994.639,1.0,689491.0,31
2023-10-02,25994.639,4.0,689491.0,34
2023-10-03,25994.639,5.0,689491.0,35
2023-10-04,25994.639,6.0,689491.0,36
2023-10-05,25994.639,7.0,689491.0,37
2023-10-06,25994.639,8.0,689491.0,38
2023-10-09,25994.639,11.0,689491.0,41
2023-10-10,25994.639,12.0,689491.0,42
2023-10-11,25994.639,13.0,689491.0,43
2023-10-12,25994.639,14.0,689491.0,44
2023-10-13,25994.639,15.0,689491.0,45
2023-10-16,25994.639,18.0,689491.0,48
2023-10-17,25994.639,19.0,689491.0,49
2023-10-18,25994.639,20.0,689491.0,50
2023-10-19,25994.639,21.0,689491.0,51
2023-10-20,25994.639,22.0,689491.0,52
2023-10-23,25994.639,25.0,689491.0,55
2023-10-24,25994.639,26.0,689491.0,56
2023-10-25,25994.639,27.0,689491.0,57
2023-10-26,27623.543,0.0,689491.0,58
2023-10-27,27623.543,1.0,689491.0,59
2023-10-30,27623.543,4.0,689491.0,62
2023-10-31,27623.543,5.0,689491.0,63
2023-11-01,27623.543,6.0,689491.0,64
2023-11-02,27623.543,7.0,689491.0,65
2023-11-03,27623.543,8.0,689491.0,66
2023-11-06,27623.543,11.0,689491.0,69
2023-11-07,27623.543,12.0,689491.0,70
2023-11-08,27623.543,13.0,689491.0,71
2023-11-09,27623.543,14.0,689491.0,72
2023-11-10,27623.543,15.0,689491.0,73
2023-11-13,27623.543,18.0,689491.0,76
2023-11-14,27623.543,19.0,689491.0,77
2023-11-15,27623.543,20.0,689491.0,78
2023-11-16,27623.543,21.0,689491.0,79
2023-11-17,27623.543,22.0,689491.0,80
2023-11-20,27623.543,25.0,689491.0,83
2023-11-21,27623.543,26.0,689491.0,84
2023-11-22,27623.543,27.0,689491.0,85
2023-11-23,27623.543,28.0,689491.0,86
2023-11-24,27623.543,29.0,689491.0,87
2023-11-27,27623.543,32.0,689491.0,90
2023-11-28,27623.543,33.0,689491.0,91
2023-11-29,27644.463,0.0,687839.0,0
2023-11-30,27644.463,1.0,687839.0,1
2023-12-01,27644.463,2.0,687839.0,2
2023-12-04,27644.463,5.0,687839.0,5
2023-12-05,27644.463,6.0,687839.0,6
2023-12-06,27644.463,7.0,687839.0,7
2023-12-07,27644.463,8.0,687839.0,8
2023-12-08,27644.463,9.0,687839.0,9
2023-12-11,27644.463,12.0,687839.0,12
2023-12-12,27644.463,13.0,687839.0,13
2023-12-13,27644.463,14.0,687839.0,14
2023-12-14,27644.463,15.0,687839.0,15
2023-12-15,27644.463,16.0,687839.0,16
2023-12-18,27644.463,19.0,687839.0,19
2023-12-19,27644.463,20.0,687839.0,20
2023-12-20,27644.463,21.0,687839.0,21
2023-12-21,27610.128,0.0,687839.0,22
2023-12-22,27610.128,1.0,687839.0,23
2023-12-25,27610.128,4.0,687839.0,26
2023-12-26,27610.128,5.0,687839.0,27
2023-12-27,27610.128,6.0,687839.0,28
2023-12-28,27610.128,7.0,687839.0,29
2023-12-29,27610.128,8.0,687839.0,30
2024-01-01,27610.128,11.0,687839.0,33
2024-01-02,27610.128,12.0,687839.0,34
2024-01-03,27610.128,13.0,687839.0,35
2024-01-04,27610.128,14.0,687839.0,36
2024-01-05,27610.128,15.0,687839.0,37
2024-01-08,27610.128,18.0,687839.0,40
2024-01-09,18892.639,0.0,687839.0,41
2024-01-10,18892.639,1.0,687839.0,42
2024-01-11,18892.639,2.0,687839.0,43
2024-01-12,18892.639,3.0,687839.0,44
2024-01-15,18892.639,6.0,687839.0,47
2024-01-16,18892.639,7.0,687839.0,48
2024-01-17,18892.639,8.0,687839.0,49
2024-01-18,18892.639,9.0,687839.0,50
2024-01-19,18892.639,10.0,687839.0,51
2024-01-22,18892.639,13.0,687839.0,54
2024-01-23,18892.639,14.0,687839.0,55
2024-01-24,18892.639,15.0,687839.0,56
2024-01-25,27938.831,0.0,687839.0,57
2024-01-26,27938.831,1.0,687839.0,58
2024-01-29,27938.831,4.0,687839.0,61
2024-01-30,27938.831,5.0,687839.0,62
2024-01-31,27938.831,6.0,687839.0,63
2024-02-01,27938.831,7.0,687839.0,64
2024-02-02,27938.831,8.0,687839.0,65
2024-02-05,27938.831,11.0,687839.0,68
2024-02-06,27938.831,12.0,687839.0,69
2024-02-07,27938.831,13.0,687839.0,70
2024-02-08,27938.831,14.0,687839.0,71
2024-02-09,27938.831,15.0,687839.0,72
2024-02-12,27938.831,18.0,687839.0,75
2024-02-13,27938.831,19.0,687839.0,76
2024-02-14,27938.831,20.0,687839.0,77
2024-02-15,27938.831,21.0,687839.0,78
2024-02-16,27938.831,22.0,687839.0,79
2024-02-19,27938.831,25.0,687839.0,82
2024-02-20,27938.831,26.0,687839.0,83
2024-02-21,27938.831,27.0,687839.0,84
2024-02-22,27938.831,28.0,687839.0,85
2024-02-23,27938.831,29.0,687839.0,86
2024-02-26,27938.831,32.0,687839.0,89
2024-02-27,27938.831,33.0,687839.0,90
2024-02-28,27944.627,0.0,687839.0,91
2024-02-29,27944.627,1.0,685628.0,0
2024-03-01,27944.627,2.0,685628.0,1
2024-03-04,27944.627,5.0,685628.0,4
2024-03-05,27944.627,6.0,685628.0,5
2024-03-06,27944.627,7.0,685628.0,6
2024-03-07,27944.627,8.0,685628.0,7
2024-03-08,27944.627,9.0,685628.0,8
2024-03-11,27944.627,12.0,685628.0,11
2024-03-12,27944.627,13.0,685628.0,12
2024-03-13,27944.627,14.0,685628.0,13
2024-03-14,27944.627,15.0,685628.0,14
2024-03-15,27944.627,16.0,685628.0,15
2024-03-18,27944.627,19.0,685628.0,18
2024-03-19,27944.627,20.0,685628.0,19
2024-03-20,27944.627,21.0,685628.0,20
2024-03-21,27944.627,22.0,685628.0,21
2024-03-22,27944.627,23.0,685628.0,22
2024-03-25,27944.627,26.0,685628.0,25
2024-03-26,27944.627,27.0,685628.0,26
2024-03-27,27944.627,28.0,685628.0,27
2024-03-28,27956.998,0.0,685628.0,28
2024-03-29,27956.998,1.0,685628.0,29
2024-04-01,27956.998,4.0,685628.0,32
2024-04-02,27956.998,5.0,685628.0,33
2024-04-03,27956.998,6.0,685628.0,34
2024-04-04,27956.998,7.0,685628.0,35
2024-04-05,27956.998,8.0,685628.0,36
2024-04-08,27956.998,11.0,685628.0,39
2024-04-09,27956.998,12.0,685628.0,40
2024-04-10,27956.998,13.0,685628.0,41
2024-04-11,27956.998,14.0,685628.0,42
2024-04-12,27956.998,15.0,685628.0,43
2024-04-15,27956.998,18.0,685628.0,46
2024-04-16,27956.998,19.0,685628.0,47
2024-04-17,27956.998,20.0,685628.0,48
2024-04-18,27956.998,21.0,685628.0,49
2024-04-19,27956.998,22.0,685628.0,50
2024-04-22,27956.998,25.0,685628.0,53
2024-04-23,27956.998,26.0,685628.0,54
2024-04-24,27956.998,27.0,685628.0,55
2024-04-25,28284.498,0.0,685628.0,56
2024-04-26,28284.498,1.0,685628.0,57
2024-04-29,28284.498,4.0,685628.0,60
2024-04-30,28284.498,5.0,685628.0,61
2024-05-01,28284.498,6.0,685628.0,62
2024-05-02,28284.498,7.0,685628.0,63
2024-05-03,28284.498,8.0,685628.0,64
2024-05-06,28284.498,11.0,685628.0,67
2024-05-07,28284.498,12.0,685628.0,68
2024-05-08,28284.498,13.0,685628.0,69
2024-05-09,28284.498,14.0,685628.0,70
2024-05-10,28284.498,15.0,685628.0,71
2024-05-13,28284.498,18.0,685628.0,74
2024-05-14,28284.498,19.0,685628.0,75
2024-05-15,28284.498,20.0,685628.0,76
2024-05-16,28284.498,21.0,685628.0,77
2024-05-17,28284.498,22.0,685628.0,78
2024-05-20,28284.498,25.0,685628.0,81
2024-05-21,28284.498,26.0,685628.0,82
2024-05-22,28284.498,27.0,685628.0,83
2024-05-23,28284.498,28.0,685628.0,84
2024-05-24,28284.498,29.0,685628.0,85
2024-05-27,28284.498,32.0,685628.0,88
2024-05-28,28284.498,33.0,685628.0,89
2024-05-29,28284.498,34.0,685628.0,90
2024-05-30,28255.928,0.0,690605.0,0
2024-05-31,28255.928,1.0,690605.0,1
2024-06-03,28255.928,4.0,690605.0,4
2024-06-04,28255.928,5.0,690605.0,5
2024-06-05,28255.928,6.0,690605.0,6
2024-06-06,28255.928,7.0,690605.0,7
2024-06-07,28255.928,8.0,690605.0,8
2024-06-10,28255.928,11.0,690605.0,11
2024-06-11,28255.928,12.0,690605.0,12
2024-06-12,28255.928,13.0,690605.0,13
2024-06-13,28255.928,14.0,690605.0,14
2024-06-14,28255.928,15.0,690605.0,15
2024-06-17,28255.928,18.0,690605.0,18
2024-06-18,28255.928,19.0,690605.0,19
2024-06-19,28255.928,20.0,690605.0,20
2024-06-20,28255.928,21.0,690605.0,21
2024-06-21,28255.928,22.0,690605.0,22
2024-06-24,28255.928,25.0,690605.0,25
2024-06-25,28255.928,26.0,690605.0,26
2024-06-26,28255.928,27.0,690605.0,27
2024-06-27,28269.174,0.0,690605.0,28
2024-06-28,28269.174,1.0,690605.0,29
2024-07-01,28269.174,4.0,690605.0,32
2024-07-02,28269.174,5.0,690605.0,33
2024-07-03,28269.174,6.0,690605.0,34
2024-07-04,28269.174,7.0,690605.0,35
2024-07-05,28269.174,8.0,690605.0,36
2024-07-08,28269.174,11.0,690605.0,39
2024-07-09,28269.174,12.0,690605.0,40
2024-07-10,28269.174,13.0,690605.0,41
2024-07-11,28269.174,14.0,690605.0,42
2024-07-12,28269.174,15.0,690605.0,43
2024-07-15,28269.174,18.0,690605.0,46
2024-07-16,28269.174,19.0,690605.0,47
2024-07-17,28269.174,20.0,690605.0,48
2024-07-18,28269.174,21.0,690605.0,49
2024-07-19,28269.174,22.0,690605.0,50
2024-07-22,28269.174,25.0,690605.0,53
2024-07-23,28269.174,26.0,690605.0,54
2024-07-24,28269.174,27.0,690605.0,55
2024-07-25,28629.153,0.0,690605.0,56
2024-07-26,28629.153,1.0,690605.0,57
2024-07-29,28629.153,4.0,690605.0,60
2024-07-30,28629.153,5.0,690605.0,61
2024-07-31,28629.153,6.0,690605.0,62
2024-08-01,28629.153,7.0,690605.0,63
2024-08-02,28629.153,8.0,690605.0,64
2024-08-05,28629.153,11.0,690605.0,67
2024-08-06,28629.153,12.0,690605.0,68
2024-08-07,28629.153,13.0,690605.0,69
2024-08-08,28629.153,14.0,690605.0,70
2024-08-09,28629.153,15.0,690605.0,71
2024-08-12,28629.153,18.0,690605.0,74
2024-08-13,28629.153,19.0,690605.0,75
2024-08-14,28629.153,20.0,690605.0,76
2024-08-15,28629.153,21.0,690605.0,77
2024-08-16,28629.153,22.0,690605.0,78
2024-08-19,28629.153,25.0,690605.0,81
2024-08-20,28629.153,26.0,690605.0,82
2024-08-21,28629.153,27.0,690605.0,83
2024-08-22,28629.153,28.0,690605.0,84
2024-08-23,28629.153,29.0,690605.0,85
2024-08-26,28629.153,32.0,690605.0,88
2024-08-27,28629.153,33.0,690605.0,89
2024-08-28,28629.153,34.0,690605.0,90
2024-08-29,28652.337,0.0,694810.0,0
2024-08-30,28652.337,1.0,694810.0,1
2024-09-02,28652.337,4.0,694810.0,4
2024-09-03,28652.337,5.0,694810.0,5
2024-09-04,28652.337,6.0,694810.0,6
2024-09-05,28652.337,7.0,694810.0,7
2024-09-06,28652.337,8.0,694810.0,8
2024-09-09,28652.337,11.0,694810.0,11
2024-09-10,28652.337,12.0,694810.0,12
2024-09-11,28652.337,13.0,694810.0,13
2024-09-12,28652.337,14.0,694810.0,14
2024-09-13,28652.337,15.0,694810.0,15
2024-09-16,28652.337,18.0,694810.0,18
2024-09-17,28652.337,19.0,694810.0,19
2024-09-18,28652.337,20.0,694810.0,20
2024-09-19,28652.337,21.0,694810.0,21
2024-09-20,28652.337,22.0,694810.0,22
2024-09-23,28652.337,25.0,694810.0,25
2024-09-24,28652.337,26.0,694810.0,26
2024-09-25,28652.337,27.0,694810.0,27
2024-09-26,26734.277,0.0,694810.0,28
2024-09-27,26734.277,1.0,694810.0,29
2024-09-30,26734.277,4.0,694810.0,32
2024-10-01,26734.277,5.0,694810.0,33
2024-10-02,26734.277,6.0,694810.0,34
2024-10-03,26734.277,7.0,694810.0,35
2024-10-04,26734.277,8.0,694810.0,36
2024-10-07,26734.277,11.0,694810.0,39
2024-10-08,26734.277,12.0,694810.0,40
2024-10-09,26734.277,13.0,694810.0,41
2024-10-10,26734.277,14.0,694810.0,42
2024-10-11,26734.277,15.0,694810.0,43
2024-10-14,26734.277,18.0,694810.0,46
2024-10-15,26734.277,19.0,694810.0,47
2024-10-16,26734.277,20.0,694810.0,48
2024-10-17,26734.277,21.0,694810.0,49
2024-10-18,26734.277,22.0,694810.0,50
2024-10-21,26734.277,25.0,694810.0,53
2024-10-22,26734.277,26.0,694810.0,54
2024-10-23,26734.277,27.0,694810.0,55
2024-10-24,26734.277,28.0,694810.0,56
2024-10-25,26734.277,29.0,694810.0,57
2024-10-28,26734.277,32.0,694810.0,60
2024-10-29,26734.277,33.0,694810.0,61
2024-10-30,29349.924,0.0,694810.0,62
2024-10-31,29349.924,1.0,694810.0,63
2024-11-01,29349.924,2.0,694810.0,64
2024-11-04,29349.924,5.0,694810.0,67
2024-11-05,29349.924,6.0,694810.0,68
2024-11-06,29349.924,7.0,694810.0,69
2024-11-07,29349.924,8.0,694810.0,70
2024-11-08,29349.924,9.0,694810.0,71
2024-11-11,29349.924,12.0,694810.0,74
2024-11-12,29349.924,13.0,694810.0,75
2024-11-13,29349.924,14.0,694810.0,76
2024-11-14,29349.924,15.0,694810.0,77
2024-11-15,29349.924,16.0,694810.0,78
2024-11-18,29349.924,19.0,694810.0,81
2024-11-19,29349.924,20.0,694810.0,82
2024-11-20,29349.924,21.0,694810.0,83
2024-11-21,29349.924,22.0,694810.0,84
2024-11-22,29349.924,23.0,694810.0,85
2024-11-25,29349.924,26.0,694810.0,88
2024-11-26,29349.924,27.0,694810.0,89
2024-11-27,29354.321,0.0,694810.0,90
2024-11-28,29354.321,1.0,694810.0,91
2024-11-29,29354.321,2.0,696183.0,0
2024-12-02,29354.321,5.0,696183.0,3
2024-12-03,29354.321,6.0,696183.0,4
2024-12-04,29354.321,7.0,696183.0,5
2024-12-05,29354.321,8.0,696183.0,6
2024-12-06,29354.321,9.0,696183.0,7
2024-12-09,29354.321,12.0,696183.0,10
2024-12-10,29354.321,13.0,696183.0,11
2024-12-11,29354.321,14.0,696183.0,12
2024-12-12,29354.321,15.0,696183.0,13
2024-12-13,29354.321,16.0,696183.0,14
2024-12-16,29354.321,19.0,696183.0,17
2024-12-17,29354.321,20.0,696183.0,18
2024-12-18,29354.321,21.0,696183.0,19
2024-12-19,29374.914,0.0,696183.0,20
2024-12-20,29374.914,1.0,696183.0,21
2024-12-23,29374.914,4.0,696183.0,24
2024-12-24,29374.914,5.0,696183.0,25
2024-12-25,29374.914,6.0,696183.0,26
2024-12-26,29374.914,7.0,696183.0,27
2024-12-27,29374.914,8.0,696183.0,28
2024-12-30,29374.914,11.0,696183.0,31
2024-12-31,29374.914,12.0,696183.0,32
