date,open,high,low,close,volume
2014-01-02 00:00:00,15935.2998046875,15962.2001953125,15869.099609375,15919.099609375,225091800
2014-01-03 00:00:00,15919.099609375,16022.099609375,15855.400390625,16020.5,198534700
2014-01-06 00:00:00,16020.599609375,16086.5,15999.099609375,16049.2998046875,183144300
2014-01-07 00:00:00,16049.2998046875,16088.400390625,16013.400390625,16069.2001953125,201672300
2014-01-08 00:00:00,16069.2001953125,16071.400390625,15990.0,16001.7001953125,249448300
2014-01-09 00:00:00,16001.7001953125,16035.2998046875,15924.7998046875,15949.0,239523700
2014-01-10 00:00:00,15949.0,16191.7001953125,15944.7001953125,16191.7001953125,250221900
2014-01-13 00:00:00,16191.7001953125,16262.2998046875,16191.7001953125,16254.7998046875,208205900
2014-01-14 00:00:00,16254.7998046875,16254.7998046875,16104.099609375,16236.0,207861100
2014-01-15 00:00:00,16236.099609375,16292.900390625,16236.0,16292.900390625,312914000
2014-01-16 00:00:00,16293.0,16311.2001953125,16171.599609375,16209.7001953125,267116800
2014-01-17 00:00:00,16209.7001953125,16242.400390625,16151.7001953125,16187.099609375,253086600
2014-01-20 00:00:00,16187.099609375,16245.099609375,16167.400390625,16227.099609375,166475000
2014-01-21 00:00:00,16227.099609375,16243.2001953125,16117.0,16144.2001953125,231537000
2014-01-22 00:00:00,16144.2001953125,16223.2001953125,16115.7998046875,16147.2001953125,189950600
2014-01-23 00:00:00,16147.2001953125,16154.0,15946.7001953125,15980.099609375,218921700
2014-01-24 00:00:00,15980.099609375,16008.0,15688.2998046875,15703.400390625,245832300
2014-01-27 00:00:00,15703.400390625,15705.5,15505.0,15528.2001953125,246387800
2014-01-28 00:00:00,15528.2001953125,15734.2998046875,15528.2001953125,15715.7998046875,261519800
2014-01-29 00:00:00,15715.7998046875,15922.599609375,15605.900390625,15688.2998046875,259963500
2014-01-30 00:00:00,15688.400390625,15720.2001953125,15635.599609375,15701.7998046875,228139500
2014-01-31 00:00:00,15701.7998046875,15767.099609375,15525.599609375,15674.400390625,256406500
2014-02-03 00:00:00,15674.5,15709.599609375,15551.900390625,15558.2001953125,204406500
2014-02-04 00:00:00,15558.2998046875,15581.7001953125,15442.0,15540.2998046875,255679900
2014-02-05 00:00:00,15540.2998046875,15623.7998046875,15491.0,15561.400390625,217072100
2014-02-06 00:00:00,15561.400390625,15790.5,15561.400390625,15789.900390625,281130100
2014-02-07 00:00:00,15789.900390625,15872.0,15789.400390625,15865.099609375,253818000
2014-02-10 00:00:00,15865.099609375,15922.400390625,15836.2001953125,15910.7001953125,188062200
2014-02-11 00:00:00,15910.7001953125,16078.2998046875,15906.2998046875,16078.2998046875,241279400
2014-02-12 00:00:00,16078.2998046875,16112.2998046875,16032.599609375,16079.2001953125,229712900
2014-02-13 00:00:00,16079.2001953125,16079.7001953125,15944.2001953125,16029.400390625,194443300
2014-02-14 00:00:00,16029.400390625,16125.099609375,16028.7001953125,16110.599609375,229284500
2014-02-17 00:00:00,16110.599609375,16244.7001953125,16099.0,16244.7001953125,171537000
2014-02-18 00:00:00,16244.7001953125,16345.5,16202.7001953125,16342.099609375,226061800
2014-02-19 00:00:00,16342.0,16350.2001953125,16228.2998046875,16347.2998046875,195670300
2014-02-20 00:00:00,16347.400390625,16368.7998046875,16181.0,16368.7998046875,206900700
2014-02-21 00:00:00,16368.7998046875,16477.19921875,16368.7998046875,16460.900390625,209393800
2014-02-24 00:00:00,16460.900390625,16539.30078125,16358.7001953125,16539.30078125,277237800
2014-02-25 00:00:00,16539.30078125,16568.69921875,16446.19921875,16527.900390625,390193900
2014-02-26 00:00:00,16527.900390625,16549.099609375,16437.80078125,16471.69921875,246638600
2014-02-27 00:00:00,16471.599609375,16544.19921875,16388.80078125,16523.0,491024500
2014-02-28 00:00:00,16523.0,16728.400390625,16518.400390625,16726.0,288814400
2014-03-03 00:00:00,16726.0,16726.0,16329.7998046875,16374.7998046875,270046000
2014-03-04 00:00:00,16374.900390625,16699.900390625,16374.900390625,16698.900390625,271204400
2014-03-05 00:00:00,16698.900390625,16698.900390625,16608.099609375,16614.400390625,254421100
2014-03-06 00:00:00,16614.400390625,16713.19921875,16614.400390625,16671.80078125,254640800
2014-03-07 00:00:00,16671.80078125,16692.5,16559.5,16559.5,221904000
2014-03-10 00:00:00,16559.5,16645.599609375,16396.099609375,16451.19921875,218289100
2014-03-11 00:00:00,16451.19921875,16535.30078125,16420.900390625,16481.5,266515400
2014-03-12 00:00:00,16481.5,16481.69921875,16321.400390625,16326.7001953125,243304800
2014-03-13 00:00:00,16326.7001953125,16362.599609375,16186.2001953125,16186.2001953125,241266100
2014-03-14 00:00:00,16186.2998046875,16186.2998046875,16018.5,16124.900390625,233059200
2014-03-17 00:00:00,16124.900390625,16315.2001953125,16123.599609375,16297.400390625,203335400
2014-03-18 00:00:00,16297.400390625,16367.099609375,16212.5,16354.2001953125,227070800
2014-03-19 00:00:00,16354.2001953125,16398.900390625,16320.2998046875,16338.7998046875,324163600
2014-03-20 00:00:00,16338.900390625,16338.900390625,16161.7998046875,16217.400390625,256250000
2014-03-21 00:00:00,16217.400390625,16262.2001953125,16160.099609375,16160.099609375,571970600
2014-03-24 00:00:00,16160.099609375,16221.400390625,15995.099609375,16019.400390625,245794400
2014-03-25 00:00:00,16019.400390625,16154.5,16019.400390625,16153.099609375,221721300
2014-03-26 00:00:00,16153.099609375,16282.2998046875,16153.099609375,16252.900390625,271193000
2014-03-27 00:00:00,16252.900390625,16253.2001953125,16167.400390625,16202.2001953125,214063900
2014-03-28 00:00:00,16202.2001953125,16245.599609375,16157.900390625,16181.7001953125,222858200
2014-03-30 23:00:00,16181.7001953125,16284.900390625,16180.7001953125,16273.7001953125,219835800
2014-03-31 23:00:00,16273.7001953125,16409.30078125,16273.7001953125,16407.599609375,224951500
2014-04-01 23:00:00,16407.599609375,16476.5,16381.599609375,16416.0,216192300
2014-04-02 23:00:00,16415.900390625,16415.900390625,16335.099609375,16349.099609375,214019700
2014-04-03 23:00:00,16349.099609375,16464.80078125,16348.0,16433.69921875,239862200
2014-04-06 23:00:00,16433.69921875,16433.69921875,16253.599609375,16262.7998046875,236703100
2014-04-07 23:00:00,16262.7998046875,16279.400390625,15942.7998046875,16014.5,284965400
2014-04-08 23:00:00,16014.5,16214.900390625,16014.5,16163.7001953125,233738700
2014-04-09 23:00:00,16163.7001953125,16300.599609375,16134.5,16148.5,217920300
2014-04-10 23:00:00,16148.599609375,16148.599609375,15818.599609375,15898.400390625,212037200
2014-04-13 23:00:00,15898.400390625,15898.400390625,15589.400390625,15702.400390625,239532100
2014-04-14 23:00:00,15702.5,15780.400390625,15573.099609375,15590.5,228662500
2014-04-15 23:00:00,15590.5,15769.2001953125,15590.5,15746.0,225972500
2014-04-16 23:00:00,15746.0,15917.2001953125,15745.099609375,15907.900390625,202325500
2014-04-21 23:00:00,15907.900390625,16109.599609375,15907.900390625,16082.2001953125,174521700
2014-04-22 23:00:00,16082.2998046875,16097.099609375,15975.900390625,15989.599609375,184179300
2014-04-23 23:00:00,15989.599609375,16101.400390625,15923.099609375,15991.7998046875,253507200
2014-04-24 23:00:00,15991.7998046875,15994.400390625,15854.7998046875,15888.2001953125,199280000
2014-04-27 23:00:00,15888.2001953125,15940.2998046875,15811.2998046875,15826.2001953125,206072700
2014-04-28 23:00:00,15826.2001953125,15917.900390625,15826.2001953125,15896.599609375,238834400
2014-04-29 23:00:00,15896.7001953125,15920.0,15801.2998046875,15817.2001953125,319021800
2014-04-30 23:00:00,15817.2001953125,15938.2001953125,15808.0,15850.2998046875,158134000
2014-05-01 23:00:00,15850.2998046875,15955.900390625,15850.099609375,15930.900390625,232626500
2014-05-05 23:00:00,15930.900390625,15990.7001953125,15866.099609375,15938.7001953125,245398700
2014-05-06 23:00:00,15938.7001953125,15938.7001953125,15846.5,15882.0,251504500
2014-05-07 23:00:00,15882.0,15972.7001953125,15882.0,15968.5,197319300
2014-05-08 23:00:00,15968.5,15968.5,15868.099609375,15885.2001953125,197021800
2014-05-11 23:00:00,15885.2001953125,15991.400390625,15885.2001953125,15981.400390625,247758400
2014-05-12 23:00:00,15981.2998046875,16105.599609375,15981.2998046875,16038.900390625,221782900
2014-05-13 23:00:00,16038.900390625,16066.2998046875,15964.099609375,15974.599609375,230594500
2014-05-14 23:00:00,15974.599609375,16016.2001953125,15589.5,15616.5,343168800
2014-05-15 23:00:00,15616.599609375,15680.599609375,15283.900390625,15397.900390625,344723100
2014-05-18 23:00:00,15397.900390625,15482.7998046875,15357.0,15379.400390625,226523100
2014-05-19 23:00:00,15379.5,15515.7998046875,15378.5,15440.2998046875,306195700
2014-05-20 23:00:00,15440.2998046875,15605.400390625,15423.5,15603.2001953125,245295400
2014-05-21 23:00:00,15603.2001953125,15695.2001953125,15601.5,15675.099609375,210655900
2014-05-22 23:00:00,15675.099609375,15706.7001953125,15656.599609375,15706.0,194602800
2014-05-26 23:00:00,15706.0,15852.0,15703.599609375,15843.900390625,200754000
2014-05-27 23:00:00,15844.0,15944.400390625,15829.7001953125,15935.400390625,223388200
2014-05-28 23:00:00,15935.400390625,16022.599609375,15925.7998046875,15954.7998046875,192974300
2014-05-29 23:00:00,15954.7998046875,16052.2001953125,15933.2998046875,16010.2998046875,318008300
2014-06-01 23:00:00,16010.2998046875,16111.400390625,16010.2998046875,16084.400390625,214539100
2014-06-02 23:00:00,16084.400390625,16122.7001953125,15948.0,15971.900390625,198847900
2014-06-03 23:00:00,15971.900390625,15997.7001953125,15941.599609375,15986.5,175311700
2014-06-04 23:00:00,15986.5,16024.5,15931.7001953125,15995.5,177296300
2014-06-05 23:00:00,15995.5,16232.900390625,15995.5,16232.900390625,243631300
2014-06-08 23:00:00,16232.900390625,16273.2998046875,16185.599609375,16218.400390625,175904100
2014-06-09 23:00:00,16218.2998046875,16228.7998046875,16161.7998046875,16210.599609375,167704000
2014-06-10 23:00:00,16210.599609375,16221.5,16008.7998046875,16087.599609375,218390500
2014-06-11 23:00:00,16087.599609375,16151.400390625,16071.2001953125,16126.0,199278600
2014-06-12 23:00:00,16125.7998046875,16125.7998046875,15761.7998046875,15814.7998046875,284915100
2014-06-15 23:00:00,15814.7998046875,15847.099609375,15668.099609375,15706.7001953125,251525600
2014-06-16 23:00:00,15706.7001953125,15764.900390625,15554.400390625,15585.5,272179400
2014-06-17 23:00:00,15585.5,15667.2998046875,15585.5,15624.2001953125,237605400
2014-06-18 23:00:00,15624.099609375,15797.7998046875,15624.099609375,15683.900390625,240555900
2014-06-19 23:00:00,15683.900390625,15797.5,15682.099609375,15791.400390625,386124000
2014-06-22 23:00:00,15791.400390625,15791.400390625,15675.2998046875,15675.2998046875,166758600
2014-06-23 23:00:00,15675.2998046875,15710.0,15510.7998046875,15547.2001953125,224219900
2014-06-24 23:00:00,15547.2001953125,15560.2001953125,15380.099609375,15454.0,215027100
2014-06-25 23:00:00,15454.0,15650.2998046875,15451.599609375,15646.7998046875,257809700
2014-06-26 23:00:00,15646.7998046875,15699.400390625,15632.2998046875,15681.5,259470300
2014-06-29 23:00:00,15681.5,15751.0,15674.0,15723.599609375,224114200
2014-06-30 23:00:00,15723.599609375,15848.7001953125,15723.599609375,15840.900390625,218165900
2014-07-01 23:00:00,15840.900390625,15934.7001953125,15839.400390625,15897.099609375,239251600
2014-07-02 23:00:00,15897.099609375,16046.7998046875,15897.099609375,16029.0,250257600
2014-07-03 23:00:00,16029.0,16099.900390625,16029.0,16050.2001953125,165906600
2014-07-06 23:00:00,16050.2001953125,16058.7001953125,15884.099609375,15892.2998046875,185390100
2014-07-07 23:00:00,15892.2998046875,15908.7001953125,15640.2001953125,15652.5,242231700
2014-07-08 23:00:00,15652.5,15665.2998046875,15488.7001953125,15549.599609375,213177600
2014-07-09 23:00:00,15549.599609375,15584.900390625,15331.2998046875,15439.900390625,248303600
2014-07-10 23:00:00,15439.900390625,15556.400390625,15425.400390625,15451.400390625,193139400
2014-07-13 23:00:00,15451.400390625,15600.2001953125,15451.400390625,15577.7001953125,156559700
2014-07-14 23:00:00,15577.7001953125,15594.5,15440.0,15440.5,184440400
2014-07-15 23:00:00,15440.5,15615.2998046875,15440.5,15600.2001953125,203503300
2014-07-16 23:00:00,15600.2001953125,15606.900390625,15504.900390625,15554.0,169430500
2014-07-17 23:00:00,15554.0,15556.7998046875,15423.900390625,15556.7998046875,199470200
2014-07-20 23:00:00,15556.7998046875,15567.5,15427.099609375,15486.099609375,178162600
2014-07-21 23:00:00,15486.099609375,15661.5,15486.099609375,15650.7001953125,182504300
2014-07-22 23:00:00,15650.7001953125,15734.5,15650.7001953125,15726.0,206562500
2014-07-23 23:00:00,15726.0,15748.7001953125,15667.7998046875,15748.7001953125,195776800
2014-07-24 23:00:00,15748.7001953125,15804.0,15681.900390625,15691.7998046875,201503300
2014-07-27 23:00:00,15691.7998046875,15735.099609375,15575.599609375,15616.5,206560800
2014-07-28 23:00:00,15616.5,15742.7001953125,15616.5,15687.0,197741400
2014-07-29 23:00:00,15687.0,15734.400390625,15611.2998046875,15629.7998046875,197154800
2014-07-30 23:00:00,15629.7998046875,15668.2001953125,15448.2998046875,15495.599609375,313642400
2014-07-31 23:00:00,15495.599609375,15496.7001953125,15280.2998046875,15402.7001953125,254530300
2014-08-03 23:00:00,15402.7001953125,15444.7998046875,15307.099609375,15362.599609375,203427200
2014-08-04 23:00:00,15362.599609375,15420.0,15336.599609375,15351.900390625,252177200
2014-08-05 23:00:00,15351.900390625,15351.900390625,15143.7998046875,15262.7001953125,224315600
2014-08-06 23:00:00,15262.7001953125,15336.0,15230.099609375,15240.099609375,259125200
2014-08-07 23:00:00,15240.099609375,15273.099609375,15091.2001953125,15243.400390625,212349500
2014-08-10 23:00:00,15243.400390625,15478.2998046875,15243.0,15460.7001953125,166169900
2014-08-11 23:00:00,15460.7001953125,15515.7998046875,15447.7998046875,15465.7998046875,176361900
2014-08-12 23:00:00,15465.7998046875,15536.099609375,15381.099609375,15527.5,200427500
2014-08-13 23:00:00,15527.5,15694.7001953125,15497.099609375,15675.599609375,197469600
2014-08-14 23:00:00,15675.599609375,15779.599609375,15658.0,15667.7998046875,191419800
2014-08-17 23:00:00,15667.7998046875,15805.900390625,15667.7998046875,15796.400390625,155069100
2014-08-18 23:00:00,15796.400390625,15928.7001953125,15796.400390625,15895.2998046875,182235700
2014-08-19 23:00:00,15895.2998046875,15904.900390625,15724.7001953125,15748.900390625,202845400
2014-08-20 23:00:00,15748.900390625,15838.599609375,15743.0,15838.599609375,152780500
2014-08-21 23:00:00,15838.599609375,15894.900390625,15808.5,15881.099609375,147539000
2014-08-25 23:00:00,15881.099609375,15998.0,15881.099609375,15998.0,180200600
2014-08-26 23:00:00,15998.0,16075.2998046875,15979.5,16024.599609375,178628800
2014-08-27 23:00:00,16024.599609375,16029.7998046875,15891.599609375,15910.900390625,215151700
2014-08-28 23:00:00,15910.900390625,15921.2998046875,15801.0,15885.7001953125,203959600
2014-08-31 23:00:00,15885.7001953125,15957.099609375,15873.900390625,15957.099609375,151676000
2014-09-01 23:00:00,15957.099609375,15994.599609375,15891.400390625,15965.400390625,211548100
2014-09-02 23:00:00,15965.400390625,16058.2001953125,15965.400390625,15991.900390625,206983000
2014-09-03 23:00:00,15991.900390625,16004.900390625,15936.2001953125,15995.7998046875,215857300
2014-09-04 23:00:00,15995.7998046875,16000.599609375,15911.2001953125,15924.599609375,211973400
2014-09-07 23:00:00,15924.599609375,15924.599609375,15682.599609375,15768.2998046875,184408900
2014-09-08 23:00:00,15768.2998046875,15828.5,15680.7998046875,15786.900390625,187275100
2014-09-09 23:00:00,15786.900390625,15790.2998046875,15660.7001953125,15672.7001953125,182011900
2014-09-10 23:00:00,15672.7001953125,15818.2998046875,15581.099609375,15621.400390625,188407900
2014-09-11 23:00:00,15621.400390625,15737.0,15617.7001953125,15711.900390625,191836900
2014-09-14 23:00:00,15711.900390625,15711.900390625,15614.7001953125,15649.2001953125,165800500
2014-09-15 23:00:00,15649.2001953125,15649.5,15499.0,15593.099609375,251282000
2014-09-16 23:00:00,15593.099609375,15681.099609375,15576.7001953125,15576.7001953125,202687100
2014-09-17 23:00:00,15576.7001953125,15732.0,15573.2998046875,15722.7998046875,215937200
2014-09-18 23:00:00,15722.7998046875,15941.7998046875,15722.7998046875,15859.099609375,491036100
2014-09-21 23:00:00,15859.099609375,15859.400390625,15732.2001953125,15744.599609375,187085600
2014-09-22 23:00:00,15744.599609375,15746.7001953125,15496.5,15533.7001953125,217724500
2014-09-23 23:00:00,15533.7001953125,15583.900390625,15466.900390625,15537.599609375,210286000
2014-09-24 23:00:00,15537.599609375,15596.2001953125,15386.0,15425.900390625,251554500
2014-09-25 23:00:00,15425.900390625,15425.900390625,15276.5,15383.7001953125,180437400
2014-09-28 23:00:00,15383.7001953125,15403.900390625,15324.7998046875,15390.099609375,187097500
2014-09-29 23:00:00,15390.099609375,15455.5,15318.0,15379.7001953125,245399100
2014-09-30 23:00:00,15379.7001953125,15385.400390625,15187.7998046875,15210.900390625,232529700
2014-10-01 23:00:00,15210.900390625,15262.599609375,15005.2001953125,15005.2001953125,312040000
2014-10-02 23:00:00,15005.2001953125,15236.0,15005.2001953125,15230.099609375,190808800
2014-10-05 23:00:00,15230.2001953125,15339.7998046875,15230.2001953125,15277.0,208872100
2014-10-06 23:00:00,15277.0,15277.0,15088.2001953125,15099.2001953125,218173000
2014-10-07 23:00:00,15099.2001953125,15100.2998046875,14907.900390625,14933.5,247890900
2014-10-08 23:00:00,14933.5,15097.5,14794.7001953125,14811.2998046875,271816100
2014-10-09 23:00:00,14811.2998046875,14811.2998046875,14535.099609375,14641.599609375,324833100
2014-10-12 23:00:00,14641.599609375,14648.2998046875,14476.0,14544.0,271180000
2014-10-13 23:00:00,14544.0,14688.5,14443.900390625,14669.7998046875,235287800
2014-10-14 23:00:00,14669.7998046875,14799.599609375,14395.0,14426.7001953125,307826000
2014-10-15 23:00:00,14426.7001953125,14592.099609375,14193.400390625,14480.099609375,409668300
2014-10-16 23:00:00,14480.099609375,14757.599609375,14479.7001953125,14757.599609375,270750000
2014-10-19 23:00:00,14757.599609375,14802.2998046875,14675.5,14756.0,197609600
2014-10-20 23:00:00,14756.0,15025.0,14709.599609375,15025.0,261674700
2014-10-21 23:00:00,15025.0,15183.099609375,15024.7998046875,15170.099609375,246097800
2014-10-22 23:00:00,15170.099609375,15176.5,14989.2001953125,15136.0,253088900
2014-10-23 23:00:00,15136.0,15152.099609375,15070.2001953125,15089.599609375,177670800
2014-10-27 00:00:00,15089.599609375,15170.7998046875,15009.5,15040.400390625,219742200
2014-10-28 00:00:00,15040.400390625,15154.2001953125,15040.099609375,15123.400390625,169070900
2014-10-29 00:00:00,15123.400390625,15281.0,15123.400390625,15234.099609375,204695000
2014-10-30 00:00:00,15234.099609375,15300.400390625,15172.7998046875,15298.2998046875,271341900
2014-10-31 00:00:00,15298.2998046875,15533.900390625,15298.2998046875,15501.400390625,310250400
2014-11-03 00:00:00,15501.400390625,15546.7998046875,15438.400390625,15453.2001953125,200796700
2014-11-04 00:00:00,15453.2001953125,15511.2001953125,15369.5,15394.099609375,238491100
2014-11-05 00:00:00,15394.099609375,15526.2998046875,15394.099609375,15526.2998046875,240636300
2014-11-06 00:00:00,15526.2998046875,15543.099609375,15452.599609375,15515.099609375,246458200
2014-11-07 00:00:00,15515.099609375,15582.099609375,15434.7998046875,15464.5,259688900
2014-11-10 00:00:00,15464.5,15596.2001953125,15437.2001953125,15596.2001953125,234297500
2014-11-11 00:00:00,15596.2001953125,15689.900390625,15596.2001953125,15630.7001953125,241037800
2014-11-12 00:00:00,15630.7001953125,15646.2998046875,15552.900390625,15604.2998046875,272637300
2014-11-13 00:00:00,15604.2998046875,15684.7998046875,15593.0,15631.900390625,284674900
2014-11-14 00:00:00,15631.900390625,15653.900390625,15590.2998046875,15644.099609375,271763300
2014-11-17 00:00:00,15644.099609375,15659.400390625,15529.2001953125,15648.599609375,218846600
2014-11-18 00:00:00,15648.599609375,15744.400390625,15648.599609375,15699.400390625,217031700
2014-11-19 00:00:00,15699.400390625,15730.7998046875,15580.599609375,15601.900390625,251988300
2014-11-20 00:00:00,15601.900390625,15605.2001953125,15537.7001953125,15604.5,216512300
2014-11-21 00:00:00,15604.5,15748.400390625,15584.900390625,15691.599609375,244990300
2014-11-24 00:00:00,15691.599609375,15729.7001953125,15674.099609375,15710.099609375,229313200
2014-11-25 00:00:00,15710.099609375,15844.0,15710.099609375,15831.599609375,310676300
2014-11-26 00:00:00,15831.599609375,15842.400390625,15772.0,15788.400390625,332719000
2014-11-27 00:00:00,15788.400390625,15916.099609375,15787.5,15889.7001953125,237737400
2014-11-28 00:00:00,15889.7001953125,15895.099609375,15786.7001953125,15851.7998046875,295198400
2014-12-01 00:00:00,15851.7998046875,15851.7998046875,15693.2001953125,15719.7998046875,263270100
2014-12-02 00:00:00,15719.7998046875,15833.0,15719.7998046875,15833.0,268578800
2014-12-03 00:00:00,15833.0,15857.599609375,15791.5,15811.599609375,294323800
2014-12-04 00:00:00,15811.599609375,15911.400390625,15811.599609375,15840.5,267969000
2014-12-05 00:00:00,15840.5,16002.900390625,15840.5,16002.900390625,233730000
2014-12-08 00:00:00,16002.900390625,16005.400390625,15949.099609375,15952.5,196551400
2014-12-09 00:00:00,15952.5,15952.5,15714.2998046875,15714.2998046875,243161700
2014-12-10 00:00:00,15714.2998046875,15851.099609375,15714.0,15737.5,276303400
2014-12-11 00:00:00,15737.5,15742.7001953125,15617.2998046875,15663.5,251333700
2014-12-12 00:00:00,15663.5,15663.5,15377.099609375,15377.099609375,250832500
2014-12-15 00:00:00,15377.099609375,15476.2001953125,15233.900390625,15233.900390625,249239900
2014-12-16 00:00:00,15233.900390625,15426.7998046875,15151.599609375,15426.7998046875,322601800
2014-12-17 00:00:00,15426.7998046875,15474.099609375,15321.2998046875,15444.0,261183200
2014-12-18 00:00:00,15444.0,15739.2001953125,15444.0,15732.7001953125,297720400
2014-12-19 00:00:00,15732.7001953125,15907.900390625,15732.7001953125,15888.900390625,644896200
2014-12-22 00:00:00,15888.900390625,15996.2998046875,15888.900390625,15991.5,201395900
2014-12-23 00:00:00,15991.5,16094.2001953125,15991.2998046875,16094.2001953125,144716700
2014-12-24 00:00:00,16094.2001953125,16127.7001953125,16059.5,16104.900390625,42853900
2014-12-29 00:00:00,16104.900390625,16166.2998046875,16019.7998046875,16050.7001953125,116794400
2014-12-30 00:00:00,16050.7001953125,16051.7001953125,15955.599609375,15990.2998046875,106193700
2014-12-31 00:00:00,15990.2998046875,16085.400390625,15969.400390625,16085.400390625,55280300
2015-01-02 00:00:00,16085.400390625,16103.099609375,15977.7001953125,16052.0,126821600
2015-01-05 00:00:00,16052.0,16141.400390625,15910.5,15921.7001953125,211207200
2015-01-06 00:00:00,15921.7001953125,15980.2001953125,15778.400390625,15778.7001953125,250197700
2015-01-07 00:00:00,15778.7001953125,15924.2001953125,15778.7001953125,15851.7001953125,250241800
2015-01-08 00:00:00,15851.7001953125,16086.5,15851.7001953125,16085.5,259066600
2015-01-09 00:00:00,16085.5,16086.0,15961.400390625,16011.0,232017400
2015-01-12 00:00:00,16011.0,16048.2001953125,15902.0,15943.7001953125,256945700
2015-01-13 00:00:00,15943.7001953125,16109.7001953125,15943.7001953125,16085.0,302149100
2015-01-14 00:00:00,16085.0,16085.0,15817.900390625,15872.099609375,292202300
2015-01-15 00:00:00,15872.099609375,15963.2001953125,15752.2001953125,15915.2998046875,314254100
2015-01-16 00:00:00,15915.2998046875,15931.7998046875,15780.599609375,15922.5,343910400
2015-01-19 00:00:00,15922.5,16067.2001953125,15922.5,16067.2001953125,214205700
2015-01-20 00:00:00,16067.2001953125,16178.7998046875,16065.2998046875,16126.599609375,218696500
2015-01-21 00:00:00,16126.599609375,16253.2998046875,16116.2998046875,16253.2998046875,277217200
2015-01-22 00:00:00,16253.2998046875,16395.19921875,16250.599609375,16378.900390625,294985100
2015-01-23 00:00:00,16378.900390625,16491.80078125,16378.7998046875,16458.900390625,361098300
2015-01-26 00:00:00,16458.900390625,16480.099609375,16373.7001953125,16470.5,259407400
2015-01-27 00:00:00,16470.5,16524.900390625,16340.7001953125,16353.900390625,414004400
2015-01-28 00:00:00,16353.900390625,16431.0,16344.900390625,16425.69921875,325882000
2015-01-29 00:00:00,16425.69921875,16425.69921875,16273.099609375,16359.0,331846400
2015-01-30 00:00:00,16359.0,16420.599609375,16304.2998046875,16305.7998046875,492220300
2015-02-02 00:00:00,16305.7998046875,16379.7998046875,16262.2001953125,16355.599609375,500372500
2015-02-03 00:00:00,16355.599609375,16578.19921875,16353.7998046875,16570.30078125,551245400
2015-02-04 00:00:00,16570.30078125,16584.400390625,16486.80078125,16571.599609375,411095300
2015-02-05 00:00:00,16571.599609375,16695.0,16487.30078125,16695.0,323158500
2015-02-06 00:00:00,16695.0,16723.30078125,16614.400390625,16685.599609375,293446300
2015-02-09 00:00:00,16685.599609375,16685.80078125,16488.19921875,16579.19921875,265225600
2015-02-10 00:00:00,16579.19921875,16677.900390625,16565.19921875,16658.69921875,272747200
2015-02-11 00:00:00,16658.69921875,16671.099609375,16595.0,16632.599609375,250154300
2015-02-12 00:00:00,16632.599609375,16809.400390625,16608.900390625,16809.400390625,333325200
2015-02-13 00:00:00,16809.400390625,16917.5,16806.80078125,16847.80078125,440555800
2015-02-16 00:00:00,16847.80078125,16869.900390625,16819.599609375,16861.19921875,232093600
2015-02-17 00:00:00,16861.19921875,16955.400390625,16834.80078125,16887.69921875,325326400
2015-02-18 00:00:00,16887.69921875,17016.19921875,16887.69921875,17002.099609375,481136500
2015-02-19 00:00:00,17002.099609375,17049.80078125,16981.599609375,17049.80078125,373928500
2015-02-20 00:00:00,17049.80078125,17122.599609375,17016.80078125,17122.599609375,299966700
2015-02-23 00:00:00,17122.599609375,17169.900390625,17076.400390625,17168.0,258765300
2015-02-24 00:00:00,17168.0,17207.69921875,17095.19921875,17201.900390625,287903800
2015-02-25 00:00:00,17201.900390625,17207.69921875,17141.0,17188.30078125,290443500
2015-02-26 00:00:00,17188.30078125,17249.80078125,17162.30078125,17249.80078125,268382600
2015-02-27 00:00:00,17249.80078125,17277.900390625,17214.099609375,17273.80078125,289864100
2015-03-02 00:00:00,17273.80078125,17335.0,17239.80078125,17249.900390625,315124600
2015-03-03 00:00:00,17249.900390625,17293.099609375,17142.900390625,17146.0,292919300
2015-03-04 00:00:00,17146.0,17159.099609375,17059.69921875,17135.69921875,474680000
2015-03-05 00:00:00,17135.69921875,17319.69921875,17135.69921875,17310.30078125,290379900
2015-03-06 00:00:00,17310.30078125,17357.400390625,17260.599609375,17272.19921875,317099400
2015-03-09 00:00:00,17272.19921875,17272.400390625,17149.599609375,17167.099609375,256321200
2015-03-10 00:00:00,17167.099609375,17180.599609375,16922.5,16922.5,324316000
2015-03-11 00:00:00,16922.5,16991.400390625,16818.5,16948.900390625,312895000
2015-03-12 00:00:00,16948.900390625,17068.5,16947.900390625,17061.099609375,272430000
2015-03-13 00:00:00,17061.099609375,17117.5,17060.900390625,17109.5,436234500
2015-03-16 00:00:00,17109.5,17207.30078125,17108.19921875,17201.0,324780600
2015-03-17 00:00:00,17201.0,17248.19921875,17100.80078125,17202.900390625,328936200
2015-03-18 00:00:00,17202.900390625,17376.0,17202.69921875,17363.69921875,340621700
2015-03-19 00:00:00,17363.69921875,17476.19921875,17363.69921875,17438.19921875,268579500
2015-03-20 00:00:00,17438.19921875,17547.19921875,17420.80078125,17537.599609375,612319500
2015-03-23 00:00:00,17537.599609375,17551.19921875,17489.5,17551.19921875,232394200
2015-03-24 00:00:00,17551.19921875,17655.80078125,17503.30078125,17579.19921875,229856000
2015-03-25 00:00:00,17579.19921875,17627.30078125,17498.900390625,17502.30078125,222312700
2015-03-26 00:00:00,17502.30078125,17502.30078125,17200.400390625,17260.599609375,254767500
2015-03-27 00:00:00,17260.599609375,17322.099609375,17154.400390625,17162.599609375,270554900
2015-03-29 23:00:00,17162.599609375,17286.099609375,17162.0,17208.099609375,222207100
2015-03-30 23:00:00,17208.099609375,17307.599609375,17077.30078125,17090.599609375,299260200
2015-03-31 23:00:00,17090.599609375,17201.0,17039.599609375,17123.400390625,276103600
2015-04-01 23:00:00,17123.400390625,17268.80078125,17123.400390625,17268.80078125,215476500
2015-04-06 23:00:00,17268.80078125,17521.5,17268.599609375,17521.5,249681200
2015-04-07 23:00:00,17521.5,17627.400390625,17521.19921875,17561.5,255789600
2015-04-08 23:00:00,17561.5,17715.5,17561.099609375,17715.5,247929200
2015-04-09 23:00:00,17715.5,17875.099609375,17715.5,17875.099609375,231039800
2015-04-12 23:00:00,17875.099609375,17886.099609375,17795.400390625,17829.80078125,207898500
2015-04-13 23:00:00,17829.80078125,17881.19921875,17808.400390625,17858.80078125,212229800
2015-04-14 23:00:00,17858.80078125,17904.30078125,17857.099609375,17873.5,296400200
2015-04-15 23:00:00,17873.5,17899.19921875,17730.30078125,17730.30078125,251242100
2015-04-16 23:00:00,17730.30078125,17781.5,17560.80078125,17572.400390625,245033900
2015-04-19 23:00:00,17572.400390625,17667.0,17547.80078125,17603.5,300155700
2015-04-20 23:00:00,17603.5,17760.099609375,17603.5,17712.599609375,213833000
2015-04-21 23:00:00,17712.599609375,17775.400390625,17588.80078125,17635.599609375,220477800
2015-04-22 23:00:00,17635.599609375,17684.69921875,17560.900390625,17684.69921875,277251300
2015-04-23 23:00:00,17684.69921875,17763.30078125,17683.5,17729.400390625,228402000
2015-04-26 23:00:00,17729.400390625,17795.599609375,17646.80078125,17784.69921875,206554100
2015-04-27 23:00:00,17784.69921875,17798.19921875,17556.0,17659.400390625,241073700
2015-04-28 23:00:00,17659.400390625,17687.69921875,17480.80078125,17481.19921875,221011100
2015-04-29 23:00:00,17481.19921875,17514.900390625,17351.400390625,17474.599609375,292935400
2015-04-30 23:00:00,17474.599609375,17489.30078125,17375.30078125,17468.30078125,123198600
2015-05-04 23:00:00,17468.30078125,17629.599609375,17452.099609375,17452.099609375,249758400
2015-05-05 23:00:00,17452.099609375,17499.5,17379.5,17412.099609375,240445700
2015-05-06 23:00:00,17412.099609375,17469.5,17220.5,17448.0,265116900
2015-05-07 23:00:00,17448.0,18161.19921875,17448.0,17935.900390625,393871100
2015-05-10 23:00:00,17935.900390625,17984.80078125,17853.0,17870.599609375,225632400
2015-05-11 23:00:00,17870.599609375,17870.599609375,17588.0,17689.19921875,247704400
2015-05-12 23:00:00,17689.19921875,17887.30078125,17689.19921875,17861.5,241003400
2015-05-13 23:00:00,17861.5,17942.599609375,17764.900390625,17929.30078125,201942500
2015-05-14 23:00:00,17929.30078125,18049.19921875,17929.30078125,18020.400390625,247239900
2015-05-17 23:00:00,18020.400390625,18074.099609375,17972.900390625,18022.19921875,189936100
2015-05-18 23:00:00,18022.19921875,18197.5,18021.599609375,18176.099609375,238894000
2015-05-19 23:00:00,18176.099609375,18187.30078125,18099.19921875,18135.5,243133800
2015-05-20 23:00:00,18135.5,18155.599609375,18086.900390625,18154.599609375,227751800
2015-05-21 23:00:00,18154.599609375,18248.0,18153.5,18192.69921875,200571200
2015-05-25 23:00:00,18192.69921875,18205.400390625,18079.19921875,18098.80078125,209960300
2015-05-26 23:00:00,18098.80078125,18252.400390625,18074.69921875,18237.5,333124600
2015-05-27 23:00:00,18237.5,18241.599609375,18176.400390625,18237.0,218309800
2015-05-28 23:00:00,18237.0,18295.099609375,18120.5,18154.400390625,277815100
2015-05-31 23:00:00,18154.400390625,18256.400390625,18133.0,18220.19921875,200446000
2015-06-01 23:00:00,18220.19921875,18297.5,18137.30078125,18220.30078125,214947200
2015-06-02 23:00:00,18220.30078125,18393.19921875,18220.19921875,18263.5,241135600
2015-06-03 23:00:00,18263.5,18263.69921875,18050.400390625,18090.400390625,240263700
2015-06-04 23:00:00,18090.400390625,18090.400390625,17903.80078125,17931.30078125,205493000
2015-06-07 23:00:00,17931.30078125,17948.30078125,17878.400390625,17878.400390625,197202100
2015-06-08 23:00:00,17878.400390625,17927.5,17777.599609375,17839.80078125,193485200
2015-06-09 23:00:00,17839.80078125,18047.099609375,17825.099609375,18030.099609375,260578200
2015-06-10 23:00:00,18030.099609375,18140.5,18025.0,18089.5,206212400
2015-06-11 23:00:00,18089.5,18089.5,17885.900390625,17949.099609375,304790200
2015-06-14 23:00:00,17949.099609375,17949.80078125,17722.69921875,17728.69921875,184725500
2015-06-15 23:00:00,17728.69921875,17760.30078125,17579.099609375,17736.19921875,194132300
2015-06-16 23:00:00,17736.19921875,17820.0,17653.80078125,17706.19921875,190501700
2015-06-17 23:00:00,17706.19921875,17707.30078125,17531.099609375,17678.900390625,213334400
2015-06-18 23:00:00,17678.900390625,17764.099609375,17671.5,17705.0,0
2015-06-21 23:00:00,17705.0,17906.30078125,17705.0,17906.30078125,216486900
2015-06-22 23:00:00,17906.30078125,18016.5,17905.599609375,17997.599609375,258372300
2015-06-23 23:00:00,17997.599609375,18030.19921875,17873.19921875,17924.80078125,248551600
2015-06-24 23:00:00,17924.80078125,17983.400390625,17869.599609375,17944.900390625,217400200
2015-06-25 23:00:00,17944.900390625,17944.900390625,17800.599609375,17822.30078125,189828100
2015-06-28 23:00:00,17822.30078125,17822.30078125,17384.099609375,17534.69921875,219787100
2015-06-29 23:00:00,17534.69921875,17625.599609375,17403.400390625,17531.5,242544500
2015-06-30 23:00:00,17531.5,17752.5,17531.5,17717.099609375,246111700
2015-07-01 23:00:00,17717.099609375,17717.099609375,17657.19921875,17686.0,197311200
2015-07-02 23:00:00,17686.0,17686.0,17593.900390625,17613.5,137512200
2015-07-05 23:00:00,17613.5,17614.0,17432.19921875,17443.30078125,171418200
2015-07-06 23:00:00,17443.30078125,17469.599609375,17212.900390625,17212.900390625,209602000
2015-07-07 23:00:00,17212.900390625,17277.099609375,17100.400390625,17112.900390625,245824100
2015-07-08 23:00:00,17112.900390625,17327.69921875,17112.099609375,17296.0,245028600
2015-07-09 23:00:00,17296.0,17493.0,17296.0,17486.30078125,221134100
2015-07-12 23:00:00,17486.30078125,17708.900390625,17486.30078125,17708.900390625,250176700
2015-07-13 23:00:00,17708.900390625,17724.5,17562.0,17642.400390625,0
2015-07-14 23:00:00,17642.400390625,17657.0,17571.900390625,17637.099609375,215640400
2015-07-15 23:00:00,17637.099609375,17772.900390625,17637.099609375,17765.400390625,191656400
2015-07-16 23:00:00,17765.400390625,17794.80078125,17722.5,17755.900390625,198511400
2015-07-19 23:00:00,17755.900390625,17856.900390625,17736.900390625,17781.400390625,181580100
2015-07-20 23:00:00,17781.400390625,17818.5,17738.599609375,17755.900390625,190659800
2015-07-21 23:00:00,17755.900390625,17756.099609375,17633.5,17645.69921875,199481000
2015-07-22 23:00:00,17645.69921875,17715.0,17603.30078125,17619.099609375,188061700
2015-07-23 23:00:00,17619.099609375,17642.5,17490.900390625,17499.099609375,206521800
2015-07-26 23:00:00,17499.099609375,17506.599609375,17267.599609375,17267.599609375,210215500
2015-07-27 23:00:00,17267.599609375,17413.0,17267.400390625,17387.900390625,223566200
2015-07-28 23:00:00,17387.900390625,17532.19921875,17387.19921875,17512.80078125,262298900
2015-07-29 23:00:00,17512.80078125,17636.900390625,17437.400390625,17521.0,229375500
2015-07-30 23:00:00,17521.0,17677.400390625,17521.0,17677.400390625,0
2015-08-02 23:00:00,17677.400390625,17683.80078125,17590.69921875,17670.099609375,198379600
2015-08-03 23:00:00,17670.099609375,17740.099609375,17630.30078125,17734.400390625,212104300
2015-08-04 23:00:00,17734.400390625,17775.099609375,17676.599609375,17775.099609375,213960300
2015-08-05 23:00:00,17775.099609375,17777.599609375,17702.19921875,17745.80078125,206738100
2015-08-06 23:00:00,17745.80078125,17747.5,17655.80078125,17655.80078125,199182500
2015-08-09 23:00:00,17655.80078125,17760.900390625,17569.5,17760.900390625,190894000
2015-08-10 23:00:00,17760.900390625,17761.0,17660.400390625,17667.0,0
2015-08-11 23:00:00,17667.0,17667.0,17369.80078125,17438.099609375,254271500
2015-08-12 23:00:00,17438.099609375,17622.69921875,17437.900390625,17595.5,224524900
2015-08-13 23:00:00,17595.5,17689.599609375,17595.5,17620.900390625,180118800
2015-08-16 23:00:00,17620.900390625,17692.0,17542.400390625,17608.900390625,154748900
2015-08-17 23:00:00,17608.900390625,17639.5,17580.099609375,17616.900390625,174148300
2015-08-18 23:00:00,17616.900390625,17616.900390625,17398.599609375,17398.599609375,203677400
2015-08-19 23:00:00,17398.599609375,17399.19921875,17223.0,17239.400390625,247570000
2015-08-20 23:00:00,17239.400390625,17239.400390625,16876.599609375,16876.599609375,236590000
2015-08-23 23:00:00,16876.599609375,16876.599609375,15963.400390625,16214.2998046875,330351300
2015-08-24 23:00:00,16214.2998046875,16754.30078125,16213.599609375,16721.599609375,300397000
2015-08-25 23:00:00,16721.599609375,16811.900390625,16440.5,16601.30078125,276170600
2015-08-26 23:00:00,16601.30078125,16944.19921875,16601.30078125,16922.0,253117100
2015-08-27 23:00:00,16922.0,17106.400390625,16880.80078125,17106.400390625,238883100
2015-08-31 23:00:00,17106.400390625,17106.400390625,16783.900390625,16840.400390625,259518400
2015-09-01 23:00:00,16840.400390625,16954.19921875,16794.69921875,16885.69921875,241650600
2015-09-02 23:00:00,16885.69921875,17110.0,16885.69921875,17087.19921875,231248600
2015-09-03 23:00:00,17087.19921875,17087.19921875,16808.0,16808.0,195595400
2015-09-06 23:00:00,16808.0,16928.5,16804.400390625,16842.5,171380900
2015-09-07 23:00:00,16842.5,17068.400390625,16842.5,17000.30078125,233818900
2015-09-08 23:00:00,17000.30078125,17244.099609375,17000.30078125,17153.30078125,236484700
2015-09-09 23:00:00,17153.30078125,17153.30078125,17006.69921875,17020.099609375,213720200
2015-09-10 23:00:00,17020.099609375,17048.599609375,16947.0,16968.400390625,162243500
2015-09-13 23:00:00,16968.400390625,17072.900390625,16901.900390625,16925.69921875,152614600
2015-09-14 23:00:00,16925.69921875,16990.900390625,16819.5,16961.80078125,202228600
2015-09-15 23:00:00,16961.80078125,17090.599609375,16961.80078125,17062.0,190040100
2015-09-16 23:00:00,17062.0,17101.69921875,17006.900390625,17043.5,188912400
2015-09-17 23:00:00,17043.5,17044.69921875,16885.400390625,16950.69921875,385690700
2015-09-20 23:00:00,16950.69921875,17009.900390625,16877.19921875,16893.30078125,165728800
2015-09-21 23:00:00,16893.30078125,16901.80078125,16530.0,16530.0,226076400
2015-09-22 23:00:00,16530.0,16702.80078125,16480.599609375,16659.900390625,207522300
2015-09-23 23:00:00,16659.900390625,16726.5,16489.599609375,16514.5,208679400
2015-09-24 23:00:00,16514.5,16831.400390625,16514.5,16799.900390625,197655700
2015-09-27 23:00:00,16799.900390625,16800.80078125,16614.19921875,16614.19921875,171694100
2015-09-28 23:00:00,16614.19921875,16614.19921875,16435.69921875,16442.5,202156700
2015-09-29 23:00:00,16442.5,16683.0,16442.5,16683.0,217017200
2015-09-30 23:00:00,16683.0,16894.19921875,16683.0,16763.69921875,212532700
2015-10-01 23:00:00,16763.69921875,16893.69921875,16698.0,16796.099609375,180394900
2015-10-04 23:00:00,16796.099609375,17110.30078125,16796.099609375,17110.30078125,196918000
2015-10-05 23:00:00,17110.30078125,17147.900390625,17040.599609375,17132.80078125,0
2015-10-06 23:00:00,17132.80078125,17205.099609375,17007.69921875,17031.19921875,249282400
2015-10-07 23:00:00,17031.19921875,17047.900390625,16932.900390625,17003.80078125,247267600
2015-10-08 23:00:00,17003.80078125,17153.80078125,17003.80078125,17085.900390625,239823400
2015-10-11 23:00:00,17085.900390625,17088.900390625,16960.400390625,16987.0,186482900
2015-10-12 23:00:00,16987.0,17003.80078125,16869.80078125,16898.0,189985800
2015-10-13 23:00:00,16898.0,16898.0,16786.19921875,16811.5,0
2015-10-14 23:00:00,16811.5,16949.80078125,16811.5,16949.5,0
2015-10-15 23:00:00,16949.5,17069.19921875,16881.80078125,16892.69921875,200337600
2015-10-18 23:00:00,16892.69921875,16973.80078125,16871.0,16917.30078125,0
2015-10-19 23:00:00,16917.30078125,16999.69921875,16916.5,16984.0,187234300
2015-10-20 23:00:00,16984.0,17089.099609375,16929.900390625,17036.69921875,218597500
2015-10-21 23:00:00,17036.69921875,17044.5,16914.30078125,17044.5,261025000
2015-10-22 23:00:00,17044.5,17258.599609375,17044.5,17240.69921875,0
2015-10-26 00:00:00,17240.69921875,17240.69921875,17171.0,17178.69921875,206940900
2015-10-27 00:00:00,17178.69921875,17178.69921875,17045.19921875,17045.19921875,199783700
2015-10-28 00:00:00,17045.19921875,17150.400390625,17008.69921875,17144.0,0
2015-10-29 00:00:00,17144.0,17147.599609375,17070.5,17114.400390625,227778700
2015-10-30 00:00:00,17114.400390625,17160.0,17084.900390625,17117.19921875,205469100
2015-11-02 00:00:00,17117.19921875,17178.400390625,17064.30078125,17167.400390625,166633900
2015-11-03 00:00:00,17167.400390625,17209.900390625,17159.30078125,17189.0,191974300
2015-11-04 00:00:00,17189.0,17275.099609375,17166.30078125,17182.5,232233500
2015-11-05 00:00:00,17182.5,17203.099609375,17094.30078125,17117.099609375,0
2015-11-06 00:00:00,17117.099609375,17219.19921875,17099.099609375,17165.900390625,216327000
2015-11-09 00:00:00,17165.900390625,17245.5,17092.900390625,17112.69921875,221076200
2015-11-10 00:00:00,17112.69921875,17186.599609375,16994.599609375,17039.80078125,219199000
2015-11-11 00:00:00,17039.80078125,17163.5,17039.80078125,17101.80078125,222674400
2015-11-12 00:00:00,17101.80078125,17102.400390625,16844.400390625,16869.5,227843600
2015-11-13 00:00:00,16869.5,16869.599609375,16722.19921875,16775.599609375,195574500
2015-11-16 00:00:00,16775.599609375,16844.400390625,16679.099609375,16844.400390625,189879700
2015-11-17 00:00:00,16844.400390625,17084.80078125,16843.099609375,17084.80078125,258809500
2015-11-18 00:00:00,17084.80078125,17094.80078125,17014.80078125,17089.099609375,234874900
2015-11-19 00:00:00,17089.099609375,17197.5,17088.099609375,17144.69921875,222193900
2015-11-20 00:00:00,17144.69921875,17189.099609375,17113.599609375,17189.099609375,204542600
2015-11-23 00:00:00,17189.099609375,17190.599609375,17097.69921875,17106.900390625,205060200
2015-11-24 00:00:00,17106.900390625,17130.099609375,16857.69921875,16950.0,257968500
2015-11-25 00:00:00,16950.0,17120.900390625,16947.900390625,17111.30078125,220262700
2015-11-26 00:00:00,17111.30078125,17216.400390625,17104.599609375,17216.400390625,162200800
2015-11-27 00:00:00,17216.400390625,17265.099609375,17150.599609375,17265.099609375,184078700
2015-11-30 00:00:00,17265.099609375,17420.69921875,17228.0,17420.69921875,343382500
2015-12-01 00:00:00,17420.69921875,17532.099609375,17405.5,17516.80078125,238076200
2015-12-02 00:00:00,17516.80078125,17584.69921875,17516.69921875,17553.900390625,218133500
2015-12-03 00:00:00,17553.900390625,17641.599609375,17391.900390625,17391.900390625,260395700
2015-12-04 00:00:00,17391.900390625,17392.5,17296.80078125,17366.900390625,196977400
2015-12-07 00:00:00,17366.900390625,17467.80078125,17352.30078125,17356.099609375,211129000
2015-12-08 00:00:00,17356.099609375,17391.80078125,17155.599609375,17191.900390625,208245800
2015-12-09 00:00:00,17191.900390625,17247.30078125,17110.599609375,17139.900390625,235122200
2015-12-10 00:00:00,17139.900390625,17141.099609375,17051.900390625,17080.30078125,206597800
2015-12-11 00:00:00,17080.30078125,17080.30078125,16877.30078125,16877.30078125,230033700
2015-12-14 00:00:00,16877.30078125,16955.69921875,16772.599609375,16772.599609375,224856400
2015-12-15 00:00:00,16772.599609375,17028.599609375,16772.599609375,16999.599609375,228328800
2015-12-16 00:00:00,16999.599609375,17089.5,16999.599609375,17075.900390625,214083700
2015-12-17 00:00:00,17075.900390625,17273.5,17075.900390625,17177.30078125,234792800
2015-12-18 00:00:00,17177.30078125,17206.099609375,17085.400390625,17105.900390625,362056200
2015-12-21 00:00:00,17105.900390625,17206.19921875,17072.69921875,17076.900390625,164154400
2015-12-22 00:00:00,17076.900390625,17188.0,17063.19921875,17166.19921875,145383700
2015-12-23 00:00:00,17166.19921875,17403.69921875,17166.19921875,17391.900390625,178029000
2015-12-24 00:00:00,17391.900390625,17424.900390625,17391.900390625,17415.099609375,32097500
2015-12-29 00:00:00,17415.099609375,17569.400390625,17395.69921875,17569.400390625,140279400
2015-12-30 00:00:00,17569.400390625,17569.400390625,17469.5,17519.69921875,118357300
2015-12-31 00:00:00,17519.69921875,17519.69921875,17418.0,17429.80078125,48593600
2016-01-04 00:00:00,17429.80078125,17431.80078125,17082.69921875,17122.19921875,234057900
2016-01-05 00:00:00,17122.19921875,17223.0,17101.099609375,17205.0,225795300
2016-01-06 00:00:00,17205.0,17205.599609375,16953.599609375,17059.0,274581200
2016-01-07 00:00:00,17059.0,17059.0,16634.30078125,16792.19921875,283943900
2016-01-08 00:00:00,16792.19921875,16948.80078125,16732.69921875,16732.69921875,232393900
2016-01-11 00:00:00,16732.69921875,16746.30078125,16643.69921875,16658.30078125,256780100
2016-01-12 00:00:00,16658.30078125,16806.80078125,16658.30078125,16687.900390625,293207700
2016-01-13 00:00:00,16687.900390625,16812.69921875,16673.599609375,16695.80078125,311800100
2016-01-14 00:00:00,16695.80078125,16696.30078125,16326.900390625,16413.30078125,334031000
2016-01-15 00:00:00,16413.30078125,16472.5,16082.400390625,16160.599609375,310812400
2016-01-18 00:00:00,16160.599609375,16225.2998046875,15952.2998046875,15958.7998046875,258193000
2016-01-19 00:00:00,15958.7998046875,16192.400390625,15958.7998046875,16114.599609375,264952000
2016-01-20 00:00:00,16114.599609375,16114.599609375,15603.099609375,15641.0,285414300
2016-01-21 00:00:00,15641.0,15847.0,15635.900390625,15833.599609375,299374900
2016-01-22 00:00:00,15833.599609375,16134.599609375,15833.599609375,16128.0,263839600
2016-01-25 00:00:00,16128.0,16198.5,16070.5,16147.0,203139800
2016-01-26 00:00:00,16147.0,16190.900390625,15945.099609375,16179.0,244537400
2016-01-27 00:00:00,16182.900390625,16281.0,16105.400390625,16281.0,235621800
2016-01-28 00:00:00,16281.0,16347.2001953125,16136.400390625,16196.599609375,297751600
2016-01-29 00:00:00,16196.599609375,16487.69921875,16196.599609375,16487.69921875,297841800
2016-02-01 00:00:00,16487.69921875,16562.19921875,16373.2001953125,16489.30078125,239631500
2016-02-02 00:00:00,16489.30078125,16491.69921875,16228.7998046875,16299.7001953125,275460000
2016-02-03 00:00:00,16299.7001953125,16301.0,15896.400390625,15992.400390625,279693800
2016-02-04 00:00:00,15992.400390625,16156.400390625,15913.2998046875,16086.7001953125,276455900
2016-02-05 00:00:00,16086.7001953125,16252.0,16002.2998046875,16002.2998046875,280678300
2016-02-08 00:00:00,16002.2998046875,16023.7998046875,15471.900390625,15498.0,294419700
2016-02-09 00:00:00,15498.0,15566.0,15203.900390625,15316.900390625,305028200
2016-02-10 00:00:00,15316.900390625,15644.599609375,15316.7001953125,15512.5,255188100
2016-02-11 00:00:00,15512.5,15512.5,15142.2998046875,15178.7998046875,0
2016-02-12 00:00:00,15178.7998046875,15462.400390625,15175.599609375,15431.2998046875,305157400
2016-02-15 00:00:00,15431.2998046875,15764.099609375,15431.2998046875,15728.099609375,254294900
2016-02-16 00:00:00,15728.099609375,15823.0,15648.2998046875,15702.2998046875,237451900
2016-02-17 00:00:00,15702.2998046875,16161.7001953125,15699.0,16156.2998046875,260204600
2016-02-18 00:00:00,16156.2998046875,16242.7001953125,16095.599609375,16176.7998046875,250720800
2016-02-19 00:00:00,16176.7998046875,16225.400390625,16069.2001953125,16158.099609375,203966900
2016-02-22 00:00:00,16158.099609375,16350.900390625,16158.099609375,16288.7998046875,232960700
2016-02-23 00:00:00,16288.7998046875,16336.599609375,16209.2001953125,16229.2001953125,244834400
2016-02-24 00:00:00,16229.2001953125,16230.099609375,16061.2001953125,16117.5,297249100
2016-02-25 00:00:00,16117.5,16435.599609375,16117.5,16399.099609375,0
2016-02-26 00:00:00,16399.099609375,16604.400390625,16399.099609375,16567.0,229114000
2016-02-29 00:00:00,16567.0,16603.099609375,16445.5,16603.099609375,331898200
2016-03-01 00:00:00,16603.099609375,16789.5,16603.099609375,16789.5,283746000
2016-03-02 00:00:00,16789.5,16880.599609375,16672.900390625,16729.0,266344000
2016-03-03 00:00:00,16729.0,16799.19921875,16672.19921875,16745.599609375,260613200
2016-03-04 00:00:00,16745.599609375,16932.69921875,16745.599609375,16931.19921875,274355400
2016-03-07 00:00:00,16931.19921875,16983.0,16795.19921875,16831.400390625,240309400
2016-03-08 00:00:00,16831.400390625,16831.80078125,16640.0,16654.0,240579500
2016-03-09 00:00:00,16654.0,16656.900390625,16564.5,16591.599609375,256092300
2016-03-10 00:00:00,16591.599609375,16713.0,16385.19921875,16385.19921875,301988200
2016-03-11 00:00:00,16385.19921875,16617.900390625,16385.19921875,16595.30078125,228269700
2016-03-14 00:00:00,16595.30078125,16733.400390625,16595.099609375,16693.099609375,193571900
2016-03-15 00:00:00,16693.099609375,16698.80078125,16618.900390625,16634.80078125,243095300
2016-03-16 00:00:00,16634.80078125,16789.900390625,16634.80078125,16752.80078125,276810000
2016-03-17 00:00:00,16752.80078125,16875.599609375,16673.099609375,16849.0,266643400
2016-03-18 00:00:00,16849.0,16948.099609375,16829.30078125,16901.30078125,676033300
2016-03-21 00:00:00,16901.30078125,16975.69921875,16833.19921875,16862.80078125,259184000
2016-03-22 00:00:00,16862.80078125,16903.900390625,16732.099609375,16903.900390625,243793500
2016-03-23 00:00:00,16903.900390625,16955.400390625,16836.099609375,16864.599609375,242243300
2016-03-24 00:00:00,16864.599609375,16865.30078125,16671.0,16674.400390625,217112400
2016-03-28 23:00:00,16674.400390625,16756.30078125,16669.69921875,16756.30078125,193303700
2016-03-29 23:00:00,16756.30078125,16994.19921875,16756.30078125,16975.0,215306500
2016-03-30 23:00:00,16975.0,16977.69921875,16885.19921875,16926.099609375,216528700
2016-03-31 23:00:00,16926.099609375,16926.099609375,16723.80078125,16843.69921875,221768000
2016-04-03 23:00:00,16843.69921875,16908.80078125,16813.69921875,16845.599609375,193014900
2016-04-04 23:00:00,16845.599609375,16845.599609375,16689.69921875,16725.599609375,199810000
2016-04-05 23:00:00,16725.599609375,16872.80078125,16725.599609375,16866.099609375,196813700
2016-04-06 23:00:00,16866.099609375,16920.599609375,16692.19921875,16714.19921875,203947400
2016-04-07 23:00:00,16714.19921875,16875.900390625,16702.900390625,16829.69921875,197549500
2016-04-10 23:00:00,16829.69921875,16858.099609375,16760.69921875,16778.80078125,175775400
2016-04-11 23:00:00,16778.80078125,16795.30078125,16706.19921875,16795.30078125,199466400
2016-04-12 23:00:00,16795.30078125,17048.0,16794.5,17048.0,235143800
2016-04-13 23:00:00,17048.0,17071.19921875,16975.900390625,17001.400390625,210775700
2016-04-14 23:00:00,17001.400390625,17038.400390625,16883.599609375,16910.80078125,213719600
2016-04-17 23:00:00,16910.80078125,16924.900390625,16776.69921875,16889.80078125,189904800
2016-04-18 23:00:00,16889.80078125,17115.30078125,16889.0,17044.30078125,255280000
2016-04-19 23:00:00,17044.30078125,17046.599609375,16963.099609375,17018.0,224044000
2016-04-20 23:00:00,17018.0,17048.099609375,16925.80078125,16979.400390625,230154800
2016-04-21 23:00:00,16979.400390625,16983.19921875,16866.400390625,16871.5,845580400
2016-04-24 23:00:00,16871.5,17000.19921875,16853.400390625,16965.69921875,190162900
2016-04-25 23:00:00,16965.69921875,17011.099609375,16922.19921875,16945.5,206552700
2016-04-26 23:00:00,16945.5,17104.19921875,16929.900390625,17083.69921875,217693700
2016-04-27 23:00:00,17083.69921875,17083.69921875,16950.80078125,17066.5,235783600
2016-04-28 23:00:00,17066.5,17066.900390625,16801.599609375,16801.599609375,299734900
2016-05-02 23:00:00,16801.599609375,16852.69921875,16718.19921875,16730.099609375,277510600
2016-05-03 23:00:00,16730.099609375,16732.80078125,16628.599609375,16659.400390625,218096200
2016-05-04 23:00:00,16659.400390625,16768.099609375,16635.900390625,16661.69921875,0
2016-05-05 23:00:00,16661.69921875,16711.599609375,16583.69921875,16648.80078125,213603800
2016-05-08 23:00:00,16648.80078125,16793.099609375,16648.80078125,16687.099609375,220337100
2016-05-09 23:00:00,16687.099609375,16811.599609375,16681.30078125,16724.400390625,213589400
2016-05-10 23:00:00,16724.400390625,16737.69921875,16662.400390625,16720.80078125,207507500
2016-05-11 23:00:00,16720.80078125,16778.30078125,16631.80078125,16659.900390625,220870000
2016-05-12 23:00:00,16659.900390625,16659.900390625,16547.69921875,16650.30078125,413447700
2016-05-15 23:00:00,16650.30078125,16703.5,16611.80078125,16699.30078125,151433700
2016-05-16 23:00:00,16699.30078125,16897.30078125,16699.30078125,16845.099609375,209839700
2016-05-17 23:00:00,16845.099609375,16881.400390625,16739.80078125,16881.19921875,238870600
2016-05-18 23:00:00,16881.19921875,16881.5,16706.0,16730.099609375,257359400
2016-05-19 23:00:00,16730.099609375,16922.099609375,16730.099609375,16922.099609375,231796600
2016-05-22 23:00:00,16922.099609375,17053.400390625,16908.5,17031.69921875,236097700
2016-05-23 23:00:00,17031.69921875,17135.69921875,16954.900390625,17135.69921875,224342000
2016-05-24 23:00:00,17135.69921875,17260.30078125,17135.099609375,17232.599609375,249384500
2016-05-25 23:00:00,17232.599609375,17255.80078125,17162.0,17192.80078125,210263700
2016-05-26 23:00:00,17192.80078125,17232.30078125,17164.80078125,17232.30078125,181922900
2016-05-30 23:00:00,17232.30078125,17261.0,17176.900390625,17184.69921875,307903600
2016-05-31 23:00:00,17184.69921875,17185.30078125,16997.69921875,17061.5,228737600
2016-06-01 23:00:00,17061.5,17077.900390625,16969.5,17076.30078125,210104100
2016-06-02 23:00:00,17076.30078125,17163.099609375,16994.0,17067.900390625,227001200
2016-06-05 23:00:00,17067.900390625,17220.5,17025.0,17181.80078125,0
2016-06-06 23:00:00,17181.80078125,17292.80078125,17177.80078125,17195.400390625,219959300
2016-06-07 23:00:00,17195.400390625,17231.69921875,17128.5,17177.900390625,219936600
2016-06-08 23:00:00,17177.900390625,17178.900390625,17043.099609375,17111.599609375,202728400
2016-06-09 23:00:00,17111.599609375,17112.19921875,16800.599609375,16827.5,235258300
2016-06-12 23:00:00,16827.5,16827.5,16574.30078125,16574.30078125,220427700
2016-06-13 23:00:00,16574.19921875,16574.599609375,16232.2998046875,16232.2998046875,267757100
2016-06-14 23:00:00,16232.2998046875,16380.2998046875,16232.2998046875,16298.2998046875,256962800
2016-06-15 23:00:00,16298.2998046875,16298.2998046875,16012.2001953125,16032.0,318373600
2016-06-16 23:00:00,16032.0,16448.30078125,16032.0,16422.0,529390700
2016-06-19 23:00:00,16422.0,17010.5,16422.0,16959.099609375,279284600
2016-06-20 23:00:00,16959.099609375,16987.0,16860.099609375,16980.30078125,239523800
2016-06-21 23:00:00,16980.30078125,17085.30078125,16868.400390625,17043.5,249754000
2016-06-22 23:00:00,17043.5,17389.400390625,17043.5,17333.5,272022000
2016-06-23 23:00:00,17333.5,17333.5,15209.7998046875,16088.099609375,639497700
2016-06-26 23:00:00,16088.099609375,16088.099609375,14951.599609375,14967.900390625,570739400
2016-06-27 23:00:00,14967.900390625,15560.2001953125,14967.900390625,15503.099609375,430292500
2016-06-28 23:00:00,15503.099609375,16002.900390625,15503.099609375,16002.900390625,426723900
2016-06-29 23:00:00,16002.900390625,16271.099609375,15885.599609375,16271.099609375,381842600
2016-06-30 23:00:00,16271.099609375,16478.0,16103.900390625,16465.5,299499900
2016-07-03 23:00:00,16465.5,16526.900390625,16102.400390625,16116.7001953125,0
2016-07-04 23:00:00,16116.7001953125,16140.7998046875,15646.7998046875,15734.7001953125,361527100
2016-07-05 23:00:00,15734.7001953125,15736.400390625,15496.0,15669.7001953125,391743600
2016-07-06 23:00:00,15669.7001953125,15994.7001953125,15669.7001953125,15898.7998046875,322634300
2016-07-07 23:00:00,15898.7998046875,16204.900390625,15826.400390625,16177.7998046875,277578200
2016-07-10 23:00:00,16177.7998046875,16745.19921875,16177.7998046875,16706.400390625,290945100
2016-07-11 23:00:00,16706.400390625,16935.80078125,16705.599609375,16807.099609375,301877900
2016-07-12 23:00:00,16807.099609375,16867.80078125,16725.80078125,16751.0,282034000
2016-07-13 23:00:00,16751.0,16907.400390625,16695.099609375,16788.0,342471100
2016-07-14 23:00:00,16788.0,16788.0,16565.5,16727.30078125,206379500
2016-07-17 23:00:00,16727.30078125,16952.80078125,16711.400390625,16867.69921875,204322000
2016-07-18 23:00:00,16867.69921875,16948.80078125,16755.5,16906.30078125,203570600
2016-07-19 23:00:00,16906.30078125,17087.0,16887.80078125,17018.900390625,237626900
2016-07-20 23:00:00,17018.900390625,17092.19921875,16877.0,17047.400390625,248080000
2016-07-21 23:00:00,17047.400390625,17086.19921875,16950.5,16983.5,229129100
2016-07-24 23:00:00,16983.5,17162.400390625,16983.5,17091.0,230098900
2016-07-25 23:00:00,17091.0,17131.30078125,17007.30078125,17069.099609375,206593400
2016-07-26 23:00:00,17069.099609375,17362.099609375,17068.0,17265.900390625,249944700
2016-07-27 23:00:00,17265.900390625,17390.69921875,17237.400390625,17252.30078125,0
2016-07-28 23:00:00,17252.30078125,17297.0,17179.80078125,17282.900390625,278095800
2016-07-31 23:00:00,17282.900390625,17370.400390625,17139.19921875,17139.19921875,241287800
2016-08-01 23:00:00,17139.19921875,17168.19921875,16906.400390625,17063.0,262452100
2016-08-02 23:00:00,17063.0,17081.69921875,16932.5,16997.099609375,229858300
2016-08-03 23:00:00,16997.099609375,17293.5,16964.5,17244.30078125,300980900
2016-08-04 23:00:00,17244.30078125,17483.80078125,17242.599609375,17465.400390625,254456000
2016-08-07 23:00:00,17465.400390625,17649.0,17464.599609375,17557.69921875,251825200
2016-08-08 23:00:00,17557.69921875,17690.69921875,17546.19921875,17687.400390625,248647800
2016-08-09 23:00:00,17687.400390625,17738.0,17629.5,17699.69921875,285071100
2016-08-10 23:00:00,17699.69921875,17807.599609375,17574.0,17807.599609375,264281400
2016-08-11 23:00:00,17807.599609375,17946.900390625,17802.5,17921.400390625,244413900
2016-08-14 23:00:00,17921.400390625,17961.19921875,17888.69921875,17929.30078125,198786600
2016-08-15 23:00:00,17929.30078125,18012.599609375,17808.5,17808.5,214263200
2016-08-16 23:00:00,17808.5,17876.80078125,17746.69921875,17758.69921875,216667600
2016-08-17 23:00:00,17758.69921875,17880.400390625,17745.0,17871.0,209583800
2016-08-18 23:00:00,17871.0,17888.400390625,17826.69921875,17874.099609375,192729200
2016-08-21 23:00:00,17874.099609375,17934.400390625,17805.5,17872.099609375,178396700
2016-08-22 23:00:00,17872.099609375,18031.400390625,17871.80078125,17982.5,241449200
2016-08-23 23:00:00,17982.5,18055.400390625,17887.30078125,18014.69921875,208290900
2016-08-24 23:00:00,18014.69921875,18015.5,17825.5,17882.900390625,245044200
2016-08-25 23:00:00,17882.900390625,17958.400390625,17822.19921875,17930.80078125,186230300
2016-08-29 23:00:00,17930.80078125,17964.099609375,17796.19921875,17847.19921875,215280900
2016-08-30 23:00:00,17847.19921875,17849.19921875,17702.400390625,17732.80078125,305268600
2016-08-31 23:00:00,17732.80078125,17937.5,17732.80078125,17849.599609375,260241700
2016-09-01 23:00:00,17849.599609375,18107.80078125,17772.5,18016.5,319530900
2016-09-04 23:00:00,18016.5,18093.900390625,17980.900390625,18026.0,0
2016-09-05 23:00:00,18026.0,18073.30078125,17966.69921875,18003.400390625,199055400
2016-09-06 23:00:00,18003.400390625,18068.80078125,17947.099609375,18060.19921875,240597800
2016-09-07 23:00:00,18060.19921875,18213.599609375,18047.900390625,18193.099609375,270969400
2016-09-08 23:00:00,18193.099609375,18193.099609375,17883.80078125,17894.19921875,210523700
2016-09-11 23:00:00,17894.19921875,17894.19921875,17599.099609375,17730.19921875,254242300
2016-09-12 23:00:00,17730.19921875,17811.900390625,17660.599609375,17661.0,268550800
2016-09-13 23:00:00,17661.0,17742.80078125,17631.0,17631.0,247571000
2016-09-14 23:00:00,17631.0,17762.5,17561.400390625,17752.099609375,234439000
2016-09-15 23:00:00,17752.099609375,17905.69921875,17722.400390625,17851.900390625,701631800
2016-09-18 23:00:00,17851.900390625,17951.30078125,17826.400390625,17889.80078125,216453400
2016-09-19 23:00:00,17889.80078125,17958.80078125,17841.099609375,17900.19921875,278614100
2016-09-20 23:00:00,17900.19921875,18020.5,17900.19921875,17933.900390625,216457600
2016-09-21 23:00:00,17933.900390625,18046.80078125,17933.900390625,17987.80078125,217201600
2016-09-22 23:00:00,17987.80078125,17991.19921875,17835.099609375,17923.099609375,228350300
2016-09-25 23:00:00,17923.099609375,17923.099609375,17677.19921875,17722.80078125,196913300
2016-09-26 23:00:00,17722.80078125,17782.400390625,17543.599609375,17628.69921875,253578900
2016-09-27 23:00:00,17628.69921875,17818.400390625,17616.69921875,17792.30078125,209822100
2016-09-28 23:00:00,17792.30078125,17964.19921875,17792.30078125,17864.900390625,241224700
2016-09-29 23:00:00,17864.900390625,17875.0,17594.599609375,17871.400390625,280124800
2016-10-02 23:00:00,17871.400390625,18198.900390625,17825.400390625,18183.5,251008900
2016-10-03 23:00:00,18183.5,18607.099609375,18183.5,18342.099609375,402221100
2016-10-04 23:00:00,18342.099609375,18342.30078125,18169.19921875,18200.5,260073900
2016-10-05 23:00:00,18200.5,18254.19921875,18111.099609375,18115.900390625,268965300
2016-10-06 23:00:00,18115.900390625,18207.099609375,17978.30078125,17995.19921875,314014000
2016-10-09 23:00:00,17995.19921875,18050.599609375,17927.900390625,17978.900390625,262366900
2016-10-10 23:00:00,17978.900390625,18143.599609375,17971.5,18073.19921875,266757100
2016-10-11 23:00:00,18073.19921875,18127.69921875,17937.80078125,17956.30078125,236508800
2016-10-12 23:00:00,17956.30078125,17957.599609375,17797.900390625,17877.099609375,305405100
2016-10-13 23:00:00,17877.099609375,18028.900390625,17877.099609375,17980.19921875,309774600
2016-10-16 23:00:00,17980.19921875,17980.19921875,17777.900390625,17792.5,231269800
2016-10-17 23:00:00,17792.5,18017.400390625,17792.5,17994.400390625,275059500
2016-10-18 23:00:00,17994.400390625,18040.5,17882.900390625,18040.5,290099800
2016-10-19 23:00:00,18040.5,18064.099609375,17903.30078125,17945.099609375,260425700
2016-10-20 23:00:00,17945.099609375,17979.5,17895.5,17934.19921875,209468600
2016-10-23 23:00:00,17934.19921875,18045.5,17854.099609375,17860.5,233821600
2016-10-24 23:00:00,17860.5,17900.599609375,17786.69921875,17801.900390625,263247300
2016-10-25 23:00:00,17801.900390625,17802.900390625,17594.599609375,17669.0,254269100
2016-10-26 23:00:00,17669.0,17689.69921875,17508.0,17581.30078125,251603700
2016-10-27 23:00:00,17581.30078125,17678.5,17426.599609375,17644.80078125,253929900
2016-10-31 00:00:00,17644.80078125,17644.80078125,17493.80078125,17544.19921875,261216900
2016-11-01 00:00:00,17544.19921875,17596.599609375,17491.400390625,17523.30078125,270310600
2016-11-02 00:00:00,17523.30078125,17523.30078125,17405.099609375,17463.5,294641500
2016-11-03 00:00:00,17463.5,17787.19921875,17454.900390625,17581.900390625,358108000
2016-11-04 00:00:00,17581.900390625,17582.30078125,17237.30078125,17271.19921875,0
2016-11-07 00:00:00,17271.19921875,17489.69921875,17271.19921875,17457.69921875,0
2016-11-08 00:00:00,17457.69921875,17511.0,17390.400390625,17447.80078125,227020900
2016-11-09 00:00:00,17447.80078125,17591.0,17068.0,17591.0,0
2016-11-10 00:00:00,17591.0,17959.099609375,17591.0,17659.5,398128400
2016-11-11 00:00:00,17659.5,17700.80078125,17401.5,17445.0,335454600
2016-11-14 00:00:00,17445.0,17618.30078125,17444.80078125,17472.400390625,0
2016-11-15 00:00:00,17472.400390625,17694.099609375,17472.400390625,17573.099609375,270474600
2016-11-16 00:00:00,17573.099609375,17630.19921875,17470.099609375,17474.0,246605400
2016-11-17 00:00:00,17474.0,17600.900390625,17470.0,17600.900390625,0
2016-11-18 00:00:00,17600.900390625,17683.5,17538.599609375,17659.19921875,0
2016-11-21 00:00:00,17659.19921875,17685.69921875,17490.30078125,17527.599609375,0
2016-11-22 00:00:00,17527.599609375,17715.80078125,17527.30078125,17679.099609375,0
2016-11-23 00:00:00,17679.099609375,17792.400390625,17595.099609375,17622.5,316232800
2016-11-24 00:00:00,17622.5,17669.30078125,17545.599609375,17590.599609375,0
2016-11-25 00:00:00,17590.599609375,17619.30078125,17542.599609375,17603.400390625,0
2016-11-28 00:00:00,17603.400390625,17605.400390625,17471.19921875,17518.30078125,237585900
2016-11-29 00:00:00,17518.30078125,17572.5,17476.0,17532.099609375,0
2016-11-30 00:00:00,17532.099609375,17602.5,17517.099609375,17545.80078125,0
2016-12-01 00:00:00,17545.80078125,17578.099609375,17406.900390625,17497.30078125,315751900
2016-12-02 00:00:00,17497.30078125,17497.30078125,17347.5,17435.30078125,267148300
2016-12-05 00:00:00,17435.30078125,17521.400390625,17408.80078125,17461.900390625,264628400
2016-12-06 00:00:00,17461.900390625,17470.0,17381.900390625,17452.099609375,298106300
2016-12-07 00:00:00,17452.099609375,17625.5,17452.099609375,17625.5,0
2016-12-08 00:00:00,17625.5,17691.900390625,17607.19921875,17682.0,334723700
2016-12-09 00:00:00,17682.0,17754.69921875,17669.599609375,17733.099609375,305399800
2016-12-12 00:00:00,17733.099609375,17786.400390625,17625.19921875,17641.19921875,296448400
2016-12-13 00:00:00,17641.19921875,17715.599609375,17590.69921875,17715.599609375,332430400
2016-12-14 00:00:00,17715.599609375,17715.599609375,17630.0,17682.400390625,403917900
2016-12-15 00:00:00,17682.400390625,17778.69921875,17620.80078125,17769.400390625,381880700
2016-12-16 00:00:00,17769.400390625,17825.80078125,17720.30078125,17784.80078125,446740100
2016-12-19 00:00:00,17784.80078125,17813.5,17738.19921875,17782.400390625,278500600
2016-12-20 00:00:00,17782.400390625,17848.099609375,17729.900390625,17769.900390625,252077900
2016-12-21 00:00:00,17769.900390625,17812.0,17706.900390625,17745.400390625,226431400
2016-12-22 00:00:00,17745.400390625,17891.599609375,17742.80078125,17891.599609375,195986100
2016-12-23 00:00:00,17891.599609375,17953.5,17882.5,17909.599609375,90599700
2016-12-28 00:00:00,17909.599609375,18013.0,17891.0,18012.80078125,0
2016-12-29 00:00:00,18012.80078125,18035.30078125,17971.900390625,18029.5,143651600
2016-12-30 00:00:00,18029.5,18077.30078125,17998.400390625,18077.30078125,107790300
2017-01-03 00:00:00,18077.30078125,18190.599609375,18076.5,18140.69921875,295715600
2017-01-04 00:00:00,18140.69921875,18172.400390625,18105.19921875,18151.30078125,289834900
2017-01-05 00:00:00,18151.30078125,18344.30078125,18151.30078125,18308.19921875,268659100
2017-01-06 00:00:00,18308.19921875,18354.5,18263.099609375,18341.19921875,252337400
2017-01-09 00:00:00,18341.19921875,18407.099609375,18292.30078125,18379.599609375,314394200
2017-01-10 00:00:00,18379.599609375,18428.80078125,18362.599609375,18413.30078125,275568500
2017-01-11 00:00:00,18413.30078125,18429.80078125,18354.69921875,18394.099609375,303735400
2017-01-12 00:00:00,18394.099609375,18398.099609375,18261.0,18303.5,306861100
2017-01-13 00:00:00,18303.5,18371.900390625,18303.30078125,18371.900390625,345042700
2017-01-16 00:00:00,18371.900390625,18372.099609375,18294.5,18307.69921875,0
2017-01-17 00:00:00,18307.69921875,18308.19921875,18224.900390625,18241.0,0
2017-01-18 00:00:00,18241.0,18312.80078125,18206.599609375,18312.80078125,319850700
2017-01-19 00:00:00,18312.80078125,18315.80078125,18201.30078125,18223.69921875,272094200
2017-01-20 00:00:00,18223.69921875,18245.30078125,18142.30078125,18150.80078125,0
2017-01-23 00:00:00,18150.80078125,18154.19921875,18079.30078125,18116.0,249571900
2017-01-24 00:00:00,18116.0,18148.5,18040.5,18100.69921875,279054800
2017-01-25 00:00:00,18100.69921875,18186.599609375,18100.69921875,18133.400390625,326103800
2017-01-26 00:00:00,18133.400390625,18191.69921875,18132.69921875,18142.69921875,283899400
2017-01-27 00:00:00,18142.69921875,18191.599609375,18131.30078125,18190.80078125,349311000
2017-01-30 00:00:00,18190.80078125,18190.80078125,18054.599609375,18081.80078125,298317100
2017-01-31 00:00:00,18081.80078125,18208.900390625,18069.30078125,18147.80078125,415434800
2017-02-01 00:00:00,18147.80078125,18263.19921875,18147.80078125,18240.19921875,384465800
2017-02-02 00:00:00,18240.19921875,18285.099609375,18178.099609375,18259.19921875,336117700
2017-02-03 00:00:00,18259.19921875,18425.5,18258.80078125,18411.69921875,313353400
2017-02-06 00:00:00,18411.69921875,18446.900390625,18338.599609375,18377.400390625,227154100
2017-02-07 00:00:00,18377.400390625,18584.400390625,18375.80078125,18559.69921875,309593100
2017-02-08 00:00:00,18559.69921875,18665.30078125,18550.400390625,18606.099609375,350876500
2017-02-09 00:00:00,18606.099609375,18651.900390625,18559.599609375,18627.599609375,349935700
2017-02-10 00:00:00,18627.599609375,18723.599609375,18625.400390625,18715.400390625,343894400
2017-02-13 00:00:00,18715.400390625,18776.599609375,18714.599609375,18758.80078125,275940300
2017-02-14 00:00:00,18758.80078125,18805.900390625,18692.5,18787.5,290273100
2017-02-15 00:00:00,18787.5,18864.19921875,18787.5,18827.19921875,305854100
2017-02-16 00:00:00,18827.19921875,18841.400390625,18686.19921875,18705.69921875,320358800
2017-02-17 00:00:00,18705.69921875,18788.0,18629.900390625,18707.5,277780800
2017-02-20 00:00:00,18707.5,18761.0,18685.099609375,18746.19921875,223345400
2017-02-21 00:00:00,18746.19921875,18780.0,18710.80078125,18772.19921875,290362900
2017-02-22 00:00:00,18772.19921875,18807.30078125,18660.599609375,18677.599609375,326006800
2017-02-23 00:00:00,18677.599609375,18738.599609375,18636.099609375,18643.5,332140500
2017-02-24 00:00:00,18643.5,18658.599609375,18528.69921875,18588.599609375,322211700
2017-02-27 00:00:00,18588.599609375,18724.5,18588.599609375,18671.099609375,482200400
2017-02-28 00:00:00,18671.099609375,18797.30078125,18650.19921875,18770.69921875,367246900
2017-03-01 00:00:00,18770.69921875,18983.0,18745.69921875,18983.0,422808200
2017-03-02 00:00:00,18983.0,19009.599609375,18876.5,18950.900390625,430896600
2017-03-03 00:00:00,18950.900390625,18952.0,18788.5,18882.900390625,336522200
2017-03-06 00:00:00,18882.900390625,18902.19921875,18842.900390625,18881.400390625,320557200
2017-03-07 00:00:00,18881.400390625,18946.30078125,18866.5,18885.900390625,348480100
2017-03-08 00:00:00,18885.900390625,18959.099609375,18873.69921875,18931.099609375,369874000
2017-03-09 00:00:00,18931.099609375,18938.400390625,18813.599609375,18891.5,333074300
2017-03-10 00:00:00,18891.5,18991.400390625,18891.5,18961.400390625,348697000
2017-03-13 00:00:00,18961.400390625,19049.0,18961.400390625,19029.19921875,350920800
2017-03-14 00:00:00,19029.19921875,19053.900390625,18926.400390625,18951.099609375,342502700
2017-03-15 00:00:00,18951.099609375,18993.30078125,18867.400390625,18964.0,335928300
2017-03-16 00:00:00,18964.0,19062.80078125,18964.0,19027.0,381232500
2017-03-17 00:00:00,19027.0,19094.900390625,19001.599609375,19094.900390625,715023300
2017-03-20 00:00:00,19094.900390625,19164.599609375,19058.19921875,19151.80078125,278229000
2017-03-21 00:00:00,19151.80078125,19183.900390625,18984.400390625,18988.0,295810700
2017-03-22 00:00:00,18988.0,18988.0,18739.900390625,18832.900390625,354901600
2017-03-23 00:00:00,18832.900390625,19033.400390625,18789.400390625,19002.30078125,347126300
2017-03-24 00:00:00,19002.30078125,19025.599609375,18913.0,18980.400390625,309292300
2017-03-26 23:00:00,18980.400390625,18980.400390625,18857.599609375,18900.0,269768800
2017-03-27 23:00:00,18900.0,18960.69921875,18848.69921875,18953.30078125,391433200
2017-03-28 23:00:00,18953.30078125,18989.30078125,18914.30078125,18978.69921875,385387600
2017-03-29 23:00:00,18978.69921875,19016.30078125,18950.69921875,19011.900390625,301336700
2017-03-30 23:00:00,19011.900390625,19014.900390625,18881.19921875,18971.80078125,384446000
2017-04-02 23:00:00,18971.80078125,19018.099609375,18923.599609375,18954.19921875,300307300
2017-04-03 23:00:00,18954.19921875,19038.80078125,18951.80078125,19020.099609375,285034900
2017-04-04 23:00:00,19020.099609375,19081.400390625,19003.400390625,19069.30078125,310406300
2017-04-05 23:00:00,19069.30078125,19126.099609375,18952.599609375,19126.099609375,309235600
2017-04-06 23:00:00,19126.099609375,19229.69921875,19073.099609375,19229.69921875,296410200
2017-04-09 23:00:00,19229.69921875,19278.0,19227.0,19264.599609375,274180500
2017-04-10 23:00:00,19264.599609375,19382.30078125,19239.5,19306.5,311561200
2017-04-11 23:00:00,19306.5,19433.80078125,19306.5,19423.900390625,328066200
2017-04-12 23:00:00,19423.900390625,19525.30078125,19337.900390625,19525.30078125,325660300
2017-04-17 23:00:00,19525.30078125,19527.19921875,19273.69921875,19297.900390625,388774300
2017-04-18 23:00:00,19297.900390625,19505.30078125,19283.80078125,19417.80078125,371147700
2017-04-19 23:00:00,19417.80078125,19450.099609375,19305.0,19378.80078125,329674900
2017-04-20 23:00:00,19378.80078125,19415.099609375,19337.900390625,19358.400390625,309600000
2017-04-23 23:00:00,19358.400390625,19621.69921875,19357.5,19602.80078125,300440200
2017-04-24 23:00:00,19602.80078125,19647.599609375,19582.30078125,19582.30078125,332084800
2017-04-25 23:00:00,19582.30078125,19684.0,19525.599609375,19678.80078125,371693800
2017-04-26 23:00:00,19678.80078125,19678.80078125,19576.69921875,19636.599609375,285532900
2017-04-27 23:00:00,19636.599609375,19673.900390625,19610.900390625,19615.400390625,326495100
2017-05-01 23:00:00,19615.400390625,19805.30078125,19615.400390625,19805.30078125,359264300
2017-05-02 23:00:00,19805.30078125,19805.599609375,19652.19921875,19683.400390625,325105600
2017-05-03 23:00:00,19683.400390625,19711.80078125,19617.900390625,19680.80078125,347689100
2017-05-04 23:00:00,19680.80078125,19699.599609375,19600.400390625,19699.599609375,320182600
2017-05-07 23:00:00,19699.599609375,19745.599609375,19655.19921875,19729.69921875,320492300
2017-05-08 23:00:00,19729.69921875,19835.69921875,19729.69921875,19817.0,342151400
2017-05-09 23:00:00,19817.0,19890.099609375,19806.30078125,19876.80078125,348406900
2017-05-10 23:00:00,19876.80078125,19879.69921875,19748.80078125,19795.69921875,428249800
2017-05-11 23:00:00,19795.69921875,19818.099609375,19727.599609375,19763.0,287515900
2017-05-14 23:00:00,19763.0,19825.80078125,19735.80078125,19751.0,294317200
2017-05-15 23:00:00,19751.0,19875.900390625,19730.599609375,19875.900390625,328581900
2017-05-16 23:00:00,19875.900390625,19876.900390625,19737.0,19773.599609375,329060500
2017-05-17 23:00:00,19773.599609375,19773.80078125,19538.099609375,19691.599609375,378247700
2017-05-18 23:00:00,19691.599609375,19836.19921875,19691.599609375,19812.80078125,331685300
2017-05-21 23:00:00,19812.80078125,19933.69921875,19812.19921875,19912.599609375,297465000
2017-05-22 23:00:00,19912.599609375,19984.69921875,19898.900390625,19920.099609375,286820500
2017-05-23 23:00:00,19920.099609375,19965.30078125,19902.099609375,19950.5,333031100
2017-05-24 23:00:00,19950.5,19994.30078125,19901.30078125,19967.599609375,364323200
2017-05-25 23:00:00,19967.599609375,20050.69921875,19958.599609375,20024.900390625,557803400
2017-05-29 23:00:00,20024.900390625,20028.099609375,19944.0,19991.900390625,360800700
2017-05-30 23:00:00,19991.900390625,20031.19921875,19947.900390625,19972.19921875,508789000
2017-05-31 23:00:00,19972.19921875,20057.599609375,19951.0,20010.599609375,361003400
2017-06-01 23:00:00,20010.599609375,20081.69921875,19974.5,20002.80078125,457084300
2017-06-04 23:00:00,20002.80078125,20048.19921875,19863.30078125,19868.69921875,253756200
2017-06-05 23:00:00,19868.69921875,19870.099609375,19625.900390625,19654.80078125,362570400
2017-06-06 23:00:00,19654.80078125,19769.599609375,19654.80078125,19695.900390625,344822600
2017-06-07 23:00:00,19695.900390625,19743.400390625,19656.599609375,19743.400390625,345977900
2017-06-08 23:00:00,19743.400390625,19791.5,19552.80078125,19770.0,388607500
2017-06-11 23:00:00,19770.0,19770.400390625,19651.80078125,19682.69921875,306404000
2017-06-12 23:00:00,19682.69921875,19897.80078125,19682.69921875,19859.5,346666400
2017-06-13 23:00:00,19859.5,20033.099609375,19856.400390625,19974.69921875,347340000
2017-06-14 23:00:00,19974.69921875,19976.80078125,19403.30078125,19553.69921875,450817900
2017-06-15 23:00:00,19553.69921875,19824.80078125,19553.69921875,19816.400390625,855002200
2017-06-18 23:00:00,19818.0,19907.900390625,19810.099609375,19873.30078125,299467600
2017-06-19 23:00:00,19875.599609375,19934.5,19771.69921875,19771.69921875,363247200
2017-06-20 23:00:00,19774.400390625,19783.30078125,19649.900390625,19682.599609375,365669100
2017-06-21 23:00:00,19683.400390625,19688.0,19604.5,19658.400390625,343898500
2017-06-22 23:00:00,19660.0,19705.599609375,19618.599609375,19685.099609375,293691400
2017-06-25 23:00:00,19685.099609375,19783.099609375,19684.599609375,19684.599609375,272260100
2017-06-26 23:00:00,19686.19921875,19686.19921875,19505.099609375,19526.80078125,322602900
2017-06-27 23:00:00,19525.900390625,19556.900390625,19393.19921875,19476.400390625,402276600
2017-06-28 23:00:00,19476.19921875,19536.80078125,19306.0,19346.400390625,465769700
2017-06-29 23:00:00,19346.5,19412.19921875,19277.30078125,19340.19921875,400016100
2017-07-02 23:00:00,19338.599609375,19437.0,19267.80078125,19320.400390625,366809100
2017-07-03 23:00:00,19320.5,19336.5,19248.69921875,19301.5,326052400
2017-07-04 23:00:00,19301.400390625,19451.19921875,19290.099609375,19451.19921875,347856600
2017-07-05 23:00:00,19450.400390625,19475.599609375,19314.0,19369.099609375,332352600
2017-07-06 23:00:00,19370.900390625,19395.099609375,19291.69921875,19395.099609375,274386500
2017-07-09 23:00:00,19395.0,19437.19921875,19295.099609375,19357.400390625,353953100
2017-07-10 23:00:00,19357.30078125,19406.099609375,19183.19921875,19215.400390625,378823300
2017-07-11 23:00:00,19214.599609375,19329.5,19182.5,19267.900390625,429872900
2017-07-12 23:00:00,19267.80078125,19420.69921875,19266.900390625,19418.30078125,384031300
2017-07-13 23:00:00,19416.80078125,19426.80078125,19364.30078125,19408.400390625,274676000
2017-07-16 23:00:00,19408.80078125,19534.19921875,19407.30078125,19520.599609375,318416800
2017-07-17 23:00:00,19520.69921875,19614.5,19483.80078125,19613.400390625,368104600
2017-07-18 23:00:00,19612.599609375,19693.900390625,19563.80078125,19693.900390625,352984300
2017-07-19 23:00:00,19695.099609375,19763.900390625,19695.099609375,19763.900390625,302922800
2017-07-20 23:00:00,19762.599609375,19812.099609375,19647.400390625,19751.19921875,331611800
2017-07-23 23:00:00,19750.400390625,19750.400390625,19531.19921875,19616.30078125,360400100
2017-07-24 23:00:00,19616.30078125,19699.599609375,19601.80078125,19641.30078125,314294300
2017-07-25 23:00:00,19640.69921875,19784.099609375,19639.599609375,19762.69921875,324950600
2017-07-26 23:00:00,19761.19921875,19899.80078125,19755.900390625,19879.400390625,326316400
2017-07-27 23:00:00,19879.30078125,19887.099609375,19669.0,19728.19921875,270721700
2017-07-30 23:00:00,19726.80078125,19812.0,19726.80078125,19781.099609375,334634400
2017-07-31 23:00:00,19779.30078125,19883.599609375,19779.30078125,19863.599609375,305868100
2017-08-01 23:00:00,19863.5,19934.400390625,19816.5,19841.400390625,320659300
2017-08-02 23:00:00,19840.900390625,19915.5,19794.5,19908.19921875,336790400
2017-08-03 23:00:00,19907.19921875,19978.30078125,19835.30078125,19969.69921875,268014100
2017-08-06 23:00:00,19969.599609375,20012.69921875,19952.19921875,19988.5,254324900
2017-08-07 23:00:00,19988.30078125,19988.80078125,19940.099609375,19949.5,279932500
2017-08-08 23:00:00,19948.5,19948.80078125,19789.099609375,19875.0,314465900
2017-08-09 23:00:00,19875.0,19879.69921875,19691.19921875,19699.400390625,289474500
2017-08-10 23:00:00,19699.19921875,19699.5,19440.599609375,19544.80078125,351844200
2017-08-13 23:00:00,19545.099609375,19704.69921875,19545.0,19692.5,262964100
2017-08-14 23:00:00,19692.0,19723.0,19663.099609375,19694.80078125,244628100
2017-08-15 23:00:00,19694.80078125,19867.80078125,19694.30078125,19859.19921875,301557300
2017-08-16 23:00:00,19858.400390625,19874.599609375,19773.099609375,19773.099609375,255449700
2017-08-17 23:00:00,19773.5,19773.5,19566.900390625,19626.5,248066000
2017-08-20 23:00:00,19626.0,19663.69921875,19584.099609375,19646.900390625,232860200
2017-08-21 23:00:00,19646.69921875,19759.599609375,19646.69921875,19751.19921875,277867900
2017-08-22 23:00:00,19751.099609375,19793.400390625,19713.599609375,19743.19921875,252706800
2017-08-23 23:00:00,19742.69921875,19767.69921875,19670.69921875,19710.30078125,342482800
2017-08-24 23:00:00,19708.599609375,19749.19921875,19671.30078125,19671.30078125,283293000
2017-08-28 23:00:00,19671.30078125,19673.900390625,19472.69921875,19527.900390625,309148100
2017-08-29 23:00:00,19525.69921875,19637.80078125,19525.69921875,19616.599609375,260710000
2017-08-30 23:00:00,19616.400390625,19803.599609375,19614.30078125,19803.599609375,407036400
2017-08-31 23:00:00,19803.80078125,19810.5,19733.30078125,19786.19921875,319056300
2017-09-03 23:00:00,19786.19921875,19786.19921875,19686.400390625,19697.900390625,222929000
2017-09-04 23:00:00,19698.69921875,19791.19921875,19697.30078125,19726.80078125,271131300
2017-09-05 23:00:00,19726.0,19729.80078125,19593.30078125,19652.30078125,377004500
2017-09-06 23:00:00,19651.099609375,19726.0,19591.19921875,19696.69921875,341242900
2017-09-07 23:00:00,19696.5,19696.5,19531.099609375,19610.400390625,350469600
2017-09-10 23:00:00,19610.0,19735.30078125,19609.80078125,19694.30078125,269157900
2017-09-11 23:00:00,19695.599609375,19750.5,19643.599609375,19665.900390625,369510300
2017-09-12 23:00:00,19667.5,19667.900390625,19559.0,19590.0,357551300
2017-09-13 23:00:00,19592.900390625,19675.099609375,19512.0,19523.900390625,346885500
2017-09-14 23:00:00,19523.900390625,19537.099609375,19325.19921875,19378.19921875,592033800
2017-09-17 23:00:00,19378.19921875,19449.5,19378.19921875,19437.900390625,289045900
2017-09-18 23:00:00,19437.900390625,19564.80078125,19437.900390625,19535.5,313709300
2017-09-19 23:00:00,19535.5,19567.30078125,19523.19921875,19540.80078125,342321700
2017-09-20 23:00:00,19540.80078125,19542.5,19405.599609375,19418.30078125,281378200
2017-09-21 23:00:00,19418.30078125,19517.400390625,19345.599609375,19517.400390625,256744600
2017-09-24 23:00:00,19517.400390625,19603.099609375,19482.80078125,19566.400390625,263973300
2017-09-25 23:00:00,19566.400390625,19567.599609375,19470.69921875,19503.19921875,330059000
2017-09-26 23:00:00,19503.19921875,19593.0,19478.900390625,19569.5,323972200
2017-09-27 23:00:00,19569.5,19678.5,19569.5,19678.5,301576200
2017-09-28 23:00:00,19678.5,19874.80078125,19678.5,19874.80078125,367832600
2017-10-01 23:00:00,19874.80078125,19957.099609375,19874.30078125,19957.099609375,324500200
2017-10-02 23:00:00,19957.099609375,20060.5,19951.400390625,20035.400390625,296334700
2017-10-03 23:00:00,20035.400390625,20045.5,19978.400390625,20029.400390625,354704700
2017-10-04 23:00:00,20029.400390625,20097.30078125,19992.099609375,20088.5,294605700
2017-10-05 23:00:00,20088.5,20175.80078125,20088.5,20166.5,379163100
2017-10-08 23:00:00,20166.5,20191.900390625,20089.69921875,20102.599609375,269578600
2017-10-09 23:00:00,20102.599609375,20171.599609375,20100.5,20146.30078125,316623100
2017-10-10 23:00:00,20146.30078125,20167.80078125,20120.19921875,20167.80078125,351113000
2017-10-11 23:00:00,20167.80078125,20251.19921875,20157.400390625,20251.19921875,309996900
2017-10-12 23:00:00,20251.19921875,20300.400390625,20214.80078125,20259.5,326761200
2017-10-15 23:00:00,20259.5,20268.599609375,20200.80078125,20217.099609375,356849000
2017-10-16 23:00:00,20217.099609375,20226.80078125,20125.099609375,20131.0,349628500
2017-10-17 23:00:00,20131.0,20287.900390625,20130.69921875,20259.80078125,287172500
2017-10-18 23:00:00,20259.80078125,20261.30078125,20073.80078125,20131.5,420066500
2017-10-19 23:00:00,20131.5,20194.5,20131.5,20146.900390625,314514900
2017-10-22 23:00:00,20146.900390625,20151.69921875,20099.0,20131.599609375,249773600
2017-10-23 23:00:00,20131.599609375,20150.80078125,20084.400390625,20113.19921875,270495800
2017-10-24 23:00:00,20113.19921875,20149.400390625,20064.80078125,20073.30078125,274128600
2017-10-25 23:00:00,20073.30078125,20166.900390625,20057.900390625,20163.400390625,338654900
2017-10-26 23:00:00,20163.400390625,20185.30078125,20124.69921875,20146.099609375,268916600
2017-10-30 00:00:00,20146.099609375,20244.099609375,20110.80078125,20213.30078125,280109600
2017-10-31 00:00:00,20213.30078125,20240.5,20187.69921875,20227.900390625,289188900
2017-11-01 00:00:00,20227.900390625,20419.30078125,20227.900390625,20328.19921875,383788700
2017-11-02 00:00:00,20328.19921875,20412.5,20312.0,20385.5,369559000
2017-11-03 00:00:00,20385.5,20472.400390625,20383.900390625,20472.400390625,286115200
2017-11-06 00:00:00,20472.400390625,20491.400390625,20413.599609375,20432.599609375,254807500
2017-11-07 00:00:00,20432.599609375,20465.80078125,20307.099609375,20307.099609375,697228600
2017-11-08 00:00:00,20307.099609375,20335.80078125,20266.80078125,20300.19921875,290676600
2017-11-09 00:00:00,20300.19921875,20307.5,20071.900390625,20071.900390625,389522200
2017-11-10 00:00:00,20071.900390625,20088.599609375,20004.400390625,20020.900390625,269612800
2017-11-13 00:00:00,20020.900390625,20052.0,19765.69921875,19787.900390625,303927000
2017-11-14 00:00:00,19787.900390625,19900.400390625,19785.5,19846.599609375,399671900
2017-11-15 00:00:00,19846.599609375,19850.19921875,19645.30078125,19693.400390625,399278200
2017-11-16 00:00:00,19702.80078125,19850.0,19702.80078125,19850.0,358032100
2017-11-17 00:00:00,19850.0,19861.099609375,19748.0,19797.80078125,300036200
2017-11-20 00:00:00,19797.80078125,19878.80078125,19738.599609375,19871.30078125,292606200
2017-11-21 00:00:00,19871.30078125,19953.900390625,19819.0,19944.0,344266200
2017-11-22 00:00:00,19944.0,20059.400390625,19943.900390625,20013.900390625,361696100
2017-11-23 00:00:00,20013.900390625,20038.0,19931.30078125,20006.099609375,266166300
2017-11-24 00:00:00,20006.099609375,20056.099609375,19944.80078125,19944.80078125,242353100
2017-11-27 00:00:00,19944.80078125,19978.69921875,19881.30078125,19881.30078125,283280100
2017-11-28 00:00:00,19881.30078125,20030.30078125,19876.80078125,20026.19921875,328694500
2017-11-29 00:00:00,20026.19921875,20127.0,20019.19921875,20059.599609375,378978500
2017-11-30 00:00:00,20059.599609375,20060.19921875,19917.099609375,19952.900390625,654598200
2017-12-01 00:00:00,19952.900390625,19986.599609375,19854.30078125,19854.400390625,415685200
2017-12-04 00:00:00,19854.400390625,20003.30078125,19854.400390625,19936.0,279382600
2017-12-05 00:00:00,19936.0,19986.69921875,19855.80078125,19871.099609375,336488700
2017-12-06 00:00:00,19871.099609375,19871.5,19705.30078125,19828.900390625,389519700
2017-12-07 00:00:00,19828.900390625,19902.099609375,19775.0,19810.30078125,504319100
2017-12-08 00:00:00,19810.30078125,20000.400390625,19799.400390625,19992.5,402883100
2017-12-11 00:00:00,19992.5,20073.5,19971.80078125,20064.599609375,319920400
2017-12-12 00:00:00,20064.599609375,20083.099609375,20003.400390625,20073.0,452179700
2017-12-13 00:00:00,20073.0,20105.19921875,20023.400390625,20061.400390625,518257100
2017-12-14 00:00:00,20061.400390625,20062.0,19948.099609375,20006.30078125,413293400
2017-12-15 00:00:00,20006.30078125,20048.599609375,19962.69921875,20048.599609375,592778200
2017-12-18 00:00:00,20048.599609375,20312.099609375,20048.599609375,20255.400390625,339577700
2017-12-19 00:00:00,20255.400390625,20405.69921875,20253.400390625,20341.5,368832400
2017-12-20 00:00:00,20341.5,20400.69921875,20295.0,20350.30078125,258966200
2017-12-21 00:00:00,20350.30078125,20426.099609375,20300.0,20422.69921875,266722800
2017-12-22 00:00:00,20422.69921875,20502.69921875,20403.19921875,20481.099609375,149757700
2017-12-27 00:00:00,20481.099609375,20640.0,20479.400390625,20640.0,223499300
2017-12-28 00:00:00,20640.0,20665.69921875,20612.099609375,20642.30078125,169762200
2017-12-29 00:00:00,20642.30078125,20734.69921875,20642.30078125,20726.30078125,109461100
2018-01-02 00:00:00,20726.30078125,20760.599609375,20620.80078125,20681.5,264317400
2018-01-03 00:00:00,20681.5,20773.0,20681.5,20743.900390625,300431800
2018-01-04 00:00:00,20743.900390625,20820.5,20730.900390625,20820.5,313037300
2018-01-05 00:00:00,20820.5,20932.599609375,20781.599609375,20932.599609375,324154000
2018-01-08 00:00:00,20932.599609375,20984.80078125,20856.599609375,20856.599609375,273176000
2018-01-09 00:00:00,20856.599609375,20911.400390625,20846.0,20875.0,308343200
2018-01-10 00:00:00,20875.0,20888.30078125,20737.099609375,20760.0,357447000
2018-01-11 00:00:00,20760.0,20782.80078125,20697.599609375,20737.900390625,347386200
2018-01-12 00:00:00,20737.900390625,20899.900390625,20737.900390625,20859.400390625,434758100
2018-01-15 00:00:00,20859.400390625,20924.69921875,20832.80078125,20832.80078125,312898400
2018-01-16 00:00:00,20832.80078125,20907.900390625,20832.80078125,20877.30078125,340217400
2018-01-17 00:00:00,20877.30078125,20877.30078125,20752.69921875,20769.400390625,371498800
2018-01-18 00:00:00,20769.400390625,20791.30078125,20634.0,20665.0,333940500
2018-01-19 00:00:00,20665.0,20679.5,20610.69921875,20653.30078125,345635700
2018-01-22 00:00:00,20653.30078125,20688.599609375,20618.099609375,20655.19921875,379988200
2018-01-23 00:00:00,20655.19921875,20712.0,20596.400390625,20671.19921875,395240000
2018-01-24 00:00:00,20671.19921875,20712.099609375,20538.5,20538.5,339314200
2018-01-25 00:00:00,20538.5,20595.900390625,20459.599609375,20521.69921875,336238300
2018-01-26 00:00:00,20521.69921875,20639.30078125,20485.30078125,20615.599609375,375003000
2018-01-29 00:00:00,20615.599609375,20715.80078125,20577.900390625,20577.900390625,297650600
2018-01-30 00:00:00,20577.900390625,20577.900390625,20370.900390625,20370.900390625,400443400
2018-01-31 00:00:00,20370.900390625,20385.400390625,20211.19921875,20243.599609375,408844500
2018-02-01 00:00:00,20243.599609375,20333.599609375,20184.30078125,20185.5,375078000
2018-02-02 00:00:00,20185.5,20209.900390625,19962.5,19962.5,376658700
2018-02-05 00:00:00,19962.5,19962.5,19647.80078125,19690.5,376777100
2018-02-06 00:00:00,19690.5,19690.5,19124.69921875,19262.599609375,555963000
2018-02-07 00:00:00,19262.599609375,19723.900390625,19262.599609375,19691.69921875,426334900
2018-02-08 00:00:00,19691.69921875,19692.900390625,19327.69921875,19327.69921875,411177600
2018-02-09 00:00:00,19327.69921875,19327.69921875,19165.80078125,19217.5,406156100
2018-02-12 00:00:00,19217.5,19490.69921875,19217.5,19379.30078125,310828200
2018-02-13 00:00:00,19379.30078125,19423.0,19306.30078125,19320.099609375,314275700
2018-02-14 00:00:00,19320.099609375,19482.80078125,19296.099609375,19448.400390625,375851100
2018-02-15 00:00:00,19448.400390625,19667.69921875,19448.0,19574.80078125,388044600
2018-02-16 00:00:00,19574.80078125,19750.0,19574.80078125,19733.599609375,297434500
2018-02-19 00:00:00,19733.599609375,19788.80078125,19643.0,19653.599609375,230482400
2018-02-20 00:00:00,19653.599609375,19823.599609375,19653.599609375,19802.900390625,285610100
2018-02-21 00:00:00,19802.900390625,19804.5,19675.0,19788.900390625,411270900
2018-02-22 00:00:00,19788.900390625,19789.099609375,19598.0,19736.099609375,448887400
2018-02-23 00:00:00,19736.099609375,19805.099609375,19727.900390625,19801.099609375,371077200
2018-02-26 00:00:00,19801.099609375,19900.0,19801.099609375,19828.69921875,326128200
2018-02-27 00:00:00,19828.69921875,19966.900390625,19827.5,19875.80078125,376864800
2018-02-28 00:00:00,19875.80078125,19875.80078125,19687.30078125,19687.30078125,400174100
2018-03-01 00:00:00,19687.30078125,19713.30078125,19516.099609375,19551.69921875,382685600
2018-03-02 00:00:00,19551.69921875,19551.69921875,19363.69921875,19386.5,384269100
2018-03-05 00:00:00,19386.5,19567.69921875,19377.30078125,19567.0,345419600
2018-03-06 00:00:00,19567.0,19726.900390625,19567.0,19690.30078125,356993300
2018-03-07 00:00:00,19690.30078125,19775.5,19635.599609375,19774.19921875,341190900
2018-03-08 00:00:00,19774.19921875,19976.900390625,19760.69921875,19968.0,358564500
2018-03-09 00:00:00,19968.0,20085.099609375,19968.0,20085.099609375,369774000
2018-03-12 00:00:00,20085.099609375,20184.900390625,20049.30078125,20117.5,380219500
2018-03-13 00:00:00,20117.5,20128.19921875,19843.19921875,19863.19921875,445760400
2018-03-14 00:00:00,19863.19921875,19958.400390625,19813.30078125,19820.099609375,361944300
2018-03-15 00:00:00,19820.099609375,19867.0,19736.30078125,19828.400390625,424341800
2018-03-16 00:00:00,19828.400390625,19883.400390625,19729.30078125,19804.900390625,990780900
2018-03-19 00:00:00,19804.900390625,19845.099609375,19677.30078125,19694.80078125,461625900
2018-03-20 00:00:00,19694.80078125,19765.80078125,19668.099609375,19723.599609375,365621200
2018-03-21 00:00:00,19723.599609375,19732.400390625,19618.30078125,19668.0,385358000
2018-03-22 00:00:00,19668.0,19680.69921875,19345.30078125,19393.900390625,424763400
2018-03-23 00:00:00,19393.900390625,19393.900390625,19091.099609375,19319.5,519070400
2018-03-25 23:00:00,19319.5,19371.599609375,19145.5,19187.099609375,275963800
2018-03-26 23:00:00,19187.099609375,19448.69921875,19187.099609375,19389.099609375,320805400
2018-03-27 23:00:00,19389.099609375,19389.099609375,19165.69921875,19356.599609375,300760600
2018-03-28 23:00:00,19356.599609375,19508.0,19356.599609375,19460.5,416719600
2018-04-02 23:00:00,19460.5,19460.599609375,19245.19921875,19398.0,371914800
2018-04-03 23:00:00,19398.0,19398.0,19199.80078125,19264.19921875,355419700
2018-04-04 23:00:00,19264.19921875,19576.19921875,19264.19921875,19576.19921875,348315400
2018-04-05 23:00:00,19576.19921875,19585.19921875,19486.0,19530.19921875,312429500
2018-04-08 23:00:00,19530.19921875,19641.30078125,19435.80078125,19484.400390625,270302900
2018-04-09 23:00:00,19484.400390625,19675.5,19484.400390625,19675.5,308992600
2018-04-10 23:00:00,19675.5,19708.30078125,19575.400390625,19655.0,333368400
2018-04-11 23:00:00,19655.0,19780.400390625,19616.099609375,19772.900390625,421055800
2018-04-12 23:00:00,19772.900390625,19891.900390625,19726.5,19838.5,348351000
2018-04-15 23:00:00,19838.5,19875.400390625,19770.400390625,19771.5,284322800
2018-04-16 23:00:00,19771.5,19864.0,19771.5,19829.400390625,391535600
2018-04-17 23:00:00,19829.400390625,20026.599609375,19829.400390625,20012.0,365608000
2018-04-18 23:00:00,20012.0,20165.0,20003.69921875,20147.19921875,334759200
2018-04-19 23:00:00,20147.19921875,20249.19921875,20146.400390625,20220.80078125,326076800
2018-04-22 23:00:00,20220.80078125,20325.400390625,20220.80078125,20316.400390625,515099400
2018-04-23 23:00:00,20316.400390625,20326.0,20166.69921875,20195.30078125,385192100
2018-04-24 23:00:00,20195.30078125,20195.30078125,19985.5,20019.099609375,326081200
2018-04-25 23:00:00,20019.099609375,20147.099609375,19994.5,20137.599609375,284938700
2018-04-26 23:00:00,20137.599609375,20319.80078125,20137.19921875,20271.599609375,266089500
2018-04-29 23:00:00,20271.599609375,20370.19921875,20270.099609375,20285.099609375,326849200
2018-04-30 23:00:00,20285.099609375,20414.80078125,20279.099609375,20348.30078125,253650300
2018-05-01 23:00:00,20348.30078125,20536.80078125,20348.30078125,20506.30078125,380346700
2018-05-02 23:00:00,20506.30078125,20515.099609375,20345.80078125,20365.900390625,438671800
2018-05-03 23:00:00,20365.900390625,20488.30078125,20365.900390625,20421.900390625,394442400
2018-05-07 23:00:00,20421.900390625,20606.69921875,20421.900390625,20594.69921875,335031800
2018-05-08 23:00:00,20594.69921875,20682.0,20555.80078125,20682.0,353899200
2018-05-09 23:00:00,20682.0,20748.599609375,20653.400390625,20699.400390625,295417700
2018-05-10 23:00:00,20699.400390625,20817.19921875,20698.69921875,20785.599609375,341070500
2018-05-13 23:00:00,20785.599609375,20834.19921875,20734.099609375,20801.0,326792900
2018-05-14 23:00:00,20801.0,20862.099609375,20767.19921875,20784.900390625,393450500
2018-05-15 23:00:00,20784.900390625,20859.80078125,20771.69921875,20828.80078125,380280300
2018-05-16 23:00:00,20828.80078125,21042.30078125,20777.69921875,21019.400390625,385057900
2018-05-17 23:00:00,21019.400390625,21057.69921875,20922.099609375,20989.80078125,497429300
2018-05-20 23:00:00,20989.80078125,21151.30078125,20989.80078125,21137.69921875,266393200
2018-05-21 23:00:00,21137.69921875,21243.30078125,21136.5,21191.400390625,374723900
2018-05-22 23:00:00,21191.400390625,21191.69921875,20995.19921875,21004.900390625,330106300
2018-05-23 23:00:00,21004.900390625,21089.30078125,20989.5,20989.5,355351300
2018-05-24 23:00:00,20989.5,21134.099609375,20989.19921875,21110.5,324554900
2018-05-28 23:00:00,21110.5,21110.5,20746.5,20746.80078125,391990900
2018-05-29 23:00:00,20746.80078125,20825.400390625,20706.099609375,20822.69921875,342363500
2018-05-30 23:00:00,20822.69921875,20947.400390625,20803.900390625,20846.30078125,680904000
2018-05-31 23:00:00,20846.30078125,21039.0,20845.400390625,20984.900390625,310466300
2018-06-03 23:00:00,20984.900390625,21111.5,20984.900390625,21110.599609375,312617600
2018-06-04 23:00:00,21110.599609375,21134.19921875,21051.900390625,21051.900390625,310310600
2018-06-05 23:00:00,21051.900390625,21171.900390625,21051.900390625,21171.400390625,350488600
2018-06-06 23:00:00,21171.400390625,21278.5,21147.599609375,21154.69921875,350055200
2018-06-07 23:00:00,21154.69921875,21192.400390625,21027.19921875,21160.5,297591600
2018-06-10 23:00:00,21160.5,21338.900390625,21155.0,21318.80078125,318836200
2018-06-11 23:00:00,21318.80078125,21371.5,21224.0,21241.599609375,328114200
2018-06-12 23:00:00,21241.599609375,21307.69921875,21213.0,21232.900390625,325870200
2018-06-13 23:00:00,21232.900390625,21353.19921875,21072.099609375,21324.0,404464600
2018-06-14 23:00:00,21324.0,21324.400390625,21005.5,21005.5,681763100
2018-06-17 23:00:00,21005.5,21024.400390625,20925.400390625,20999.599609375,309084600
2018-06-18 23:00:00,20999.599609375,20999.599609375,20761.19921875,20835.80078125,363859400
2018-06-19 23:00:00,20835.80078125,21027.900390625,20835.80078125,20926.400390625,333237500
2018-06-20 23:00:00,20926.400390625,20994.400390625,20717.19921875,20729.099609375,282696300
2018-06-21 23:00:00,20729.099609375,21009.900390625,20723.5,21009.900390625,406374600
2018-06-24 23:00:00,21009.900390625,21009.900390625,20767.80078125,20774.400390625,296473100
2018-06-25 23:00:00,20774.400390625,20875.80078125,20730.900390625,20757.19921875,289807600
2018-06-26 23:00:00,20757.19921875,20862.30078125,20624.400390625,20844.099609375,336002400
2018-06-27 23:00:00,20844.099609375,20844.099609375,20591.30078125,20684.19921875,309627900
2018-06-28 23:00:00,20684.19921875,20860.599609375,20684.19921875,20831.0,331838900
2018-07-01 23:00:00,20831.0,20831.0,20554.69921875,20605.900390625,345425800
2018-07-02 23:00:00,20605.900390625,20710.80078125,20605.80078125,20665.19921875,318996900
2018-07-03 23:00:00,20665.19921875,20665.19921875,20584.0,20652.5,213325600
2018-07-04 23:00:00,20652.5,20705.900390625,20566.80078125,20621.099609375,272637800
2018-07-05 23:00:00,20621.099609375,20681.5,20567.19921875,20618.30078125,287636300
2018-07-08 23:00:00,20618.30078125,20842.69921875,20618.30078125,20821.19921875,315235500
2018-07-09 23:00:00,20821.19921875,20883.400390625,20804.0,20851.599609375,297178900
2018-07-10 23:00:00,20851.599609375,20851.80078125,20576.0,20642.30078125,311602500
2018-07-11 23:00:00,20642.30078125,20798.5,20614.599609375,20779.80078125,308386000
2018-07-12 23:00:00,20779.80078125,20943.30078125,20779.80078125,20813.099609375,257317200
2018-07-15 23:00:00,20813.099609375,20935.099609375,20800.599609375,20800.599609375,377379100
2018-07-16 23:00:00,20800.599609375,20903.69921875,20782.599609375,20871.30078125,341269700
2018-07-17 23:00:00,20871.30078125,21028.80078125,20871.19921875,20984.19921875,300194900
2018-07-18 23:00:00,20984.19921875,20985.099609375,20864.599609375,20907.19921875,316101500
2018-07-19 23:00:00,20907.19921875,20944.69921875,20790.80078125,20925.69921875,353913600
2018-07-22 23:00:00,20925.69921875,20925.69921875,20759.80078125,20770.400390625,234697500
2018-07-23 23:00:00,20770.400390625,20929.19921875,20765.400390625,20852.900390625,287037100
2018-07-24 23:00:00,20852.900390625,20878.80078125,20715.0,20753.599609375,253747700
2018-07-25 23:00:00,20753.599609375,20796.099609375,20704.5,20768.599609375,301728300
2018-07-26 23:00:00,20768.599609375,20868.900390625,20752.0,20868.900390625,280909100
2018-07-29 23:00:00,20868.900390625,20923.5,20798.0,20878.30078125,281227300
2018-07-30 23:00:00,20878.30078125,20941.099609375,20832.099609375,20877.900390625,432628100
2018-07-31 23:00:00,20877.900390625,20877.900390625,20718.900390625,20801.5,343652700
2018-08-01 23:00:00,20801.5,20804.099609375,20549.0,20549.0,339282900
2018-08-02 23:00:00,20549.0,20698.80078125,20549.0,20635.30078125,281149400
2018-08-05 23:00:00,20635.30078125,20699.099609375,20620.400390625,20639.400390625,332263300
2018-08-06 23:00:00,20639.400390625,20727.599609375,20632.599609375,20675.599609375,347430800
2018-08-07 23:00:00,20675.599609375,20774.30078125,20652.30078125,20770.599609375,333124600
2018-08-08 23:00:00,20770.599609375,20827.69921875,20729.400390625,20806.19921875,334653700
2018-08-09 23:00:00,20806.19921875,20806.30078125,20635.400390625,20667.5,256408800
2018-08-12 23:00:00,20667.5,20667.5,20532.69921875,20575.099609375,246872000
2018-08-13 23:00:00,20575.099609375,20682.19921875,20509.80078125,20509.80078125,289783500
2018-08-14 23:00:00,20509.80078125,20579.80078125,20283.30078125,20320.400390625,311273800
2018-08-15 23:00:00,20320.400390625,20496.099609375,20320.400390625,20462.30078125,343278700
2018-08-16 23:00:00,20462.30078125,20473.19921875,20368.30078125,20444.400390625,291133400
2018-08-19 23:00:00,20444.400390625,20636.80078125,20444.400390625,20531.19921875,234144500
2018-08-20 23:00:00,20531.19921875,20661.19921875,20509.69921875,20642.900390625,253535100
2018-08-21 23:00:00,20642.900390625,20699.5,20602.900390625,20642.5,227581300
2018-08-22 23:00:00,20642.5,20715.69921875,20624.599609375,20665.5,218311600
2018-08-23 23:00:00,20665.5,20702.599609375,20645.80078125,20691.400390625,208826100
2018-08-27 23:00:00,20691.400390625,20894.900390625,20691.400390625,20849.19921875,250421100
2018-08-28 23:00:00,20849.19921875,20883.900390625,20712.30078125,20736.900390625,282725100
2018-08-29 23:00:00,20736.900390625,20740.0,20605.30078125,20691.80078125,245592700
2018-08-30 23:00:00,20691.80078125,20770.0,20646.900390625,20689.0,311202700
2018-09-02 23:00:00,20689.0,20734.69921875,20657.19921875,20695.900390625,207670000
2018-09-03 23:00:00,20695.900390625,20784.30078125,20522.5,20548.599609375,299862100
2018-09-04 23:00:00,20548.599609375,20554.099609375,20335.19921875,20388.5,383725300
2018-09-05 23:00:00,20388.5,20390.599609375,20245.400390625,20283.5,447566300
2018-09-06 23:00:00,20283.5,20297.5,20050.900390625,20209.599609375,344027800
2018-09-09 23:00:00,20209.599609375,20259.80078125,20180.69921875,20259.80078125,375660300
2018-09-10 23:00:00,20259.80078125,20276.400390625,20142.69921875,20226.400390625,310042600
2018-09-11 23:00:00,20226.400390625,20390.19921875,20224.69921875,20380.5,327091600
2018-09-12 23:00:00,20380.5,20382.099609375,20218.0,20243.599609375,273973700
2018-09-13 23:00:00,20243.599609375,20382.599609375,20243.599609375,20375.900390625,271835800
2018-09-16 23:00:00,20375.900390625,20392.599609375,20309.900390625,20374.400390625,259611100
2018-09-17 23:00:00,20374.400390625,20483.5,20371.099609375,20458.30078125,346954100
2018-09-18 23:00:00,20458.30078125,20534.0,20455.80078125,20500.5,366903200
2018-09-19 23:00:00,20500.5,20551.30078125,20493.69921875,20551.30078125,340654200
2018-09-20 23:00:00,20551.30078125,20648.599609375,20551.30078125,20590.400390625,707506400
2018-09-23 23:00:00,20590.400390625,20606.19921875,20486.80078125,20488.099609375,289029100
2018-09-24 23:00:00,20488.099609375,20559.599609375,20454.099609375,20461.099609375,289126400
2018-09-25 23:00:00,20461.099609375,20474.19921875,20414.0,20436.5,273127900
2018-09-26 23:00:00,20436.5,20457.80078125,20335.69921875,20374.19921875,284100300
2018-09-27 23:00:00,20374.19921875,20390.599609375,20281.30078125,20307.0,340672500
2018-09-30 23:00:00,20307.0,20475.19921875,20307.0,20401.19921875,338824800
2018-10-01 23:00:00,20401.19921875,20401.30078125,20257.400390625,20264.900390625,289957800
2018-10-02 23:00:00,20264.900390625,20351.30078125,20264.900390625,20300.0,283526500
2018-10-03 23:00:00,20300.0,20301.5,20084.400390625,20088.69921875,343679100
2018-10-04 23:00:00,20088.69921875,20113.599609375,19902.80078125,19918.0,324995700
2018-10-07 23:00:00,19918.0,19918.69921875,19646.099609375,19646.099609375,275550200
2018-10-08 23:00:00,19646.099609375,19714.80078125,19473.900390625,19549.599609375,337136200
2018-10-09 23:00:00,19549.599609375,19564.5,19239.19921875,19239.19921875,381764900
2018-10-10 23:00:00,19239.19921875,19239.19921875,18827.80078125,18827.80078125,489942400
2018-10-11 23:00:00,18827.80078125,19110.599609375,18827.80078125,18973.5,393908100
2018-10-14 23:00:00,18973.5,18973.599609375,18758.900390625,18803.5,331369400
2018-10-15 23:00:00,18803.5,19149.900390625,18803.5,19149.900390625,356309700
2018-10-16 23:00:00,19149.900390625,19208.80078125,18950.0,19014.0,351911400
2018-10-17 23:00:00,19014.0,19082.69921875,18961.400390625,18961.400390625,275969700
2018-10-18 23:00:00,18961.400390625,18963.900390625,18778.0,18795.80078125,303581400
2018-10-21 23:00:00,18795.80078125,18930.19921875,18751.599609375,18758.19921875,253054400
2018-10-22 23:00:00,18758.19921875,18758.19921875,18316.5,18352.099609375,419336300
2018-10-23 23:00:00,18352.099609375,18618.80078125,18350.5,18406.5,318245600
2018-10-24 23:00:00,18406.5,18541.5,18206.099609375,18531.5,366972200
2018-10-25 23:00:00,18531.5,18531.69921875,18262.599609375,18352.900390625,284117300
2018-10-29 00:00:00,18352.900390625,18796.30078125,18352.900390625,18566.80078125,275840400
2018-10-30 00:00:00,18566.80078125,18715.69921875,18514.599609375,18667.69921875,252816500
2018-10-31 00:00:00,18667.69921875,18991.400390625,18667.69921875,18917.69921875,364628500
2018-11-01 00:00:00,18917.69921875,19234.099609375,18860.400390625,19171.900390625,407445300
2018-11-02 00:00:00,19171.900390625,19495.099609375,19171.900390625,19325.69921875,325939000
2018-11-05 00:00:00,19325.69921875,19325.69921875,19050.5,19063.69921875,214607700
2018-11-06 00:00:00,19063.69921875,19136.400390625,19025.900390625,19043.69921875,250487200
2018-11-07 00:00:00,19043.69921875,19217.900390625,19043.19921875,19147.19921875,283854800
2018-11-08 00:00:00,19147.19921875,19321.099609375,19147.19921875,19257.099609375,263232400
2018-11-09 00:00:00,19257.099609375,19257.099609375,19088.30078125,19106.599609375,256587200
2018-11-12 00:00:00,19106.599609375,19254.099609375,18811.599609375,18811.599609375,272990400
2018-11-13 00:00:00,18811.599609375,18998.30078125,18810.19921875,18985.69921875,289091500
2018-11-14 00:00:00,18985.69921875,19085.69921875,18859.69921875,18910.099609375,323237100
2018-11-15 00:00:00,18910.099609375,19047.19921875,18497.099609375,18662.19921875,354052300
2018-11-16 00:00:00,18662.19921875,18822.69921875,18559.69921875,18589.099609375,314410600
2018-11-19 00:00:00,18589.099609375,18748.599609375,18524.900390625,18540.099609375,304734700
2018-11-20 00:00:00,18540.099609375,18602.80078125,18300.099609375,18366.400390625,377733400
2018-11-21 00:00:00,18366.400390625,18584.900390625,18317.30078125,18584.900390625,333555100
2018-11-22 00:00:00,18584.900390625,18588.400390625,18409.30078125,18530.0,245648900
2018-11-23 00:00:00,18530.0,18577.80078125,18454.69921875,18533.0,230383900
2018-11-26 00:00:00,18533.0,18759.80078125,18531.599609375,18719.099609375,256573200
2018-11-27 00:00:00,18719.099609375,18753.0,18609.599609375,18660.900390625,341311300
2018-11-28 00:00:00,18660.900390625,18735.599609375,18606.0,18639.69921875,331546800
2018-11-29 00:00:00,18639.69921875,18754.099609375,18607.400390625,18609.0,340508900
2018-11-30 00:00:00,18609.0,18629.0,18458.69921875,18480.80078125,428233500
2018-12-03 00:00:00,18480.80078125,18774.5,18480.80078125,18563.900390625,331462200
2018-12-04 00:00:00,18563.900390625,18574.30078125,18329.599609375,18329.599609375,374340300
2018-12-05 00:00:00,18329.599609375,18385.19921875,18088.599609375,18271.099609375,354914700
2018-12-06 00:00:00,18271.099609375,18271.099609375,17716.099609375,17753.30078125,355172500
2018-12-07 00:00:00,17753.30078125,18006.80078125,17753.30078125,17844.099609375,362258600
2018-12-10 00:00:00,17844.099609375,17844.099609375,17492.30078125,17492.30078125,299338000
2018-12-11 00:00:00,17492.30078125,17795.400390625,17485.80078125,17653.30078125,312080300
2018-12-12 00:00:00,17653.30078125,17993.599609375,17637.80078125,17989.0,342940900
2018-12-13 00:00:00,17989.0,18038.599609375,17818.599609375,17818.599609375,308526100
2018-12-14 00:00:00,17818.599609375,17819.0,17592.400390625,17666.900390625,276148700
2018-12-17 00:00:00,17666.900390625,17675.400390625,17416.80078125,17417.0,316787500
2018-12-18 00:00:00,17417.0,17596.400390625,17309.19921875,17495.0,334765700
2018-12-19 00:00:00,17495.0,17652.80078125,17427.5,17604.5,346304100
2018-12-20 00:00:00,17604.5,17605.69921875,17245.900390625,17446.900390625,362252500
2018-12-21 00:00:00,17446.900390625,17467.19921875,17355.400390625,17443.0,541915000
2018-12-24 00:00:00,17443.0,17443.0,17312.19921875,17312.19921875,67793300
2018-12-27 00:00:00,17312.19921875,17455.400390625,17054.69921875,17090.5,198360600
2018-12-28 00:00:00,17090.5,17465.099609375,17090.5,17465.099609375,196304500
2018-12-31 00:00:00,17465.099609375,17563.099609375,17462.900390625,17502.099609375,69819000
2019-01-02 00:00:00,17502.099609375,17586.69921875,17250.0,17586.69921875,213034900
2019-01-03 00:00:00,17586.69921875,17591.099609375,17436.80078125,17438.900390625,215746800
2019-01-04 00:00:00,17438.900390625,17795.900390625,17438.900390625,17795.900390625,237405200
2019-01-07 00:00:00,17795.900390625,17976.19921875,17795.599609375,17976.19921875,243125700
2019-01-08 00:00:00,17976.19921875,18283.5,17970.099609375,18175.80078125,258832800
2019-01-09 00:00:00,18175.80078125,18433.400390625,18175.80078125,18413.69921875,290656000
2019-01-10 00:00:00,18413.69921875,18452.80078125,18354.099609375,18435.599609375,283005700
2019-01-11 00:00:00,18435.599609375,18554.69921875,18435.599609375,18542.30078125,259684300
2019-01-14 00:00:00,18542.30078125,18542.69921875,18314.900390625,18417.599609375,230259200
2019-01-15 00:00:00,18417.599609375,18465.599609375,18356.400390625,18429.80078125,266124600
2019-01-16 00:00:00,18429.80078125,18503.30078125,18422.69921875,18486.69921875,249369000
2019-01-17 00:00:00,18486.69921875,18537.30078125,18402.19921875,18537.30078125,224198700
2019-01-18 00:00:00,18537.30078125,18771.400390625,18537.30078125,18764.5,293448900
2019-01-21 00:00:00,18764.5,18784.5,18720.0,18762.80078125,191362900
2019-01-22 00:00:00,18762.80078125,18808.0,18630.69921875,18681.599609375,268875500
2019-01-23 00:00:00,18681.599609375,18682.19921875,18557.80078125,18582.900390625,283300000
2019-01-24 00:00:00,18582.900390625,18653.900390625,18563.099609375,18627.599609375,265302100
2019-01-25 00:00:00,18627.599609375,18690.30078125,18620.099609375,18643.599609375,229186800
2019-01-28 00:00:00,18643.599609375,18679.30078125,18534.69921875,18534.69921875,207962800
2019-01-29 00:00:00,18534.69921875,18746.5,18510.099609375,18702.599609375,261099800
2019-01-30 00:00:00,18702.599609375,18828.5,18675.099609375,18828.0,249791800
2019-01-31 00:00:00,18828.0,18947.400390625,18685.099609375,18711.80078125,316038100
2019-02-01 00:00:00,18711.80078125,18817.69921875,18662.69921875,18811.400390625,232962700
2019-02-04 00:00:00,18811.400390625,18864.69921875,18795.80078125,18848.80078125,258938100
2019-02-05 00:00:00,18848.80078125,18996.0,18848.80078125,18996.0,253643300
2019-02-06 00:00:00,18996.0,19088.599609375,18923.599609375,19073.400390625,225549900
2019-02-07 00:00:00,19073.400390625,19073.400390625,18799.30078125,18799.30078125,255048800
2019-02-08 00:00:00,18799.30078125,18801.80078125,18652.900390625,18652.900390625,217925400
2019-02-11 00:00:00,18652.900390625,18846.30078125,18652.599609375,18831.80078125,215023900
2019-02-12 00:00:00,18831.80078125,18895.69921875,18788.69921875,18824.80078125,261665400
2019-02-13 00:00:00,18824.80078125,18993.80078125,18808.0,18972.599609375,231927100
2019-02-14 00:00:00,18972.599609375,19021.30078125,18856.80078125,18898.19921875,252136500
2019-02-15 00:00:00,18898.19921875,19030.80078125,18865.80078125,18987.19921875,271277000
2019-02-18 00:00:00,18987.19921875,19146.900390625,18948.900390625,19127.30078125,215507800
2019-02-19 00:00:00,19127.30078125,19127.30078125,19016.400390625,19068.900390625,265410100
2019-02-20 00:00:00,19068.900390625,19202.0,19034.19921875,19202.0,284186800
2019-02-21 00:00:00,19202.0,19253.0,19168.400390625,19236.900390625,276776500
2019-02-22 00:00:00,19236.900390625,19322.69921875,19236.69921875,19269.599609375,228383600
2019-02-25 00:00:00,19269.599609375,19274.5,19158.599609375,19247.0,269833000
2019-02-26 00:00:00,19247.0,19329.30078125,19147.5,19270.69921875,262439800
2019-02-27 00:00:00,19270.69921875,19273.0,19116.19921875,19153.80078125,259192400
2019-02-28 00:00:00,19153.80078125,19201.5,19040.0,19181.400390625,313260500
2019-03-01 00:00:00,19181.400390625,19399.69921875,19181.400390625,19399.69921875,293886100
2019-03-04 00:00:00,19399.69921875,19476.900390625,19387.0,19411.400390625,230831500
2019-03-05 00:00:00,19411.400390625,19447.30078125,19376.30078125,19443.099609375,268517700
2019-03-06 00:00:00,19443.099609375,19452.599609375,19357.099609375,19359.30078125,295484800
2019-03-07 00:00:00,19359.30078125,19362.30078125,19136.599609375,19183.80078125,291680400
2019-03-08 00:00:00,19183.80078125,19183.80078125,18984.400390625,19047.69921875,264147100
2019-03-11 00:00:00,19047.69921875,19137.0,19033.0,19093.099609375,257555900
2019-03-12 00:00:00,19093.099609375,19232.900390625,19091.80078125,19144.0,296906200
2019-03-13 00:00:00,19144.0,19181.599609375,19090.30078125,19180.099609375,342622800
2019-03-14 00:00:00,19180.099609375,19344.69921875,19149.099609375,19283.099609375,356076300
2019-03-15 00:00:00,19283.099609375,19495.599609375,19281.900390625,19491.0,587591200
2019-03-18 00:00:00,19491.0,19558.5,19397.599609375,19486.69921875,273347700
2019-03-19 00:00:00,19486.69921875,19557.099609375,19454.400390625,19551.30078125,260147000
2019-03-20 00:00:00,19551.30078125,19560.099609375,19380.19921875,19389.0,369826400
2019-03-21 00:00:00,19389.0,19389.69921875,19217.5,19347.599609375,301978600
2019-03-22 00:00:00,19347.599609375,19413.099609375,18976.0,18998.5,261523300
2019-03-25 00:00:00,18998.5,19000.400390625,18775.400390625,18799.599609375,264630600
2019-03-26 00:00:00,18799.599609375,18955.69921875,18778.5,18896.19921875,270071700
2019-03-27 00:00:00,18896.19921875,19011.19921875,18848.69921875,18893.69921875,371135100
2019-03-28 00:00:00,18893.69921875,18988.69921875,18859.69921875,18908.599609375,248604500
2019-03-29 00:00:00,18908.599609375,19117.80078125,18908.599609375,19117.5,308049000
2019-03-31 23:00:00,19117.5,19246.80078125,19115.5,19238.80078125,258734700
2019-04-01 23:00:00,19238.80078125,19329.30078125,19218.599609375,19329.30078125,287384400
2019-04-02 23:00:00,19329.30078125,19563.400390625,19327.599609375,19563.400390625,311370700
2019-04-03 23:00:00,19563.400390625,19563.599609375,19453.400390625,19507.30078125,338470900
2019-04-04 23:00:00,19507.30078125,19551.599609375,19467.900390625,19538.30078125,301009900
2019-04-07 23:00:00,19538.30078125,19548.69921875,19483.19921875,19517.19921875,274044500
2019-04-08 23:00:00,19517.19921875,19519.0,19427.599609375,19433.80078125,410555800
2019-04-09 23:00:00,19433.80078125,19531.5,19421.400390625,19484.80078125,410171200
2019-04-10 23:00:00,19484.80078125,19621.19921875,19484.80078125,19621.19921875,330071500
2019-04-11 23:00:00,19621.19921875,19721.80078125,19543.30078125,19711.69921875,348846100
2019-04-14 23:00:00,19711.69921875,19822.5,19711.400390625,19807.099609375,292599500
2019-04-15 23:00:00,19807.099609375,19930.099609375,19806.30078125,19923.400390625,280861500
2019-04-16 23:00:00,19923.400390625,19957.69921875,19858.099609375,19858.099609375,302844400
2019-04-17 23:00:00,19858.099609375,19858.5,19764.19921875,19835.900390625,284302600
2019-04-22 23:00:00,19835.900390625,19908.0,19800.69921875,19908.0,299581100
2019-04-23 23:00:00,19908.0,19993.69921875,19879.80078125,19993.69921875,272632300
2019-04-24 23:00:00,19993.69921875,20010.900390625,19852.19921875,19871.099609375,268463000
2019-04-25 23:00:00,19871.099609375,19926.099609375,19797.599609375,19856.900390625,273025100
2019-04-28 23:00:00,19856.900390625,19959.5,19856.80078125,19911.19921875,223309000
2019-04-29 23:00:00,19911.19921875,19913.599609375,19795.69921875,19824.80078125,557754000
2019-04-30 23:00:00,19824.80078125,19878.69921875,19784.599609375,19813.69921875,352440400
2019-05-01 23:00:00,19813.69921875,19814.30078125,19674.900390625,19686.69921875,357848700
2019-05-02 23:00:00,19686.69921875,19746.19921875,19640.69921875,19705.19921875,313158400
2019-05-06 23:00:00,19705.19921875,19712.80078125,19438.69921875,19465.69921875,327918700
2019-05-07 23:00:00,19465.69921875,19548.69921875,19429.5,19531.900390625,300937800
2019-05-08 23:00:00,19531.900390625,19538.80078125,19265.400390625,19285.599609375,337636700
2019-05-09 23:00:00,19285.599609375,19471.30078125,19285.099609375,19366.80078125,343894300
2019-05-12 23:00:00,19366.80078125,19374.80078125,19126.900390625,19126.900390625,307442400
2019-05-13 23:00:00,19126.900390625,19367.400390625,19126.5,19367.400390625,321285500
2019-05-14 23:00:00,19367.400390625,19453.5,19311.80078125,19369.80078125,334672700
2019-05-15 23:00:00,19369.80078125,19533.400390625,19366.0,19530.69921875,300355000
2019-05-16 23:00:00,19530.69921875,19548.099609375,19435.900390625,19498.599609375,262121300
2019-05-19 23:00:00,19498.599609375,19498.599609375,19318.400390625,19335.599609375,254036300
2019-05-20 23:00:00,19335.599609375,19481.19921875,19335.599609375,19436.400390625,477764000
2019-05-21 23:00:00,19436.400390625,19508.80078125,19300.69921875,19307.30078125,405220000
2019-05-22 23:00:00,19307.30078125,19307.30078125,19008.599609375,19031.19921875,415112200
2019-05-23 23:00:00,19031.19921875,19170.69921875,19030.599609375,19127.30078125,302438600
2019-05-27 23:00:00,19127.30078125,19229.30078125,19110.80078125,19204.900390625,636450400
2019-05-28 23:00:00,19204.900390625,19204.900390625,18946.099609375,18946.099609375,321085900
2019-05-29 23:00:00,18946.099609375,19122.80078125,18942.80078125,19111.5,253361400
2019-05-30 23:00:00,19111.5,19111.5,18905.30078125,18970.30078125,309043600
2019-06-02 23:00:00,18970.30078125,18971.0,18773.900390625,18877.19921875,289471500
2019-06-03 23:00:00,18877.19921875,19008.19921875,18756.19921875,19008.19921875,324343200
2019-06-04 23:00:00,19002.400390625,19193.099609375,18999.099609375,19072.19921875,338926100
2019-06-05 23:00:00,19072.19921875,19139.0,19004.80078125,19065.5,260776000
2019-06-06 23:00:00,19065.5,19232.400390625,19065.400390625,19232.400390625,293532900
2019-06-09 23:00:00,19232.400390625,19311.400390625,19232.400390625,19309.599609375,214687000
2019-06-10 23:00:00,19309.599609375,19360.900390625,19280.5,19325.69921875,286030900
2019-06-11 23:00:00,19325.69921875,19325.69921875,19187.30078125,19250.099609375,270548700
2019-06-12 23:00:00,19250.099609375,19264.69921875,19151.599609375,19172.400390625,249254300
2019-06-13 23:00:00,19172.400390625,19193.69921875,19094.80078125,19118.30078125,272014500
2019-06-16 23:00:00,19118.30078125,19190.0,19116.80078125,19157.599609375,306521600
2019-06-17 23:00:00,19157.599609375,19356.19921875,19074.30078125,19311.80078125,428574900
2019-06-18 23:00:00,19311.80078125,19340.5,19241.80078125,19245.5,341901000
2019-06-19 23:00:00,19245.5,19436.19921875,19244.5,19384.099609375,372092100
2019-06-20 23:00:00,19384.099609375,19425.5,19305.30078125,19324.599609375,758807200
2019-06-23 23:00:00,19324.599609375,19394.69921875,19299.69921875,19299.69921875,234111100
2019-06-24 23:00:00,19299.69921875,19299.69921875,19172.0,19286.5,273215300
2019-06-25 23:00:00,19286.5,19296.099609375,19236.0,19260.400390625,335063500
2019-06-26 23:00:00,19260.400390625,19324.400390625,19228.69921875,19314.5,333705700
2019-06-27 23:00:00,19314.5,19462.099609375,19313.69921875,19462.099609375,341418000
2019-06-30 23:00:00,19462.099609375,19666.5,19462.099609375,19634.69921875,285740800
2019-07-01 23:00:00,19634.69921875,19689.900390625,19598.400390625,19659.30078125,345698300
2019-07-02 23:00:00,19659.30078125,19793.5,19655.19921875,19790.80078125,272821100
2019-07-03 23:00:00,19790.80078125,19819.400390625,19777.099609375,19797.599609375,184824900
2019-07-04 23:00:00,19797.599609375,19837.099609375,19638.30078125,19655.30078125,203571300
2019-07-07 23:00:00,19655.30078125,19700.099609375,19565.900390625,19581.5,243459800
2019-07-08 23:00:00,19581.5,19581.5,19419.400390625,19467.400390625,254164700
2019-07-09 23:00:00,19467.400390625,19480.30078125,19408.900390625,19419.400390625,284348200
2019-07-10 23:00:00,19419.400390625,19510.80078125,19417.099609375,19443.19921875,258273800
2019-07-11 23:00:00,19443.19921875,19559.80078125,19443.19921875,19551.80078125,278668600
2019-07-14 23:00:00,19551.80078125,19634.80078125,19550.19921875,19584.099609375,238723900
2019-07-15 23:00:00,19584.099609375,19674.099609375,19534.900390625,19656.099609375,246944600
2019-07-16 23:00:00,19656.099609375,19687.400390625,19581.099609375,19614.19921875,249201800
2019-07-17 23:00:00,19614.19921875,19614.80078125,19530.80078125,19535.099609375,229190100
2019-07-18 23:00:00,19535.099609375,19640.19921875,19531.099609375,19621.69921875,282249100
2019-07-21 23:00:00,19621.69921875,19698.30078125,19585.19921875,19648.0,336664700
2019-07-22 23:00:00,19648.0,19771.599609375,19648.0,19752.30078125,259708900
2019-07-23 23:00:00,19752.30078125,19856.30078125,19752.30078125,19787.80078125,316900900
2019-07-24 23:00:00,19787.80078125,19918.599609375,19763.0,19820.400390625,314186600
2019-07-25 23:00:00,19820.400390625,19887.099609375,19816.900390625,19857.900390625,257922100
2019-07-28 23:00:00,19857.900390625,19957.599609375,19847.19921875,19886.69921875,251010400
2019-07-29 23:00:00,19886.69921875,19934.099609375,19758.69921875,19774.80078125,297067500
2019-07-30 23:00:00,19774.80078125,19779.900390625,19666.5,19666.5,356256900
2019-07-31 23:00:00,19666.5,19681.19921875,19573.400390625,19634.30078125,307249000
2019-08-01 23:00:00,19634.30078125,19634.30078125,19253.19921875,19253.19921875,308508400
2019-08-04 23:00:00,19253.19921875,19253.19921875,18840.80078125,18871.400390625,316267000
2019-08-05 23:00:00,18871.400390625,19033.19921875,18845.5,18846.19921875,562322300
2019-08-06 23:00:00,18846.19921875,19010.80078125,18845.900390625,18941.0,437677500
2019-08-07 23:00:00,18941.0,19137.599609375,18941.0,19137.599609375,342308800
2019-08-08 23:00:00,19137.599609375,19206.599609375,19078.80078125,19092.19921875,243040100
2019-08-11 23:00:00,19092.19921875,19217.69921875,18913.0,18913.0,382507300
2019-08-12 23:00:00,18913.0,19037.80078125,18804.599609375,19008.19921875,360435900
2019-08-13 23:00:00,19008.19921875,19028.30078125,18713.69921875,18731.099609375,412023900
2019-08-14 23:00:00,18731.099609375,18829.900390625,18559.30078125,18640.69921875,334502600
2019-08-15 23:00:00,18640.69921875,18821.900390625,18640.69921875,18821.900390625,269708800
2019-08-18 23:00:00,18821.900390625,19098.0,18820.30078125,19098.0,262861200
2019-08-19 23:00:00,19098.0,19160.30078125,19003.099609375,19008.099609375,287870000
2019-08-20 23:00:00,19008.099609375,19207.80078125,19006.69921875,19207.80078125,261590100
2019-08-21 23:00:00,19207.80078125,19211.599609375,19137.0,19205.30078125,273039500
2019-08-22 23:00:00,19205.30078125,19414.900390625,19205.30078125,19236.099609375,307664800
2019-08-26 23:00:00,19236.099609375,19341.30078125,19204.69921875,19335.900390625,349808500
2019-08-27 23:00:00,19335.900390625,19335.900390625,19123.099609375,19203.0,311737300
2019-08-28 23:00:00,19203.0,19292.5,19117.099609375,19292.5,272484200
2019-08-29 23:00:00,19292.5,19437.69921875,19266.599609375,19393.599609375,298445100
2019-09-01 23:00:00,19393.599609375,19516.80078125,19378.099609375,19481.599609375,187753200
2019-09-02 23:00:00,19481.599609375,19491.599609375,19376.900390625,19464.099609375,273047300
2019-09-03 23:00:00,19464.099609375,19640.900390625,19464.099609375,19619.099609375,412210500
2019-09-04 23:00:00,19619.099609375,19650.19921875,19577.099609375,19649.599609375,327968200
2019-09-05 23:00:00,19649.599609375,19705.5,19619.69921875,19705.5,265433800
2019-09-08 23:00:00,19705.5,19794.5,19650.099609375,19678.5,316990900
2019-09-09 23:00:00,19678.5,19738.900390625,19649.900390625,19738.900390625,365334900
2019-09-10 23:00:00,19738.900390625,20028.900390625,19738.900390625,19982.19921875,354073100
2019-09-11 23:00:00,19982.19921875,20049.19921875,19891.099609375,19962.599609375,297782900
2019-09-12 23:00:00,19962.599609375,20195.80078125,19941.69921875,20195.80078125,320646900
2019-09-15 23:00:00,20195.80078125,20208.69921875,20022.19921875,20060.30078125,391217000
2019-09-16 23:00:00,20060.30078125,20062.099609375,19969.5,20040.5,760782800
2019-09-17 23:00:00,20040.5,20104.0,20028.099609375,20054.400390625,567174200
2019-09-18 23:00:00,20054.400390625,20110.30078125,20039.099609375,20089.5,382011700
2019-09-19 23:00:00,20089.5,20230.099609375,20083.30078125,20169.400390625,786760000
2019-09-22 23:00:00,20169.400390625,20188.5,19955.69921875,20043.80078125,307226200
2019-09-23 23:00:00,20043.80078125,20043.80078125,19906.5,19919.099609375,316269000
2019-09-24 23:00:00,19919.099609375,19919.099609375,19682.69921875,19774.900390625,316062200
2019-09-25 23:00:00,19774.900390625,19903.900390625,19736.30078125,19818.599609375,309795400
2019-09-26 23:00:00,19818.599609375,19971.0,19818.599609375,19971.0,559679300
2019-09-29 23:00:00,19971.0,19998.0,19911.69921875,19936.69921875,472924100
2019-09-30 23:00:00,19936.69921875,20025.80078125,19862.0,19872.80078125,653131100
2019-10-01 23:00:00,19872.80078125,19874.099609375,19476.900390625,19476.900390625,315628700
2019-10-02 23:00:00,19476.900390625,19501.69921875,19235.80078125,19348.19921875,290559200
2019-10-03 23:00:00,19348.19921875,19480.400390625,19324.400390625,19480.400390625,268023200
2019-10-06 23:00:00,19480.400390625,19495.69921875,19374.900390625,19420.19921875,261757000
2019-10-07 23:00:00,19420.19921875,19501.900390625,19200.900390625,19200.900390625,323727900
2019-10-08 23:00:00,19200.900390625,19258.599609375,19160.19921875,19171.599609375,260963300
2019-10-09 23:00:00,19171.599609375,19237.400390625,19080.19921875,19235.69921875,312922400
2019-10-10 23:00:00,19235.69921875,20044.19921875,19235.69921875,20041.69921875,528020300
2019-10-13 23:00:00,20041.69921875,20049.599609375,19736.0,19929.900390625,350587400
2019-10-14 23:00:00,19929.900390625,20316.900390625,19928.19921875,20197.0,442321800
2019-10-15 23:00:00,20197.0,20243.5,19959.0,20188.0,402898000
2019-10-16 23:00:00,20188.0,20439.900390625,20075.30078125,20221.099609375,395756300
2019-10-17 23:00:00,20221.099609375,20299.400390625,20164.599609375,20228.5,333157300
2019-10-20 23:00:00,20228.5,20374.599609375,20152.30078125,20308.80078125,348328700
2019-10-21 23:00:00,20308.80078125,20334.900390625,20178.5,20181.900390625,406495400
2019-10-22 23:00:00,20181.900390625,20212.30078125,20084.69921875,20180.900390625,307170800
2019-10-23 23:00:00,20180.900390625,20256.0,20104.099609375,20152.19921875,282091000
2019-10-24 23:00:00,20152.19921875,20154.0,19970.19921875,20103.5,267616900
2019-10-28 00:00:00,20103.5,20215.099609375,20081.19921875,20210.19921875,195646900
2019-10-29 00:00:00,20210.19921875,20212.099609375,20108.30078125,20168.30078125,223130900
2019-10-30 00:00:00,20168.30078125,20168.80078125,20043.0,20115.099609375,240561900
2019-10-31 00:00:00,20115.099609375,20155.099609375,20021.5,20021.5,280742900
2019-11-01 00:00:00,20021.5,20158.80078125,20021.30078125,20158.80078125,264723100
2019-11-04 00:00:00,20158.80078125,20271.5,20158.80078125,20249.69921875,225585100
2019-11-05 00:00:00,20249.69921875,20295.0,20216.69921875,20295.0,280517200
2019-11-06 00:00:00,20295.0,20308.5,20157.0,20216.599609375,243086000
2019-11-07 00:00:00,20216.599609375,20439.400390625,20216.599609375,20433.19921875,278725300
2019-11-08 00:00:00,20433.19921875,20433.19921875,20313.0,20357.599609375,215423500
2019-11-11 00:00:00,20357.599609375,20418.5,20225.900390625,20410.0,214415600
2019-11-12 00:00:00,20410.0,20434.30078125,20336.0,20427.19921875,372680000
2019-11-13 00:00:00,20427.19921875,20427.19921875,20206.0,20289.80078125,294939400
2019-11-14 00:00:00,20289.80078125,20312.099609375,20231.5,20231.80078125,252517400
2019-11-15 00:00:00,20231.80078125,20404.400390625,20165.19921875,20404.400390625,248155900
2019-11-18 00:00:00,20404.400390625,20524.30078125,20388.19921875,20440.5,224863000
2019-11-19 00:00:00,20440.5,20672.80078125,20440.5,20528.5,326249000
2019-11-20 00:00:00,20528.5,20528.5,20368.099609375,20475.30078125,263572900
2019-11-21 00:00:00,20475.30078125,20475.30078125,20240.5,20369.900390625,328515500
2019-11-22 00:00:00,20369.900390625,20508.69921875,20346.30078125,20485.80078125,299941100
2019-11-25 00:00:00,20485.80078125,20703.19921875,20483.400390625,20703.19921875,297609600
2019-11-26 00:00:00,20703.19921875,20864.900390625,20686.099609375,20864.900390625,514420500
2019-11-27 00:00:00,20864.900390625,20959.5,20807.099609375,20954.30078125,307042600
2019-11-28 00:00:00,20954.30078125,21029.80078125,20888.69921875,21023.599609375,238106400
2019-11-29 00:00:00,21023.599609375,21028.900390625,20812.599609375,20812.599609375,226671000
2019-12-02 00:00:00,20812.599609375,20869.80078125,20655.69921875,20700.19921875,316492400
2019-12-03 00:00:00,20700.19921875,20705.900390625,20394.19921875,20500.900390625,333329000
2019-12-04 00:00:00,20500.900390625,20665.5,20464.30078125,20665.5,299601600
2019-12-05 00:00:00,20665.5,20738.0,20615.900390625,20707.30078125,338249800
2019-12-06 00:00:00,20707.30078125,20933.0,20707.30078125,20933.0,304696600
2019-12-09 00:00:00,20933.0,20935.900390625,20802.0,20922.599609375,440838400
2019-12-10 00:00:00,20922.599609375,20929.5,20714.69921875,20781.099609375,367878800
2019-12-11 00:00:00,20781.099609375,20791.400390625,20460.900390625,20647.099609375,375992600
2019-12-12 00:00:00,20647.099609375,20821.80078125,20642.599609375,20793.0,452813300
2019-12-13 00:00:00,20793.0,21910.80078125,20792.900390625,21507.80078125,782881500
2019-12-16 00:00:00,21507.80078125,21935.30078125,21505.099609375,21920.69921875,535054500
2019-12-17 00:00:00,21920.69921875,21922.19921875,21543.0,21690.19921875,411217700
2019-12-18 00:00:00,21690.19921875,21691.599609375,21539.0,21663.099609375,322078300
2019-12-19 00:00:00,21663.099609375,21687.099609375,21614.0,21666.099609375,296854300
2019-12-20 00:00:00,21666.099609375,21683.19921875,21570.30078125,21674.30078125,524536200
2019-12-23 00:00:00,21674.30078125,21928.30078125,21673.599609375,21843.400390625,175537600
2019-12-24 00:00:00,21843.400390625,21981.099609375,21824.0,21981.099609375,62119400
2019-12-27 00:00:00,21981.099609375,22059.0,21950.19921875,22059.0,149734300
2019-12-30 00:00:00,22059.0,22062.69921875,21929.0,21936.30078125,138560000
2019-12-31 00:00:00,21936.30078125,21965.80078125,21883.400390625,21883.400390625,76509400
2020-01-02 00:00:00,21883.400390625,22114.30078125,21881.0,22108.30078125,220315300
2020-01-03 00:00:00,22108.30078125,22111.400390625,21868.80078125,21988.19921875,200763900
2020-01-06 00:00:00,21988.19921875,21988.19921875,21694.900390625,21761.80078125,245778100
2020-01-07 00:00:00,21760.5,21899.599609375,21757.0,21832.69921875,292544200
2020-01-08 00:00:00,21832.69921875,21832.69921875,21613.900390625,21651.900390625,261378100
2020-01-09 00:00:00,21651.900390625,21760.0,21601.19921875,21643.099609375,402685100
2020-01-10 00:00:00,21643.099609375,21701.099609375,21566.69921875,21566.69921875,302306800
2020-01-13 00:00:00,21566.69921875,21816.599609375,21561.599609375,21716.80078125,251441500
2020-01-14 00:00:00,21716.80078125,21822.69921875,21703.30078125,21756.099609375,303584100
2020-01-15 00:00:00,21756.099609375,21830.19921875,21647.5,21713.099609375,364929200
2020-01-16 00:00:00,21713.099609375,21794.0,21636.30078125,21721.19921875,380362900
2020-01-17 00:00:00,21721.19921875,21905.19921875,21713.099609375,21886.099609375,253610000
2020-01-20 00:00:00,21886.099609375,21920.19921875,21825.69921875,21847.0,170501800
2020-01-21 00:00:00,21847.0,21847.0,21668.099609375,21745.400390625,235934500
2020-01-22 00:00:00,21745.400390625,21813.30078125,21690.0,21763.0,267869700
2020-01-23 00:00:00,21763.0,21768.5,21540.599609375,21540.599609375,247261100
2020-01-24 00:00:00,21540.599609375,21800.900390625,21540.599609375,21763.900390625,235494900
2020-01-27 00:00:00,21763.900390625,21765.900390625,21303.69921875,21303.69921875,248742500
2020-01-28 00:00:00,21303.69921875,21472.19921875,21267.19921875,21433.099609375,235046700
2020-01-29 00:00:00,21433.099609375,21508.599609375,21432.80078125,21469.0,275412200
2020-01-30 00:00:00,21469.0,21493.30078125,21248.30078125,21291.900390625,281822700
2020-01-31 00:00:00,21291.900390625,21478.099609375,21143.5,21143.5,305707300
2020-02-03 00:00:00,21143.5,21232.69921875,21073.69921875,21160.900390625,308026900
2020-02-04 00:00:00,21160.900390625,21439.900390625,21160.900390625,21439.900390625,288656000
2020-02-05 00:00:00,21439.900390625,21607.5,21419.69921875,21520.0,333536200
2020-02-06 00:00:00,21520.0,21692.80078125,21490.80078125,21572.900390625,251734700
2020-02-07 00:00:00,21572.900390625,21592.19921875,21432.5,21499.30078125,248801600
2020-02-10 00:00:00,21499.30078125,21517.400390625,21430.599609375,21493.30078125,226586100
2020-02-11 00:00:00,21493.30078125,21657.400390625,21491.400390625,21646.0,260121600
2020-02-12 00:00:00,21646.0,21799.80078125,21634.19921875,21793.5,253916600
2020-02-13 00:00:00,21793.5,21794.80078125,21574.900390625,21673.900390625,259659400
2020-02-14 00:00:00,21673.900390625,21791.599609375,21670.69921875,21790.099609375,239856600
2020-02-17 00:00:00,21790.099609375,21877.900390625,21782.0,21826.30078125,185944200
2020-02-18 00:00:00,21826.30078125,21826.30078125,21666.80078125,21678.5,242241500
2020-02-19 00:00:00,21678.5,21850.900390625,21678.5,21850.900390625,247078800
2020-02-20 00:00:00,21850.900390625,21950.900390625,21850.900390625,21866.69921875,257663400
2020-02-21 00:00:00,21866.69921875,21881.0,21737.099609375,21780.19921875,253357200
2020-02-24 00:00:00,21780.19921875,21780.400390625,21024.69921875,21117.900390625,313537400
2020-02-25 00:00:00,21117.900390625,21268.69921875,20697.0,20716.0,358540900
2020-02-26 00:00:00,20716.0,20730.900390625,20233.099609375,20623.0,405622800
2020-02-27 00:00:00,20623.0,20623.0,19654.400390625,19783.5,475247000
2020-02-28 00:00:00,19783.5,19783.5,18866.0,19330.900390625,732631100
2020-03-02 00:00:00,19330.900390625,19848.0,19046.099609375,19301.69921875,425557900
2020-03-03 00:00:00,19301.69921875,19933.69921875,19301.69921875,19682.69921875,431822200
2020-03-04 00:00:00,19682.69921875,19967.400390625,19605.5,19742.80078125,378884100
2020-03-05 00:00:00,19742.80078125,19858.0,19204.0,19323.099609375,415977900
2020-03-06 00:00:00,19323.099609375,19323.099609375,18590.19921875,18746.5,473157700
2020-03-09 00:00:00,18746.5,18746.5,17419.0,17547.19921875,689128300
2020-03-10 00:00:00,17547.19921875,18171.69921875,17526.5,17547.099609375,605526100
2020-03-11 00:00:00,17547.099609375,17817.69921875,17321.0,17339.19921875,569550600
2020-03-12 00:00:00,17339.19921875,17339.69921875,15541.5,15717.400390625,807842300
2020-03-13 00:00:00,15717.400390625,16482.30078125,15495.5,15562.0,861258500
2020-03-16 00:00:00,15562.0,15562.0,13563.5,14349.7998046875,939708900
2020-03-17 00:00:00,14349.7001953125,14792.900390625,13695.099609375,13924.900390625,797863600
2020-03-18 00:00:00,13924.900390625,13924.900390625,12915.2001953125,13008.2001953125,845680800
2020-03-19 00:00:00,13008.2001953125,13035.099609375,12373.5,12829.7001953125,881237200
2020-03-20 00:00:00,12829.7001953125,13820.0,12829.7001953125,13592.599609375,1164673400
2020-03-23 00:00:00,13592.599609375,13592.599609375,12759.0,13078.0,588318600
2020-03-24 00:00:00,13078.0,14172.7001953125,13078.0,14172.7001953125,583699500
2020-03-25 00:00:00,14172.7001953125,14971.2998046875,14172.7001953125,14819.900390625,562866500
2020-03-26 00:00:00,14819.900390625,15380.7001953125,14545.099609375,15380.7001953125,481044600
2020-03-27 00:00:00,15380.7001953125,15380.7001953125,14588.7001953125,14769.7998046875,481176100
2020-03-29 23:00:00,14769.7998046875,14791.099609375,14180.099609375,14624.599609375,420185900
2020-03-30 23:00:00,14624.599609375,15109.2998046875,14624.400390625,15101.099609375,554933500
2020-03-31 23:00:00,15101.099609375,15101.2001953125,14464.599609375,14547.2001953125,474872600
2020-04-01 23:00:00,14547.2001953125,14618.599609375,14378.0,14436.7998046875,374924400
2020-04-02 23:00:00,14436.7998046875,14479.2998046875,14083.2998046875,14099.2001953125,392958500
2020-04-05 23:00:00,14099.2001953125,14840.400390625,14099.2001953125,14812.400390625,413786600
2020-04-06 23:00:00,14812.400390625,15840.2998046875,14812.400390625,15569.0,574557500
2020-04-07 23:00:00,15569.0,15862.7998046875,15345.2998046875,15862.7998046875,446554300
2020-04-08 23:00:00,15862.7998046875,16407.900390625,15862.7998046875,16407.900390625,487664600
2020-04-13 23:00:00,16407.900390625,16526.30078125,16066.599609375,16082.599609375,457292700
2020-04-14 23:00:00,16082.599609375,16084.400390625,15333.2998046875,15347.599609375,420231400
2020-04-15 23:00:00,15347.599609375,15610.7001953125,15325.0,15378.599609375,409553600
2020-04-16 23:00:00,15378.599609375,16017.400390625,15378.599609375,15859.2998046875,447299900
2020-04-19 23:00:00,15859.2998046875,15965.5,15715.7998046875,15822.7001953125,362394900
2020-04-20 23:00:00,15822.7001953125,15822.7001953125,15399.2998046875,15399.2998046875,378328000
2020-04-21 23:00:00,15399.2998046875,15608.7998046875,15347.599609375,15586.099609375,388499700
2020-04-22 23:00:00,15586.099609375,15867.2998046875,15585.2001953125,15794.0,359975000
2020-04-23 23:00:00,15794.0,15830.599609375,15620.2001953125,15687.400390625,336330100
2020-04-26 23:00:00,15687.400390625,16099.7001953125,15687.400390625,15952.7001953125,324923500
2020-04-27 23:00:00,15952.7001953125,16411.400390625,15952.7001953125,16291.599609375,390413900
2020-04-28 23:00:00,16291.599609375,16866.5,16284.0,16835.30078125,429996400
2020-04-29 23:00:00,16835.30078125,17107.0,16437.30078125,16454.5,483615100
2020-04-30 23:00:00,16454.5,16454.5,16099.2001953125,16148.2998046875,234547900
2020-05-03 23:00:00,16148.2998046875,16149.0,15862.7998046875,15951.7001953125,363277600
2020-05-04 23:00:00,15951.7001953125,16196.099609375,15951.7001953125,16093.099609375,321176200
2020-05-05 23:00:00,16093.099609375,16204.900390625,15951.7001953125,15982.5,429977100
2020-05-06 23:00:00,15982.5,16258.5,15982.5,16247.900390625,430634900
2020-05-10 23:00:00,16247.900390625,16462.900390625,16187.2998046875,16271.5,466329200
2020-05-11 23:00:00,16271.5,16301.900390625,16166.7001953125,16173.0,428692100
2020-05-12 23:00:00,16173.0,16174.0,15878.099609375,15878.099609375,447946000
2020-05-13 23:00:00,15878.099609375,15878.099609375,15194.2001953125,15404.599609375,490640400
2020-05-14 23:00:00,15404.599609375,15722.400390625,15404.599609375,15660.7998046875,413031500
2020-05-17 23:00:00,15660.7998046875,16230.0,15660.7998046875,16230.0,415054800
2020-05-18 23:00:00,16230.0,16470.0,16228.7001953125,16320.099609375,409515800
2020-05-19 23:00:00,16320.099609375,16397.19921875,16200.7001953125,16367.5,432990200
2020-05-20 23:00:00,16367.5,16504.19921875,16170.900390625,16386.0,352025900
2020-05-21 23:00:00,16386.0,16419.5,16074.7001953125,16398.900390625,428306400
2020-05-25 23:00:00,16398.900390625,16962.0,16398.900390625,16933.400390625,582769000
2020-05-26 23:00:00,16933.400390625,17265.19921875,16933.400390625,17143.599609375,574915800
2020-05-27 23:00:00,17143.599609375,17396.599609375,17143.599609375,17338.5,514539900
2020-05-28 23:00:00,17338.5,17338.5,17037.5,17043.0,945109700
2020-05-31 23:00:00,17043.0,17329.69921875,17043.0,17277.5,369172700
2020-06-01 23:00:00,17277.5,17542.099609375,17277.5,17436.30078125,449767600
2020-06-02 23:00:00,17436.30078125,17929.30078125,17436.30078125,17897.099609375,522340500
2020-06-03 23:00:00,17897.099609375,17954.19921875,17770.0,17826.0,474108200
2020-06-04 23:00:00,17826.0,18238.30078125,17826.0,18229.30078125,538667200
2020-06-07 23:00:00,18229.30078125,18447.900390625,18090.69921875,18136.900390625,573818000
2020-06-08 23:00:00,18136.900390625,18150.69921875,17690.900390625,17755.30078125,517080300
2020-06-09 23:00:00,17755.30078125,17957.900390625,17550.400390625,17605.5,450890000
2020-06-10 23:00:00,17605.5,17605.5,16973.69921875,16973.69921875,469069300
2020-06-11 23:00:00,16973.69921875,17275.5,16707.099609375,17077.30078125,443120900
2020-06-14 23:00:00,17077.30078125,17090.599609375,16691.599609375,17089.19921875,370049200
2020-06-15 23:00:00,17089.19921875,17710.5,17089.19921875,17464.69921875,387152600
2020-06-16 23:00:00,17464.69921875,17692.0,17376.599609375,17582.400390625,365656000
2020-06-17 23:00:00,17582.400390625,17643.400390625,17434.099609375,17518.30078125,351513500
2020-06-18 23:00:00,17518.30078125,17705.0,17518.30078125,17687.30078125,1013729300
2020-06-21 23:00:00,17687.30078125,17699.900390625,17492.400390625,17573.400390625,449259900
2020-06-22 23:00:00,17573.400390625,17795.099609375,17573.0,17652.80078125,359967700
2020-06-23 23:00:00,17652.80078125,17654.19921875,17150.80078125,17150.80078125,371502600
2020-06-24 23:00:00,17150.80078125,17150.80078125,16827.599609375,17112.099609375,438460900
2020-06-25 23:00:00,17112.099609375,17336.5,17092.900390625,17113.19921875,401688100
2020-06-28 23:00:00,17113.19921875,17237.30078125,16978.80078125,17198.69921875,411125000
2020-06-29 23:00:00,17198.69921875,17228.80078125,17052.599609375,17119.19921875,552695400
2020-06-30 23:00:00,17119.19921875,17287.400390625,17006.099609375,17189.400390625,401424300
2020-07-01 23:00:00,17189.400390625,17467.0,17189.400390625,17367.900390625,374281100
2020-07-02 23:00:00,17367.900390625,17518.0,17275.5,17302.0,246292300
2020-07-05 23:00:00,17302.0,17583.30078125,17302.0,17550.0,295305500
2020-07-06 23:00:00,17550.0,17551.0,17330.80078125,17350.0,313489900
2020-07-07 23:00:00,17350.0,17350.0,17147.30078125,17185.19921875,313835800
2020-07-08 23:00:00,17185.19921875,17346.69921875,16985.099609375,16985.099609375,330155400
2020-07-09 23:00:00,16985.099609375,17251.599609375,16869.19921875,17180.0,307736300
2020-07-12 23:00:00,17180.0,17392.69921875,17180.0,17385.099609375,294862400
2020-07-13 23:00:00,17385.099609375,17385.099609375,17068.5,17174.69921875,282888400
2020-07-14 23:00:00,17174.69921875,17477.19921875,17174.69921875,17420.599609375,301756000
2020-07-15 23:00:00,17420.599609375,17421.80078125,17298.19921875,17321.30078125,263019100
2020-07-16 23:00:00,17321.30078125,17347.900390625,17199.19921875,17347.900390625,272924400
2020-07-19 23:00:00,17347.900390625,17402.099609375,17246.400390625,17385.900390625,284671700
2020-07-20 23:00:00,17385.900390625,17580.900390625,17385.900390625,17501.80078125,340907800
2020-07-21 23:00:00,17501.80078125,17575.400390625,17398.400390625,17465.69921875,277474100
2020-07-22 23:00:00,17465.69921875,17534.900390625,17427.400390625,17489.5,385067200
2020-07-23 23:00:00,17489.5,17489.5,17252.5,17264.80078125,423995800
2020-07-26 23:00:00,17264.80078125,17283.5,17139.19921875,17157.900390625,368539200
2020-07-27 23:00:00,17157.900390625,17315.30078125,17157.900390625,17278.19921875,321109900
2020-07-28 23:00:00,17278.19921875,17287.900390625,17195.599609375,17247.69921875,422153300
2020-07-29 23:00:00,17247.69921875,17279.599609375,16898.400390625,17017.099609375,342845000
2020-07-30 23:00:00,17017.099609375,17142.099609375,16932.69921875,16932.69921875,376783800
2020-08-02 23:00:00,16932.69921875,17158.099609375,16816.19921875,17158.099609375,296197700
2020-08-03 23:00:00,17158.099609375,17309.900390625,17140.80078125,17307.69921875,340059800
2020-08-04 23:00:00,17307.69921875,17638.30078125,17307.099609375,17638.30078125,419117700
2020-08-05 23:00:00,17638.30078125,17642.0,17358.5,17479.400390625,335003500
2020-08-06 23:00:00,17479.400390625,17622.900390625,17411.400390625,17622.900390625,300665500
2020-08-09 23:00:00,17622.900390625,17789.80078125,17622.900390625,17724.900390625,345747200
2020-08-10 23:00:00,17724.900390625,18050.099609375,17724.900390625,17997.19921875,499642600
2020-08-11 23:00:00,17997.19921875,18096.5,17909.900390625,18089.599609375,478355500
2020-08-12 23:00:00,18089.599609375,18090.5,17924.599609375,17924.599609375,298152800
2020-08-13 23:00:00,17924.599609375,17924.599609375,17665.400390625,17735.599609375,285169600
2020-08-16 23:00:00,17735.599609375,17786.30078125,17638.599609375,17771.900390625,245972300
2020-08-17 23:00:00,17771.900390625,17851.80078125,17613.099609375,17623.0,352166400
2020-08-18 23:00:00,17623.0,17653.900390625,17545.0,17583.400390625,299444000
2020-08-19 23:00:00,17583.400390625,17583.400390625,17403.5,17496.400390625,283983900
2020-08-20 23:00:00,17496.400390625,17596.30078125,17371.099609375,17577.69921875,246938800
2020-08-23 23:00:00,17577.69921875,17737.0,17577.400390625,17685.099609375,250587300
2020-08-24 23:00:00,17685.099609375,17798.30078125,17569.900390625,17577.900390625,264468700
2020-08-25 23:00:00,17577.900390625,17753.599609375,17542.400390625,17753.599609375,256417200
2020-08-26 23:00:00,17753.599609375,17779.099609375,17704.5,17762.0,245137400
2020-08-27 23:00:00,17762.0,17809.30078125,17701.30078125,17788.30078125,320140900
2020-08-31 23:00:00,17788.30078125,17830.400390625,17477.599609375,17604.599609375,377028000
2020-09-01 23:00:00,17604.599609375,17847.19921875,17601.30078125,17704.400390625,280797600
2020-09-02 23:00:00,17704.400390625,17861.900390625,17459.69921875,17459.69921875,319339100
2020-09-03 23:00:00,17459.69921875,17649.900390625,17311.900390625,17354.30078125,263254700
2020-09-06 23:00:00,17354.30078125,17683.5,17354.30078125,17642.19921875,221712200
2020-09-07 23:00:00,17642.19921875,17705.69921875,17401.5,17625.19921875,306166000
2020-09-08 23:00:00,17625.19921875,17665.0,17492.599609375,17594.900390625,316212200
2020-09-09 23:00:00,17594.900390625,17746.69921875,17546.900390625,17579.30078125,332416800
2020-09-10 23:00:00,17574.0,17666.5,17550.599609375,17555.900390625,269909400
2020-09-13 23:00:00,17555.900390625,17677.30078125,17546.30078125,17677.30078125,310521300
2020-09-14 23:00:00,17677.30078125,17834.5,17673.80078125,17815.400390625,453739100
2020-09-15 23:00:00,17815.400390625,17830.599609375,17731.900390625,17795.30078125,378831300
2020-09-16 23:00:00,17795.30078125,17795.30078125,17659.599609375,17737.69921875,376058400
2020-09-17 23:00:00,17736.69921875,17773.80078125,17540.400390625,17569.69921875,1231187400
2020-09-20 23:00:00,17569.69921875,17569.900390625,16838.099609375,16870.80078125,469207100
2020-09-21 23:00:00,16870.80078125,16947.30078125,16738.099609375,16821.69921875,361166100
2020-09-22 23:00:00,16821.69921875,17123.30078125,16821.69921875,16993.0,396631000
2020-09-23 23:00:00,16993.0,16993.0,16765.80078125,16802.69921875,403550600
2020-09-24 23:00:00,16802.69921875,17044.099609375,16746.80078125,17044.099609375,343317800
2020-09-27 23:00:00,17044.099609375,17395.400390625,17044.099609375,17370.30078125,304423000
2020-09-28 23:00:00,17370.30078125,17398.099609375,17173.69921875,17173.69921875,326522600
2020-09-29 23:00:00,17173.69921875,17345.80078125,17091.80078125,17315.30078125,404745400
2020-09-30 23:00:00,17315.30078125,17430.099609375,17315.30078125,17383.5,333748600
2020-10-01 23:00:00,17383.5,17395.80078125,17205.599609375,17395.80078125,300095500
2020-10-04 23:00:00,17395.80078125,17586.30078125,17395.80078125,17583.099609375,447683900
2020-10-05 23:00:00,17583.099609375,17797.400390625,17583.099609375,17797.400390625,315927200
2020-10-06 23:00:00,17797.400390625,17853.80078125,17770.900390625,17801.80078125,316609600
2020-10-07 23:00:00,17801.80078125,18072.69921875,17791.69921875,17946.19921875,360732500
2020-10-08 23:00:00,17946.19921875,18089.19921875,17935.599609375,18074.400390625,355501100
2020-10-11 23:00:00,18074.400390625,18216.099609375,18065.0,18167.69921875,318028300
2020-10-12 23:00:00,18167.69921875,18182.099609375,17890.099609375,17891.0,301267700
2020-10-13 23:00:00,17891.0,18012.80078125,17890.099609375,17950.400390625,321442800
2020-10-14 23:00:00,17950.400390625,17950.400390625,17607.80078125,17838.5,346148200
2020-10-15 23:00:00,17838.5,17994.19921875,17822.599609375,17822.900390625,323659100
2020-10-18 23:00:00,17822.900390625,17889.900390625,17796.900390625,17866.099609375,262097900
2020-10-19 23:00:00,17866.099609375,17968.19921875,17789.0,17929.19921875,281328900
2020-10-20 23:00:00,17929.19921875,17943.400390625,17757.80078125,17787.80078125,316390400
2020-10-21 23:00:00,17787.80078125,17957.80078125,17672.30078125,17894.400390625,367024000
2020-10-22 23:00:00,17894.400390625,18115.80078125,17891.400390625,18109.599609375,295957600
2020-10-26 00:00:00,18109.599609375,18109.599609375,17844.599609375,17853.30078125,269638100
2020-10-27 00:00:00,17853.30078125,17888.19921875,17582.900390625,17587.69921875,321869400
2020-10-28 00:00:00,17587.69921875,17587.69921875,17164.400390625,17248.900390625,487033500
2020-10-29 00:00:00,17248.900390625,17346.19921875,17152.19921875,17177.69921875,321067600
2020-10-30 00:00:00,17177.69921875,17225.30078125,17039.099609375,17214.400390625,316680900
2020-11-02 00:00:00,17214.400390625,17231.900390625,17036.400390625,17180.5,274991300
2020-11-03 00:00:00,17180.5,17491.69921875,17180.5,17491.69921875,291582200
2020-11-04 00:00:00,17491.69921875,17796.099609375,17343.80078125,17796.099609375,293477800
2020-11-05 00:00:00,17796.099609375,18026.599609375,17796.099609375,17928.5,330614500
2020-11-06 00:00:00,17928.5,18123.099609375,17837.30078125,17917.80078125,276999300
2020-11-09 00:00:00,17917.80078125,18973.30078125,17917.80078125,18850.400390625,648460800
2020-11-10 00:00:00,18850.400390625,19099.0,18850.400390625,19028.30078125,713675400
2020-11-11 00:00:00,19028.30078125,19368.900390625,18993.30078125,19340.19921875,528073000
2020-11-12 00:00:00,19340.19921875,19436.0,19214.80078125,19302.19921875,424923000
2020-11-13 00:00:00,19302.19921875,19339.80078125,19172.099609375,19270.0,343611500
2020-11-16 00:00:00,19270.0,19685.69921875,19270.0,19608.099609375,501063300
2020-11-17 00:00:00,19608.099609375,19654.599609375,19389.900390625,19516.19921875,485075600
2020-11-18 00:00:00,19516.19921875,19710.099609375,19458.30078125,19699.900390625,439005400
2020-11-19 00:00:00,19699.0,19699.30078125,19484.0,19506.5,474456000
2020-11-20 00:00:00,19507.5,19608.69921875,19458.599609375,19507.0,360281800
2020-11-23 00:00:00,19507.0,19676.69921875,19507.0,19582.400390625,400215800
2020-11-24 00:00:00,19582.400390625,19798.69921875,19582.400390625,19789.599609375,487271500
2020-11-25 00:00:00,19789.599609375,19831.099609375,19534.900390625,19569.400390625,439368700
2020-11-26 00:00:00,19569.400390625,19625.30078125,19299.900390625,19396.30078125,283222200
2020-11-27 00:00:00,19396.30078125,19462.69921875,19170.099609375,19462.69921875,517057100
2020-11-30 00:00:00,19462.69921875,19604.0,19336.30078125,19336.30078125,559247900
2020-12-01 00:00:00,19336.30078125,19866.900390625,19334.19921875,19844.80078125,415238600
2020-12-02 00:00:00,19844.80078125,19907.30078125,19724.0,19877.80078125,440897400
2020-12-03 00:00:00,19877.80078125,20134.19921875,19806.80078125,20132.400390625,529148800
2020-12-04 00:00:00,20132.400390625,20282.400390625,20105.30078125,20182.69921875,576526500
2020-12-07 00:00:00,20182.69921875,20249.0,19844.900390625,19929.69921875,401126700
2020-12-08 00:00:00,19929.69921875,19933.69921875,19820.400390625,19870.5,369740700
2020-12-09 00:00:00,19870.5,20003.30078125,19870.5,19883.900390625,329489700
2020-12-10 00:00:00,19883.900390625,19942.0,19618.19921875,19756.099609375,400077200
2020-12-11 00:00:00,19756.099609375,19758.099609375,19488.0,19622.19921875,413116400
2020-12-14 00:00:00,19622.19921875,19984.0,19620.599609375,19764.0,343109200
2020-12-15 00:00:00,19764.0,19870.19921875,19675.5,19852.400390625,441373000
2020-12-16 00:00:00,19852.400390625,20172.69921875,19847.80078125,20096.599609375,428551000
2020-12-17 00:00:00,20096.599609375,20421.30078125,20096.400390625,20296.0,381523600
2020-12-18 00:00:00,20296.0,20317.400390625,20105.099609375,20116.30078125,625504500
2020-12-21 00:00:00,20116.30078125,20116.30078125,19393.19921875,19692.099609375,411160700
2020-12-22 00:00:00,19692.099609375,19950.69921875,19689.900390625,19950.69921875,247926200
2020-12-23 00:00:00,19950.69921875,20297.80078125,19942.80078125,20297.80078125,291726900
2020-12-24 00:00:00,20297.80078125,20546.69921875,20297.80078125,20546.69921875,121696400
2020-12-29 00:00:00,20546.69921875,21047.400390625,20545.900390625,20897.599609375,342179400
2020-12-30 00:00:00,20897.599609375,20945.900390625,20715.099609375,20715.099609375,203068100
2020-12-31 00:00:00,20715.099609375,20716.099609375,20488.30078125,20488.30078125,121581600
2021-01-04 00:00:00,20488.30078125,20827.30078125,20488.30078125,20537.900390625,369053100
2021-01-05 00:00:00,20537.900390625,20751.80078125,20429.599609375,20717.400390625,374109200
2021-01-06 00:00:00,20717.400390625,20973.19921875,20644.30078125,20973.19921875,343964100
2021-01-07 00:00:00,20973.19921875,21084.900390625,20843.19921875,21009.900390625,306666100
2021-01-08 00:00:00,21009.900390625,21208.30078125,21009.0,21064.19921875,357507000
2021-01-11 00:00:00,21064.19921875,21119.19921875,20776.099609375,20776.099609375,329905600
2021-01-12 00:00:00,20776.099609375,20847.80078125,20698.099609375,20713.0,335311100
2021-01-13 00:00:00,20713.0,20795.69921875,20609.69921875,20616.30078125,280304600
2021-01-14 00:00:00,20616.30078125,20826.0,20616.30078125,20775.80078125,292901200
2021-01-15 00:00:00,20775.80078125,20780.400390625,20494.69921875,20615.599609375,359192100
2021-01-18 00:00:00,20615.599609375,20688.19921875,20612.599609375,20639.30078125,229611900
2021-01-19 00:00:00,20639.30078125,20788.80078125,20584.30078125,20602.900390625,285593900
2021-01-20 00:00:00,20602.900390625,20881.5,20602.900390625,20881.5,305695100
2021-01-21 00:00:00,20881.5,20967.69921875,20793.69921875,20793.69921875,306046200
2021-01-22 00:00:00,20793.69921875,20827.80078125,20561.30078125,20596.900390625,368533900
2021-01-25 00:00:00,20596.900390625,20744.599609375,20312.69921875,20350.400390625,352556800
2021-01-26 00:00:00,20350.400390625,20534.900390625,20286.599609375,20448.400390625,325350900
2021-01-27 00:00:00,20448.400390625,20538.900390625,20158.19921875,20278.400390625,452994800
2021-01-28 00:00:00,20278.400390625,20386.0,19878.5,20368.30078125,418678800
2021-01-29 00:00:00,20368.30078125,20368.30078125,20050.80078125,20228.599609375,399647200
2021-02-01 00:00:00,20228.599609375,20465.599609375,20228.599609375,20392.599609375,308714400
2021-02-02 00:00:00,20392.599609375,20690.19921875,20392.599609375,20690.19921875,332486000
2021-02-03 00:00:00,20690.19921875,20864.099609375,20690.19921875,20752.400390625,306969100
2021-02-04 00:00:00,20752.400390625,20893.80078125,20725.099609375,20809.30078125,311814500
2021-02-05 00:00:00,20809.30078125,21106.19921875,20808.69921875,21066.900390625,362116400
2021-02-08 00:00:00,21066.900390625,21131.099609375,20974.19921875,21086.599609375,307551800
2021-02-09 00:00:00,21086.599609375,21208.099609375,21048.400390625,21112.900390625,273053100
2021-02-10 00:00:00,21112.900390625,21242.400390625,20936.400390625,20996.400390625,305729000
2021-02-11 00:00:00,20996.400390625,21029.19921875,20921.30078125,21017.900390625,254870900
2021-02-12 00:00:00,21017.900390625,21037.5,20845.80078125,21037.5,272188500
2021-02-15 00:00:00,21037.5,21432.099609375,21037.5,21418.900390625,314677300
2021-02-16 00:00:00,21418.900390625,21545.0,21367.599609375,21416.400390625,326208400
2021-02-17 00:00:00,21416.400390625,21458.5,21149.5,21149.5,317495000
2021-02-18 00:00:00,21149.5,21245.80078125,20925.80078125,20933.900390625,310948600
2021-02-19 00:00:00,20933.900390625,21069.099609375,20921.099609375,21036.0,311882900
2021-02-22 00:00:00,21036.0,21042.099609375,20785.099609375,20981.099609375,424499200
2021-02-23 00:00:00,20981.099609375,21271.0,20871.900390625,21057.69921875,539872700
2021-02-24 00:00:00,21057.69921875,21329.80078125,21055.5,21312.69921875,452336000
2021-02-25 00:00:00,21312.69921875,21404.599609375,21143.69921875,21198.099609375,470998100
2021-02-26 00:00:00,21198.099609375,21198.099609375,20884.30078125,20910.400390625,526655700
2021-03-01 00:00:00,20910.400390625,21326.80078125,20910.400390625,21221.5,361414700
2021-03-02 00:00:00,21221.5,21331.0,21177.900390625,21177.900390625,355391600
2021-03-03 00:00:00,21177.900390625,21483.099609375,21173.19921875,21436.30078125,393923500
2021-03-04 00:00:00,21436.30078125,21463.900390625,21209.599609375,21296.19921875,380283300
2021-03-05 00:00:00,21296.19921875,21301.0,20944.400390625,20961.30078125,455996900
2021-03-08 00:00:00,20961.30078125,21211.400390625,20961.30078125,21210.19921875,385373600
2021-03-09 00:00:00,21210.19921875,21428.30078125,21140.900390625,21382.5,429686700
2021-03-10 00:00:00,21382.5,21415.599609375,21264.400390625,21406.69921875,439720500
2021-03-11 00:00:00,21406.69921875,21552.19921875,21406.69921875,21533.099609375,383100700
2021-03-12 00:00:00,21533.099609375,21535.900390625,21393.0,21506.5,399015200
2021-03-15 00:00:00,21506.5,21615.80078125,21480.69921875,21522.400390625,370221100
2021-03-16 00:00:00,21522.400390625,21798.599609375,21521.900390625,21764.5,4832700
2021-03-17 00:00:00,21764.5,21765.0,21558.599609375,21558.599609375,3982000
2021-03-18 00:00:00,21558.599609375,21638.30078125,21523.0,21568.599609375,388066000
2021-03-19 00:00:00,21568.599609375,21569.099609375,21370.0,21420.30078125,889801400
2021-03-22 00:00:00,21420.30078125,21523.900390625,21314.900390625,21455.900390625,357826600
2021-03-23 00:00:00,21455.900390625,21455.900390625,21330.0,21331.80078125,394211900
2021-03-24 00:00:00,21331.80078125,21419.30078125,21240.0,21402.5,338454600
2021-03-25 00:00:00,21402.5,21423.19921875,21155.599609375,21277.80078125,353139400
2021-03-26 00:00:00,21277.80078125,21537.5,21275.80078125,21486.69921875,358586900
2021-03-28 23:00:00,21486.69921875,21542.0,21417.900390625,21435.5,277656600
2021-03-29 23:00:00,21435.5,21574.400390625,21433.19921875,21574.400390625,292819700
2021-03-30 23:00:00,21574.400390625,21603.80078125,21518.69921875,21518.69921875,413791400
2021-03-31 23:00:00,21518.69921875,21766.80078125,21518.69921875,21732.69921875,292374800
2021-04-05 23:00:00,21732.69921875,22015.599609375,21732.69921875,21994.5,322043600
2021-04-06 23:00:00,21994.5,22182.599609375,21994.5,22160.599609375,305036100
2021-04-07 23:00:00,22160.599609375,22247.5,22122.5,22247.5,345775100
2021-04-08 23:00:00,22247.5,22290.30078125,22187.0,22251.30078125,283244300
2021-04-11 23:00:00,22251.30078125,22275.80078125,22105.400390625,22153.599609375,285090800
2021-04-12 23:00:00,22153.599609375,22268.5,22028.099609375,22268.5,294540800
2021-04-13 23:00:00,22268.5,22357.30078125,22217.099609375,22355.5,294024100
2021-04-14 23:00:00,22355.5,22472.5,22355.5,22472.0,279647700
2021-04-15 23:00:00,22472.0,22587.30078125,22467.19921875,22522.19921875,289646600
2021-04-18 23:00:00,22522.19921875,22657.69921875,22473.30078125,22490.900390625,299894900
2021-04-19 23:00:00,22490.900390625,22536.5,22108.599609375,22108.599609375,336579700
2021-04-20 23:00:00,22108.599609375,22177.599609375,21996.599609375,22085.69921875,314370900
2021-04-21 23:00:00,22085.69921875,22364.900390625,22085.69921875,22364.900390625,292307900
2021-04-22 23:00:00,22364.900390625,22382.19921875,22260.599609375,22372.30078125,241738300
2021-04-25 23:00:00,22372.30078125,22586.19921875,22354.80078125,22577.30078125,245482500
2021-04-26 23:00:00,22577.30078125,22617.30078125,22404.900390625,22433.099609375,270429000
2021-04-27 23:00:00,22433.099609375,22569.099609375,22432.099609375,22439.80078125,290745700
2021-04-28 23:00:00,22439.80078125,22525.099609375,22333.30078125,22392.900390625,356930900
2021-04-29 23:00:00,22392.900390625,22536.400390625,22332.69921875,22497.400390625,367390300
2021-05-03 23:00:00,22497.400390625,22656.5,22329.80078125,22330.0,356400300
2021-05-04 23:00:00,22330.0,22444.30078125,22320.099609375,22385.900390625,291209900
2021-05-05 23:00:00,22385.900390625,22520.599609375,22383.599609375,22491.400390625,336267300
2021-05-06 23:00:00,22491.400390625,22775.30078125,22490.30078125,22775.30078125,343151900
2021-05-09 23:00:00,22775.30078125,22850.099609375,22651.5,22697.19921875,288448800
2021-05-10 23:00:00,22697.19921875,22697.19921875,22126.599609375,22167.099609375,388993500
2021-05-11 23:00:00,22167.099609375,22276.900390625,22107.80078125,22107.80078125,348318800
2021-05-12 23:00:00,22107.80078125,22107.900390625,21739.69921875,22069.30078125,298927100
2021-05-13 23:00:00,22069.30078125,22352.80078125,22067.19921875,22336.099609375,264984900
2021-05-16 23:00:00,22336.099609375,22454.400390625,22214.099609375,22214.099609375,240371800
2021-05-17 23:00:00,22214.099609375,22426.099609375,22214.099609375,22332.599609375,265517700
2021-05-18 23:00:00,22332.599609375,22333.80078125,22093.400390625,22234.5,339703300
2021-05-19 23:00:00,22234.5,22392.099609375,22191.599609375,22392.0,354579500
2021-05-20 23:00:00,22392.0,22456.400390625,22284.69921875,22399.400390625,320225100
2021-05-23 23:00:00,22399.400390625,22486.900390625,22345.0,22483.69921875,230448500
2021-05-24 23:00:00,22483.69921875,22584.099609375,22438.900390625,22438.900390625,356091900
2021-05-25 23:00:00,22438.900390625,22659.5,22437.69921875,22640.099609375,333956600
2021-05-26 23:00:00,22640.099609375,22704.0,22635.69921875,22659.0,599501000
2021-05-27 23:00:00,22659.0,22768.400390625,22659.0,22684.0,305618100
2021-05-31 23:00:00,22684.0,22910.900390625,22684.0,22875.0,315442800
2021-06-01 23:00:00,22875.0,22974.400390625,22848.5,22933.30078125,298005300
2021-06-02 23:00:00,22933.30078125,22986.0,22757.0,22802.400390625,276318700
2021-06-03 23:00:00,22802.400390625,22849.19921875,22766.400390625,22832.69921875,234237500
2021-06-06 23:00:00,22832.69921875,22931.599609375,22801.0,22908.099609375,229126100
2021-06-07 23:00:00,22908.099609375,22955.5,22889.0,22895.5,257850700
2021-06-08 23:00:00,22895.5,22907.19921875,22733.30078125,22759.0,325565700
2021-06-09 23:00:00,22759.0,22793.099609375,22583.599609375,22608.80078125,300545600
2021-06-10 23:00:00,22608.80078125,22755.69921875,22607.80078125,22734.099609375,242183600
2021-06-13 23:00:00,22734.099609375,22864.400390625,22734.099609375,22744.5,267393500
2021-06-14 23:00:00,22744.5,22819.19921875,22631.69921875,22631.69921875,398128800
2021-06-15 23:00:00,22631.69921875,22748.5,22536.19921875,22617.69921875,381260900
2021-06-16 23:00:00,22617.69921875,22617.69921875,22456.19921875,22535.099609375,380689700
2021-06-17 23:00:00,22535.099609375,22632.5,22287.80078125,22324.19921875,1139786800
2021-06-20 23:00:00,22324.19921875,22457.099609375,22128.69921875,22457.099609375,403232200
2021-06-21 23:00:00,22457.099609375,22679.599609375,22454.30078125,22679.599609375,299212900
2021-06-22 23:00:00,22679.599609375,22717.099609375,22615.099609375,22659.400390625,258154100
2021-06-23 23:00:00,22659.400390625,22701.80078125,22510.099609375,22510.099609375,327803100
2021-06-24 23:00:00,22510.099609375,22646.0,22465.69921875,22646.0,240513000
2021-06-27 23:00:00,22646.0,22649.599609375,22533.400390625,22533.400390625,258822300
2021-06-28 23:00:00,22533.400390625,22655.80078125,22518.30078125,22542.19921875,324635600
2021-06-29 23:00:00,22542.19921875,22616.80078125,22376.0,22376.0,391590700
2021-06-30 23:00:00,22376.0,22635.30078125,22375.80078125,22622.5,347799500
2021-07-01 23:00:00,22622.5,22788.0,22622.5,22747.0,247029900
2021-07-04 23:00:00,22747.0,23022.400390625,22734.0,23022.400390625,284801000
2021-07-05 23:00:00,23022.400390625,23043.30078125,22863.0,22895.400390625,259937200
2021-07-06 23:00:00,22895.400390625,23024.69921875,22889.400390625,22970.19921875,279363600
2021-07-07 23:00:00,22970.19921875,22977.69921875,22600.5,22652.69921875,295694500
2021-07-08 23:00:00,22652.69921875,22928.80078125,22652.69921875,22909.30078125,332226500
2021-07-11 23:00:00,22909.30078125,22976.69921875,22836.0,22895.900390625,230925500
2021-07-12 23:00:00,22895.900390625,22971.69921875,22893.400390625,22926.80078125,233106100
2021-07-13 23:00:00,22926.80078125,22926.80078125,22745.900390625,22750.0,243798800
2021-07-14 23:00:00,22750.0,22750.0,22501.30078125,22501.30078125,321143500
2021-07-15 23:00:00,22501.30078125,22618.0,22460.69921875,22467.0,273130200
2021-07-18 23:00:00,22467.0,22467.0,21898.599609375,21940.900390625,361519900
2021-07-19 23:00:00,21940.900390625,22176.19921875,21936.900390625,22119.5,373977200
2021-07-20 23:00:00,22119.5,22582.099609375,22119.5,22542.0,277253000
2021-07-21 23:00:00,22542.0,22840.400390625,22538.099609375,22677.30078125,302919900
2021-07-22 23:00:00,22677.30078125,22926.0,22677.30078125,22883.400390625,238650600
2021-07-25 23:00:00,22883.400390625,22951.30078125,22809.400390625,22933.19921875,231691400
2021-07-26 23:00:00,22933.19921875,22953.5,22692.0,22877.0,270671100
2021-07-27 23:00:00,22877.0,23094.69921875,22871.400390625,23006.5,260739600
2021-07-28 23:00:00,23006.5,23091.5,22975.900390625,23050.5,280648000
2021-07-29 23:00:00,23050.5,23052.099609375,22863.0,22948.80078125,292835300
2021-08-01 23:00:00,22948.80078125,23306.099609375,22943.30078125,23208.69921875,241444900
2021-08-02 23:00:00,23208.69921875,23377.099609375,23151.0,23289.69921875,227389600
2021-08-03 23:00:00,23289.69921875,23394.5,23286.5,23347.69921875,282551800
2021-08-04 23:00:00,23347.69921875,23506.099609375,23287.30078125,23506.099609375,291340100
2021-08-05 23:00:00,23506.099609375,23526.80078125,23402.900390625,23456.19921875,261358200
2021-08-08 23:00:00,23456.19921875,23492.599609375,23378.19921875,23453.400390625,275169500
2021-08-09 23:00:00,23453.400390625,23587.599609375,23450.599609375,23572.099609375,248488200
2021-08-10 23:00:00,23572.099609375,23756.80078125,23570.099609375,23756.80078125,286424000
2021-08-11 23:00:00,23756.80078125,23800.5,23702.69921875,23746.80078125,261934100
2021-08-12 23:00:00,23746.80078125,23837.19921875,23746.80078125,23788.5,240327800
2021-08-15 23:00:00,23788.5,23788.5,23648.900390625,23712.69921875,300381200
2021-08-16 23:00:00,23712.69921875,23780.69921875,23590.400390625,23693.5,356573900
2021-08-17 23:00:00,23693.5,23841.0,23693.5,23836.400390625,289005500
2021-08-18 23:00:00,23836.400390625,23836.400390625,23520.5,23606.900390625,249128400
2021-08-19 23:00:00,23606.900390625,23779.099609375,23568.5,23750.900390625,248010200
2021-08-22 23:00:00,23750.900390625,23878.099609375,23740.5,23740.5,215101400
2021-08-23 23:00:00,23740.5,23888.19921875,23740.0,23886.0,249398200
2021-08-24 23:00:00,23886.0,24058.900390625,23886.0,23986.400390625,246904600
2021-08-25 23:00:00,23986.400390625,24004.400390625,23887.599609375,23952.400390625,204871800
2021-08-26 23:00:00,23952.400390625,24059.69921875,23952.400390625,24059.69921875,242698900
2021-08-30 23:00:00,24059.69921875,24143.5,24029.099609375,24102.19921875,301140700
2021-08-31 23:00:00,24102.19921875,24290.099609375,24102.19921875,24250.80078125,274855200
2021-09-01 23:00:00,24250.80078125,24252.400390625,24176.19921875,24226.30078125,248017400
2021-09-02 23:00:00,24226.30078125,24269.19921875,24143.80078125,24194.599609375,286604900
2021-09-05 23:00:00,24194.599609375,24286.400390625,24176.30078125,24248.400390625,204683800
2021-09-06 23:00:00,24248.400390625,24353.900390625,24097.5,24097.5,256526500
2021-09-07 23:00:00,24097.5,24097.5,23848.900390625,23848.900390625,276655600
2021-09-08 23:00:00,23848.900390625,23848.900390625,23657.400390625,23799.900390625,301364700
2021-09-09 23:00:00,23799.900390625,23863.30078125,23733.599609375,23733.599609375,246289300
2021-09-12 23:00:00,23733.599609375,23840.5,23731.30078125,23775.69921875,259612700
2021-09-13 23:00:00,23775.69921875,23832.19921875,23682.19921875,23687.30078125,301826000
2021-09-14 23:00:00,23687.30078125,23691.19921875,23432.80078125,23432.80078125,290969100
2021-09-15 23:00:00,23432.80078125,23649.19921875,23428.400390625,23632.80078125,294504500
2021-09-16 23:00:00,23632.80078125,23792.30078125,23591.900390625,23658.900390625,818665000
2021-09-19 23:00:00,23658.900390625,23660.5,23261.19921875,23401.69921875,332162200
2021-09-20 23:00:00,23401.69921875,23638.400390625,23401.69921875,23611.400390625,270847800
2021-09-21 23:00:00,23611.400390625,23842.400390625,23535.099609375,23784.5,241918800
2021-09-22 23:00:00,23784.5,23943.099609375,23784.5,23830.19921875,246038900
2021-09-23 23:00:00,23830.19921875,23831.80078125,23588.5,23608.80078125,263664700
2021-09-26 23:00:00,23608.80078125,23800.900390625,23596.0,23608.599609375,300717300
2021-09-27 23:00:00,23608.599609375,23636.099609375,23129.099609375,23129.099609375,346745900
2021-09-28 23:00:00,23129.099609375,23346.80078125,23128.30078125,23151.0,291548900
2021-09-29 23:00:00,23151.0,23335.400390625,23031.30078125,23031.30078125,366617400
2021-09-30 23:00:00,23031.30078125,23031.30078125,22716.0,22975.80078125,329780200
2021-10-03 23:00:00,22975.80078125,22985.900390625,22654.900390625,22654.900390625,286774500
2021-10-04 23:00:00,22654.900390625,22804.0,22650.900390625,22730.69921875,274965100
2021-10-05 23:00:00,22730.69921875,22730.69921875,22246.0,22386.599609375,331944000
2021-10-06 23:00:00,22386.599609375,22646.5,22382.0,22559.19921875,337236200
2021-10-07 23:00:00,22559.19921875,22709.69921875,22521.099609375,22536.19921875,256989600
2021-10-10 23:00:00,22536.19921875,22545.69921875,22351.599609375,22487.5,272094800
2021-10-11 23:00:00,22487.5,22487.5,22284.69921875,22468.900390625,339594500
2021-10-12 23:00:00,22468.900390625,22710.599609375,22395.099609375,22635.30078125,393479400
2021-10-13 23:00:00,22635.30078125,22887.69921875,22635.30078125,22860.400390625,330457100
2021-10-14 23:00:00,22860.400390625,22985.900390625,22860.400390625,22984.19921875,330391800
2021-10-17 23:00:00,22984.19921875,22999.19921875,22919.599609375,22968.69921875,261564900
2021-10-18 23:00:00,22968.69921875,23083.099609375,22966.0,23054.099609375,264736800
2021-10-19 23:00:00,23054.099609375,23078.30078125,22947.69921875,22966.69921875,315237000
2021-10-20 23:00:00,22966.69921875,22990.5,22856.900390625,22917.099609375,301550900
2021-10-21 23:00:00,22917.099609375,22976.900390625,22889.0,22931.69921875,287421100
2021-10-24 23:00:00,22931.69921875,23001.400390625,22921.0,22941.80078125,313086700
2021-10-25 23:00:00,22941.80078125,23162.900390625,22929.400390625,23161.30078125,328507000
2021-10-26 23:00:00,23161.30078125,23210.30078125,23110.599609375,23172.0,284569300
2021-10-27 23:00:00,23172.0,23241.400390625,23083.5,23199.900390625,228505700
2021-10-28 23:00:00,23199.900390625,23205.19921875,23043.400390625,23106.599609375,305431100
2021-11-01 00:00:00,23106.599609375,23257.599609375,23105.599609375,23211.19921875,224614200
2021-11-02 00:00:00,23211.19921875,23212.80078125,23140.0,23140.0,286996300
2021-11-03 00:00:00,23140.0,23166.69921875,23069.099609375,23117.0,274235900
2021-11-04 00:00:00,23117.0,23565.099609375,23117.0,23471.099609375,343582400
2021-11-05 00:00:00,23471.099609375,23722.099609375,23469.80078125,23596.80078125,288216800
2021-11-08 00:00:00,23596.80078125,23669.80078125,23528.400390625,23539.900390625,252928300
2021-11-09 00:00:00,23539.900390625,23607.599609375,23367.099609375,23367.099609375,325047400
2021-11-10 00:00:00,23367.099609375,23474.599609375,23367.099609375,23433.30078125,387955400
2021-11-11 00:00:00,23433.30078125,23584.099609375,23407.099609375,23574.099609375,326112900
2021-11-12 00:00:00,23574.099609375,23600.0,23493.400390625,23557.5,269091200
2021-11-15 00:00:00,23557.5,23670.69921875,23532.099609375,23621.599609375,246453300
2021-11-16 00:00:00,23621.599609375,23661.30078125,23531.5,23539.69921875,305429400
2021-11-17 00:00:00,23539.69921875,23559.19921875,23379.19921875,23434.099609375,351040200
2021-11-18 00:00:00,23434.099609375,23574.599609375,23417.69921875,23574.599609375,254166000
2021-11-19 00:00:00,23574.599609375,23669.5,23408.099609375,23492.5,357129100
2021-11-22 00:00:00,23492.5,23590.099609375,23401.5,23429.69921875,280237200
2021-11-23 00:00:00,23429.69921875,23431.19921875,23183.0,23221.599609375,282446200
2021-11-24 00:00:00,23221.599609375,23271.099609375,23078.69921875,23167.099609375,253051000
2021-11-25 00:00:00,23167.099609375,23304.5,23167.099609375,23280.0,256444400
2021-11-26 00:00:00,23280.0,23280.0,22537.900390625,22537.900390625,414684500
2021-11-29 00:00:00,22537.900390625,22933.099609375,22537.900390625,22756.30078125,357484400
2021-11-30 00:00:00,22756.30078125,22757.19921875,22453.599609375,22519.69921875,646689900
2021-12-01 00:00:00,22519.69921875,22919.099609375,22519.69921875,22912.69921875,425228500
2021-12-02 00:00:00,22912.69921875,22912.69921875,22642.900390625,22684.80078125,1231878300
2021-12-03 00:00:00,22684.80078125,22852.19921875,22598.599609375,22646.099609375,250181900
2021-12-06 00:00:00,22646.099609375,22887.80078125,22641.69921875,22881.30078125,224874700
2021-12-07 00:00:00,22881.30078125,23268.30078125,22881.30078125,23238.19921875,282605500
2021-12-08 00:00:00,23238.19921875,23378.5,23192.30078125,23229.900390625,317785600
2021-12-09 00:00:00,23230.400390625,23328.80078125,23122.69921875,23148.0,302340700
2021-12-10 00:00:00,23148.0,23151.5,22916.400390625,22927.69921875,266238000
2021-12-13 00:00:00,22927.69921875,22981.69921875,22647.19921875,22647.19921875,285978900
2021-12-14 00:00:00,22647.19921875,22802.099609375,22550.69921875,22550.69921875,412971900
2021-12-15 00:00:00,22550.69921875,22586.19921875,22433.69921875,22433.900390625,504753500
2021-12-16 00:00:00,22433.900390625,22787.400390625,22433.900390625,22648.0,303288900
2021-12-17 00:00:00,22648.0,22796.0,22607.19921875,22780.400390625,642794400
2021-12-20 00:00:00,22780.400390625,22780.400390625,22306.099609375,22549.900390625,224442100
2021-12-21 00:00:00,22549.900390625,22863.30078125,22549.900390625,22820.30078125,239671400
2021-12-22 00:00:00,22820.30078125,23080.80078125,22705.0,23080.80078125,223027500
2021-12-23 00:00:00,23080.80078125,23300.099609375,23078.900390625,23266.80078125,171202600
2021-12-24 00:00:00,23266.80078125,23336.099609375,23258.400390625,23270.400390625,56767700
2021-12-29 00:00:00,23270.400390625,23620.099609375,23270.400390625,23517.30078125,216205400
2021-12-30 00:00:00,23517.30078125,23555.599609375,23469.900390625,23539.599609375,129687000
2021-12-31 00:00:00,23539.599609375,23555.19921875,23478.69921875,23480.80078125,75571200
2022-01-04 00:00:00,23480.80078125,24006.599609375,23480.80078125,23896.69921875,354790500
2022-01-05 00:00:00,23896.69921875,23943.69921875,23754.19921875,23771.19921875,276126200
2022-01-06 00:00:00,23771.19921875,23771.19921875,23319.900390625,23416.900390625,281142000
2022-01-07 00:00:00,23416.900390625,23429.19921875,23244.5,23353.30078125,214578800
2022-01-10 00:00:00,23353.30078125,23419.900390625,22955.400390625,23001.80078125,286391000
2022-01-11 00:00:00,23001.80078125,23220.80078125,22995.900390625,23028.19921875,297885100
2022-01-12 00:00:00,23028.19921875,23183.19921875,23027.099609375,23047.19921875,250191000
2022-01-13 00:00:00,23047.19921875,23066.5,22948.099609375,22958.5,309264700
2022-01-14 00:00:00,22958.5,22960.099609375,22732.900390625,22743.400390625,258756700
2022-01-17 00:00:00,22743.400390625,22933.099609375,22722.0,22871.599609375,266255200
2022-01-18 00:00:00,22871.599609375,22873.5,22562.69921875,22652.69921875,369452600
2022-01-19 00:00:00,22652.69921875,22750.30078125,22499.5,22655.0,355693200
2022-01-20 00:00:00,22655.0,22745.19921875,22645.099609375,22715.0,303238200
2022-01-21 00:00:00,22715.0,22715.0,22137.5,22263.19921875,321107700
2022-01-24 00:00:00,22263.19921875,22263.19921875,21349.69921875,21452.5,460038000
2022-01-25 00:00:00,21452.5,21805.69921875,21449.30078125,21645.69921875,324547800
2022-01-26 00:00:00,21645.69921875,22039.900390625,21645.69921875,21873.099609375,276980600
2022-01-27 00:00:00,21873.099609375,21919.0,21574.5,21854.599609375,292415700
2022-01-28 00:00:00,21854.599609375,21861.0,21568.599609375,21643.30078125,416073200
2022-01-31 00:00:00,21643.30078125,21949.19921875,21643.30078125,21926.599609375,313058400
2022-02-01 00:00:00,21926.599609375,22269.30078125,21926.599609375,22167.900390625,318186400
2022-02-02 00:00:00,22167.900390625,22416.80078125,22167.900390625,22249.400390625,265663300
2022-02-03 00:00:00,22249.400390625,22275.80078125,21967.80078125,21967.80078125,256045300
2022-02-04 00:00:00,21967.80078125,22100.0,21712.0,21712.0,225938100
2022-02-07 00:00:00,21712.0,21875.099609375,21710.30078125,21797.30078125,236023900
2022-02-08 00:00:00,21797.30078125,21886.099609375,21698.0,21787.5,256749300
2022-02-09 00:00:00,21787.5,22241.900390625,21784.900390625,22184.0,307539600
2022-02-10 00:00:00,22184.0,22305.30078125,22050.19921875,22207.80078125,307137800
2022-02-11 00:00:00,22207.80078125,22207.80078125,21941.099609375,22048.69921875,248217900
2022-02-14 00:00:00,22048.69921875,22048.69921875,21509.0,21617.900390625,364715200
2022-02-15 00:00:00,21617.900390625,21882.599609375,21539.099609375,21852.5,292283600
2022-02-16 00:00:00,21852.5,21936.599609375,21750.599609375,21828.900390625,349336700
2022-02-17 00:00:00,21828.900390625,21879.599609375,21540.900390625,21557.599609375,270538700
2022-02-18 00:00:00,21557.599609375,21606.5,21352.099609375,21362.599609375,294292400
2022-02-21 00:00:00,21362.599609375,21484.599609375,21018.099609375,21097.19921875,338765500
2022-02-22 00:00:00,21097.19921875,21136.69921875,20709.099609375,20993.30078125,340283500
2022-02-23 00:00:00,20993.30078125,21227.69921875,20838.900390625,20841.5,300228400
2022-02-24 00:00:00,20841.5,20841.5,20091.80078125,20254.400390625,468814400
2022-02-25 00:00:00,20251.900390625,20906.80078125,20251.900390625,20906.80078125,503156800
2022-02-28 00:00:00,20906.80078125,21081.099609375,20689.0,21081.099609375,503025400
2022-03-01 00:00:00,21081.099609375,21134.19921875,20500.599609375,20500.599609375,385681000
2022-03-02 00:00:00,20500.599609375,20808.400390625,20414.400390625,20775.80078125,474730500
2022-03-03 00:00:00,20775.80078125,20892.80078125,20079.69921875,20079.69921875,596949800
2022-03-04 00:00:00,20079.69921875,20087.80078125,19377.5,19387.69921875,876486300
2022-03-07 00:00:00,19387.69921875,19451.900390625,18508.30078125,19169.80078125,582293900
2022-03-08 00:00:00,19169.80078125,19429.599609375,19007.900390625,19217.599609375,606691700
2022-03-09 00:00:00,19217.599609375,20069.19921875,19217.599609375,20069.19921875,574135100
2022-03-10 00:00:00,20069.19921875,20195.5,19888.0,19955.599609375,493388900
2022-03-11 00:00:00,19955.599609375,20498.099609375,19953.19921875,20206.599609375,431820900
2022-03-14 00:00:00,20206.599609375,20544.900390625,20206.599609375,20471.30078125,356163600
2022-03-15 00:00:00,20471.30078125,20471.30078125,20117.5,20257.69921875,382159100
2022-03-16 00:00:00,20257.69921875,20952.900390625,20257.69921875,20905.5,669260700
2022-03-17 00:00:00,20905.5,21089.19921875,20850.0,20975.69921875,497113500
2022-03-18 00:00:00,20975.69921875,21156.599609375,20796.599609375,21156.599609375,1083016200
2022-03-21 00:00:00,21156.599609375,21161.69921875,20913.69921875,21006.599609375,271811700
2022-03-22 00:00:00,21006.599609375,21160.5,21006.0,21112.599609375,357051300
2022-03-23 00:00:00,21112.599609375,21151.099609375,20954.5,21001.599609375,311732500
2022-03-24 00:00:00,21001.599609375,21005.69921875,20826.19921875,20893.19921875,335771200
2022-03-25 00:00:00,20893.19921875,21053.400390625,20865.0,20956.19921875,292276900
2022-03-27 23:00:00,20956.19921875,21143.400390625,20951.599609375,21070.0,343455200
2022-03-28 23:00:00,21070.0,21492.0,21070.0,21492.0,430629900
2022-03-29 23:00:00,21492.0,21492.0,21185.099609375,21272.5,315594400
2022-03-30 23:00:00,21272.5,21438.80078125,21160.099609375,21160.099609375,363616800
2022-03-31 23:00:00,21160.099609375,21315.30078125,21160.099609375,21218.0,285472000
2022-04-03 23:00:00,21218.0,21349.599609375,21192.19921875,21329.900390625,245289100
2022-04-04 23:00:00,21329.900390625,21411.30078125,21168.80078125,21357.0,332358400
2022-04-05 23:00:00,21357.0,21413.0,20993.900390625,21100.69921875,332111300
2022-04-06 23:00:00,21100.69921875,21232.80078125,21003.19921875,21037.80078125,288530500
2022-04-07 23:00:00,21037.80078125,21206.19921875,21033.30078125,21174.30078125,289860200
2022-04-10 23:00:00,21174.30078125,21201.900390625,21056.80078125,21115.099609375,286308600
2022-04-11 23:00:00,21115.099609375,21116.099609375,20910.400390625,21009.599609375,313442000
2022-04-12 23:00:00,21009.599609375,21022.5,20875.599609375,20984.5,271846600
2022-04-13 23:00:00,20984.5,21121.599609375,20935.0,21121.599609375,296932000
2022-04-18 23:00:00,21121.599609375,21125.400390625,20864.599609375,20962.19921875,244865800
2022-04-19 23:00:00,20962.19921875,21084.0,20896.599609375,21084.0,313574500
2022-04-20 23:00:00,21084.0,21313.5,21074.599609375,21159.69921875,283787700
2022-04-21 23:00:00,21159.69921875,21159.69921875,20881.80078125,20881.80078125,281050700
2022-04-24 23:00:00,20881.80078125,20881.80078125,20449.69921875,20599.19921875,316577100
2022-04-25 23:00:00,20599.19921875,20771.099609375,20492.099609375,20492.099609375,309309500
2022-04-26 23:00:00,20492.099609375,20565.099609375,20325.900390625,20437.80078125,279998500
2022-04-27 23:00:00,20437.80078125,20712.19921875,20435.69921875,20619.599609375,261858300
2022-04-28 23:00:00,20619.599609375,20877.19921875,20619.599609375,20708.69921875,297696800
2022-05-02 23:00:00,20708.69921875,20726.099609375,20520.80078125,20520.80078125,362147800
2022-05-03 23:00:00,20520.80078125,20582.69921875,20211.80078125,20219.5,307459900
2022-05-04 23:00:00,20219.5,20563.400390625,20090.0,20090.0,383820400
2022-05-05 23:00:00,20090.0,20100.099609375,19685.0,19819.69921875,396185400
2022-05-08 23:00:00,19819.69921875,19826.5,19306.69921875,19306.69921875,309240500
2022-05-09 23:00:00,19306.69921875,19583.5,19306.69921875,19385.0,309001500
2022-05-10 23:00:00,19385.0,19711.900390625,19385.0,19647.19921875,428840500
2022-05-11 23:00:00,19647.19921875,19647.19921875,19235.599609375,19480.900390625,311600300
2022-05-12 23:00:00,19480.900390625,19921.900390625,19480.900390625,19921.900390625,251036300
2022-05-15 23:00:00,19921.900390625,19989.400390625,19781.400390625,19924.099609375,241846800
2022-05-16 23:00:00,19924.099609375,20162.099609375,19922.80078125,20065.599609375,439117300
2022-05-17 23:00:00,20065.599609375,20241.19921875,19949.400390625,19949.400390625,350206100
2022-05-18 23:00:00,19949.400390625,19949.400390625,19394.599609375,19689.0,357133500
2022-05-19 23:00:00,19689.0,20047.900390625,19686.80078125,19836.0,300918300
2022-05-22 23:00:00,19836.0,20146.19921875,19836.0,20146.19921875,302451300
2022-05-23 23:00:00,20146.19921875,20146.19921875,19811.69921875,19849.80078125,473184200
2022-05-24 23:00:00,19849.80078125,20019.5,19806.599609375,19934.0,298249800
2022-05-25 23:00:00,19934.0,20274.80078125,19918.69921875,20248.69921875,333654500
2022-05-26 23:00:00,20248.69921875,20393.0,20218.30078125,20372.5,292332300
2022-05-29 23:00:00,20372.5,20646.30078125,20372.5,20546.900390625,249765300
2022-05-30 23:00:00,20546.900390625,20549.80078125,20390.900390625,20418.0,449661100
2022-05-31 23:00:00,20418.0,20539.80078125,20262.099609375,20272.900390625,308586700
2022-06-05 23:00:00,20272.900390625,20565.80078125,20272.900390625,20506.80078125,276244400
2022-06-06 23:00:00,20506.80078125,20506.80078125,20277.599609375,20399.400390625,375592300
2022-06-07 23:00:00,20399.400390625,20462.19921875,20287.5,20311.0,294808800
2022-06-08 23:00:00,20311.0,20311.0,20073.400390625,20073.400390625,315506800
2022-06-09 23:00:00,20073.400390625,20073.80078125,19670.69921875,19673.30078125,314104400
2022-06-12 23:00:00,19673.30078125,19673.30078125,19112.0,19160.19921875,306392500
2022-06-13 23:00:00,19160.19921875,19331.099609375,18980.900390625,19045.0,396635000
2022-06-14 23:00:00,19045.0,19368.30078125,19044.5,19316.0,430608000
2022-06-15 23:00:00,19316.0,19316.400390625,18727.5,18727.5,562929800
2022-06-16 23:00:00,18727.5,19084.5,18704.19921875,18925.900390625,775453500
2022-06-19 23:00:00,18925.900390625,19019.80078125,18909.30078125,19010.80078125,263576900
2022-06-20 23:00:00,19010.80078125,19144.599609375,18948.5,18949.099609375,266090000
2022-06-21 23:00:00,18949.099609375,18955.599609375,18629.69921875,18891.19921875,387675100
2022-06-22 23:00:00,18891.19921875,18891.30078125,18653.5,18693.0,262632000
2022-06-23 23:00:00,18693.0,19127.30078125,18693.0,19123.69921875,276150100
2022-06-26 23:00:00,19123.69921875,19397.400390625,19120.0,19319.0,280520400
2022-06-27 23:00:00,19319.0,19450.5,19299.900390625,19351.30078125,299357800
2022-06-28 23:00:00,19351.30078125,19351.30078125,19000.69921875,19038.80078125,259001600
2022-06-29 23:00:00,19038.80078125,19038.80078125,18449.80078125,18666.80078125,368123800
2022-06-30 23:00:00,18666.80078125,18767.5,18523.900390625,18637.0,268057900
2022-07-03 23:00:00,18637.0,18750.19921875,18587.400390625,18593.0,227652900
2022-07-04 23:00:00,18593.0,18704.900390625,18288.5,18315.30078125,290100300
2022-07-05 23:00:00,18315.30078125,18675.30078125,18315.30078125,18594.5,344145200
2022-07-06 23:00:00,18594.5,18892.5,18594.5,18875.5,280654000
2022-07-07 23:00:00,18875.5,18951.80078125,18770.5,18913.0,323629700
2022-07-10 23:00:00,18913.0,18914.80078125,18702.69921875,18837.0,277634900
2022-07-11 23:00:00,18837.0,18879.400390625,18620.80078125,18855.0,327137000
2022-07-12 23:00:00,18855.0,18905.19921875,18613.099609375,18711.400390625,264360200
2022-07-13 23:00:00,18711.400390625,18742.80078125,18408.5,18480.69921875,268104400
2022-07-14 23:00:00,18480.69921875,18833.80078125,18473.19921875,18833.80078125,256894500
2022-07-17 23:00:00,18833.80078125,19022.19921875,18833.400390625,19015.19921875,227121800
2022-07-18 23:00:00,19015.19921875,19282.80078125,18907.69921875,19282.599609375,271682200
2022-07-19 23:00:00,19282.599609375,19444.5,19259.5,19399.80078125,257436600
2022-07-20 23:00:00,19399.80078125,19709.19921875,19379.69921875,19709.19921875,295371500
2022-07-21 23:00:00,19709.19921875,19938.900390625,19661.69921875,19824.80078125,357992900
2022-07-24 23:00:00,19824.80078125,19878.400390625,19673.900390625,19803.0,267124900
2022-07-25 23:00:00,19803.0,19808.099609375,19548.80078125,19568.80078125,257703500
2022-07-26 23:00:00,19568.80078125,19698.80078125,19549.5,19639.099609375,287621700
2022-07-27 23:00:00,19639.099609375,19855.19921875,19626.0,19855.19921875,375921400
2022-07-28 23:00:00,19855.19921875,20214.599609375,19843.69921875,20164.900390625,296771600
2022-07-31 23:00:00,20159.099609375,20225.900390625,20009.19921875,20079.19921875,234730100
2022-08-01 23:00:00,20079.19921875,20079.19921875,19847.900390625,19874.099609375,273260700
2022-08-02 23:00:00,19874.099609375,20018.80078125,19814.69921875,20018.80078125,393398500
2022-08-03 23:00:00,20018.80078125,20201.099609375,19992.5,20155.80078125,365050700
2022-08-04 23:00:00,20155.80078125,20183.69921875,20019.900390625,20051.5,240505200
2022-08-07 23:00:00,20051.5,20185.400390625,20031.5,20118.400390625,210662900
2022-08-08 23:00:00,20118.400390625,20136.900390625,19888.5,19912.400390625,251368000
2022-08-09 23:00:00,19912.400390625,20300.900390625,19845.80078125,20298.0,250068500
2022-08-10 23:00:00,20298.0,20376.400390625,20216.400390625,20245.400390625,247270500
2022-08-11 23:00:00,20245.400390625,20345.599609375,20206.099609375,20339.0,204940500
2022-08-14 23:00:00,20339.0,20394.5,20327.099609375,20382.80078125,213744200
2022-08-15 23:00:00,20382.80078125,20467.0,20298.5,20336.400390625,242300000
2022-08-16 23:00:00,20336.400390625,20383.099609375,19996.5,20027.0,262589200
2022-08-17 23:00:00,20027.0,20136.69921875,20007.69921875,20136.69921875,210232700
2022-08-18 23:00:00,20136.69921875,20137.69921875,19887.80078125,19887.80078125,319966400
2022-08-21 23:00:00,19887.80078125,19892.69921875,19495.599609375,19499.30078125,268617500
2022-08-22 23:00:00,19499.30078125,19506.0,19283.5,19306.900390625,319377400
2022-08-23 23:00:00,19306.900390625,19307.0,19152.400390625,19305.19921875,266278900
2022-08-24 23:00:00,19305.19921875,19388.400390625,19226.900390625,19257.900390625,246419100
2022-08-25 23:00:00,19257.900390625,19416.400390625,19166.900390625,19169.69921875,259130000
2022-08-29 23:00:00,19169.69921875,19383.599609375,19103.099609375,19149.69921875,305117500
2022-08-30 23:00:00,19149.69921875,19182.5,19000.0,19063.80078125,349373800
2022-08-31 23:00:00,19063.80078125,19067.5,18493.69921875,18493.69921875,297753900
2022-09-01 23:00:00,18493.69921875,18853.19921875,18491.19921875,18853.19921875,325249800
2022-09-04 23:00:00,18853.19921875,18853.19921875,18570.19921875,18629.69921875,274859800
2022-09-05 23:00:00,18629.69921875,18933.0,18617.69921875,18820.80078125,333577900
2022-09-06 23:00:00,18820.80078125,18854.19921875,18712.900390625,18811.5,305427900
2022-09-07 23:00:00,18811.5,18918.900390625,18675.599609375,18878.30078125,312758300
2022-09-08 23:00:00,18878.30078125,19213.099609375,18878.30078125,19188.0,259134500
2022-09-11 23:00:00,19188.0,19518.30078125,19188.0,19513.900390625,303875100
2022-09-12 23:00:00,19513.900390625,19615.5,19167.19921875,19167.19921875,353258600
2022-09-13 23:00:00,19167.19921875,19167.900390625,18788.599609375,18849.19921875,392446700
2022-09-14 23:00:00,18849.19921875,18968.400390625,18818.30078125,18886.30078125,323826600
2022-09-15 23:00:00,18886.30078125,18886.80078125,18737.400390625,18797.099609375,973068100
2022-09-19 23:00:00,18797.099609375,18868.900390625,18481.599609375,18528.099609375,320624300
2022-09-20 23:00:00,18528.099609375,18714.69921875,18480.19921875,18714.69921875,437186100
2022-09-21 23:00:00,18714.69921875,18714.69921875,18331.69921875,18331.69921875,276684500
2022-09-22 23:00:00,18331.69921875,18346.5,17880.30078125,17972.69921875,415470600
2022-09-25 23:00:00,17972.69921875,17976.69921875,17653.599609375,17722.80078125,367238600
2022-09-26 23:00:00,17722.80078125,17874.80078125,17304.099609375,17304.099609375,459667100
2022-09-27 23:00:00,17304.099609375,17321.0,16779.400390625,17321.0,602056900
2022-09-28 23:00:00,17321.0,17326.599609375,16650.80078125,16790.400390625,484508200
2022-09-29 23:00:00,16790.400390625,17168.599609375,16714.69921875,17168.30078125,513742200
2022-10-02 23:00:00,17168.30078125,17303.900390625,16964.400390625,17284.900390625,357431100
2022-10-03 23:00:00,17284.900390625,17822.19921875,17284.900390625,17822.19921875,375406300
2022-10-04 23:00:00,17822.19921875,17822.19921875,17486.599609375,17562.400390625,363968400
2022-10-05 23:00:00,17562.400390625,17685.30078125,17529.19921875,17632.599609375,339012700
2022-10-06 23:00:00,17632.599609375,17666.900390625,17309.80078125,17353.30078125,276398000
2022-10-09 23:00:00,17353.30078125,17353.5,17125.30078125,17125.30078125,291973400
2022-10-10 23:00:00,17125.30078125,17127.900390625,16840.30078125,16904.099609375,271987300
2022-10-11 23:00:00,16904.099609375,16904.80078125,16578.80078125,16611.19921875,383787100
2022-10-12 23:00:00,16611.19921875,17114.599609375,16520.5,16929.30078125,493313100
2022-10-13 23:00:00,16929.30078125,17347.30078125,16929.30078125,17032.80078125,368340800
2022-10-16 23:00:00,17032.80078125,17535.69921875,17032.80078125,17502.80078125,348681300
2022-10-17 23:00:00,17502.80078125,17712.599609375,17464.19921875,17529.30078125,396798000
2022-10-18 23:00:00,17529.30078125,17554.30078125,17213.599609375,17247.599609375,295213600
2022-10-19 23:00:00,17247.599609375,17449.19921875,17159.099609375,17388.900390625,420761500
2022-10-20 23:00:00,17388.900390625,17388.900390625,17033.099609375,17206.599609375,292487300
2022-10-23 23:00:00,17206.599609375,17439.099609375,17206.599609375,17337.599609375,274670000
2022-10-24 23:00:00,17337.599609375,17831.599609375,17337.599609375,17831.599609375,358640100
2022-10-25 23:00:00,17831.599609375,18105.900390625,17768.30078125,18105.900390625,412995900
2022-10-26 23:00:00,18105.900390625,18179.19921875,17991.5,18081.900390625,261724800
2022-10-27 23:00:00,18081.900390625,18081.900390625,17823.400390625,17916.69921875,260208300
2022-10-31 00:00:00,17916.69921875,17965.900390625,17830.30078125,17889.900390625,251107200
2022-11-01 00:00:00,17889.900390625,18348.80078125,17889.900390625,18195.900390625,368122700
2022-11-02 00:00:00,18195.900390625,18266.0,18107.30078125,18217.80078125,343165600
2022-11-03 00:00:00,18217.80078125,18217.80078125,17938.099609375,18109.599609375,250326800
2022-11-04 00:00:00,18109.599609375,18409.099609375,18109.599609375,18341.599609375,290716200
2022-11-07 00:00:00,18341.599609375,18670.69921875,18312.599609375,18559.599609375,350951500
2022-11-08 00:00:00,18559.599609375,18697.900390625,18484.400390625,18697.900390625,326010800
2022-11-09 00:00:00,18697.900390625,18697.900390625,18544.69921875,18649.0,250609900
2022-11-10 00:00:00,18649.0,19377.19921875,18560.19921875,19377.19921875,358630400
2022-11-11 00:00:00,19377.19921875,19721.599609375,19377.19921875,19616.19921875,401093500
2022-11-14 00:00:00,19616.19921875,19649.69921875,19296.900390625,19622.30078125,288446000
2022-11-15 00:00:00,19622.30078125,19631.80078125,19432.30078125,19455.900390625,289415400
2022-11-16 00:00:00,19455.900390625,19459.5,19027.0,19112.400390625,329857100
2022-11-17 00:00:00,19112.400390625,19148.400390625,19009.30078125,19122.30078125,250193800
2022-11-18 00:00:00,19122.30078125,19300.099609375,19082.19921875,19283.099609375,292197300
2022-11-21 00:00:00,19283.099609375,19442.599609375,19131.69921875,19413.400390625,257386900
2022-11-22 00:00:00,19413.400390625,19493.80078125,19345.69921875,19422.400390625,248629300
2022-11-23 00:00:00,19422.400390625,19508.599609375,19355.69921875,19500.5,275592700
2022-11-24 00:00:00,19500.5,19645.30078125,19498.30078125,19540.30078125,243917400
2022-11-25 00:00:00,19540.30078125,19549.69921875,19393.599609375,19545.69921875,286723500
2022-11-28 00:00:00,19545.69921875,19546.0,19284.19921875,19292.400390625,283509500
2022-11-29 00:00:00,19292.400390625,19363.30078125,19186.19921875,19186.19921875,276221600
2022-11-30 00:00:00,19186.19921875,19282.80078125,19159.80078125,19163.30078125,561242300
2022-12-01 00:00:00,19163.30078125,19428.599609375,19163.30078125,19409.400390625,341436800
2022-12-02 00:00:00,19409.400390625,19536.69921875,19252.19921875,19363.30078125,302544400
2022-12-05 00:00:00,19363.30078125,19471.099609375,19304.400390625,19329.599609375,210284900
2022-12-06 00:00:00,19329.599609375,19329.80078125,19100.099609375,19100.099609375,270160600
2022-12-07 00:00:00,19100.099609375,19107.5,18930.599609375,18930.599609375,340498700
2022-12-08 00:00:00,18930.599609375,18957.900390625,18824.0,18824.0,224093100
2022-12-09 00:00:00,18824.0,18928.099609375,18773.19921875,18916.0,234615200
2022-12-12 00:00:00,18916.0,18917.099609375,18729.599609375,18819.400390625,229711800
2022-12-13 00:00:00,18819.400390625,19296.400390625,18793.80078125,19086.30078125,420778900
2022-12-14 00:00:00,19086.30078125,19086.30078125,18972.30078125,19037.900390625,298070900
2022-12-15 00:00:00,19037.900390625,19038.900390625,18835.400390625,18893.80078125,272979400
2022-12-16 00:00:00,18893.80078125,18893.80078125,18499.099609375,18588.5,860855200
2022-12-19 00:00:00,18588.5,18752.599609375,18548.400390625,18649.0,186939200
2022-12-20 00:00:00,18649.0,18650.599609375,18442.099609375,18544.80078125,280330700
2022-12-21 00:00:00,18544.80078125,18866.30078125,18540.69921875,18863.69921875,311670200
2022-12-22 00:00:00,18863.69921875,18952.900390625,18732.19921875,18762.099609375,179946400
2022-12-23 00:00:00,18762.099609375,18875.400390625,18733.5,18830.099609375,67885800
2022-12-28 00:00:00,18830.099609375,18934.69921875,18830.099609375,18885.5,138557400
2022-12-29 00:00:00,18885.5,18996.5,18742.19921875,18996.5,173801300
2022-12-30 00:00:00,18996.5,19017.0,18853.0,18853.0,73302400
2023-01-03 00:00:00,18853.0,19266.30078125,18853.0,19134.30078125,333452000
2023-01-04 00:00:00,19134.30078125,19405.400390625,19134.19921875,19391.099609375,309323000
2023-01-05 00:00:00,19391.099609375,19544.900390625,19342.0,19463.400390625,258570500
2023-01-06 00:00:00,19463.400390625,19525.69921875,19374.5,19504.69921875,214215600
2023-01-09 00:00:00,19504.69921875,19609.5,19366.80078125,19479.400390625,255679300
2023-01-10 00:00:00,19479.400390625,19485.400390625,19364.099609375,19391.0,245156300
2023-01-11 00:00:00,19391.0,19609.80078125,19317.400390625,19521.69921875,296963500
2023-01-12 00:00:00,19521.69921875,19841.099609375,19521.599609375,19841.099609375,301875400
2023-01-13 00:00:00,19841.099609375,19965.30078125,19816.599609375,19952.80078125,274180800
2023-01-16 00:00:00,19952.80078125,20130.0,19934.599609375,20082.30078125,232604700
2023-01-17 00:00:00,20082.30078125,20084.19921875,19914.19921875,19948.0,345381500
2023-01-18 00:00:00,19948.0,20017.099609375,19890.900390625,19890.900390625,279980800
2023-01-19 00:00:00,19890.900390625,19896.0,19574.099609375,19574.099609375,335225900
2023-01-20 00:00:00,19574.099609375,19727.69921875,19573.19921875,19702.599609375,261494800
2023-01-23 00:00:00,19702.599609375,19824.5,19700.900390625,19801.69921875,287606600
2023-01-24 00:00:00,19801.69921875,19920.400390625,19801.19921875,19855.30078125,301032400
2023-01-25 00:00:00,19855.30078125,19997.0,19723.80078125,19804.0,281515300
2023-01-26 00:00:00,19804.0,19992.19921875,19796.19921875,19915.5,345609700
2023-01-27 00:00:00,19915.5,20035.400390625,19881.19921875,20035.400390625,279195300
2023-01-30 00:00:00,20035.400390625,20035.400390625,19799.19921875,19937.19921875,279192900
2023-01-31 00:00:00,19937.19921875,19940.69921875,19738.900390625,19853.5,376111000
2023-02-01 00:00:00,19853.5,20020.400390625,19832.69921875,19898.5,287775300
2023-02-02 00:00:00,19898.5,20614.69921875,19890.30078125,20614.69921875,401359300
2023-02-03 00:00:00,20614.69921875,20614.80078125,20437.0,20593.5,254773800
2023-02-06 00:00:00,20593.5,20593.599609375,20304.30078125,20409.400390625,232964300
2023-02-07 00:00:00,20409.400390625,20424.400390625,20118.19921875,20189.0,316402000
2023-02-08 00:00:00,20189.0,20526.69921875,20189.0,20303.80078125,292789500
2023-02-09 00:00:00,20303.80078125,20410.0,20277.30078125,20277.30078125,289365200
2023-02-10 00:00:00,20277.30078125,20282.599609375,19938.400390625,20030.099609375,265016400
2023-02-13 00:00:00,20030.099609375,20133.69921875,20013.099609375,20124.5,207346000
2023-02-14 00:00:00,20124.5,20219.19921875,20018.19921875,20018.19921875,246240800
2023-02-15 00:00:00,20018.19921875,20173.099609375,19991.69921875,20172.599609375,262044400
2023-02-16 00:00:00,20172.599609375,20324.0,20059.80078125,20181.5,238531900
2023-02-17 00:00:00,20181.5,20185.19921875,19986.80078125,20088.900390625,254213200
2023-02-20 00:00:00,20088.900390625,20157.5,20045.400390625,20098.400390625,243895700
2023-02-21 00:00:00,20098.400390625,20107.599609375,19850.900390625,19850.900390625,309734100
2023-02-22 00:00:00,19850.900390625,19855.400390625,19588.099609375,19680.30078125,245184600
2023-02-23 00:00:00,19680.30078125,19883.099609375,19674.80078125,19790.5,282263100
2023-02-24 00:00:00,19790.5,19880.599609375,19675.80078125,19696.5,294896400
2023-02-27 00:00:00,19696.5,19895.80078125,19696.30078125,19886.099609375,238093800
2023-02-28 00:00:00,19886.099609375,19903.30078125,19791.80078125,19903.30078125,407461100
2023-03-01 00:00:00,19903.30078125,19991.80078125,19842.099609375,19870.599609375,307450300
2023-03-02 00:00:00,19870.599609375,19938.599609375,19797.599609375,19851.69921875,337441700
2023-03-03 00:00:00,19851.69921875,19953.19921875,19848.400390625,19925.80078125,309798200
2023-03-06 00:00:00,19925.80078125,20064.099609375,19908.69921875,20064.099609375,234018100
2023-03-07 00:00:00,20064.099609375,20123.099609375,19947.69921875,19956.599609375,377612900
2023-03-08 00:00:00,19956.599609375,19956.599609375,19796.599609375,19852.0,307834100
2023-03-09 00:00:00,19852.0,19858.19921875,19590.19921875,19692.900390625,372778100
2023-03-10 00:00:00,19692.900390625,19692.900390625,19262.400390625,19357.5,321508000
2023-03-13 00:00:00,19357.5,19426.69921875,18769.900390625,18825.099609375,474548000
2023-03-14 00:00:00,18825.099609375,19152.30078125,18757.5,19129.69921875,307093000
2023-03-15 00:00:00,19129.69921875,19136.900390625,18536.900390625,18625.900390625,478391700
2023-03-16 00:00:00,18625.900390625,18874.30078125,18564.80078125,18758.599609375,361072400
2023-03-17 00:00:00,18758.599609375,18918.900390625,18412.0,18470.80078125,702741400
2023-03-20 00:00:00,18470.80078125,18580.900390625,18058.0,18495.099609375,282729100
2023-03-21 00:00:00,18495.099609375,18808.099609375,18495.099609375,18779.099609375,276747400
2023-03-22 00:00:00,18779.099609375,18794.0,18677.69921875,18757.80078125,314796400
2023-03-23 00:00:00,18757.80078125,18776.0,18632.19921875,18730.0,258707400
2023-03-24 00:00:00,18730.0,18730.0,18393.5,18493.80078125,342435800
2023-03-26 23:00:00,18493.80078125,18646.69921875,18493.80078125,18529.599609375,321650500
2023-03-27 23:00:00,18529.599609375,18637.69921875,18327.5,18396.69921875,270836600
2023-03-28 23:00:00,18396.69921875,18632.80078125,18396.69921875,18632.80078125,303662200
2023-03-29 23:00:00,18632.80078125,18912.5,18632.80078125,18907.69921875,296481300
2023-03-30 23:00:00,18907.69921875,18970.19921875,18847.5,18928.30078125,324959100
2023-04-02 23:00:00,18928.30078125,18975.599609375,18829.0,18879.400390625,286287700
2023-04-03 23:00:00,18879.400390625,18990.80078125,18815.0,18815.0,286758800
2023-04-04 23:00:00,18815.0,18865.900390625,18544.099609375,18601.400390625,280047800
2023-04-05 23:00:00,18601.400390625,18797.0,18528.30078125,18797.0,244644100
2023-04-10 23:00:00,18797.0,18993.400390625,18797.0,18956.099609375,235795600
2023-04-11 23:00:00,18956.099609375,19090.900390625,18905.69921875,19002.69921875,301555700
2023-04-12 23:00:00,19002.69921875,19085.69921875,18967.0,19070.099609375,307616200
2023-04-13 23:00:00,19070.099609375,19336.099609375,19068.69921875,19242.69921875,241515400
2023-04-16 23:00:00,19242.69921875,19395.599609375,19242.5,19286.900390625,271268600
2023-04-17 23:00:00,19286.900390625,19375.0,19257.30078125,19296.30078125,236989000
2023-04-18 23:00:00,19296.30078125,19297.0,19132.69921875,19200.900390625,252964000
2023-04-19 23:00:00,19200.900390625,19230.900390625,19111.19921875,19135.900390625,248940500
2023-04-20 23:00:00,19135.900390625,19270.0,19076.80078125,19270.0,311416300
2023-04-23 23:00:00,19270.0,19331.900390625,19218.5,19226.900390625,233282600
2023-04-24 23:00:00,19226.900390625,19234.599609375,19113.5,19215.400390625,247517700
2023-04-25 23:00:00,19215.400390625,19216.80078125,19087.599609375,19208.0,246577000
2023-04-26 23:00:00,19208.0,19292.900390625,19133.900390625,19248.0,246807300
2023-04-27 23:00:00,19248.0,19425.099609375,19229.5,19425.099609375,308151100
2023-05-01 23:00:00,19425.099609375,19553.900390625,19314.19921875,19314.19921875,232927800
2023-05-02 23:00:00,19314.19921875,19433.5,19311.0,19365.599609375,257279300
2023-05-03 23:00:00,19365.599609375,19390.69921875,19220.30078125,19244.900390625,289806500
2023-05-04 23:00:00,19244.900390625,19459.30078125,19237.900390625,19452.5,221230500
2023-05-08 23:00:00,19452.5,19465.900390625,19233.19921875,19277.0,307009200
2023-05-09 23:00:00,19277.0,19316.19921875,19226.0,19273.30078125,277644300
2023-05-10 23:00:00,19273.30078125,19330.599609375,19169.400390625,19266.30078125,291320200
2023-05-11 23:00:00,19266.30078125,19303.80078125,19188.400390625,19188.400390625,207944500
2023-05-14 23:00:00,19188.400390625,19264.30078125,19183.30078125,19258.80078125,235207600
2023-05-15 23:00:00,19258.80078125,19317.69921875,19209.400390625,19272.69921875,245555000
2023-05-16 23:00:00,19272.69921875,19272.69921875,19142.30078125,19215.5,276233200
2023-05-17 23:00:00,19215.5,19321.69921875,19214.69921875,19298.30078125,234396300
2023-05-18 23:00:00,19298.30078125,19349.599609375,19281.900390625,19289.099609375,234544800
2023-05-21 23:00:00,19289.099609375,19311.900390625,19240.400390625,19273.30078125,317342600
2023-05-22 23:00:00,19273.30078125,19335.900390625,19199.400390625,19208.30078125,248470400
2023-05-23 23:00:00,19208.30078125,19210.599609375,18878.5,18931.19921875,312123000
2023-05-24 23:00:00,18931.19921875,18950.099609375,18807.80078125,18840.80078125,224880200
2023-05-25 23:00:00,18840.80078125,18892.900390625,18776.0,18794.099609375,240154000
2023-05-29 23:00:00,18794.099609375,18924.80078125,18794.099609375,18807.400390625,304321400
2023-05-30 23:00:00,18807.400390625,18833.80078125,18688.599609375,18722.900390625,477679200
2023-05-31 23:00:00,18722.900390625,18856.30078125,18721.099609375,18827.80078125,235113000
2023-06-01 23:00:00,18827.80078125,19149.30078125,18825.19921875,19149.30078125,254882200
2023-06-04 23:00:00,19149.30078125,19298.80078125,19109.80078125,19113.599609375,200441100
2023-06-05 23:00:00,19113.599609375,19220.400390625,19076.5,19217.19921875,197760700
2023-06-06 23:00:00,19217.19921875,19241.30078125,19138.5,19152.30078125,228732200
2023-06-07 23:00:00,19152.30078125,19168.599609375,19076.5,19107.599609375,220654000
2023-06-08 23:00:00,19107.599609375,19107.599609375,18970.400390625,19091.69921875,240512900
2023-06-11 23:00:00,19091.69921875,19205.80078125,19091.5,19190.80078125,242126400
2023-06-12 23:00:00,19190.80078125,19239.099609375,19147.80078125,19188.5,260607500
2023-06-13 23:00:00,19188.5,19230.5,19156.30078125,19175.5,398113100
2023-06-14 23:00:00,19175.5,19224.69921875,18963.900390625,19039.400390625,247183300
2023-06-15 23:00:00,19039.400390625,19169.900390625,19015.099609375,19030.900390625,597833200
2023-06-18 23:00:00,19030.900390625,19030.900390625,18841.69921875,18854.30078125,325446000
2023-06-19 23:00:00,18854.30078125,18854.599609375,18718.0,18746.19921875,237850600
2023-06-20 23:00:00,18746.19921875,18746.80078125,18569.900390625,18571.5,300947100
2023-06-21 23:00:00,18571.5,18571.5,18241.099609375,18328.0,245261800
2023-06-22 23:00:00,18328.0,18330.400390625,18062.30078125,18062.30078125,221738200
2023-06-25 23:00:00,18062.30078125,18111.599609375,17868.80078125,17974.69921875,298574500
2023-06-26 23:00:00,17974.69921875,18081.599609375,17974.69921875,18054.80078125,341247500
2023-06-27 23:00:00,18054.80078125,18432.30078125,18051.69921875,18412.80078125,304614400
2023-06-28 23:00:00,18412.80078125,18423.0,18224.599609375,18270.69921875,275862200
2023-06-29 23:00:00,18270.69921875,18470.0,18246.5,18416.80078125,290091200
2023-07-02 23:00:00,18416.80078125,18540.900390625,18411.30078125,18507.80078125,262054100
2023-07-03 23:00:00,18507.80078125,18582.599609375,18495.400390625,18533.80078125,342247100
2023-07-04 23:00:00,18533.80078125,18533.80078125,18364.400390625,18393.30078125,239120300
2023-07-05 23:00:00,18393.30078125,18403.80078125,17916.5,17916.5,266118500
2023-07-06 23:00:00,17916.5,18021.69921875,17854.0,18004.0,202117700
2023-07-09 23:00:00,18004.0,18062.900390625,17931.900390625,18028.0,225677500
2023-07-10 23:00:00,18028.0,18145.0,18020.0,18140.099609375,245468100
2023-07-11 23:00:00,18140.099609375,18594.099609375,18128.900390625,18579.5,353146100
2023-07-12 23:00:00,18579.5,18657.900390625,18567.900390625,18631.69921875,220275600
2023-07-13 23:00:00,18631.69921875,18637.69921875,18555.099609375,18566.80078125,206370400
2023-07-16 23:00:00,18566.80078125,18573.0,18404.400390625,18404.400390625,188809600
2023-07-17 23:00:00,18404.400390625,18627.0,18382.69921875,18618.19921875,266254200
2023-07-18 23:00:00,18618.19921875,19322.5,18618.19921875,19322.5,380525400
2023-07-19 23:00:00,19322.5,19468.0,19278.80078125,19311.69921875,237936500
2023-07-20 23:00:00,19311.69921875,19320.900390625,19169.900390625,19200.5,192296400
2023-07-23 23:00:00,19200.5,19263.30078125,19130.19921875,19145.0,243011900
2023-07-24 23:00:00,19145.0,19195.400390625,19088.400390625,19149.900390625,196664900
2023-07-25 23:00:00,19149.900390625,19186.5,19067.599609375,19186.5,239818100
2023-07-26 23:00:00,19186.5,19358.30078125,19186.5,19273.400390625,343968400
2023-07-27 23:00:00,19273.400390625,19275.400390625,19099.30078125,19124.099609375,264494300
2023-07-30 23:00:00,19124.099609375,19201.400390625,19075.099609375,19143.80078125,248151700
2023-07-31 23:00:00,19143.80078125,19151.5,19062.80078125,19065.69921875,266584200
2023-08-01 23:00:00,19065.69921875,19065.69921875,18757.5,18812.900390625,253473400
2023-08-02 23:00:00,18812.900390625,18900.900390625,18692.69921875,18833.69921875,206352800
2023-08-03 23:00:00,18833.69921875,18945.30078125,18806.900390625,18934.599609375,277509100
2023-08-06 23:00:00,18934.599609375,18934.599609375,18836.099609375,18861.69921875,212589700
2023-08-07 23:00:00,18861.69921875,18900.80078125,18832.400390625,18841.5,199345600
2023-08-08 23:00:00,18841.5,19041.400390625,18841.5,18937.19921875,216649400
2023-08-09 23:00:00,18937.19921875,19032.80078125,18932.80078125,18993.80078125,213272700
2023-08-10 23:00:00,18993.80078125,18994.900390625,18799.69921875,18799.69921875,200121300
2023-08-13 23:00:00,18799.69921875,18808.80078125,18724.599609375,18761.400390625,210489800
2023-08-14 23:00:00,18761.400390625,18788.900390625,18622.30078125,18659.80078125,203895400
2023-08-15 23:00:00,18659.80078125,18706.19921875,18558.30078125,18580.80078125,192670100
2023-08-16 23:00:00,18580.80078125,18591.30078125,18355.900390625,18356.099609375,210837700
2023-08-17 23:00:00,18356.099609375,18394.599609375,18010.5,18096.599609375,254762500
2023-08-20 23:00:00,18096.599609375,18096.599609375,17899.0,17899.0,214956300
2023-08-21 23:00:00,17899.0,18071.30078125,17899.0,18024.30078125,198901400
2023-08-22 23:00:00,18024.30078125,18228.099609375,18013.599609375,18226.5,216262200
2023-08-23 23:00:00,18226.5,18402.599609375,18194.599609375,18194.599609375,181959500
2023-08-24 23:00:00,18194.599609375,18230.900390625,18131.0,18131.0,186570500
2023-08-28 23:00:00,18131.0,18475.80078125,18131.0,18468.599609375,355160700
2023-08-29 23:00:00,18468.599609375,18597.30078125,18459.5,18564.5,288889300
2023-08-30 23:00:00,18564.5,18667.400390625,18538.599609375,18605.69921875,394058400
2023-08-31 23:00:00,18605.69921875,18657.400390625,18536.900390625,18536.900390625,203144200
2023-09-03 23:00:00,18536.900390625,18627.099609375,18521.69921875,18524.099609375,155100600
2023-09-04 23:00:00,18524.099609375,18558.599609375,18405.5,18491.400390625,175429300
2023-09-05 23:00:00,18491.400390625,18515.69921875,18360.099609375,18451.80078125,221528300
2023-09-06 23:00:00,18451.80078125,18471.0,18350.400390625,18383.900390625,254971300
2023-09-07 23:00:00,18383.900390625,18463.19921875,18338.900390625,18463.19921875,190741600
2023-09-10 23:00:00,18463.19921875,18591.599609375,18422.099609375,18522.400390625,180449000
2023-09-11 23:00:00,18522.400390625,18570.80078125,18490.900390625,18542.30078125,237287500
2023-09-12 23:00:00,18542.30078125,18572.0,18431.0,18561.5,226038500
2023-09-13 23:00:00,18561.5,18899.69921875,18517.30078125,18899.69921875,343381600
2023-09-14 23:00:00,18899.69921875,18980.900390625,18789.80078125,18789.80078125,600354400
2023-09-17 23:00:00,18789.80078125,18793.30078125,18449.30078125,18449.30078125,215595800
2023-09-18 23:00:00,18449.30078125,18538.5,18425.400390625,18426.69921875,230861000
2023-09-19 23:00:00,18426.69921875,18724.30078125,18426.099609375,18712.400390625,263631400
2023-09-20 23:00:00,18712.400390625,18785.69921875,18576.099609375,18638.599609375,209815400
2023-09-21 23:00:00,18638.599609375,18666.599609375,18565.19921875,18606.80078125,288555000
2023-09-24 23:00:00,18606.80078125,18608.19921875,18338.900390625,18415.30078125,250176700
2023-09-25 23:00:00,18415.30078125,18415.30078125,18333.599609375,18336.69921875,209677100
2023-09-26 23:00:00,18336.69921875,18363.80078125,18212.599609375,18220.19921875,233920900
2023-09-27 23:00:00,18220.19921875,18224.19921875,18068.80078125,18098.69921875,278674900
2023-09-28 23:00:00,18098.69921875,18397.5,18098.69921875,18279.400390625,291709200
2023-10-01 23:00:00,18279.400390625,18433.900390625,17956.69921875,17977.30078125,279996500
2023-10-02 23:00:00,17977.30078125,17977.30078125,17677.80078125,17677.80078125,242163700
2023-10-03 23:00:00,17677.80078125,17677.80078125,17433.69921875,17492.900390625,306045600
2023-10-04 23:00:00,17492.900390625,17707.69921875,17491.5,17600.0,240221900
2023-10-05 23:00:00,17600.0,17745.900390625,17567.69921875,17732.30078125,242908600
2023-10-08 23:00:00,17732.30078125,17754.80078125,17555.099609375,17572.099609375,209753600
2023-10-09 23:00:00,17572.099609375,17968.30078125,17572.099609375,17967.69921875,250533600
2023-10-10 23:00:00,17967.69921875,17967.69921875,17855.0,17876.19921875,247273800
2023-10-11 23:00:00,17876.19921875,18080.80078125,17835.69921875,17835.69921875,298654900
2023-10-12 23:00:00,17835.69921875,17844.19921875,17454.19921875,17454.19921875,274948800
2023-10-15 23:00:00,17454.19921875,17545.099609375,17410.099609375,17519.400390625,257226000
2023-10-16 23:00:00,17519.400390625,17689.5,17478.599609375,17689.5,290796800
2023-10-17 23:00:00,17689.5,17701.69921875,17396.0,17403.5,271026300
2023-10-18 23:00:00,17403.5,17403.5,17213.099609375,17213.099609375,231851300
2023-10-19 23:00:00,17213.099609375,17215.900390625,17032.69921875,17032.69921875,251728100
2023-10-22 23:00:00,17032.69921875,17082.400390625,16875.099609375,17059.0,203768500
2023-10-23 23:00:00,17059.0,17113.900390625,16969.5,16994.099609375,224784600
2023-10-24 23:00:00,16994.099609375,17000.599609375,16789.5,16870.69921875,232672600
2023-10-25 23:00:00,16870.69921875,16889.5,16764.30078125,16783.099609375,319484300
2023-10-26 23:00:00,16783.099609375,16932.900390625,16772.099609375,16866.19921875,182739500
2023-10-30 00:00:00,16866.19921875,17156.30078125,16865.099609375,17017.599609375,273505300
2023-10-31 00:00:00,17017.599609375,17188.69921875,17013.599609375,17083.099609375,285878400
2023-11-01 00:00:00,17083.099609375,17229.099609375,16995.69921875,17185.900390625,239518900
2023-11-02 00:00:00,17185.900390625,17767.30078125,17185.900390625,17767.30078125,380688400
2023-11-03 00:00:00,17767.30078125,18066.30078125,17767.099609375,17983.80078125,211221400
2023-11-06 00:00:00,17983.80078125,17993.30078125,17742.900390625,17747.5,245761400
2023-11-07 00:00:00,17747.5,17854.099609375,17637.400390625,17761.69921875,218883100
2023-11-08 00:00:00,17761.69921875,17943.30078125,17634.69921875,17846.30078125,342370800
2023-11-09 00:00:00,17846.30078125,18040.900390625,17793.099609375,18037.900390625,326711900
2023-11-10 00:00:00,18037.900390625,18037.900390625,17586.099609375,17853.099609375,237728200
2023-11-13 00:00:00,17853.099609375,17913.69921875,17816.599609375,17913.69921875,259542000
2023-11-14 00:00:00,17913.69921875,18536.099609375,17885.69921875,18536.099609375,405696100
2023-11-15 00:00:00,18536.099609375,18912.099609375,18525.30078125,18676.5,430736600
2023-11-16 00:00:00,18676.5,18676.5,18348.099609375,18351.5,248657100
2023-11-17 00:00:00,18351.5,18597.400390625,18351.5,18567.900390625,292385000
2023-11-20 00:00:00,18567.900390625,18633.5,18549.30078125,18599.099609375,211683500
2023-11-21 00:00:00,18599.099609375,18642.900390625,18347.599609375,18347.599609375,206388600
2023-11-22 00:00:00,18347.599609375,18511.69921875,18339.099609375,18480.19921875,265496900
2023-11-23 00:00:00,18480.19921875,18496.5,18351.900390625,18480.80078125,207085000
2023-11-24 00:00:00,18480.80078125,18485.599609375,18410.099609375,18458.099609375,155675400
2023-11-27 00:00:00,18458.099609375,18508.69921875,18429.0,18438.599609375,190399300
2023-11-28 00:00:00,18438.599609375,18444.0,18299.80078125,18387.0,268769900
2023-11-29 00:00:00,18387.0,18487.900390625,18344.599609375,18467.599609375,288736500
2023-11-30 00:00:00,18467.599609375,18468.30078125,18233.5,18233.5,575713200
2023-12-01 00:00:00,18233.5,18408.69921875,18220.599609375,18408.69921875,245358600
2023-12-04 00:00:00,18408.69921875,18532.900390625,18342.80078125,18361.30078125,288498100
2023-12-05 00:00:00,18361.30078125,18504.900390625,18322.19921875,18487.5,312820700
2023-12-06 00:00:00,18487.5,18711.099609375,18487.30078125,18666.69921875,441553200
2023-12-07 00:00:00,18666.69921875,18675.099609375,18459.69921875,18618.69921875,277250100
2023-12-08 00:00:00,18618.69921875,18766.400390625,18592.400390625,18702.0,274506300
2023-12-11 00:00:00,18702.0,18750.400390625,18602.80078125,18750.400390625,247704800
2023-12-12 00:00:00,18750.400390625,18817.099609375,18655.5,18662.099609375,306603100
2023-12-13 00:00:00,18662.099609375,18759.599609375,18661.0,18695.80078125,345392800
2023-12-14 00:00:00,18695.80078125,19314.900390625,18695.80078125,19257.0,472717000
2023-12-15 00:00:00,19257.0,19401.400390625,19171.80078125,19209.0,662950900
2023-12-18 00:00:00,19209.0,19259.5,19090.80078125,19220.599609375,347560100
2023-12-19 00:00:00,19220.599609375,19342.80078125,19220.19921875,19316.0,366939800
2023-12-20 00:00:00,19316.0,19629.099609375,19316.0,19629.099609375,415483000
2023-12-21 00:00:00,19629.099609375,19629.099609375,19464.19921875,19571.0,241047600
2023-12-22 00:00:00,19571.0,19631.0,19513.900390625,19631.0,183333500
2023-12-27 00:00:00,19631.0,19725.599609375,19617.599609375,19720.80078125,234136700
2023-12-28 00:00:00,19720.80078125,19745.0,19646.80078125,19719.19921875,174540700
2023-12-29 00:00:00,19719.19921875,19740.19921875,19661.0,19689.599609375,107540500
2024-01-02 00:00:00,19689.599609375,19691.5,19489.80078125,19511.80078125,242936200
2024-01-03 00:00:00,19511.80078125,19521.30078125,19287.0,19326.400390625,368549100
2024-01-04 00:00:00,19326.400390625,19395.80078125,19258.30078125,19372.099609375,256374000
2024-01-05 00:00:00,19372.099609375,19374.80078125,19080.599609375,19210.400390625,219968600
2024-01-08 00:00:00,19210.400390625,19393.80078125,19091.69921875,19393.80078125,218641100
2024-01-09 00:00:00,19393.80078125,19447.599609375,19273.19921875,19294.0,281518100
2024-01-10 00:00:00,19294.0,19346.30078125,19262.69921875,19280.099609375,262884800
2024-01-11 00:00:00,19280.099609375,19374.900390625,19107.900390625,19107.900390625,365352800
2024-01-12 00:00:00,19107.900390625,19317.0,19107.900390625,19197.599609375,338500300
2024-01-15 00:00:00,19197.599609375,19255.599609375,19100.80078125,19200.80078125,307434300
2024-01-16 00:00:00,19200.80078125,19230.30078125,19087.69921875,19193.30078125,399325900
2024-01-17 00:00:00,19193.30078125,19193.30078125,18761.900390625,18864.400390625,331810700
2024-01-18 00:00:00,18864.400390625,19019.0,18857.900390625,18948.0,329410900
2024-01-19 00:00:00,18948.0,19050.30078125,18852.80078125,18871.400390625,309755200
2024-01-22 00:00:00,18871.400390625,19086.0,18871.400390625,19075.599609375,330363000
2024-01-23 00:00:00,19075.599609375,19139.599609375,18992.599609375,18992.599609375,327332900
2024-01-24 00:00:00,18992.599609375,19171.69921875,18992.0,19171.69921875,251915100
2024-01-25 00:00:00,19171.69921875,19223.099609375,19083.30078125,19223.099609375,290446800
2024-01-26 00:00:00,19223.099609375,19346.400390625,19190.30078125,19338.0,302626500
2024-01-29 00:00:00,19338.0,19365.599609375,19210.599609375,19311.19921875,279112000
2024-01-30 00:00:00,19311.19921875,19403.30078125,19309.5,19349.5,257639400
2024-01-31 00:00:00,19349.5,19381.19921875,19291.5,19358.0,384365000
2024-02-01 00:00:00,19358.0,19360.599609375,19131.19921875,19131.19921875,328744100
2024-02-02 00:00:00,19131.19921875,19394.900390625,19131.19921875,19172.599609375,303913100
2024-02-05 00:00:00,19172.599609375,19255.900390625,19015.69921875,19018.599609375,331145400
2024-02-06 00:00:00,19018.599609375,19185.69921875,18990.599609375,19171.30078125,351782600
2024-02-07 00:00:00,19171.30078125,19226.099609375,19104.5,19104.5,370111400
2024-02-08 00:00:00,19104.5,19240.099609375,19097.69921875,19102.69921875,304042500
2024-02-09 00:00:00,19102.69921875,19144.099609375,19043.19921875,19062.30078125,294097500
2024-02-12 00:00:00,19062.30078125,19213.69921875,19062.19921875,19203.900390625,351780400
2024-02-13 00:00:00,19203.900390625,19206.900390625,18834.900390625,18923.80078125,312625800
2024-02-14 00:00:00,18923.80078125,19092.599609375,18918.0,19003.900390625,266657500
2024-02-15 00:00:00,19003.900390625,19133.099609375,19003.30078125,19099.599609375,308985400
2024-02-16 00:00:00,19099.599609375,19232.30078125,19097.80078125,19191.900390625,272280400
2024-02-19 00:00:00,19191.900390625,19223.900390625,19134.400390625,19216.900390625,258627500
2024-02-20 00:00:00,19216.900390625,19225.900390625,19065.900390625,19109.599609375,291836600
2024-02-21 00:00:00,19109.599609375,19137.0,19080.30078125,19119.0,387748800
2024-02-22 00:00:00,19119.0,19306.400390625,19119.0,19263.5,411129900
2024-02-23 00:00:00,19263.5,19284.80078125,19162.099609375,19179.599609375,372320100
2024-02-26 00:00:00,19179.599609375,19185.400390625,19100.80078125,19126.900390625,401674200
2024-02-27 00:00:00,19126.900390625,19182.900390625,19089.099609375,19163.69921875,407556400
2024-02-28 00:00:00,19163.69921875,19169.400390625,18969.5,19013.599609375,375314500
2024-02-29 00:00:00,19013.599609375,19173.69921875,19011.599609375,19054.900390625,466079800
2024-03-01 00:00:00,19054.900390625,19354.400390625,19054.900390625,19354.400390625,357328800
2024-03-04 00:00:00,19354.400390625,19357.900390625,19197.30078125,19249.099609375,405426300
2024-03-05 00:00:00,19249.099609375,19327.099609375,19189.5,19271.0,427694600
2024-03-06 00:00:00,19271.0,19546.80078125,19269.80078125,19473.19921875,387683000
2024-03-07 00:00:00,19473.19921875,19696.900390625,19451.30078125,19584.0,538122700
2024-03-08 00:00:00,19584.0,19621.30078125,19481.400390625,19601.80078125,356631000
2024-03-11 00:00:00,19601.80078125,19604.80078125,19476.900390625,19530.099609375,327883300
2024-03-12 00:00:00,19530.099609375,19636.19921875,19523.19921875,19565.19921875,372085100
2024-03-13 00:00:00,19565.19921875,19636.099609375,19553.599609375,19563.900390625,428188600
2024-03-14 00:00:00,19563.900390625,19625.400390625,19471.099609375,19486.0,332108300
2024-03-15 00:00:00,19486.0,19573.80078125,19483.30078125,19512.900390625,840927400
2024-03-18 00:00:00,19512.900390625,19547.5,19468.099609375,19486.5,293612800
2024-03-19 00:00:00,19486.5,19488.30078125,19383.69921875,19432.80078125,325173200
2024-03-20 00:00:00,19432.80078125,19506.69921875,19421.0,19484.400390625,378073500
2024-03-21 00:00:00,19484.400390625,19761.400390625,19484.400390625,19741.30078125,508804700
2024-03-22 00:00:00,19741.30078125,19775.69921875,19681.900390625,19724.30078125,386014600
2024-03-25 00:00:00,19724.30078125,19727.400390625,19545.599609375,19613.5,351754700
2024-03-26 00:00:00,19613.5,19777.599609375,19574.599609375,19777.599609375,332302100
2024-03-27 00:00:00,19777.599609375,19812.80078125,19713.30078125,19810.69921875,444904100
2024-03-28 00:00:00,19810.69921875,19925.30078125,19757.19921875,19884.69921875,412369900
2024-04-01 23:00:00,19884.69921875,19991.599609375,19711.099609375,19713.900390625,353814700
2024-04-02 23:00:00,19713.900390625,19757.69921875,19613.099609375,19753.599609375,357472800
2024-04-03 23:00:00,19753.599609375,19873.19921875,19746.5,19873.19921875,354341200
2024-04-04 23:00:00,19873.19921875,19873.19921875,19652.5,19725.900390625,234651100
2024-04-07 23:00:00,19725.900390625,19888.0,19690.099609375,19854.599609375,313862000
2024-04-08 23:00:00,19854.599609375,19885.099609375,19756.900390625,19763.400390625,432688500
2024-04-09 23:00:00,19763.400390625,19989.099609375,19709.5,19801.80078125,456845100
2024-04-10 23:00:00,19801.80078125,19830.400390625,19715.599609375,19786.900390625,339648900
2024-04-11 23:00:00,19786.900390625,19990.5,19720.19921875,19721.19921875,304545500
2024-04-14 23:00:00,19721.19921875,19839.69921875,19679.5,19698.900390625,301370900
2024-04-15 23:00:00,19698.900390625,19698.900390625,19321.30078125,19344.5,333774000
2024-04-16 23:00:00,19344.5,19462.19921875,19306.80078125,19340.099609375,310618300
2024-04-17 23:00:00,19340.099609375,19450.69921875,19325.5,19450.69921875,526836900
2024-04-18 23:00:00,19450.69921875,19451.5,19260.400390625,19391.30078125,316257200
2024-04-21 23:00:00,19391.30078125,19650.599609375,19391.0,19599.400390625,357002200
2024-04-22 23:00:00,19599.400390625,19799.69921875,19587.099609375,19799.69921875,367315700
2024-04-23 23:00:00,19799.69921875,19827.30078125,19697.599609375,19719.400390625,433691100
2024-04-24 23:00:00,19719.400390625,19745.69921875,19544.80078125,19602.0,399607800
2024-04-25 23:00:00,19602.0,19841.599609375,19600.69921875,19824.19921875,339128700
2024-04-28 23:00:00,19824.19921875,20084.80078125,19778.400390625,20084.80078125,359123300
2024-04-29 23:00:00,20084.80078125,20136.900390625,19965.400390625,19965.400390625,317222000
2024-04-30 23:00:00,19965.400390625,19968.5,19893.400390625,19926.599609375,242512000
2024-05-01 23:00:00,19926.599609375,20052.30078125,19914.80078125,20052.30078125,356133900
2024-05-02 23:00:00,20052.30078125,20236.099609375,20013.599609375,20164.5,284744300
2024-05-06 23:00:00,20164.5,20437.900390625,20164.5,20413.099609375,308399800
2024-05-07 23:00:00,20413.099609375,20492.0,20378.400390625,20492.0,312496100
2024-05-08 23:00:00,20492.0,20560.19921875,20455.599609375,20531.30078125,300604300
2024-05-09 23:00:00,20531.30078125,20710.19921875,20526.30078125,20645.400390625,306771100
2024-05-12 23:00:00,20645.400390625,20669.80078125,20560.30078125,20560.30078125,278145000
2024-05-13 23:00:00,20560.30078125,20669.19921875,20545.69921875,20618.5,326230100
2024-05-14 23:00:00,20618.5,20814.5,20618.5,20775.599609375,340659000
2024-05-15 23:00:00,20775.599609375,20822.80078125,20745.5,20822.80078125,277169200
2024-05-16 23:00:00,20822.80078125,20831.19921875,20696.30078125,20749.900390625,353017000
2024-05-19 23:00:00,20749.900390625,20901.0,20749.900390625,20873.30078125,330956300
2024-05-20 23:00:00,20873.30078125,20874.19921875,20726.0,20783.400390625,336766900
2024-05-21 23:00:00,20783.400390625,20783.400390625,20674.30078125,20710.099609375,341717000
2024-05-22 23:00:00,20710.099609375,20751.5,20631.30078125,20631.30078125,367390100
2024-05-23 23:00:00,20631.30078125,20770.900390625,20528.80078125,20770.900390625,316999200
2024-05-27 23:00:00,20770.900390625,20889.30078125,20695.69921875,20705.30078125,304950900
2024-05-28 23:00:00,20705.30078125,20723.900390625,20436.30078125,20436.30078125,322225200
2024-05-29 23:00:00,20436.30078125,20753.099609375,20433.69921875,20670.900390625,408741600
2024-05-30 23:00:00,20670.900390625,20782.19921875,20640.69921875,20730.099609375,633809700
2024-06-02 23:00:00,20730.099609375,20939.599609375,20728.400390625,20900.5,347513300
2024-06-03 23:00:00,20900.5,20900.5,20679.30078125,20718.0,446888000
2024-06-04 23:00:00,20718.0,20798.900390625,20593.099609375,20673.400390625,321300100
2024-06-05 23:00:00,20673.400390625,20761.099609375,20661.5,20715.900390625,340247800
2024-06-06 23:00:00,20715.900390625,20719.400390625,20515.19921875,20555.400390625,227704300
2024-06-09 23:00:00,20555.400390625,20558.30078125,20441.400390625,20446.0,270600400
2024-06-10 23:00:00,20446.0,20527.099609375,20266.900390625,20266.900390625,303654700
2024-06-11 23:00:00,20266.900390625,20533.900390625,20266.900390625,20497.400390625,263558100
2024-06-12 23:00:00,20497.400390625,20497.400390625,20196.0,20196.0,316515300
2024-06-13 23:00:00,20196.0,20224.5,20045.69921875,20120.400390625,248929800
2024-06-16 23:00:00,20120.400390625,20243.19921875,20100.80078125,20159.69921875,282731400
2024-06-17 23:00:00,20159.69921875,20410.19921875,20159.69921875,20409.900390625,274309900
2024-06-18 23:00:00,20409.900390625,20470.80078125,20354.0,20381.099609375,258484100
2024-06-19 23:00:00,20381.099609375,20505.19921875,20357.80078125,20498.69921875,284936200
2024-06-20 23:00:00,20498.69921875,20525.099609375,20360.0,20442.400390625,871175600
2024-06-23 23:00:00,20442.400390625,20580.19921875,20356.0,20562.599609375,240816200
2024-06-24 23:00:00,20562.599609375,20562.599609375,20350.69921875,20363.400390625,269045600
2024-06-25 23:00:00,20363.400390625,20451.19921875,20268.30078125,20298.099609375,302862500
2024-06-26 23:00:00,20298.099609375,20368.099609375,20288.19921875,20331.80078125,272568700
2024-06-27 23:00:00,20331.80078125,20386.69921875,20250.80078125,20286.0,242205400
2024-06-30 23:00:00,20286.0,20432.5,20222.099609375,20222.099609375,0
2024-07-01 23:00:00,20222.099609375,20244.19921875,20132.69921875,20194.5,268442200
2024-07-02 23:00:00,20194.5,20529.400390625,20194.400390625,20529.400390625,295726400
2024-07-03 23:00:00,20529.400390625,20619.400390625,20509.69921875,20610.30078125,191761000
2024-07-04 23:00:00,20610.30078125,20986.19921875,20587.099609375,20786.69921875,339459800
2024-07-07 23:00:00,20786.69921875,20825.30078125,20733.599609375,20798.30078125,250534000
2024-07-08 23:00:00,20798.30078125,20808.30078125,20610.69921875,20645.0,324889600
2024-07-09 23:00:00,20645.0,20927.80078125,20644.400390625,20927.80078125,297975200
2024-07-10 23:00:00,20927.80078125,21188.900390625,20898.30078125,21188.900390625,322057900
2024-07-11 23:00:00,21188.900390625,21224.099609375,21116.80078125,21202.900390625,200729400
2024-07-14 23:00:00,21202.900390625,21226.099609375,21081.0,21189.5,226013400
2024-07-15 23:00:00,21189.5,21213.80078125,21120.30078125,21213.80078125,244304600
2024-07-16 23:00:00,21213.80078125,21219.900390625,21068.400390625,21093.30078125,212282000
2024-07-17 23:00:00,21093.30078125,21341.80078125,21092.599609375,21234.19921875,256202400
2024-07-18 23:00:00,21096.19921875,21117.599609375,21047.69921875,21067.69921875,166588200
2024-07-21 23:00:00,21067.69921875,21229.400390625,21059.19921875,21138.69921875,230276500
2024-07-22 23:00:00,21138.69921875,21185.099609375,21039.599609375,21091.5,260525900
2024-07-23 23:00:00,21091.5,21091.5,20950.80078125,20950.80078125,327577300
2024-07-24 23:00:00,20950.80078125,20951.5,20699.099609375,20884.400390625,252681300
2024-07-25 23:00:00,20884.400390625,21360.5,20856.5,21356.30078125,264561800
2024-07-28 23:00:00,21356.30078125,21490.30078125,21221.099609375,21252.099609375,239958100
2024-07-29 23:00:00,21252.099609375,21508.80078125,21195.400390625,21432.5,305575900
2024-07-30 23:00:00,21432.5,21649.5,21430.099609375,21600.69921875,309322400
2024-07-31 23:00:00,21600.69921875,21786.19921875,21358.099609375,21459.19921875,327343500
2024-08-01 23:00:00,21459.19921875,21460.19921875,20800.599609375,20826.400390625,336718400
2024-08-04 23:00:00,20826.400390625,20826.400390625,19955.80078125,20236.69921875,365700100
2024-08-05 23:00:00,20236.69921875,20495.80078125,20206.400390625,20367.69921875,422825200
2024-08-06 23:00:00,20367.69921875,20613.900390625,20367.69921875,20576.0,265584000
2024-08-07 23:00:00,20576.0,20576.0,20280.599609375,20508.599609375,264729400
2024-08-08 23:00:00,20508.599609375,20713.30078125,20495.099609375,20625.19921875,182646400
2024-08-11 23:00:00,20625.19921875,20711.400390625,20614.69921875,20677.19921875,340843500
2024-08-12 23:00:00,20677.19921875,20766.599609375,20638.5,20744.099609375,315189400
2024-08-13 23:00:00,20744.099609375,20970.19921875,20741.19921875,20952.30078125,327934400
2024-08-14 23:00:00,20952.30078125,21131.69921875,20855.400390625,21094.19921875,223006300
2024-08-15 23:00:00,21094.19921875,21118.900390625,21007.900390625,21048.900390625,241737300
2024-08-18 23:00:00,21048.900390625,21166.5,20987.5,21157.5,220269500
2024-08-19 23:00:00,21157.5,21196.30078125,20986.19921875,20986.19921875,216791700
2024-08-20 23:00:00,20986.19921875,21187.19921875,20982.900390625,21187.19921875,305076300
2024-08-21 23:00:00,21187.19921875,21255.099609375,21104.69921875,21104.69921875,601369800
2024-08-22 23:00:00,21104.69921875,21228.900390625,21095.30078125,21189.5,172123700
2024-08-26 23:00:00,21189.5,21292.19921875,21138.80078125,21162.099609375,304366800
2024-08-27 23:00:00,21162.099609375,21172.80078125,21066.900390625,21066.900390625,195445600
2024-08-28 23:00:00,21066.900390625,21135.0,21031.099609375,21031.099609375,299766100
2024-08-29 23:00:00,21031.099609375,21186.0,21021.5,21086.5,299382800
2024-09-01 23:00:00,21086.5,21121.599609375,20980.5,20980.5,200419900
2024-09-02 23:00:00,20980.5,21051.0,20782.099609375,20808.599609375,203383200
2024-09-03 23:00:00,20808.599609375,20849.69921875,20614.80078125,20808.599609375,364686000
2024-09-04 23:00:00,20808.599609375,20898.19921875,20762.5,20762.5,345689700
2024-09-05 23:00:00,20762.5,20799.400390625,20490.0,20494.0,256456400
2024-09-08 23:00:00,20494.0,20650.900390625,20494.0,20650.900390625,256739400
2024-09-09 23:00:00,20650.900390625,20720.19921875,20607.80078125,20656.099609375,302009900
2024-09-10 23:00:00,20656.099609375,20716.69921875,20514.19921875,20537.30078125,267636600
2024-09-11 23:00:00,20537.30078125,20777.19921875,20534.5,20695.80078125,318442200
2024-09-12 23:00:00,20695.80078125,20934.5,20695.80078125,20895.400390625,257722900
2024-09-15 23:00:00,20895.400390625,20938.900390625,20861.0,20929.599609375,293101000
2024-09-16 23:00:00,20929.599609375,21045.5,20929.599609375,20944.599609375,362692500
2024-09-17 23:00:00,20944.599609375,20946.599609375,20821.900390625,20835.30078125,299785700
2024-09-18 23:00:00,20835.30078125,21162.69921875,20834.0,21162.69921875,322172600
2024-09-19 23:00:00,21162.69921875,21162.69921875,20831.80078125,20831.80078125,680871300
2024-09-22 23:00:00,20831.80078125,20893.69921875,20786.099609375,20845.099609375,261706100
2024-09-23 23:00:00,20845.099609375,20946.900390625,20759.30078125,20770.099609375,239346000
2024-09-24 23:00:00,20770.099609375,20913.900390625,20745.19921875,20755.400390625,274341500
2024-09-25 23:00:00,20755.400390625,21101.19921875,20751.80078125,21010.400390625,391230200
2024-09-26 23:00:00,21010.400390625,21240.599609375,21008.69921875,21240.599609375,344425000
2024-09-29 23:00:00,21240.599609375,21248.400390625,20999.900390625,21053.19921875,314622400
2024-09-30 23:00:00,21053.19921875,21127.900390625,20901.19921875,20914.69921875,282860500
2024-10-01 23:00:00,20914.69921875,20932.19921875,20747.69921875,20783.80078125,259789500
2024-10-02 23:00:00,20783.80078125,20837.400390625,20711.900390625,20740.099609375,188332300
2024-10-03 23:00:00,20740.099609375,20924.5,20733.5,20900.099609375,229964600
2024-10-06 23:00:00,20900.099609375,20960.400390625,20750.30078125,20853.19921875,276016700
2024-10-07 23:00:00,20853.19921875,20858.400390625,20594.599609375,20631.19921875,328030600
2024-10-08 23:00:00,20631.19921875,20828.0,20630.0,20822.400390625,300562400
2024-10-09 23:00:00,20822.400390625,20835.69921875,20682.19921875,20708.400390625,335486000
2024-10-10 23:00:00,20708.400390625,20785.80078125,20679.30078125,20764.900390625,234206000
2024-10-13 23:00:00,20764.900390625,20817.19921875,20708.5,20817.19921875,301455000
2024-10-14 23:00:00,20817.19921875,20871.099609375,20770.69921875,20794.400390625,316589700
2024-10-15 23:00:00,20794.400390625,21045.30078125,20788.900390625,20979.5,333782600
2024-10-16 23:00:00,20979.5,21124.5,20960.30078125,21100.900390625,312352000
2024-10-17 23:00:00,21100.900390625,21168.5,21032.599609375,21149.599609375,319379300
2024-10-20 23:00:00,21149.599609375,21191.099609375,20900.900390625,20906.599609375,238339500
2024-10-21 23:00:00,20906.599609375,20961.900390625,20795.19921875,20949.69921875,264401800
2024-10-22 23:00:00,20949.69921875,20993.80078125,20822.80078125,20829.900390625,232553400
2024-10-23 23:00:00,20829.900390625,20894.19921875,20790.599609375,20790.599609375,281902400
2024-10-24 23:00:00,20790.599609375,20847.5,20740.30078125,20819.900390625,259885900
2024-10-28 00:00:00,20819.900390625,20909.80078125,20772.900390625,20835.099609375,269255900
2024-10-29 00:00:00,20835.099609375,20857.30078125,20582.19921875,20622.80078125,310133200
2024-10-30 00:00:00,20622.80078125,20981.0,20565.80078125,20694.099609375,364272300
2024-10-31 00:00:00,20694.099609375,20694.80078125,20307.400390625,20389.0,315748000
2024-11-01 00:00:00,20389.0,20515.30078125,20378.900390625,20479.69921875,255797200
2024-11-04 00:00:00,20479.69921875,20577.599609375,20432.30078125,20461.30078125,228927400
2024-11-05 00:00:00,20461.30078125,20548.5,20370.0,20370.0,254845100
2024-11-06 00:00:00,20370.0,20808.599609375,20370.0,20446.69921875,348173400
2024-11-07 00:00:00,20446.69921875,20635.400390625,20446.69921875,20635.400390625,350385000
2024-11-08 00:00:00,20635.400390625,20647.5,20468.69921875,20517.900390625,313457300
2024-11-11 00:00:00,20517.900390625,20805.5,20517.900390625,20723.5,328295400
2024-11-12 00:00:00,20723.5,20727.599609375,20427.80078125,20427.80078125,397475700
2024-11-13 00:00:00,20427.80078125,20522.30078125,20305.19921875,20359.19921875,320343400
2024-11-14 00:00:00,20359.19921875,20522.80078125,20345.30078125,20522.80078125,319320200
2024-11-15 00:00:00,20522.80078125,20562.19921875,20438.900390625,20476.599609375,233963200
2024-11-18 00:00:00,20476.599609375,20541.099609375,20318.900390625,20395.400390625,253449900
2024-11-19 00:00:00,20395.400390625,20460.099609375,20277.400390625,20427.599609375,282012800
2024-11-20 00:00:00,20427.599609375,20482.5,20214.900390625,20244.80078125,340549100
2024-11-21 00:00:00,20244.80078125,20349.900390625,20155.5,20349.900390625,472380500
2024-11-22 00:00:00,20349.900390625,20627.400390625,20308.599609375,20581.69921875,289203200
2024-11-25 00:00:00,20581.69921875,20762.80078125,20576.400390625,20749.30078125,408059100
2024-11-26 00:00:00,20749.30078125,20753.30078125,20567.80078125,20568.69921875,210364300
2024-11-27 00:00:00,20568.69921875,20653.80078125,20555.900390625,20601.599609375,234948900
2024-11-28 00:00:00,20601.599609375,20789.19921875,20601.599609375,20762.80078125,233699300
2024-11-29 00:00:00,20762.80078125,20804.599609375,20714.69921875,20771.599609375,371009700
2024-12-02 00:00:00,20771.599609375,20834.099609375,20717.099609375,20769.099609375,238579400
2024-12-03 00:00:00,20769.099609375,20917.0,20769.099609375,20892.69921875,302060400
2024-12-04 00:00:00,20892.69921875,21019.099609375,20892.5,21005.19921875,300202700
2024-12-05 00:00:00,21005.19921875,21046.0,20954.80078125,21001.099609375,283134000
2024-12-06 00:00:00,21001.099609375,21110.599609375,20984.80078125,21059.0,301915700
2024-12-09 00:00:00,21059.0,21122.5,21021.30078125,21049.30078125,297691100
2024-12-10 00:00:00,21049.30078125,21049.30078125,20917.80078125,20973.900390625,276363200
2024-12-11 00:00:00,20973.900390625,21020.900390625,20886.400390625,20973.5,273003900
2024-12-12 00:00:00,20973.5,20996.599609375,20934.099609375,20949.0,283419700
2024-12-13 00:00:00,20949.0,21016.599609375,20874.400390625,20889.19921875,216476900
2024-12-16 00:00:00,20889.19921875,20902.400390625,20787.5,20813.0,231191700
2024-12-17 00:00:00,20813.0,20813.0,20542.900390625,20542.900390625,362365100
2024-12-18 00:00:00,20542.900390625,20663.400390625,20542.900390625,20602.0,279043600
2024-12-19 00:00:00,20602.0,20602.0,20316.5,20399.400390625,423525400
2024-12-20 00:00:00,20399.400390625,20450.69921875,20232.69921875,20450.69921875,623409200
2024-12-23 00:00:00,20450.69921875,20450.69921875,20372.19921875,20419.099609375,186186500
2024-12-24 00:00:00,20419.099609375,20571.5,20417.400390625,20571.5,69261400
2024-12-27 00:00:00,20571.5,20575.5,20457.80078125,20488.69921875,119389200
2024-12-30 00:00:00,20488.69921875,20491.69921875,20328.599609375,20404.599609375,131475900
