date,open,high,low,close,volume
2014-01-02 00:00:00,3674.300048828125,3679.5,3653.0,3659.300048828125,68462100
2014-01-03 00:00:00,3659.300048828125,3676.300048828125,3648.800048828125,3668.800048828125,57337700
2014-01-06 00:00:00,3668.800048828125,3680.89990234375,3660.800048828125,3669.800048828125,70753200
2014-01-07 00:00:00,3669.800048828125,3688.300048828125,3663.199951171875,3681.89990234375,87404800
2014-01-08 00:00:00,3681.89990234375,3681.89990234375,3659.800048828125,3664.0,96967200
2014-01-09 00:00:00,3664.0,3676.300048828125,3641.800048828125,3648.10009765625,102242100
2014-01-10 00:00:00,3648.10009765625,3691.0,3648.10009765625,3679.0,106183400
2014-01-13 00:00:00,3679.0,3693.10009765625,3675.199951171875,3689.199951171875,80623300
2014-01-14 00:00:00,3689.199951171875,3694.89990234375,3656.60009765625,3693.0,77890800
2014-01-15 00:00:00,3693.0,3721.5,3693.0,3719.5,100663000
2014-01-16 00:00:00,3719.5,3724.60009765625,3712.39990234375,3714.60009765625,98127000
2014-01-17 00:00:00,3714.60009765625,3726.60009765625,3707.39990234375,3720.199951171875,125309200
2014-01-20 00:00:00,3720.199951171875,3725.0,3711.0,3725.0,59128600
2014-01-21 00:00:00,3725.0,3738.10009765625,3714.60009765625,3721.0,85061600
2014-01-22 00:00:00,3721.0,3737.199951171875,3714.5,3717.39990234375,73885100
2014-01-23 00:00:00,3717.39990234375,3721.89990234375,3680.10009765625,3687.10009765625,88774700
2014-01-24 00:00:00,3687.10009765625,3693.0,3622.199951171875,3626.89990234375,109058100
2014-01-27 00:00:00,3626.800048828125,3626.89990234375,3562.699951171875,3568.5,123168300
2014-01-28 00:00:00,3568.5,3593.10009765625,3568.5,3585.0,93745300
2014-01-29 00:00:00,3585.0,3625.800048828125,3540.39990234375,3571.10009765625,125017500
2014-01-30 00:00:00,3571.10009765625,3583.699951171875,3551.39990234375,3568.800048828125,98433400
2014-01-31 00:00:00,3568.800048828125,3575.10009765625,3508.89990234375,3554.89990234375,100809400
2014-02-03 00:00:00,3554.89990234375,3568.60009765625,3527.39990234375,3530.199951171875,103429600
2014-02-04 00:00:00,3530.199951171875,3536.699951171875,3503.699951171875,3522.0,117889900
2014-02-05 00:00:00,3522.0,3539.800048828125,3508.89990234375,3526.699951171875,102729600
2014-02-06 00:00:00,3526.699951171875,3584.300048828125,3526.699951171875,3581.10009765625,111170000
2014-02-07 00:00:00,3581.10009765625,3601.39990234375,3573.5,3589.89990234375,96291400
2014-02-10 00:00:00,3589.89990234375,3603.5,3587.0,3600.60009765625,78198200
2014-02-11 00:00:00,3600.60009765625,3644.0,3600.60009765625,3644.0,117625200
2014-02-12 00:00:00,3644.0,3660.89990234375,3642.300048828125,3645.10009765625,105092500
2014-02-13 00:00:00,3645.10009765625,3645.10009765625,3609.5,3636.199951171875,136316600
2014-02-14 00:00:00,3636.199951171875,3645.0,3630.60009765625,3640.89990234375,114019600
2014-02-18 00:00:00,3679.0,3713.39990234375,3668.699951171875,3710.39990234375,105263700
2014-02-19 00:00:00,3710.39990234375,3716.39990234375,3689.5,3710.699951171875,98754100
2014-02-20 00:00:00,3710.699951171875,3719.0,3675.10009765625,3719.0,95053400
2014-02-21 00:00:00,3719.0,3742.10009765625,3719.0,3733.699951171875,123264700
2014-02-24 00:00:00,3733.699951171875,3749.300048828125,3711.60009765625,3749.300048828125,134240400
2014-02-25 00:00:00,3749.300048828125,3749.60009765625,3711.699951171875,3732.60009765625,155055600
2014-02-26 00:00:00,3732.60009765625,3734.800048828125,3709.699951171875,3716.199951171875,98421000
2014-02-27 00:00:00,3716.199951171875,3728.0,3683.39990234375,3723.10009765625,135018900
2014-02-28 00:00:00,3723.10009765625,3740.800048828125,3713.10009765625,3730.10009765625,121137900
2014-03-03 00:00:00,3730.10009765625,3730.10009765625,3652.60009765625,3670.89990234375,109709000
2014-03-04 00:00:00,3670.89990234375,3737.10009765625,3670.89990234375,3735.60009765625,100294300
2014-03-05 00:00:00,3735.60009765625,3735.60009765625,3708.699951171875,3710.300048828125,87709700
2014-03-06 00:00:00,3710.300048828125,3727.300048828125,3709.10009765625,3718.39990234375,91656400
2014-03-07 00:00:00,3718.39990234375,3724.699951171875,3676.89990234375,3679.5,101251400
2014-03-10 00:00:00,3679.5,3702.89990234375,3657.39990234375,3664.89990234375,103524600
2014-03-11 00:00:00,3664.89990234375,3679.699951171875,3650.699951171875,3664.199951171875,113261300
2014-03-12 00:00:00,3664.199951171875,3664.199951171875,3618.5,3629.0,113524800
2014-03-13 00:00:00,3629.0,3634.699951171875,3592.89990234375,3593.10009765625,113708500
2014-03-14 00:00:00,3593.10009765625,3593.10009765625,3562.699951171875,3579.0,108035900
2014-03-17 00:00:00,3579.0,3615.300048828125,3578.89990234375,3603.699951171875,89604400
2014-03-18 00:00:00,3603.699951171875,3633.60009765625,3586.60009765625,3622.800048828125,95076100
2014-03-19 00:00:00,3622.800048828125,3625.5,3603.89990234375,3607.39990234375,137535200
2014-03-20 00:00:00,3607.39990234375,3607.39990234375,3564.10009765625,3589.0,105132400
2014-03-21 00:00:00,3589.0,3603.89990234375,3586.60009765625,3593.699951171875,207349300
2014-03-24 00:00:00,3593.699951171875,3598.60009765625,3564.5,3571.800048828125,101836500
2014-03-25 00:00:00,3571.800048828125,3615.39990234375,3571.800048828125,3615.39990234375,89600800
2014-03-26 00:00:00,3615.39990234375,3637.699951171875,3615.39990234375,3619.199951171875,170095900
2014-03-27 00:00:00,3619.199951171875,3619.199951171875,3596.300048828125,3609.5,106429100
2014-03-28 00:00:00,3609.5,3630.699951171875,3607.5,3621.39990234375,122418100
2014-03-30 23:00:00,3621.39990234375,3644.5,3608.699951171875,3616.699951171875,108820200
2014-03-31 23:00:00,3616.699951171875,3648.89990234375,3616.699951171875,3646.39990234375,108268900
2014-04-01 23:00:00,3646.39990234375,3657.89990234375,3639.60009765625,3649.699951171875,118994200
2014-04-02 23:00:00,3649.699951171875,3659.60009765625,3638.39990234375,3642.800048828125,88469800
2014-04-03 23:00:00,3642.800048828125,3673.10009765625,3642.800048828125,3667.10009765625,111621500
2014-04-06 23:00:00,3667.10009765625,3667.10009765625,3623.699951171875,3627.60009765625,90417100
2014-04-07 23:00:00,3627.60009765625,3629.0,3583.39990234375,3604.0,134164600
2014-04-08 23:00:00,3604.0,3639.10009765625,3603.89990234375,3630.0,99273200
2014-04-09 23:00:00,3630.0,3659.0,3622.89990234375,3632.300048828125,88929300
2014-04-10 23:00:00,3632.300048828125,3632.300048828125,3573.89990234375,3586.5,102999000
2014-04-13 23:00:00,3586.5,3589.699951171875,3550.699951171875,3589.699951171875,122268400
2014-04-14 23:00:00,3589.699951171875,3595.300048828125,3563.199951171875,3566.300048828125,108759900
2014-04-15 23:00:00,3566.300048828125,3595.699951171875,3566.300048828125,3591.39990234375,91231000
2014-04-16 23:00:00,3591.39990234375,3617.10009765625,3582.39990234375,3616.10009765625,104467500
2014-04-21 23:00:00,3616.10009765625,3660.39990234375,3616.10009765625,3648.300048828125,101852200
2014-04-22 23:00:00,3648.300048828125,3653.800048828125,3635.300048828125,3641.800048828125,82202900
2014-04-23 23:00:00,3641.800048828125,3667.60009765625,3636.5,3654.89990234375,86961400
2014-04-24 23:00:00,3654.89990234375,3655.39990234375,3629.0,3643.199951171875,77797800
2014-04-27 23:00:00,3643.199951171875,3660.5,3642.89990234375,3647.699951171875,85884800
2014-04-28 23:00:00,3647.699951171875,3682.300048828125,3647.699951171875,3682.300048828125,91332500
2014-04-29 23:00:00,3682.300048828125,3691.699951171875,3672.5,3684.199951171875,109213400
2014-04-30 23:00:00,3684.199951171875,3700.60009765625,3681.199951171875,3698.60009765625,80747800
2014-05-01 23:00:00,3698.60009765625,3714.699951171875,3695.0,3707.699951171875,97907600
2014-05-05 23:00:00,3707.699951171875,3711.89990234375,3688.300048828125,3697.0,97802200
2014-05-06 23:00:00,3697.0,3697.0,3680.199951171875,3694.0,102039900
2014-05-07 23:00:00,3694.0,3716.800048828125,3694.0,3716.800048828125,101579800
2014-05-08 23:00:00,3716.800048828125,3716.800048828125,3697.699951171875,3702.5,81469900
2014-05-11 23:00:00,3702.5,3723.0,3702.5,3723.0,81349200
2014-05-12 23:00:00,3723.0,3739.0,3721.89990234375,3734.89990234375,85333800
2014-05-13 23:00:00,3734.89990234375,3737.199951171875,3725.5,3735.10009765625,76042000
2014-05-14 23:00:00,3735.10009765625,3743.300048828125,3695.5,3705.10009765625,124013900
2014-05-15 23:00:00,3705.10009765625,3711.300048828125,3682.10009765625,3704.300048828125,133070300
2014-05-18 23:00:00,3704.300048828125,3707.10009765625,3679.800048828125,3698.39990234375,97219700
2014-05-19 23:00:00,3698.39990234375,3704.300048828125,3675.89990234375,3681.0,98696900
2014-05-20 23:00:00,3681.0,3695.5,3671.699951171875,3695.5,97904200
2014-05-21 23:00:00,3695.5,3709.60009765625,3691.800048828125,3697.800048828125,77553600
2014-05-22 23:00:00,3697.800048828125,3700.5,3684.800048828125,3696.699951171875,68044900
2014-05-26 23:00:00,3696.699951171875,3720.89990234375,3696.699951171875,3715.0,78624100
2014-05-27 23:00:00,3715.0,3722.39990234375,3710.699951171875,3721.199951171875,80087900
2014-05-28 23:00:00,3721.199951171875,3738.5,3719.699951171875,3731.10009765625,59634100
2014-05-29 23:00:00,3731.10009765625,3734.800048828125,3714.300048828125,3720.699951171875,149201800
2014-06-01 23:00:00,3720.699951171875,3737.39990234375,3720.699951171875,3732.39990234375,68059200
2014-06-02 23:00:00,3732.39990234375,3733.39990234375,3706.699951171875,3715.60009765625,70397700
2014-06-03 23:00:00,3715.60009765625,3718.199951171875,3698.39990234375,3708.0,75074800
2014-06-04 23:00:00,3708.0,3721.800048828125,3695.5,3705.89990234375,80470200
2014-06-05 23:00:00,3705.89990234375,3735.5,3705.89990234375,3734.89990234375,101849800
2014-06-08 23:00:00,3734.89990234375,3745.5,3734.699951171875,3742.199951171875,56403700
2014-06-09 23:00:00,3742.10009765625,3742.300048828125,3722.60009765625,3741.199951171875,70309300
2014-06-10 23:00:00,3741.199951171875,3741.199951171875,3711.800048828125,3720.89990234375,89492900
2014-06-11 23:00:00,3720.89990234375,3729.199951171875,3714.89990234375,3724.199951171875,72665900
2014-06-12 23:00:00,3724.199951171875,3724.199951171875,3672.5,3683.10009765625,92553000
2014-06-15 23:00:00,3683.10009765625,3683.300048828125,3664.199951171875,3668.60009765625,85576600
2014-06-16 23:00:00,3668.60009765625,3679.0,3655.60009765625,3669.89990234375,84557600
2014-06-17 23:00:00,3669.89990234375,3686.89990234375,3669.89990234375,3676.699951171875,74598000
2014-06-18 23:00:00,3676.699951171875,3709.39990234375,3676.699951171875,3692.39990234375,80077700
2014-06-19 23:00:00,3692.39990234375,3711.39990234375,3684.800048828125,3704.10009765625,139833800
2014-06-22 23:00:00,3704.10009765625,3704.89990234375,3682.199951171875,3688.60009765625,62853200
2014-06-23 23:00:00,3688.60009765625,3699.89990234375,3673.800048828125,3677.89990234375,79434700
2014-06-24 23:00:00,3677.89990234375,3677.89990234375,3639.5,3649.89990234375,80057500
2014-06-25 23:00:00,3649.89990234375,3660.699951171875,3639.39990234375,3657.39990234375,116036100
2014-06-26 23:00:00,3657.39990234375,3673.89990234375,3657.39990234375,3669.10009765625,77645700
2014-06-29 23:00:00,3669.10009765625,3680.0,3656.699951171875,3664.199951171875,83845100
2014-06-30 23:00:00,3664.199951171875,3697.199951171875,3664.199951171875,3695.60009765625,73251100
2014-07-01 23:00:00,3695.60009765625,3710.60009765625,3693.10009765625,3703.699951171875,71875000
2014-07-02 23:00:00,3703.699951171875,3731.5,3703.699951171875,3730.89990234375,77421600
2014-07-03 23:00:00,3730.89990234375,3736.89990234375,3727.0,3732.10009765625,49527000
2014-07-06 23:00:00,3732.10009765625,3732.199951171875,3703.89990234375,3706.89990234375,57445000
2014-07-07 23:00:00,3706.89990234375,3710.89990234375,3659.10009765625,3659.199951171875,90290700
2014-07-08 23:00:00,3659.199951171875,3660.699951171875,3632.300048828125,3646.10009765625,81543800
2014-07-09 23:00:00,3646.10009765625,3649.39990234375,3604.300048828125,3621.199951171875,101317700
2014-07-10 23:00:00,3621.199951171875,3636.10009765625,3616.89990234375,3629.800048828125,72631400
2014-07-13 23:00:00,3629.800048828125,3667.199951171875,3629.800048828125,3660.10009765625,62505400
2014-07-14 23:00:00,3660.10009765625,3668.89990234375,3638.199951171875,3638.800048828125,78876800
2014-07-15 23:00:00,3638.800048828125,3682.699951171875,3638.800048828125,3678.60009765625,81421800
2014-07-16 23:00:00,3678.60009765625,3678.60009765625,3649.300048828125,3655.60009765625,80115500
2014-07-17 23:00:00,3655.60009765625,3660.89990234375,3629.60009765625,3660.89990234375,78506000
2014-07-20 23:00:00,3660.89990234375,3663.10009765625,3641.5,3648.699951171875,64886400
2014-07-21 23:00:00,3648.699951171875,3688.60009765625,3648.699951171875,3685.300048828125,72097700
2014-07-22 23:00:00,3685.300048828125,3699.699951171875,3675.39990234375,3689.300048828125,79576600
2014-07-23 23:00:00,3689.300048828125,3700.800048828125,3673.0,3700.800048828125,73736800
2014-07-24 23:00:00,3700.800048828125,3707.0,3679.800048828125,3685.0,86312300
2014-07-27 23:00:00,3685.0,3693.5,3667.199951171875,3680.800048828125,73525200
2014-07-28 23:00:00,3680.800048828125,3706.199951171875,3680.800048828125,3692.300048828125,72544400
2014-07-29 23:00:00,3692.300048828125,3695.89990234375,3666.89990234375,3674.5,88993500
2014-07-30 23:00:00,3674.5,3684.5,3642.0,3649.800048828125,123350800
2014-07-31 23:00:00,3649.800048828125,3649.800048828125,3593.89990234375,3623.0,94986500
2014-08-03 23:00:00,3623.0,3639.89990234375,3616.699951171875,3620.800048828125,72626000
2014-08-04 23:00:00,3620.800048828125,3639.0,3617.199951171875,3622.699951171875,76502900
2014-08-05 23:00:00,3622.699951171875,3622.699951171875,3572.39990234375,3598.199951171875,102811400
2014-08-06 23:00:00,3598.199951171875,3606.800048828125,3576.699951171875,3579.60009765625,82475500
2014-08-07 23:00:00,3579.60009765625,3579.60009765625,3542.699951171875,3565.89990234375,85777300
2014-08-10 23:00:00,3565.89990234375,3610.300048828125,3565.89990234375,3603.699951171875,66053700
2014-08-11 23:00:00,3603.699951171875,3610.60009765625,3594.0,3603.699951171875,62464400
2014-08-12 23:00:00,3603.699951171875,3620.89990234375,3599.300048828125,3617.10009765625,72816100
2014-08-13 23:00:00,3617.10009765625,3640.39990234375,3609.300048828125,3635.5,71039900
2014-08-14 23:00:00,3635.5,3665.60009765625,3634.89990234375,3637.0,73700100
2014-08-17 23:00:00,3637.0,3667.60009765625,3637.0,3665.60009765625,56812300
2014-08-18 23:00:00,3665.60009765625,3688.39990234375,3665.300048828125,3686.60009765625,64577300
2014-08-19 23:00:00,3686.60009765625,3687.800048828125,3662.39990234375,3670.5,66905600
2014-08-20 23:00:00,3670.5,3684.699951171875,3669.0,3683.89990234375,57621200
2014-08-21 23:00:00,3683.89990234375,3689.0,3668.39990234375,3684.199951171875,71906200
2014-08-25 23:00:00,3684.199951171875,3712.199951171875,3684.199951171875,3710.300048828125,71851800
2014-08-26 23:00:00,3710.300048828125,3716.39990234375,3707.0,3714.89990234375,65986200
2014-08-27 23:00:00,3714.89990234375,3715.10009765625,3694.699951171875,3699.39990234375,71322200
2014-08-28 23:00:00,3699.39990234375,3710.199951171875,3685.199951171875,3704.89990234375,92493800
2014-08-31 23:00:00,3704.89990234375,3710.0,3694.699951171875,3710.0,55594800
2014-09-01 23:00:00,3710.0,3722.39990234375,3702.5,3712.10009765625,103177900
2014-09-02 23:00:00,3712.10009765625,3747.39990234375,3711.39990234375,3733.5,88188300
2014-09-03 23:00:00,3733.5,3747.699951171875,3729.89990234375,3735.60009765625,90489600
2014-09-04 23:00:00,3735.60009765625,3739.0,3710.60009765625,3722.60009765625,80852300
2014-09-07 23:00:00,3722.60009765625,3722.60009765625,3676.800048828125,3707.699951171875,93853600
2014-09-08 23:00:00,3707.699951171875,3714.699951171875,3694.800048828125,3705.699951171875,76807400
2014-09-09 23:00:00,3705.699951171875,3713.699951171875,3688.10009765625,3702.199951171875,76762400
2014-09-10 23:00:00,3702.199951171875,3716.199951171875,3669.199951171875,3686.300048828125,83642300
2014-09-11 23:00:00,3686.300048828125,3704.89990234375,3686.300048828125,3692.89990234375,74481200
2014-09-14 23:00:00,3692.89990234375,3695.10009765625,3674.39990234375,3689.39990234375,69503200
2014-09-15 23:00:00,3689.39990234375,3689.39990234375,3658.300048828125,3681.89990234375,84417000
2014-09-16 23:00:00,3681.89990234375,3695.89990234375,3676.10009765625,3676.10009765625,79921400
2014-09-17 23:00:00,3676.10009765625,3699.0,3671.60009765625,3698.89990234375,86041800
2014-09-18 23:00:00,3698.89990234375,3732.699951171875,3698.89990234375,3712.300048828125,204299400
2014-09-21 23:00:00,3712.300048828125,3712.5,3675.10009765625,3678.699951171875,86214100
2014-09-22 23:00:00,3678.699951171875,3680.300048828125,3611.699951171875,3626.300048828125,98056500
2014-09-23 23:00:00,3626.300048828125,3640.89990234375,3613.0,3640.300048828125,100393200
2014-09-24 23:00:00,3640.300048828125,3651.300048828125,3595.89990234375,3605.699951171875,117944900
2014-09-25 23:00:00,3605.699951171875,3615.89990234375,3591.5,3608.60009765625,76965900
2014-09-28 23:00:00,3608.60009765625,3611.39990234375,3587.800048828125,3607.60009765625,75188400
2014-09-29 23:00:00,3607.60009765625,3615.39990234375,3584.5,3596.199951171875,112767300
2014-09-30 23:00:00,3596.199951171875,3596.199951171875,3551.199951171875,3560.199951171875,102223700
2014-10-01 23:00:00,3560.199951171875,3560.89990234375,3501.699951171875,3501.699951171875,111913000
2014-10-02 23:00:00,3501.699951171875,3553.89990234375,3501.699951171875,3547.199951171875,94142200
2014-10-05 23:00:00,3547.199951171875,3577.89990234375,3547.199951171875,3565.39990234375,93109500
2014-10-06 23:00:00,3565.39990234375,3565.39990234375,3527.699951171875,3527.699951171875,107627200
2014-10-07 23:00:00,3527.699951171875,3527.699951171875,3502.199951171875,3515.699951171875,107085800
2014-10-08 23:00:00,3515.699951171875,3549.89990234375,3485.0,3488.10009765625,113620500
2014-10-09 23:00:00,3488.10009765625,3488.10009765625,3430.699951171875,3439.800048828125,122254200
2014-10-12 23:00:00,3439.800048828125,3460.89990234375,3415.60009765625,3448.39990234375,111754500
2014-10-13 23:00:00,3448.39990234375,3470.699951171875,3416.39990234375,3465.10009765625,106638600
2014-10-14 23:00:00,3465.10009765625,3471.10009765625,3373.10009765625,3373.10009765625,144526200
2014-10-15 23:00:00,3373.10009765625,3410.60009765625,3301.39990234375,3367.699951171875,210711500
2014-10-16 23:00:00,3367.699951171875,3430.60009765625,3366.10009765625,3430.199951171875,137680300
2014-10-19 23:00:00,3430.199951171875,3435.699951171875,3395.0,3410.300048828125,92091300
2014-10-20 23:00:00,3410.300048828125,3468.300048828125,3391.60009765625,3468.300048828125,111833300
2014-10-21 23:00:00,3468.300048828125,3487.10009765625,3454.89990234375,3486.10009765625,97326800
2014-10-22 23:00:00,3486.10009765625,3499.199951171875,3440.10009765625,3493.800048828125,109349100
2014-10-23 23:00:00,3493.800048828125,3493.800048828125,3470.0,3478.10009765625,89549900
2014-10-27 00:00:00,3478.10009765625,3506.10009765625,3451.10009765625,3464.699951171875,100130800
2014-10-28 00:00:00,3464.699951171875,3490.60009765625,3464.699951171875,3485.5,96975200
2014-10-29 00:00:00,3485.5,3524.39990234375,3485.5,3513.300048828125,90553800
2014-10-30 00:00:00,3513.300048828125,3527.89990234375,3476.89990234375,3520.0,108719400
2014-10-31 00:00:00,3520.0,3568.800048828125,3520.0,3565.39990234375,137316500
2014-11-03 00:00:00,3565.39990234375,3573.0,3531.89990234375,3536.699951171875,91336400
2014-11-04 00:00:00,3536.699951171875,3549.10009765625,3513.89990234375,3519.0,105514300
2014-11-05 00:00:00,3519.0,3562.89990234375,3519.0,3562.89990234375,101003300
2014-11-06 00:00:00,3562.89990234375,3581.800048828125,3545.300048828125,3568.0,104637300
2014-11-07 00:00:00,3568.0,3596.699951171875,3565.300048828125,3573.699951171875,102464400
2014-11-10 00:00:00,3573.699951171875,3598.60009765625,3573.699951171875,3598.60009765625,80971600
2014-11-11 00:00:00,3598.60009765625,3610.5,3596.10009765625,3607.300048828125,100598300
2014-11-12 00:00:00,3607.300048828125,3608.300048828125,3586.89990234375,3598.800048828125,97567800
2014-11-13 00:00:00,3598.800048828125,3616.5,3592.10009765625,3611.0,100606400
2014-11-14 00:00:00,3611.0,3620.199951171875,3598.0,3620.199951171875,89929800
2014-11-17 00:00:00,3620.199951171875,3632.89990234375,3599.0,3628.39990234375,75621200
2014-11-18 00:00:00,3628.39990234375,3649.800048828125,3628.39990234375,3647.300048828125,87026600
2014-11-19 00:00:00,3647.300048828125,3652.300048828125,3628.89990234375,3638.10009765625,105467700
2014-11-20 00:00:00,3638.10009765625,3638.199951171875,3610.5,3630.10009765625,85700900
2014-11-21 00:00:00,3630.10009765625,3678.60009765625,3630.10009765625,3666.199951171875,109056600
2014-11-24 00:00:00,3666.199951171875,3672.699951171875,3652.39990234375,3657.199951171875,90972000
2014-11-25 00:00:00,3657.199951171875,3671.5,3651.10009765625,3662.199951171875,121796400
2014-11-26 00:00:00,3662.199951171875,3677.800048828125,3655.0,3659.699951171875,91960900
2014-11-28 00:00:00,3660.699951171875,3664.89990234375,3631.800048828125,3659.0,113458900
2014-12-01 00:00:00,3659.0,3659.0,3614.199951171875,3623.800048828125,99131600
2014-12-02 00:00:00,3623.800048828125,3668.0,3623.800048828125,3667.300048828125,92353300
2014-12-03 00:00:00,3667.300048828125,3672.0,3653.89990234375,3654.800048828125,100132600
2014-12-04 00:00:00,3654.800048828125,3665.60009765625,3635.10009765625,3638.699951171875,96786700
2014-12-05 00:00:00,3638.699951171875,3677.10009765625,3638.699951171875,3673.699951171875,91219500
2014-12-08 00:00:00,3673.699951171875,3673.699951171875,3639.39990234375,3639.39990234375,71045500
2014-12-09 00:00:00,3639.39990234375,3639.39990234375,3565.199951171875,3565.199951171875,119429400
2014-12-10 00:00:00,3565.199951171875,3585.39990234375,3552.5,3552.5,0
2014-12-11 00:00:00,3552.5,3562.199951171875,3521.199951171875,3532.199951171875,0
2014-12-12 00:00:00,3532.199951171875,3532.199951171875,3446.800048828125,3447.89990234375,0
2014-12-15 00:00:00,3447.89990234375,3476.89990234375,3388.5,3388.5,0
2014-12-16 00:00:00,3388.5,3464.0,3368.5,3464.0,0
2014-12-17 00:00:00,3464.0,3478.5,3418.89990234375,3466.800048828125,0
2014-12-18 00:00:00,3466.800048828125,3536.699951171875,3466.800048828125,3536.699951171875,0
2014-12-19 00:00:00,3536.699951171875,3589.300048828125,3536.699951171875,3578.699951171875,0
2014-12-22 00:00:00,3578.699951171875,3615.89990234375,3578.699951171875,3596.89990234375,0
2014-12-23 00:00:00,3596.89990234375,3618.699951171875,3596.89990234375,3610.39990234375,0
2014-12-24 00:00:00,3610.39990234375,3620.39990234375,3604.0,3616.199951171875,0
2014-12-29 00:00:00,3616.199951171875,3635.300048828125,3603.89990234375,3625.10009765625,0
2014-12-30 00:00:00,3625.10009765625,3625.10009765625,3573.800048828125,3583.10009765625,0
2014-12-31 00:00:00,3583.10009765625,3600.0,3583.10009765625,3595.300048828125,0
2015-01-02 00:00:00,3595.300048828125,3614.699951171875,3566.0,3585.699951171875,0
2015-01-05 00:00:00,3585.699951171875,3601.800048828125,3514.699951171875,3520.89990234375,0
2015-01-06 00:00:00,3520.89990234375,3536.199951171875,3475.800048828125,3492.5,0
2015-01-07 00:00:00,3492.5,3540.199951171875,3492.5,3519.60009765625,0
2015-01-08 00:00:00,3519.60009765625,3602.10009765625,3519.60009765625,3597.10009765625,0
2015-01-09 00:00:00,3597.10009765625,3597.10009765625,3547.300048828125,3562.699951171875,0
2015-01-12 00:00:00,3562.699951171875,3582.60009765625,3534.39990234375,3560.5,0
2015-01-13 00:00:00,3560.5,3591.300048828125,3544.699951171875,3584.300048828125,0
2015-01-14 00:00:00,3584.300048828125,3584.300048828125,3488.0,3505.89990234375,0
2015-01-15 00:00:00,3505.89990234375,3558.199951171875,3460.89990234375,3558.199951171875,0
2015-01-16 00:00:00,3558.199951171875,3583.89990234375,3531.89990234375,3582.199951171875,0
2015-01-19 00:00:00,3582.199951171875,3609.300048828125,3582.0,3603.60009765625,0
2015-01-20 00:00:00,3603.60009765625,3632.10009765625,3603.60009765625,3621.60009765625,0
2015-01-21 00:00:00,3621.60009765625,3675.800048828125,3621.60009765625,3675.800048828125,0
2015-01-22 00:00:00,3675.800048828125,3717.800048828125,3675.0,3711.89990234375,0
2015-01-23 00:00:00,3711.89990234375,3736.60009765625,3711.89990234375,3731.39990234375,0
2015-01-26 00:00:00,3731.39990234375,3742.39990234375,3708.800048828125,3740.800048828125,0
2015-01-27 00:00:00,3740.800048828125,3748.5,3699.89990234375,3717.89990234375,0
2015-01-28 00:00:00,3717.89990234375,3743.5,3701.699951171875,3727.0,0
2015-01-29 00:00:00,3727.0,3727.0,3687.0,3717.60009765625,0
2015-01-30 00:00:00,3717.60009765625,3735.0,3687.5,3687.5,0
2015-02-02 00:00:00,3687.5,3711.300048828125,3678.39990234375,3704.60009765625,0
2015-02-03 00:00:00,3704.60009765625,3760.199951171875,3704.39990234375,3753.300048828125,0
2015-02-04 00:00:00,3753.300048828125,3759.10009765625,3719.199951171875,3747.89990234375,0
2015-02-05 00:00:00,3747.89990234375,3756.0,3721.10009765625,3755.0,0
2015-02-06 00:00:00,3755.0,3765.39990234375,3738.89990234375,3748.89990234375,0
2015-02-09 00:00:00,3748.89990234375,3748.89990234375,3708.699951171875,3737.699951171875,0
2015-02-10 00:00:00,3737.699951171875,3743.39990234375,3715.0,3736.800048828125,0
2015-02-11 00:00:00,3736.800048828125,3741.39990234375,3714.800048828125,3730.800048828125,0
2015-02-12 00:00:00,3730.800048828125,3751.39990234375,3730.800048828125,3741.699951171875,0
2015-02-13 00:00:00,3741.699951171875,3771.199951171875,3741.699951171875,3764.0,0
2015-02-16 00:00:00,3764.0,3766.60009765625,3754.300048828125,3756.800048828125,0
2015-02-17 00:00:00,3756.800048828125,3777.800048828125,3738.89990234375,3776.699951171875,0
2015-02-18 00:00:00,3776.699951171875,3790.0,3769.5,3780.800048828125,0
2015-02-19 00:00:00,3780.800048828125,3785.89990234375,3762.0,3778.199951171875,0
2015-02-20 00:00:00,3778.199951171875,3792.89990234375,3775.800048828125,3792.89990234375,0
2015-02-23 00:00:00,3792.89990234375,3807.39990234375,3778.10009765625,3793.10009765625,0
2015-02-24 00:00:00,3793.10009765625,3815.89990234375,3784.89990234375,3811.60009765625,0
2015-02-25 00:00:00,3811.60009765625,3814.39990234375,3788.89990234375,3804.5,0
2015-02-26 00:00:00,3804.5,3813.300048828125,3797.800048828125,3813.300048828125,0
2015-02-27 00:00:00,3813.300048828125,3822.300048828125,3803.199951171875,3812.800048828125,0
2015-03-02 00:00:00,3812.800048828125,3827.5,3801.699951171875,3809.199951171875,0
2015-03-03 00:00:00,3809.199951171875,3821.199951171875,3781.699951171875,3781.699951171875,0
2015-03-04 00:00:00,3781.699951171875,3795.199951171875,3767.5,3795.199951171875,0
2015-03-05 00:00:00,3795.199951171875,3824.0,3794.10009765625,3820.699951171875,0
2015-03-06 00:00:00,3820.699951171875,3822.39990234375,3796.699951171875,3796.699951171875,0
2015-03-09 00:00:00,3796.699951171875,3796.699951171875,3769.699951171875,3776.699951171875,0
2015-03-10 00:00:00,3776.699951171875,3776.800048828125,3688.0,3688.0,0
2015-03-11 00:00:00,3688.0,3706.699951171875,3680.60009765625,3697.5,0
2015-03-12 00:00:00,3697.5,3737.89990234375,3697.5,3719.800048828125,0
2015-03-13 00:00:00,3719.800048828125,3728.0,3698.199951171875,3712.0,0
2015-03-16 00:00:00,3712.0,3747.0,3712.0,3744.5,0
2015-03-17 00:00:00,3744.5,3765.699951171875,3738.699951171875,3760.0,0
2015-03-18 00:00:00,3760.0,3815.300048828125,3759.89990234375,3815.300048828125,0
2015-03-19 00:00:00,3815.300048828125,3836.39990234375,3810.10009765625,3825.800048828125,0
2015-03-20 00:00:00,3825.800048828125,3857.89990234375,3825.300048828125,3857.10009765625,0
2015-03-23 00:00:00,3857.10009765625,3864.5,3841.800048828125,3864.5,0
2015-03-24 00:00:00,3864.5,3880.699951171875,3851.89990234375,3857.300048828125,0
2015-03-25 00:00:00,3857.300048828125,3866.10009765625,3838.39990234375,3841.300048828125,0
2015-03-26 00:00:00,3841.300048828125,3841.300048828125,3778.60009765625,3788.699951171875,0
2015-03-27 00:00:00,3788.699951171875,3797.300048828125,3760.60009765625,3766.60009765625,0
2015-03-29 23:00:00,3766.60009765625,3798.39990234375,3766.60009765625,3785.0,0
2015-03-30 23:00:00,3785.0,3796.89990234375,3722.300048828125,3726.39990234375,0
2015-03-31 23:00:00,3726.39990234375,3768.60009765625,3721.39990234375,3744.300048828125,0
2015-04-01 23:00:00,3744.300048828125,3767.89990234375,3742.89990234375,3760.60009765625,0
2015-04-06 23:00:00,3760.60009765625,3831.10009765625,3760.5,3828.60009765625,0
2015-04-07 23:00:00,3828.60009765625,3855.39990234375,3816.0,3818.800048828125,0
2015-04-08 23:00:00,3818.800048828125,3860.39990234375,3818.800048828125,3860.199951171875,0
2015-04-09 23:00:00,3860.199951171875,3902.5,3860.199951171875,3900.10009765625,0
2015-04-12 23:00:00,3900.10009765625,3900.39990234375,3877.699951171875,3886.800048828125,0
2015-04-13 23:00:00,3886.800048828125,3898.39990234375,3878.10009765625,3892.89990234375,0
2015-04-14 23:00:00,3892.89990234375,3910.699951171875,3885.800048828125,3903.300048828125,0
2015-04-15 23:00:00,3903.300048828125,3913.60009765625,3880.39990234375,3881.5,0
2015-04-16 23:00:00,3881.5,3898.39990234375,3838.699951171875,3845.5,0
2015-04-19 23:00:00,3845.5,3882.5,3845.5,3873.10009765625,0
2015-04-20 23:00:00,3873.10009765625,3902.89990234375,3863.800048828125,3882.0,0
2015-04-21 23:00:00,3882.0,3896.39990234375,3847.699951171875,3863.300048828125,0
2015-04-22 23:00:00,3863.300048828125,3876.89990234375,3845.699951171875,3876.699951171875,0
2015-04-23 23:00:00,3876.699951171875,3901.5,3876.199951171875,3886.10009765625,0
2015-04-26 23:00:00,3886.10009765625,3912.39990234375,3862.39990234375,3903.39990234375,0
2015-04-27 23:00:00,3903.39990234375,3903.39990234375,3840.10009765625,3865.199951171875,0
2015-04-28 23:00:00,3865.199951171875,3878.300048828125,3819.699951171875,3820.0,0
2015-04-29 23:00:00,3820.0,3832.199951171875,3798.199951171875,3826.39990234375,0
2015-04-30 23:00:00,3826.39990234375,3842.800048828125,3804.0,3837.800048828125,0
2015-05-04 23:00:00,3837.800048828125,3874.39990234375,3810.39990234375,3810.39990234375,0
2015-05-05 23:00:00,3810.39990234375,3833.800048828125,3801.699951171875,3811.800048828125,0
2015-05-06 23:00:00,3811.800048828125,3811.800048828125,3748.10009765625,3791.5,0
2015-05-07 23:00:00,3791.5,3885.0,3791.199951171875,3882.5,0
2015-05-10 23:00:00,3882.5,3900.800048828125,3869.89990234375,3872.39990234375,0
2015-05-11 23:00:00,3872.39990234375,3872.39990234375,3796.800048828125,3821.699951171875,0
2015-05-12 23:00:00,3821.699951171875,3852.300048828125,3821.0,3835.10009765625,0
2015-05-13 23:00:00,3835.10009765625,3851.0,3801.89990234375,3848.300048828125,0
2015-05-14 23:00:00,3848.300048828125,3869.199951171875,3832.800048828125,3845.800048828125,0
2015-05-17 23:00:00,3845.800048828125,3872.60009765625,3831.39990234375,3849.699951171875,0
2015-05-18 23:00:00,3849.699951171875,3874.10009765625,3849.699951171875,3867.300048828125,0
2015-05-19 23:00:00,3867.300048828125,3876.89990234375,3849.39990234375,3871.39990234375,0
2015-05-20 23:00:00,3871.39990234375,3879.5,3865.10009765625,3874.89990234375,0
2015-05-21 23:00:00,3874.89990234375,3900.300048828125,3874.89990234375,3884.699951171875,0
2015-05-25 23:00:00,3884.699951171875,3888.5,3834.0,3843.300048828125,0
2015-05-26 23:00:00,3843.300048828125,3897.10009765625,3843.10009765625,3887.0,0
2015-05-27 23:00:00,3887.0,3894.39990234375,3872.699951171875,3890.5,0
2015-05-28 23:00:00,3890.5,3905.89990234375,3852.89990234375,3861.60009765625,0
2015-05-31 23:00:00,3861.60009765625,3889.199951171875,3844.199951171875,3849.800048828125,0
2015-06-01 23:00:00,3849.800048828125,3861.0,3809.5,3838.10009765625,0
2015-06-02 23:00:00,3838.10009765625,3870.300048828125,3826.60009765625,3849.89990234375,0
2015-06-03 23:00:00,3849.89990234375,3849.89990234375,3791.39990234375,3801.699951171875,0
2015-06-04 23:00:00,3801.699951171875,3801.699951171875,3761.60009765625,3770.89990234375,0
2015-06-07 23:00:00,3770.89990234375,3781.89990234375,3759.199951171875,3762.300048828125,0
2015-06-08 23:00:00,3762.300048828125,3769.300048828125,3734.800048828125,3744.300048828125,0
2015-06-09 23:00:00,3744.300048828125,3792.89990234375,3735.10009765625,3786.300048828125,0
2015-06-10 23:00:00,3786.300048828125,3808.5,3775.800048828125,3795.89990234375,0
2015-06-11 23:00:00,3795.89990234375,3795.89990234375,3748.89990234375,3762.5,0
2015-06-14 23:00:00,3762.5,3762.5,3719.60009765625,3720.39990234375,0
2015-06-15 23:00:00,3720.39990234375,3727.5,3690.5,3720.5,0
2015-06-16 23:00:00,3720.5,3733.199951171875,3697.300048828125,3705.800048828125,0
2015-06-17 23:00:00,3705.800048828125,3717.39990234375,3674.199951171875,3717.39990234375,0
2015-06-18 23:00:00,3717.39990234375,3743.39990234375,3710.300048828125,3719.5,0
2015-06-21 23:00:00,3719.5,3779.699951171875,3719.5,3779.699951171875,0
2015-06-22 23:00:00,3779.699951171875,3797.800048828125,3779.699951171875,3787.199951171875,0
2015-06-23 23:00:00,3787.199951171875,3804.300048828125,3783.0,3789.10009765625,0
2015-06-24 23:00:00,3789.10009765625,3802.39990234375,3768.300048828125,3772.89990234375,0
2015-06-25 23:00:00,3772.89990234375,3772.89990234375,3732.60009765625,3743.60009765625,0
2015-06-28 23:00:00,3743.60009765625,3743.60009765625,3656.89990234375,3672.10009765625,0
2015-06-29 23:00:00,3672.10009765625,3672.10009765625,3626.300048828125,3626.300048828125,0
2015-06-30 23:00:00,3626.300048828125,3687.60009765625,3626.300048828125,3673.199951171875,0
2015-07-01 23:00:00,3673.199951171875,3690.10009765625,3667.699951171875,3682.10009765625,0
2015-07-02 23:00:00,3682.10009765625,3682.10009765625,3652.199951171875,3659.0,0
2015-07-05 23:00:00,3659.0,3659.0,3616.89990234375,3629.800048828125,0
2015-07-06 23:00:00,3629.800048828125,3633.699951171875,3574.0,3574.0,0
2015-07-07 23:00:00,3574.0,3613.60009765625,3573.300048828125,3597.300048828125,0
2015-07-08 23:00:00,3597.300048828125,3652.199951171875,3597.300048828125,3645.60009765625,0
2015-07-09 23:00:00,3645.60009765625,3700.800048828125,3645.60009765625,3694.60009765625,0
2015-07-12 23:00:00,3694.60009765625,3732.300048828125,3694.60009765625,3732.300048828125,0
2015-07-13 23:00:00,3732.300048828125,3737.10009765625,3715.0,3737.10009765625,0
2015-07-14 23:00:00,3737.10009765625,3747.39990234375,3723.300048828125,3737.0,0
2015-07-15 23:00:00,3737.0,3765.39990234375,3737.0,3761.199951171875,0
2015-07-16 23:00:00,3761.199951171875,3763.300048828125,3745.60009765625,3751.0,0
2015-07-19 23:00:00,3751.0,3772.199951171875,3749.300048828125,3758.199951171875,0
2015-07-20 23:00:00,3758.199951171875,3764.60009765625,3743.0,3748.300048828125,0
2015-07-21 23:00:00,3748.300048828125,3748.300048828125,3691.699951171875,3697.60009765625,0
2015-07-22 23:00:00,3697.60009765625,3720.199951171875,3686.39990234375,3691.0,0
2015-07-23 23:00:00,3691.0,3705.300048828125,3649.199951171875,3652.10009765625,0
2015-07-26 23:00:00,3652.10009765625,3656.60009765625,3605.800048828125,3609.5,0
2015-07-27 23:00:00,3609.5,3644.199951171875,3609.5,3636.800048828125,0
2015-07-28 23:00:00,3636.800048828125,3677.300048828125,3636.800048828125,3676.10009765625,0
2015-07-29 23:00:00,3676.10009765625,3707.5,3676.10009765625,3693.800048828125,0
2015-07-30 23:00:00,3693.800048828125,3716.0,3684.0,3712.0,0
2015-08-02 23:00:00,3712.0,3718.39990234375,3698.0,3708.199951171875,0
2015-08-03 23:00:00,3708.199951171875,3722.39990234375,3686.60009765625,3709.60009765625,0
2015-08-04 23:00:00,3709.60009765625,3745.800048828125,3709.60009765625,3741.300048828125,0
2015-08-05 23:00:00,3741.300048828125,3746.300048828125,3723.699951171875,3737.800048828125,0
2015-08-06 23:00:00,3737.800048828125,3740.5,3721.39990234375,3721.39990234375,0
2015-08-09 23:00:00,3721.39990234375,3739.39990234375,3688.699951171875,3733.39990234375,0
2015-08-10 23:00:00,3733.39990234375,3733.39990234375,3696.89990234375,3697.10009765625,0
2015-08-11 23:00:00,3697.10009765625,3697.10009765625,3627.5,3646.0,0
2015-08-12 23:00:00,3646.0,3681.800048828125,3641.10009765625,3650.300048828125,0
2015-08-13 23:00:00,3650.300048828125,3669.60009765625,3640.0,3643.10009765625,0
2015-08-16 23:00:00,3643.10009765625,3661.300048828125,3620.699951171875,3642.5,0
2015-08-17 23:00:00,3642.5,3650.10009765625,3621.39990234375,3631.699951171875,0
2015-08-18 23:00:00,3631.699951171875,3631.800048828125,3567.5,3567.5,0
2015-08-19 23:00:00,3567.5,3567.5,3541.699951171875,3545.39990234375,0
2015-08-20 23:00:00,3545.39990234375,3545.39990234375,3449.5,3449.5,0
2015-08-23 23:00:00,3449.5,3449.5,3224.10009765625,3293.10009765625,0
2015-08-24 23:00:00,3293.10009765625,3410.10009765625,3293.0,3395.10009765625,0
2015-08-25 23:00:00,3395.10009765625,3404.5,3324.89990234375,3343.89990234375,0
2015-08-26 23:00:00,3343.89990234375,3463.300048828125,3343.89990234375,3453.199951171875,0
2015-08-27 23:00:00,3453.199951171875,3485.5,3434.10009765625,3485.5,0
2015-08-31 23:00:00,3485.5,3485.5,3374.0,3388.89990234375,0
2015-09-01 23:00:00,3388.89990234375,3440.39990234375,3370.199951171875,3401.89990234375,0
2015-09-02 23:00:00,3401.89990234375,3470.800048828125,3401.89990234375,3460.10009765625,0
2015-09-03 23:00:00,3460.10009765625,3460.10009765625,3380.10009765625,3380.60009765625,93876800
2015-09-06 23:00:00,3380.60009765625,3422.800048828125,3380.60009765625,3396.300048828125,0
2015-09-07 23:00:00,3396.300048828125,3460.5,3396.300048828125,3434.89990234375,0
2015-09-08 23:00:00,3434.89990234375,3506.0,3434.89990234375,3478.5,0
2015-09-09 23:00:00,3478.5,3478.5,3427.10009765625,3440.10009765625,0
2015-09-10 23:00:00,3440.10009765625,3449.5,3418.39990234375,3420.699951171875,0
2015-09-13 23:00:00,3420.699951171875,3458.5,3394.300048828125,3404.0,0
2015-09-14 23:00:00,3404.0,3440.0,3370.5,3429.60009765625,0
2015-09-15 23:00:00,3429.60009765625,3482.800048828125,3429.60009765625,3475.300048828125,0
2015-09-16 23:00:00,3475.300048828125,3481.60009765625,3453.199951171875,3455.199951171875,0
2015-09-17 23:00:00,3455.199951171875,3456.0,3390.300048828125,3413.800048828125,0
2015-09-20 23:00:00,3413.800048828125,3445.60009765625,3401.89990234375,3413.89990234375,0
2015-09-21 23:00:00,3413.89990234375,3415.5,3321.39990234375,3321.39990234375,0
2015-09-22 23:00:00,3321.39990234375,3388.0,3318.39990234375,3370.39990234375,0
2015-09-23 23:00:00,3370.39990234375,3383.39990234375,3325.300048828125,3332.60009765625,0
2015-09-24 23:00:00,3332.60009765625,3417.199951171875,3332.60009765625,3410.699951171875,0
2015-09-27 23:00:00,3410.699951171875,3411.300048828125,3335.0,3335.0,0
2015-09-28 23:00:00,3335.0,3335.0,3291.199951171875,3306.0,0
2015-09-29 23:00:00,3306.0,3384.699951171875,3306.0,3384.699951171875,0
2015-09-30 23:00:00,3384.699951171875,3443.300048828125,3382.800048828125,3392.60009765625,0
2015-10-01 23:00:00,3392.60009765625,3444.89990234375,3380.800048828125,3420.199951171875,0
2015-10-04 23:00:00,3420.199951171875,3509.89990234375,3420.199951171875,3509.10009765625,0
2015-10-05 23:00:00,3509.10009765625,3531.0,3486.5,3522.39990234375,0
2015-10-06 23:00:00,3522.39990234375,3554.10009765625,3515.0,3523.5,0
2015-10-07 23:00:00,3523.5,3542.5,3505.199951171875,3540.199951171875,0
2015-10-08 23:00:00,3540.199951171875,3581.0,3540.199951171875,3562.10009765625,0
2015-10-11 23:00:00,3562.10009765625,3562.10009765625,3527.89990234375,3537.89990234375,0
2015-10-12 23:00:00,3537.89990234375,3537.89990234375,3503.199951171875,3521.39990234375,0
2015-10-13 23:00:00,3521.39990234375,3521.39990234375,3484.5,3484.89990234375,0
2015-10-14 23:00:00,3484.89990234375,3527.39990234375,3484.89990234375,3521.60009765625,0
2015-10-15 23:00:00,3521.60009765625,3553.199951171875,3521.60009765625,3537.699951171875,0
2015-10-18 23:00:00,3537.699951171875,3554.300048828125,3517.699951171875,3526.699951171875,0
2015-10-19 23:00:00,3526.699951171875,3536.10009765625,3512.699951171875,3525.800048828125,0
2015-10-20 23:00:00,3525.800048828125,3547.89990234375,3510.699951171875,3529.199951171875,0
2015-10-21 23:00:00,3529.199951171875,3546.89990234375,3514.199951171875,3542.300048828125,0
2015-10-22 23:00:00,3542.300048828125,3601.300048828125,3542.300048828125,3580.5,0
2015-10-26 00:00:00,3580.5,3583.800048828125,3560.5,3565.800048828125,0
2015-10-27 00:00:00,3565.800048828125,3566.699951171875,3537.300048828125,3537.300048828125,0
2015-10-28 00:00:00,3537.300048828125,3579.10009765625,3531.60009765625,3574.10009765625,0
2015-10-29 00:00:00,3574.10009765625,3574.10009765625,3536.10009765625,3553.800048828125,0
2015-10-30 00:00:00,3553.800048828125,3560.800048828125,3526.39990234375,3537.89990234375,0
2015-11-02 00:00:00,3537.89990234375,3541.39990234375,3515.89990234375,3540.10009765625,0
2015-11-03 00:00:00,3540.10009765625,3550.89990234375,3532.199951171875,3550.89990234375,0
2015-11-04 00:00:00,3550.89990234375,3588.0,3550.699951171875,3564.10009765625,0
2015-11-05 00:00:00,3564.10009765625,3567.10009765625,3535.89990234375,3539.699951171875,0
2015-11-06 00:00:00,3539.699951171875,3557.199951171875,3525.89990234375,3536.300048828125,0
2015-11-09 00:00:00,3536.300048828125,3551.39990234375,3505.300048828125,3507.5,0
2015-11-10 00:00:00,3507.5,3525.89990234375,3482.60009765625,3495.699951171875,0
2015-11-11 00:00:00,3495.699951171875,3524.0,3495.300048828125,3508.0,0
2015-11-12 00:00:00,3508.0,3509.0,3445.199951171875,3445.199951171875,0
2015-11-13 00:00:00,3445.199951171875,3445.300048828125,3398.60009765625,3414.10009765625,0
2015-11-16 00:00:00,3414.10009765625,3435.0,3393.699951171875,3429.5,0
2015-11-17 00:00:00,3429.5,3494.300048828125,3429.39990234375,3494.300048828125,0
2015-11-18 00:00:00,3494.300048828125,3501.60009765625,3473.800048828125,3499.199951171875,0
2015-11-19 00:00:00,3499.199951171875,3543.300048828125,3499.199951171875,3524.60009765625,0
2015-11-20 00:00:00,3524.60009765625,3539.39990234375,3515.199951171875,3528.300048828125,0
2015-11-23 00:00:00,3528.300048828125,3528.300048828125,3494.0,3512.0,0
2015-11-24 00:00:00,3512.0,3512.10009765625,3465.300048828125,3493.39990234375,0
2015-11-25 00:00:00,3493.39990234375,3531.39990234375,3493.39990234375,3526.89990234375,0
2015-11-26 00:00:00,3526.89990234375,3556.800048828125,3525.39990234375,3556.199951171875,0
2015-11-27 00:00:00,3556.199951171875,3556.199951171875,3532.300048828125,3549.699951171875,0
2015-11-30 00:00:00,3549.699951171875,3559.199951171875,3527.699951171875,3546.5,0
2015-12-01 00:00:00,3546.5,3571.60009765625,3546.5,3568.10009765625,0
2015-12-02 00:00:00,3568.10009765625,3593.800048828125,3568.10009765625,3581.10009765625,0
2015-12-03 00:00:00,3581.10009765625,3595.10009765625,3508.199951171875,3508.199951171875,0
2015-12-04 00:00:00,3508.199951171875,3508.5,3479.89990234375,3490.39990234375,0
2015-12-07 00:00:00,3490.39990234375,3516.39990234375,3479.300048828125,3483.199951171875,0
2015-12-08 00:00:00,3483.199951171875,3484.10009765625,3428.800048828125,3436.699951171875,0
2015-12-09 00:00:00,3436.699951171875,3455.0,3418.199951171875,3430.89990234375,0
2015-12-10 00:00:00,3430.89990234375,3430.89990234375,3406.800048828125,3411.0,0
2015-12-11 00:00:00,3411.0,3411.0,3340.39990234375,3341.60009765625,0
2015-12-14 00:00:00,3341.60009765625,3370.5,3300.699951171875,3301.60009765625,0
2015-12-15 00:00:00,3301.60009765625,3385.60009765625,3301.60009765625,3375.800048828125,0
2015-12-16 00:00:00,3375.800048828125,3410.60009765625,3375.199951171875,3398.5,0
2015-12-17 00:00:00,3398.5,3450.60009765625,3398.5,3421.199951171875,0
2015-12-18 00:00:00,3421.199951171875,3422.300048828125,3394.699951171875,3395.60009765625,0
2015-12-21 00:00:00,3395.60009765625,3427.199951171875,3386.39990234375,3386.39990234375,0
2015-12-22 00:00:00,3386.39990234375,3415.5,3384.699951171875,3411.800048828125,0
2015-12-23 00:00:00,3411.800048828125,3496.39990234375,3411.800048828125,3492.5,0
2015-12-24 00:00:00,3492.5,3501.800048828125,3491.199951171875,3499.60009765625,0
2015-12-29 00:00:00,3499.60009765625,3532.699951171875,3495.199951171875,3532.699951171875,0
2015-12-30 00:00:00,3532.699951171875,3532.699951171875,3504.800048828125,3512.300048828125,0
2015-12-31 00:00:00,3512.300048828125,3513.5,3490.10009765625,3494.5,0
2016-01-04 00:00:00,3494.5,3494.60009765625,3403.5,3415.0,0
2016-01-05 00:00:00,3415.0,3452.0,3407.800048828125,3438.10009765625,0
2016-01-06 00:00:00,3438.10009765625,3438.10009765625,3375.0,3403.5,0
2016-01-07 00:00:00,3403.5,3403.5,3303.5,3339.10009765625,0
2016-01-08 00:00:00,3339.10009765625,3372.0,3317.800048828125,3317.800048828125,0
2016-01-11 00:00:00,3317.800048828125,3331.89990234375,3296.5,3296.5,0
2016-01-12 00:00:00,3296.5,3353.60009765625,3294.800048828125,3324.0,0
2016-01-13 00:00:00,3324.0,3366.10009765625,3324.0,3338.800048828125,0
2016-01-14 00:00:00,3338.800048828125,3338.800048828125,3265.10009765625,3309.10009765625,0
2016-01-15 00:00:00,3309.10009765625,3318.699951171875,3228.699951171875,3247.5,0
2016-01-18 00:00:00,3247.5,3271.800048828125,3225.699951171875,3229.199951171875,0
2016-01-19 00:00:00,3229.199951171875,3300.0,3229.199951171875,3279.39990234375,0
2016-01-20 00:00:00,3279.39990234375,3279.39990234375,3152.10009765625,3169.0,0
2016-01-21 00:00:00,3169.0,3225.699951171875,3162.89990234375,3221.89990234375,0
2016-01-22 00:00:00,3221.89990234375,3302.5,3221.89990234375,3290.5,0
2016-01-25 00:00:00,3290.5,3308.300048828125,3267.699951171875,3280.60009765625,0
2016-01-26 00:00:00,3280.60009765625,3301.5,3224.89990234375,3297.60009765625,0
2016-01-27 00:00:00,3297.800048828125,3337.60009765625,3276.300048828125,3337.60009765625,0
2016-01-28 00:00:00,3337.60009765625,3353.699951171875,3285.89990234375,3307.60009765625,0
2016-01-29 00:00:00,3307.60009765625,3388.0,3307.60009765625,3388.0,0
2016-02-01 00:00:00,3388.0,3404.60009765625,3342.5,3377.10009765625,0
2016-02-02 00:00:00,3377.10009765625,3377.300048828125,3289.60009765625,3306.699951171875,0
2016-02-03 00:00:00,3306.699951171875,3307.10009765625,3232.10009765625,3256.699951171875,0
2016-02-04 00:00:00,3256.699951171875,3308.300048828125,3251.300048828125,3288.39990234375,0
2016-02-05 00:00:00,3288.39990234375,3313.800048828125,3258.199951171875,3262.10009765625,0
2016-02-08 00:00:00,3262.10009765625,3278.300048828125,3159.5,3171.10009765625,0
2016-02-09 00:00:00,3171.10009765625,3194.89990234375,3117.800048828125,3138.300048828125,0
2016-02-10 00:00:00,3138.300048828125,3185.5,3131.89990234375,3163.699951171875,0
2016-02-11 00:00:00,3163.699951171875,3163.699951171875,3072.60009765625,3089.5,0
2016-02-12 00:00:00,3089.5,3177.699951171875,3089.5,3177.10009765625,0
2016-02-15 00:00:00,3177.10009765625,3251.5,3177.10009765625,3241.39990234375,0
2016-02-16 00:00:00,3241.39990234375,3270.60009765625,3234.300048828125,3257.89990234375,0
2016-02-17 00:00:00,3257.89990234375,3351.5,3257.89990234375,3351.5,0
2016-02-18 00:00:00,3351.5,3356.199951171875,3313.60009765625,3325.39990234375,0
2016-02-19 00:00:00,3325.39990234375,3339.5,3296.199951171875,3314.699951171875,0
2016-02-22 00:00:00,3314.699951171875,3374.0,3314.699951171875,3359.60009765625,0
2016-02-23 00:00:00,3359.60009765625,3359.60009765625,3318.300048828125,3322.800048828125,0
2016-02-24 00:00:00,3322.800048828125,3324.5,3263.10009765625,3275.0,0
2016-02-25 00:00:00,3275.0,3360.699951171875,3275.0,3352.10009765625,0
2016-02-26 00:00:00,3352.10009765625,3405.89990234375,3352.10009765625,3396.39990234375,0
2016-02-29 00:00:00,3396.39990234375,3401.699951171875,3363.300048828125,3398.199951171875,0
2016-03-01 00:00:00,3398.199951171875,3430.5,3386.800048828125,3430.5,0
2016-03-02 00:00:00,3430.5,3452.39990234375,3401.0,3425.60009765625,0
2016-03-03 00:00:00,3425.60009765625,3439.60009765625,3407.800048828125,3418.60009765625,0
2016-03-04 00:00:00,3418.60009765625,3459.10009765625,3418.60009765625,3457.0,0
2016-03-07 00:00:00,3457.0,3466.39990234375,3419.10009765625,3445.60009765625,0
2016-03-08 00:00:00,3445.60009765625,3445.60009765625,3401.699951171875,3413.0,0
2016-03-09 00:00:00,3413.0,3435.199951171875,3406.60009765625,3420.39990234375,0
2016-03-10 00:00:00,3420.39990234375,3450.89990234375,3362.60009765625,3362.60009765625,0
2016-03-11 00:00:00,3362.60009765625,3423.10009765625,3362.60009765625,3417.5,0
2016-03-14 00:00:00,3417.5,3449.10009765625,3417.5,3437.0,0
2016-03-15 00:00:00,3437.0,3437.10009765625,3407.300048828125,3419.0,0
2016-03-16 00:00:00,3419.0,3445.60009765625,3417.39990234375,3439.60009765625,0
2016-03-17 00:00:00,3439.60009765625,3464.300048828125,3413.89990234375,3454.800048828125,0
2016-03-18 00:00:00,3454.800048828125,3474.39990234375,3449.300048828125,3451.39990234375,0
2016-03-21 00:00:00,3451.39990234375,3465.800048828125,3432.60009765625,3447.699951171875,0
2016-03-22 00:00:00,3447.699951171875,3453.0,3409.5,3452.89990234375,0
2016-03-23 00:00:00,3452.89990234375,3465.60009765625,3441.60009765625,3454.5,0
2016-03-24 00:00:00,3454.5,3454.5,3398.10009765625,3405.0,0
2016-03-28 23:00:00,3405.0,3430.60009765625,3388.5,3407.60009765625,0
2016-03-29 23:00:00,3407.60009765625,3469.5,3407.60009765625,3460.199951171875,0
2016-03-30 23:00:00,3460.199951171875,3460.39990234375,3432.5,3445.39990234375,0
2016-03-31 23:00:00,3445.39990234375,3445.39990234375,3393.60009765625,3429.199951171875,0
2016-04-03 23:00:00,3429.199951171875,3457.0,3422.300048828125,3437.89990234375,72329900
2016-04-04 23:00:00,3437.89990234375,3437.89990234375,3385.0,3399.800048828125,0
2016-04-05 23:00:00,3399.800048828125,3437.300048828125,3399.800048828125,3437.199951171875,0
2016-04-06 23:00:00,3437.199951171875,3458.699951171875,3411.800048828125,3420.5,0
2016-04-07 23:00:00,3420.5,3462.800048828125,3420.5,3455.699951171875,0
2016-04-10 23:00:00,3455.699951171875,3468.300048828125,3435.800048828125,3451.89990234375,0
2016-04-11 23:00:00,3451.89990234375,3474.39990234375,3438.5,3472.10009765625,0
2016-04-12 23:00:00,3472.10009765625,3536.60009765625,3472.10009765625,3536.60009765625,0
2016-04-13 23:00:00,3536.60009765625,3541.39990234375,3522.10009765625,3536.0,0
2016-04-14 23:00:00,3536.0,3540.5,3516.199951171875,3522.89990234375,0
2016-04-17 23:00:00,3522.89990234375,3527.199951171875,3481.199951171875,3526.699951171875,0
2016-04-18 23:00:00,3526.699951171875,3563.5,3526.699951171875,3556.10009765625,0
2016-04-19 23:00:00,3556.10009765625,3563.0,3535.800048828125,3557.39990234375,0
2016-04-20 23:00:00,3557.39990234375,3565.5,3527.699951171875,3542.699951171875,0
2016-04-21 23:00:00,3542.699951171875,3542.800048828125,3496.89990234375,3506.199951171875,0
2016-04-24 23:00:00,3506.199951171875,3514.199951171875,3481.0,3486.60009765625,0
2016-04-25 23:00:00,3486.60009765625,3504.89990234375,3486.60009765625,3496.800048828125,0
2016-04-26 23:00:00,3496.800048828125,3518.0,3485.39990234375,3518.0,0
2016-04-27 23:00:00,3518.0,3518.5,3469.699951171875,3518.5,0
2016-04-28 23:00:00,3518.5,3518.5,3472.0,3472.0,0
2016-05-02 23:00:00,3472.0,3485.89990234375,3431.199951171875,3443.5,0
2016-05-03 23:00:00,3443.5,3443.5,3401.10009765625,3407.10009765625,0
2016-05-04 23:00:00,3407.10009765625,3429.5,3402.800048828125,3409.60009765625,0
2016-05-05 23:00:00,3409.60009765625,3415.10009765625,3379.10009765625,3413.0,0
2016-05-08 23:00:00,3413.0,3441.5,3406.60009765625,3409.300048828125,0
2016-05-09 23:00:00,3409.300048828125,3443.39990234375,3409.300048828125,3430.0,0
2016-05-10 23:00:00,3430.0,3437.800048828125,3416.60009765625,3432.5,0
2016-05-11 23:00:00,3432.5,3448.60009765625,3397.89990234375,3403.5,0
2016-05-12 23:00:00,3403.5,3419.0,3379.199951171875,3419.0,0
2016-05-15 23:00:00,3419.0,3429.199951171875,3396.60009765625,3426.699951171875,0
2016-05-16 23:00:00,3426.699951171875,3460.39990234375,3426.699951171875,3439.300048828125,0
2016-05-17 23:00:00,3439.300048828125,3441.0,3413.199951171875,3439.699951171875,0
2016-05-18 23:00:00,3439.699951171875,3439.699951171875,3381.0,3382.39990234375,0
2016-05-19 23:00:00,3382.39990234375,3436.699951171875,3382.39990234375,3436.699951171875,0
2016-05-22 23:00:00,3436.699951171875,3447.39990234375,3421.39990234375,3431.39990234375,0
2016-05-23 23:00:00,3431.39990234375,3478.800048828125,3416.5,3473.300048828125,0
2016-05-24 23:00:00,3473.300048828125,3500.699951171875,3473.300048828125,3496.800048828125,0
2016-05-25 23:00:00,3496.800048828125,3505.800048828125,3485.5,3496.699951171875,0
2016-05-26 23:00:00,3496.699951171875,3501.39990234375,3489.5,3500.5,0
2016-05-30 23:00:00,3500.5,3509.800048828125,3479.699951171875,3480.300048828125,0
2016-05-31 23:00:00,3480.300048828125,3480.89990234375,3437.699951171875,3458.0,0
2016-06-01 23:00:00,3458.0,3470.699951171875,3447.800048828125,3455.60009765625,0
2016-06-02 23:00:00,3455.60009765625,3488.39990234375,3444.800048828125,3466.5,0
2016-06-05 23:00:00,3466.5,3511.39990234375,3466.5,3499.89990234375,0
2016-06-06 23:00:00,3499.89990234375,3526.0,3499.89990234375,3505.5,0
2016-06-07 23:00:00,3505.5,3515.699951171875,3495.300048828125,3512.800048828125,0
2016-06-08 23:00:00,3512.800048828125,3512.89990234375,3476.699951171875,3478.300048828125,0
2016-06-09 23:00:00,3478.300048828125,3478.300048828125,3405.89990234375,3414.699951171875,0
2016-06-12 23:00:00,3414.699951171875,3414.699951171875,3373.10009765625,3373.10009765625,0
2016-06-13 23:00:00,3373.10009765625,3373.10009765625,3304.5,3305.0,0
2016-06-14 23:00:00,3305.0,3348.0,3305.0,3327.39990234375,0
2016-06-15 23:00:00,3327.39990234375,3327.39990234375,3288.0,3310.5,0
2016-06-16 23:00:00,3310.5,3365.60009765625,3310.5,3356.800048828125,0
2016-06-19 23:00:00,3356.800048828125,3476.699951171875,3356.800048828125,3460.10009765625,0
2016-06-20 23:00:00,3460.10009765625,3482.199951171875,3437.300048828125,3471.199951171875,0
2016-06-21 23:00:00,3471.199951171875,3515.800048828125,3467.10009765625,3489.39990234375,0
2016-06-22 23:00:00,3489.39990234375,3554.5,3489.39990234375,3535.199951171875,0
2016-06-23 23:00:00,3535.199951171875,3535.300048828125,3211.0,3399.0,0
2016-06-26 23:00:00,3399.0,3399.0,3275.800048828125,3287.10009765625,0
2016-06-27 23:00:00,3287.10009765625,3393.199951171875,3287.10009765625,3379.0,0
2016-06-28 23:00:00,3379.0,3497.89990234375,3379.0,3497.89990234375,0
2016-06-29 23:00:00,3497.89990234375,3573.89990234375,3472.199951171875,3573.89990234375,0
2016-06-30 23:00:00,3573.89990234375,3617.800048828125,3568.5,3614.699951171875,0
2016-07-03 23:00:00,3614.699951171875,3632.10009765625,3573.699951171875,3576.800048828125,0
2016-07-04 23:00:00,3576.800048828125,3587.800048828125,3539.39990234375,3574.0,0
2016-07-05 23:00:00,3574.0,3589.199951171875,3515.800048828125,3534.0,0
2016-07-06 23:00:00,3534.0,3598.39990234375,3534.0,3574.39990234375,0
2016-07-07 23:00:00,3574.39990234375,3618.39990234375,3565.300048828125,3610.5,0
2016-07-10 23:00:00,3610.5,3678.60009765625,3610.5,3671.60009765625,0
2016-07-11 23:00:00,3671.60009765625,3686.89990234375,3664.0,3674.199951171875,0
2016-07-12 23:00:00,3674.199951171875,3693.0,3660.5,3667.5,0
2016-07-13 23:00:00,3667.5,3706.39990234375,3657.199951171875,3661.39990234375,0
2016-07-14 23:00:00,3661.39990234375,3666.10009765625,3639.300048828125,3666.10009765625,0
2016-07-17 23:00:00,3666.10009765625,3693.60009765625,3658.5,3683.10009765625,0
2016-07-18 23:00:00,3683.10009765625,3692.89990234375,3663.39990234375,3685.39990234375,0
2016-07-19 23:00:00,3685.39990234375,3707.300048828125,3684.89990234375,3703.89990234375,0
2016-07-20 23:00:00,3703.89990234375,3706.5,3684.60009765625,3691.5,0
2016-07-21 23:00:00,3691.5,3706.300048828125,3671.699951171875,3703.39990234375,0
2016-07-24 23:00:00,3703.39990234375,3718.800048828125,3687.60009765625,3697.800048828125,0
2016-07-25 23:00:00,3697.800048828125,3714.800048828125,3695.699951171875,3703.39990234375,0
2016-07-26 23:00:00,3703.39990234375,3738.699951171875,3703.199951171875,3722.5,0
2016-07-27 23:00:00,3722.5,3731.39990234375,3707.10009765625,3708.5,0
2016-07-28 23:00:00,3708.5,3719.0,3693.10009765625,3711.10009765625,0
2016-07-31 23:00:00,3711.10009765625,3734.800048828125,3686.39990234375,3692.0,0
2016-08-01 23:00:00,3692.0,3692.10009765625,3655.5,3666.89990234375,0
2016-08-02 23:00:00,3666.89990234375,3680.60009765625,3654.0,3659.5,0
2016-08-03 23:00:00,3659.5,3721.300048828125,3650.199951171875,3717.0,0
2016-08-04 23:00:00,3717.0,3754.0,3716.89990234375,3749.39990234375,0
2016-08-07 23:00:00,3749.39990234375,3772.199951171875,3746.699951171875,3759.89990234375,0
2016-08-08 23:00:00,3759.89990234375,3788.800048828125,3759.60009765625,3783.89990234375,0
2016-08-09 23:00:00,3783.89990234375,3791.300048828125,3767.5,3791.300048828125,0
2016-08-10 23:00:00,3791.300048828125,3817.39990234375,3764.60009765625,3817.39990234375,0
2016-08-11 23:00:00,3817.39990234375,3828.10009765625,3811.699951171875,3822.0,0
2016-08-14 23:00:00,3822.0,3840.5,3818.199951171875,3833.89990234375,0
2016-08-15 23:00:00,3833.89990234375,3834.39990234375,3807.800048828125,3807.800048828125,0
2016-08-16 23:00:00,3807.800048828125,3822.300048828125,3785.5,3790.0,0
2016-08-17 23:00:00,3790.0,3809.10009765625,3789.199951171875,3798.5,0
2016-08-18 23:00:00,3798.5,3800.10009765625,3784.699951171875,3794.0,0
2016-08-21 23:00:00,3794.0,3807.89990234375,3770.699951171875,3779.89990234375,0
2016-08-22 23:00:00,3779.89990234375,3811.10009765625,3779.89990234375,3802.199951171875,0
2016-08-23 23:00:00,3802.199951171875,3803.199951171875,3779.5,3788.199951171875,0
2016-08-24 23:00:00,3788.199951171875,3788.39990234375,3756.300048828125,3774.89990234375,0
2016-08-25 23:00:00,3774.89990234375,3796.10009765625,3764.5,3786.300048828125,0
2016-08-29 23:00:00,3786.300048828125,3792.39990234375,3768.0,3775.39990234375,0
2016-08-30 23:00:00,3775.39990234375,3780.5,3751.89990234375,3753.300048828125,0
2016-08-31 23:00:00,3753.300048828125,3776.0,3730.10009765625,3741.0,0
2016-09-01 23:00:00,3741.0,3834.0,3741.0,3815.39990234375,0
2016-09-04 23:00:00,3815.39990234375,3824.10009765625,3802.60009765625,3808.800048828125,0
2016-09-05 23:00:00,3808.800048828125,3813.699951171875,3779.39990234375,3783.300048828125,0
2016-09-06 23:00:00,3783.300048828125,3799.5,3776.699951171875,3794.800048828125,0
2016-09-07 23:00:00,3794.800048828125,3817.0,3782.5,3805.10009765625,0
2016-09-08 23:00:00,3805.10009765625,3806.199951171875,3749.699951171875,3756.800048828125,0
2016-09-11 23:00:00,3756.800048828125,3756.800048828125,3690.39990234375,3716.0,0
2016-09-12 23:00:00,3716.0,3728.60009765625,3697.300048828125,3697.300048828125,0
2016-09-13 23:00:00,3697.300048828125,3724.5,3697.300048828125,3699.800048828125,0
2016-09-14 23:00:00,3699.800048828125,3733.699951171875,3690.300048828125,3730.300048828125,0
2016-09-15 23:00:00,3730.300048828125,3743.10009765625,3715.0,3724.60009765625,0
2016-09-18 23:00:00,3724.60009765625,3773.699951171875,3724.60009765625,3773.5,0
2016-09-19 23:00:00,3773.5,3801.0,3765.0,3781.800048828125,0
2016-09-20 23:00:00,3781.800048828125,3808.300048828125,3781.800048828125,3784.89990234375,0
2016-09-21 23:00:00,3784.89990234375,3833.89990234375,3784.89990234375,3822.10009765625,0
2016-09-22 23:00:00,3822.10009765625,3824.300048828125,3804.300048828125,3818.89990234375,0
2016-09-25 23:00:00,3818.89990234375,3818.89990234375,3764.0,3769.699951171875,0
2016-09-26 23:00:00,3769.699951171875,3793.60009765625,3740.800048828125,3761.60009765625,0
2016-09-27 23:00:00,3761.699951171875,3800.699951171875,3761.699951171875,3786.60009765625,0
2016-09-28 23:00:00,3786.60009765625,3832.60009765625,3786.60009765625,3821.39990234375,0
2016-09-29 23:00:00,3821.39990234375,3821.39990234375,3761.39990234375,3812.39990234375,0
2016-10-02 23:00:00,3812.39990234375,3867.199951171875,3810.300048828125,3862.199951171875,0
2016-10-03 23:00:00,3862.199951171875,3939.39990234375,3862.199951171875,3909.699951171875,0
2016-10-04 23:00:00,3909.699951171875,3909.89990234375,3882.89990234375,3885.699951171875,0
2016-10-05 23:00:00,3885.699951171875,3894.5,3867.39990234375,3867.39990234375,0
2016-10-06 23:00:00,3867.39990234375,3904.89990234375,3867.39990234375,3883.5,0
2016-10-09 23:00:00,3883.5,3912.60009765625,3872.5,3907.39990234375,0
2016-10-10 23:00:00,3907.39990234375,3927.300048828125,3893.60009765625,3898.5,0
2016-10-11 23:00:00,3898.5,3904.39990234375,3868.5,3872.800048828125,0
2016-10-12 23:00:00,3872.800048828125,3872.800048828125,3825.39990234375,3848.699951171875,0
2016-10-13 23:00:00,3848.699951171875,3889.699951171875,3848.699951171875,3868.800048828125,0
2016-10-16 23:00:00,3868.800048828125,3868.800048828125,3826.800048828125,3831.699951171875,0
2016-10-17 23:00:00,3831.699951171875,3879.10009765625,3831.199951171875,3863.10009765625,0
2016-10-18 23:00:00,3863.10009765625,3878.89990234375,3849.199951171875,3874.800048828125,0
2016-10-19 23:00:00,3874.800048828125,3884.60009765625,3860.0,3873.699951171875,0
2016-10-20 23:00:00,3873.699951171875,3888.800048828125,3865.699951171875,3870.300048828125,0
2016-10-23 23:00:00,3870.300048828125,3895.39990234375,3850.699951171875,3852.0,0
2016-10-24 23:00:00,3852.0,3889.10009765625,3851.89990234375,3864.300048828125,0
2016-10-25 23:00:00,3864.300048828125,3864.300048828125,3812.0,3832.199951171875,0
2016-10-26 23:00:00,3832.199951171875,3853.800048828125,3812.699951171875,3842.10009765625,0
2016-10-27 23:00:00,3842.10009765625,3854.199951171875,3810.39990234375,3848.89990234375,0
2016-10-31 00:00:00,3848.89990234375,3848.89990234375,3823.10009765625,3825.89990234375,0
2016-11-01 00:00:00,3825.89990234375,3845.199951171875,3801.89990234375,3808.10009765625,0
2016-11-02 00:00:00,3808.10009765625,3808.10009765625,3773.0,3773.0,0
2016-11-03 00:00:00,3773.0,3789.800048828125,3752.0,3752.0,0
2016-11-04 00:00:00,3752.0,3752.0,3688.60009765625,3696.199951171875,0
2016-11-07 00:00:00,3696.199951171875,3755.10009765625,3696.199951171875,3755.10009765625,0
2016-11-08 00:00:00,3755.10009765625,3774.199951171875,3749.60009765625,3771.39990234375,0
2016-11-09 00:00:00,3771.39990234375,3808.10009765625,3693.5,3808.10009765625,0
2016-11-10 00:00:00,3808.10009765625,3854.300048828125,3757.0,3772.0,0
2016-11-11 00:00:00,3772.0,3782.300048828125,3708.699951171875,3719.5,0
2016-11-14 00:00:00,3719.5,3764.0,3719.5,3730.89990234375,0
2016-11-15 00:00:00,3730.89990234375,3768.60009765625,3730.89990234375,3752.699951171875,0
2016-11-16 00:00:00,3752.699951171875,3761.800048828125,3723.300048828125,3729.39990234375,0
2016-11-17 00:00:00,3729.39990234375,3756.199951171875,3727.60009765625,3754.60009765625,0
2016-11-18 00:00:00,3754.60009765625,3762.199951171875,3727.60009765625,3748.0,0
2016-11-21 00:00:00,3748.0,3767.5,3732.300048828125,3744.300048828125,0
2016-11-22 00:00:00,3744.300048828125,3784.10009765625,3744.300048828125,3768.89990234375,0
2016-11-23 00:00:00,3768.89990234375,3799.300048828125,3748.39990234375,3766.0,0
2016-11-24 00:00:00,3766.0,3773.0,3751.10009765625,3770.10009765625,0
2016-11-25 00:00:00,3770.10009765625,3780.89990234375,3763.800048828125,3775.89990234375,0
2016-11-28 00:00:00,3775.89990234375,3776.0,3739.199951171875,3753.800048828125,0
2016-11-29 00:00:00,3753.800048828125,3754.5,3720.10009765625,3741.699951171875,0
2016-11-30 00:00:00,3741.699951171875,3778.0,3738.5,3747.60009765625,0
2016-12-01 00:00:00,3747.60009765625,3751.0,3698.800048828125,3731.699951171875,0
2016-12-02 00:00:00,3731.699951171875,3731.699951171875,3692.60009765625,3719.300048828125,0
2016-12-05 00:00:00,3719.300048828125,3753.300048828125,3703.5,3727.60009765625,0
2016-12-06 00:00:00,3727.60009765625,3744.800048828125,3714.5,3742.39990234375,0
2016-12-07 00:00:00,3742.39990234375,3804.89990234375,3742.39990234375,3804.89990234375,0
2016-12-08 00:00:00,3804.89990234375,3822.5,3800.60009765625,3820.39990234375,0
2016-12-09 00:00:00,3820.39990234375,3836.0,3820.300048828125,3832.699951171875,0
2016-12-12 00:00:00,3832.699951171875,3844.5,3792.60009765625,3800.10009765625,0
2016-12-13 00:00:00,3800.10009765625,3842.800048828125,3792.5,3838.699951171875,0
2016-12-14 00:00:00,3838.699951171875,3839.39990234375,3825.199951171875,3828.60009765625,0
2016-12-15 00:00:00,3828.60009765625,3859.89990234375,3815.800048828125,3854.60009765625,0
2016-12-16 00:00:00,3854.60009765625,3874.699951171875,3849.10009765625,3860.89990234375,0
2016-12-19 00:00:00,3860.89990234375,3867.5,3849.300048828125,3863.39990234375,0
2016-12-20 00:00:00,3863.39990234375,3876.0,3852.39990234375,3875.300048828125,0
2016-12-21 00:00:00,3875.300048828125,3882.699951171875,3865.0,3873.199951171875,0
2016-12-22 00:00:00,3873.199951171875,3888.699951171875,3863.89990234375,3888.699951171875,0
2016-12-23 00:00:00,3888.699951171875,3894.0,3884.800048828125,3891.39990234375,0
2016-12-28 00:00:00,3891.39990234375,3914.0,3887.89990234375,3912.5,0
2016-12-29 00:00:00,3912.5,3919.60009765625,3896.60009765625,3919.60009765625,0
2016-12-30 00:00:00,3919.60009765625,3931.699951171875,3904.0,3931.699951171875,0
2017-01-03 00:00:00,3931.699951171875,3964.300048828125,3931.699951171875,3950.10009765625,0
2017-01-04 00:00:00,3950.10009765625,3956.300048828125,3945.89990234375,3955.89990234375,0
2017-01-05 00:00:00,3955.89990234375,3972.0,3953.699951171875,3964.10009765625,0
2017-01-06 00:00:00,3964.10009765625,3972.10009765625,3956.0,3972.10009765625,0
2017-01-09 00:00:00,3972.10009765625,3989.60009765625,3969.199951171875,3986.199951171875,0
2017-01-10 00:00:00,3986.199951171875,4009.39990234375,3986.0,4004.699951171875,0
2017-01-11 00:00:00,4004.699951171875,4029.5,3994.60009765625,4011.0,0
2017-01-12 00:00:00,4011.0,4014.699951171875,3995.699951171875,4008.60009765625,0
2017-01-13 00:00:00,4008.60009765625,4031.89990234375,4008.60009765625,4031.89990234375,0
2017-01-16 00:00:00,4031.89990234375,4038.699951171875,4021.300048828125,4024.699951171875,0
2017-01-17 00:00:00,4024.699951171875,4025.39990234375,3973.199951171875,3973.199951171875,0
2017-01-18 00:00:00,3973.199951171875,3992.800048828125,3971.300048828125,3988.300048828125,0
2017-01-19 00:00:00,3988.300048828125,3989.10009765625,3958.699951171875,3967.10009765625,0
2017-01-20 00:00:00,3967.10009765625,3971.800048828125,3958.10009765625,3959.89990234375,0
2017-01-23 00:00:00,3959.89990234375,3959.89990234375,3927.39990234375,3937.0,0
2017-01-24 00:00:00,3937.0,3955.89990234375,3932.60009765625,3936.0,0
2017-01-25 00:00:00,3936.0,3963.60009765625,3936.0,3943.699951171875,0
2017-01-26 00:00:00,3943.699951171875,3954.89990234375,3937.800048828125,3942.699951171875,0
2017-01-27 00:00:00,3942.699951171875,3955.0,3938.300048828125,3954.89990234375,0
2017-01-30 00:00:00,3954.89990234375,3955.0,3914.300048828125,3920.699951171875,0
2017-01-31 00:00:00,3920.699951171875,3945.10009765625,3914.199951171875,3914.199951171875,0
2017-02-01 00:00:00,3914.199951171875,3949.800048828125,3914.199951171875,3921.39990234375,0
2017-02-02 00:00:00,3921.39990234375,3948.60009765625,3913.800048828125,3937.300048828125,0
2017-02-03 00:00:00,3937.300048828125,3971.39990234375,3935.60009765625,3964.60009765625,0
2017-02-06 00:00:00,3964.60009765625,3974.10009765625,3952.39990234375,3956.0,0
2017-02-07 00:00:00,3956.0,3988.5,3950.199951171875,3969.0,0
2017-02-08 00:00:00,3969.0,3974.60009765625,3952.300048828125,3971.800048828125,0
2017-02-09 00:00:00,3971.800048828125,3995.699951171875,3968.5,3991.300048828125,0
2017-02-10 00:00:00,3991.300048828125,4014.60009765625,3991.199951171875,4007.89990234375,0
2017-02-13 00:00:00,4007.89990234375,4027.89990234375,4007.60009765625,4018.699951171875,0
2017-02-14 00:00:00,4018.699951171875,4026.0,4004.0,4015.0,0
2017-02-15 00:00:00,4015.0,4037.10009765625,4015.0,4032.0,0
2017-02-16 00:00:00,4032.0,4032.0,4008.89990234375,4016.39990234375,0
2017-02-17 00:00:00,4016.39990234375,4029.800048828125,4004.300048828125,4026.60009765625,0
2017-02-20 00:00:00,4026.60009765625,4042.0,4018.39990234375,4027.89990234375,0
2017-02-21 00:00:00,4027.89990234375,4036.199951171875,4011.89990234375,4017.300048828125,0
2017-02-22 00:00:00,4017.300048828125,4032.5,4015.300048828125,4026.5,0
2017-02-23 00:00:00,4026.5,4032.10009765625,4007.0,4011.10009765625,0
2017-02-24 00:00:00,4011.10009765625,4011.199951171875,3970.800048828125,3996.39990234375,0
2017-02-27 00:00:00,3996.39990234375,4019.199951171875,3995.10009765625,4003.699951171875,0
2017-02-28 00:00:00,4003.699951171875,4022.39990234375,4000.89990234375,4012.0,0
2017-03-01 00:00:00,4012.0,4074.60009765625,4012.0,4074.60009765625,0
2017-03-02 00:00:00,4074.60009765625,4080.300048828125,4067.199951171875,4073.199951171875,0
2017-03-03 00:00:00,4073.199951171875,4073.199951171875,4055.39990234375,4067.0,0
2017-03-06 00:00:00,4067.0,4067.0,4050.0,4055.89990234375,0
2017-03-07 00:00:00,4055.89990234375,4062.89990234375,4049.60009765625,4050.89990234375,0
2017-03-08 00:00:00,4050.89990234375,4060.10009765625,4039.89990234375,4050.5,0
2017-03-09 00:00:00,4050.5,4051.300048828125,4014.10009765625,4040.10009765625,0
2017-03-10 00:00:00,4040.10009765625,4070.300048828125,4040.10009765625,4055.5,0
2017-03-13 00:00:00,4055.5,4073.199951171875,4055.39990234375,4069.0,0
2017-03-14 00:00:00,4069.0,4077.699951171875,4052.60009765625,4061.89990234375,0
2017-03-15 00:00:00,4061.89990234375,4074.300048828125,4061.89990234375,4067.300048828125,0
2017-03-16 00:00:00,4067.300048828125,4105.60009765625,4067.300048828125,4091.300048828125,0
2017-03-17 00:00:00,4091.300048828125,4106.0,4085.300048828125,4097.89990234375,0
2017-03-20 00:00:00,4097.89990234375,4104.2001953125,4085.60009765625,4102.2001953125,0
2017-03-21 00:00:00,4102.2001953125,4107.7998046875,4065.0,4072.60009765625,0
2017-03-22 00:00:00,4072.60009765625,4072.699951171875,4029.800048828125,4042.39990234375,0
2017-03-23 00:00:00,4042.39990234375,4059.39990234375,4033.89990234375,4055.89990234375,0
2017-03-24 00:00:00,4055.89990234375,4061.0,4045.89990234375,4053.300048828125,0
2017-03-26 23:00:00,4053.300048828125,4053.300048828125,4012.0,4030.5,0
2017-03-27 23:00:00,4030.5,4058.300048828125,4025.699951171875,4055.300048828125,0
2017-03-28 23:00:00,4055.300048828125,4070.199951171875,4040.60009765625,4070.199951171875,0
2017-03-29 23:00:00,4070.199951171875,4076.0,4053.800048828125,4069.39990234375,0
2017-03-30 23:00:00,4069.39990234375,4069.39990234375,4045.10009765625,4046.60009765625,0
2017-04-02 23:00:00,4046.60009765625,4060.699951171875,4026.5,4027.5,0
2017-04-03 23:00:00,4027.5,4049.5,4027.39990234375,4047.800048828125,0
2017-04-04 23:00:00,4047.800048828125,4068.300048828125,4047.800048828125,4054.10009765625,0
2017-04-05 23:00:00,4054.10009765625,4054.10009765625,4016.300048828125,4043.0,0
2017-04-06 23:00:00,4043.0,4068.0,4033.699951171875,4068.0,0
2017-04-09 23:00:00,4068.0,4073.10009765625,4062.699951171875,4069.0,0
2017-04-10 23:00:00,4069.0,4099.2998046875,4060.800048828125,4078.10009765625,0
2017-04-11 23:00:00,4078.10009765625,4098.89990234375,4072.699951171875,4074.800048828125,0
2017-04-12 23:00:00,4074.800048828125,4074.800048828125,4051.199951171875,4068.60009765625,0
2017-04-17 23:00:00,4068.60009765625,4068.60009765625,3977.60009765625,3977.60009765625,142788600
2017-04-18 23:00:00,3977.60009765625,3986.300048828125,3966.699951171875,3966.699951171875,0
2017-04-19 23:00:00,3966.699951171875,3973.699951171875,3954.60009765625,3967.199951171875,0
2017-04-20 23:00:00,3967.199951171875,3975.60009765625,3960.300048828125,3964.60009765625,0
2017-04-23 23:00:00,3964.60009765625,4046.89990234375,3964.60009765625,4042.39990234375,0
2017-04-24 23:00:00,4042.39990234375,4055.5,4041.0,4046.699951171875,0
2017-04-25 23:00:00,4046.699951171875,4062.699951171875,4039.10009765625,4056.199951171875,0
2017-04-26 23:00:00,4056.199951171875,4056.300048828125,4023.699951171875,4031.0,0
2017-04-27 23:00:00,4031.0,4034.10009765625,4011.89990234375,4014.89990234375,0
2017-05-01 23:00:00,4014.89990234375,4043.5,4014.89990234375,4042.89990234375,0
2017-05-02 23:00:00,4042.89990234375,4042.89990234375,4023.10009765625,4031.39990234375,0
2017-05-03 23:00:00,4031.39990234375,4053.39990234375,4027.39990234375,4037.60009765625,0
2017-05-04 23:00:00,4037.60009765625,4060.89990234375,4024.89990234375,4060.89990234375,0
2017-05-07 23:00:00,4060.89990234375,4074.0,4054.5,4063.60009765625,0
2017-05-08 23:00:00,4063.60009765625,4093.5,4063.60009765625,4085.699951171875,0
2017-05-09 23:00:00,4085.699951171875,4114.10009765625,4080.5,4107.7001953125,0
2017-05-10 23:00:00,4107.7001953125,4110.89990234375,4095.800048828125,4105.39990234375,0
2017-05-11 23:00:00,4105.39990234375,4126.60009765625,4102.7998046875,4126.60009765625,0
2017-05-14 23:00:00,4126.60009765625,4139.7001953125,4126.2001953125,4134.89990234375,0
2017-05-15 23:00:00,4134.89990234375,4175.5,4133.5,4170.5,0
2017-05-16 23:00:00,4170.5,4173.60009765625,4145.89990234375,4158.2998046875,0
2017-05-17 23:00:00,4158.2998046875,4158.39990234375,4097.7001953125,4124.5,0
2017-05-18 23:00:00,4124.5,4149.5,4124.5,4144.60009765625,0
2017-05-21 23:00:00,4144.60009765625,4170.5,4144.60009765625,4160.0,0
2017-05-22 23:00:00,4160.0,4174.39990234375,4155.2001953125,4155.2001953125,0
2017-05-23 23:00:00,4155.2001953125,4172.39990234375,4150.60009765625,4169.89990234375,0
2017-05-24 23:00:00,4169.89990234375,4177.89990234375,4160.2001953125,4171.7998046875,0
2017-05-25 23:00:00,4171.7998046875,4190.7001953125,4171.0,4187.60009765625,0
2017-05-29 23:00:00,4187.60009765625,4187.60009765625,4162.0,4176.7001953125,0
2017-05-30 23:00:00,4176.7001953125,4204.2001953125,4172.0,4173.0,0
2017-05-31 23:00:00,4173.0,4193.5,4172.39990234375,4185.2998046875,0
2017-06-01 23:00:00,4185.2998046875,4212.89990234375,4182.39990234375,4186.7998046875,0
2017-06-04 23:00:00,4186.7998046875,4194.7001953125,4169.2001953125,4172.0,0
2017-06-05 23:00:00,4172.0,4172.0,4155.2001953125,4163.89990234375,0
2017-06-06 23:00:00,4163.89990234375,4182.10009765625,4142.7001953125,4144.10009765625,0
2017-06-07 23:00:00,4144.10009765625,4150.2998046875,4132.2001953125,4132.60009765625,0
2017-06-08 23:00:00,4132.60009765625,4173.89990234375,4132.39990234375,4169.10009765625,0
2017-06-11 23:00:00,4169.10009765625,4173.39990234375,4147.5,4158.89990234375,0
2017-06-12 23:00:00,4158.89990234375,4175.10009765625,4156.5,4160.0,0
2017-06-13 23:00:00,4160.0,4185.7998046875,4152.10009765625,4152.10009765625,0
2017-06-14 23:00:00,4152.10009765625,4152.2998046875,4090.300048828125,4111.7998046875,0
2017-06-15 23:00:00,4111.7998046875,4145.60009765625,4111.7998046875,4141.5,0
2017-06-18 23:00:00,4141.5,4177.7998046875,4141.5,4171.2001953125,0
2017-06-19 23:00:00,4171.2998046875,4190.39990234375,4144.10009765625,4144.10009765625,0
2017-06-20 23:00:00,4144.2001953125,4146.2998046875,4114.60009765625,4129.39990234375,0
2017-06-21 23:00:00,4129.39990234375,4129.89990234375,4104.2001953125,4124.60009765625,0
2017-06-22 23:00:00,4124.7001953125,4127.2001953125,4104.2001953125,4118.60009765625,0
2017-06-25 23:00:00,4118.60009765625,4146.7001953125,4118.60009765625,4129.0,0
2017-06-26 23:00:00,4129.10009765625,4130.60009765625,4106.2998046875,4117.60009765625,0
2017-06-27 23:00:00,4117.60009765625,4121.60009765625,4088.5,4094.39990234375,0
2017-06-28 23:00:00,4094.39990234375,4125.7998046875,4067.5,4072.5,0
2017-06-29 23:00:00,4072.5,4086.60009765625,4049.5,4055.0,0
2017-07-02 23:00:00,4055.0,4088.89990234375,4054.60009765625,4083.89990234375,0
2017-07-03 23:00:00,4083.89990234375,4087.0,4062.89990234375,4074.10009765625,0
2017-07-04 23:00:00,4074.10009765625,4091.39990234375,4072.39990234375,4084.300048828125,0
2017-07-05 23:00:00,4084.199951171875,4087.5,4051.199951171875,4067.39990234375,0
2017-07-06 23:00:00,4067.39990234375,4077.300048828125,4055.60009765625,4074.60009765625,0
2017-07-09 23:00:00,4074.60009765625,4092.0,4068.89990234375,4082.0,0
2017-07-10 23:00:00,4082.0,4091.300048828125,4047.10009765625,4058.39990234375,0
2017-07-11 23:00:00,4058.300048828125,4110.10009765625,4058.300048828125,4100.2998046875,0
2017-07-12 23:00:00,4100.2998046875,4109.39990234375,4094.5,4104.10009765625,0
2017-07-13 23:00:00,4104.10009765625,4106.5,4080.10009765625,4087.699951171875,0
2017-07-16 23:00:00,4087.699951171875,4113.2001953125,4087.699951171875,4103.5,0
2017-07-17 23:00:00,4103.5,4113.0,4082.300048828125,4100.5,0
2017-07-18 23:00:00,4100.5,4127.2001953125,4095.199951171875,4122.10009765625,0
2017-07-19 23:00:00,4122.10009765625,4156.7001953125,4122.10009765625,4150.7001953125,0
2017-07-20 23:00:00,4150.7001953125,4164.7998046875,4122.7998046875,4134.2001953125,0
2017-07-23 23:00:00,4134.2001953125,4134.2998046875,4084.10009765625,4094.89990234375,0
2017-07-24 23:00:00,4094.89990234375,4131.7001953125,4094.89990234375,4122.0,0
2017-07-25 23:00:00,4122.0,4150.10009765625,4121.89990234375,4134.39990234375,0
2017-07-26 23:00:00,4134.39990234375,4142.0,4116.2001953125,4134.2998046875,0
2017-07-27 23:00:00,4134.2998046875,4134.2998046875,4081.10009765625,4094.60009765625,0
2017-07-30 23:00:00,4094.5,4123.2998046875,4094.5,4098.10009765625,0
2017-07-31 23:00:00,4098.10009765625,4133.10009765625,4098.10009765625,4124.7998046875,0
2017-08-01 23:00:00,4124.7998046875,4132.10009765625,4107.2998046875,4118.39990234375,0
2017-08-02 23:00:00,4118.39990234375,4154.7001953125,4106.2001953125,4149.89990234375,0
2017-08-03 23:00:00,4149.89990234375,4172.60009765625,4143.89990234375,4169.10009765625,0
2017-08-06 23:00:00,4169.10009765625,4180.7001953125,4169.10009765625,4179.10009765625,0
2017-08-07 23:00:00,4179.10009765625,4187.39990234375,4171.89990234375,4182.7001953125,0
2017-08-08 23:00:00,4182.60009765625,4182.60009765625,4146.39990234375,4159.5,0
2017-08-09 23:00:00,4159.5,4159.5,4097.39990234375,4103.39990234375,0
2017-08-10 23:00:00,4103.39990234375,4103.39990234375,4052.699951171875,4061.10009765625,0
2017-08-13 23:00:00,4061.10009765625,4097.7998046875,4061.10009765625,4086.60009765625,0
2017-08-14 23:00:00,4086.60009765625,4108.2998046875,4086.0,4100.5,0
2017-08-15 23:00:00,4100.5,4134.7001953125,4100.5,4129.0,0
2017-08-16 23:00:00,4129.0,4129.39990234375,4102.7001953125,4105.10009765625,0
2017-08-17 23:00:00,4105.10009765625,4105.10009765625,4059.699951171875,4070.5,0
2017-08-20 23:00:00,4070.5,4075.39990234375,4056.5,4068.89990234375,0
2017-08-21 23:00:00,4068.89990234375,4104.2998046875,4068.89990234375,4101.5,0
2017-08-22 23:00:00,4101.5,4108.39990234375,4091.699951171875,4101.7001953125,0
2017-08-23 23:00:00,4101.60009765625,4127.5,4101.60009765625,4111.7001953125,0
2017-08-24 23:00:00,4111.7001953125,4127.60009765625,4107.7998046875,4107.7998046875,0
2017-08-28 23:00:00,4107.7998046875,4107.89990234375,4049.0,4073.199951171875,0
2017-08-29 23:00:00,4073.10009765625,4097.2998046875,4073.10009765625,4089.199951171875,0
2017-08-30 23:00:00,4089.10009765625,4131.60009765625,4089.10009765625,4125.89990234375,0
2017-08-31 23:00:00,4125.89990234375,4138.7001953125,4125.60009765625,4128.89990234375,0
2017-09-04 23:00:00,4113.39990234375,4128.2001953125,4094.699951171875,4096.60009765625,0
2017-09-05 23:00:00,4096.60009765625,4096.60009765625,4068.60009765625,4085.300048828125,0
2017-09-06 23:00:00,4085.300048828125,4114.89990234375,4081.0,4106.60009765625,0
2017-09-07 23:00:00,4106.60009765625,4106.60009765625,4083.199951171875,4094.60009765625,0
2017-09-10 23:00:00,4094.60009765625,4124.89990234375,4094.60009765625,4114.2001953125,0
2017-09-11 23:00:00,4114.2001953125,4125.10009765625,4100.2998046875,4107.2001953125,0
2017-09-12 23:00:00,4107.2998046875,4107.2998046875,4074.5,4094.89990234375,0
2017-09-13 23:00:00,4095.0,4101.89990234375,4050.300048828125,4053.699951171875,0
2017-09-14 23:00:00,4053.699951171875,4053.699951171875,4001.5,4011.699951171875,0
2017-09-17 23:00:00,4011.699951171875,4033.0,4011.699951171875,4031.199951171875,0
2017-09-18 23:00:00,4031.199951171875,4049.5,4027.10009765625,4044.800048828125,0
2017-09-19 23:00:00,4044.800048828125,4052.10009765625,4032.699951171875,4043.5,0
2017-09-20 23:00:00,4043.5,4048.5,4033.199951171875,4035.39990234375,0
2017-09-21 23:00:00,4035.39990234375,4064.5,4023.0,4060.5,0
2017-09-24 23:00:00,4060.5,4064.0,4042.0,4057.89990234375,0
2017-09-25 23:00:00,4057.89990234375,4061.5,4042.699951171875,4048.5,0
2017-09-26 23:00:00,4048.5,4070.89990234375,4048.5,4063.60009765625,0
2017-09-27 23:00:00,4063.60009765625,4071.800048828125,4052.800048828125,4071.800048828125,0
2017-09-28 23:00:00,4071.800048828125,4105.2001953125,4071.300048828125,4101.7001953125,0
2017-10-01 23:00:00,4101.7001953125,4135.10009765625,4101.7001953125,4135.10009765625,0
2017-10-02 23:00:00,4135.10009765625,4152.5,4129.5,4151.39990234375,0
2017-10-03 23:00:00,4151.39990234375,4153.89990234375,4144.5,4150.89990234375,0
2017-10-04 23:00:00,4150.89990234375,4171.60009765625,4149.10009765625,4171.60009765625,0
2017-10-05 23:00:00,4171.60009765625,4183.7001953125,4171.60009765625,4181.2998046875,0
2017-10-08 23:00:00,4181.2998046875,4182.5,4165.2001953125,4172.10009765625,0
2017-10-09 23:00:00,4172.10009765625,4190.2998046875,4170.89990234375,4187.60009765625,0
2017-10-10 23:00:00,4187.60009765625,4193.10009765625,4178.2998046875,4186.2998046875,0
2017-10-11 23:00:00,4186.2998046875,4202.5,4183.2998046875,4199.60009765625,0
2017-10-12 23:00:00,4199.60009765625,4199.60009765625,4182.5,4190.2998046875,0
2017-10-15 23:00:00,4190.2998046875,4200.2998046875,4184.2998046875,4184.89990234375,0
2017-10-16 23:00:00,4184.89990234375,4193.10009765625,4172.5,4176.89990234375,0
2017-10-17 23:00:00,4176.89990234375,4200.2998046875,4176.89990234375,4193.7998046875,0
2017-10-18 23:00:00,4193.7998046875,4193.7998046875,4162.2001953125,4180.10009765625,0
2017-10-19 23:00:00,4180.10009765625,4198.5,4177.5,4180.7001953125,0
2017-10-22 23:00:00,4180.7001953125,4189.2998046875,4174.10009765625,4180.7998046875,0
2017-10-23 23:00:00,4180.7998046875,4185.60009765625,4171.7998046875,4181.10009765625,0
2017-10-24 23:00:00,4181.10009765625,4182.0,4138.7001953125,4143.10009765625,0
2017-10-25 23:00:00,4143.10009765625,4164.7998046875,4139.7998046875,4164.39990234375,0
2017-10-26 23:00:00,4164.39990234375,4180.7001953125,4162.5,4172.2998046875,0
2017-10-30 00:00:00,4172.2998046875,4174.39990234375,4159.89990234375,4166.7001953125,0
2017-10-31 00:00:00,4166.7001953125,4180.7001953125,4164.2001953125,4169.7001953125,0
2017-11-01 00:00:00,4169.7001953125,4191.5,4169.7001953125,4170.89990234375,0
2017-11-02 00:00:00,4170.89990234375,4207.5,4167.0,4204.0,0
2017-11-03 00:00:00,4204.0,4217.39990234375,4199.5,4209.2998046875,0
2017-11-06 00:00:00,4209.2998046875,4214.10009765625,4199.7998046875,4208.7998046875,0
2017-11-07 00:00:00,4208.7998046875,4219.10009765625,4179.7001953125,4181.7001953125,0
2017-11-08 00:00:00,4181.7001953125,4192.2998046875,4176.7998046875,4189.10009765625,0
2017-11-09 00:00:00,4189.10009765625,4189.2001953125,4157.7998046875,4160.0,0
2017-11-10 00:00:00,4160.0,4167.5,4129.7001953125,4134.7001953125,0
2017-11-13 00:00:00,4134.7001953125,4152.10009765625,4111.89990234375,4118.2001953125,0
2017-11-14 00:00:00,4118.2001953125,4131.2001953125,4112.10009765625,4119.89990234375,0
2017-11-15 00:00:00,4119.89990234375,4120.39990234375,4086.5,4095.300048828125,0
2017-11-16 00:00:00,4095.60009765625,4110.10009765625,4095.5,4107.39990234375,0
2017-11-17 00:00:00,4107.39990234375,4116.60009765625,4089.60009765625,4102.7001953125,0
2017-11-20 00:00:00,4102.7001953125,4113.2001953125,4087.5,4109.2998046875,0
2017-11-21 00:00:00,4109.2998046875,4127.2001953125,4098.10009765625,4122.0,0
2017-11-22 00:00:00,4122.0,4147.2001953125,4122.0,4128.0,0
2017-11-23 00:00:00,4128.0,4129.7001953125,4104.2998046875,4126.89990234375,82633000
2017-11-24 00:00:00,4126.89990234375,4131.7998046875,4112.0,4121.2001953125,0
2017-11-27 00:00:00,4121.2001953125,4135.5,4107.10009765625,4107.10009765625,0
2017-11-28 00:00:00,4107.10009765625,4151.89990234375,4102.60009765625,4147.60009765625,0
2017-11-29 00:00:00,4147.60009765625,4147.60009765625,4114.39990234375,4117.89990234375,0
2017-11-30 00:00:00,4117.89990234375,4126.39990234375,4082.699951171875,4083.300048828125,0
2017-12-01 00:00:00,4083.300048828125,4096.5,4062.300048828125,4067.699951171875,0
2017-12-04 00:00:00,4067.699951171875,4103.7998046875,4067.699951171875,4088.300048828125,0
2017-12-05 00:00:00,4088.300048828125,4105.0,4079.89990234375,4080.699951171875,0
2017-12-06 00:00:00,4080.699951171875,4099.5,4058.39990234375,4088.699951171875,0
2017-12-07 00:00:00,4088.699951171875,4101.5,4072.39990234375,4075.5,0
2017-12-08 00:00:00,4075.5,4124.2998046875,4073.60009765625,4115.7001953125,0
2017-12-11 00:00:00,4115.7001953125,4148.2001953125,4115.7001953125,4145.7001953125,0
2017-12-12 00:00:00,4145.7001953125,4168.0,4143.2001953125,4167.60009765625,0
2017-12-13 00:00:00,4167.60009765625,4173.0,4164.2998046875,4165.39990234375,0
2017-12-14 00:00:00,4165.39990234375,4165.5,4141.10009765625,4141.10009765625,0
2017-12-15 00:00:00,4141.10009765625,4162.2001953125,4133.39990234375,4162.2001953125,0
2017-12-18 00:00:00,4162.2001953125,4194.2001953125,4162.2001953125,4190.89990234375,0
2017-12-19 00:00:00,4190.89990234375,4205.60009765625,4190.0,4197.2001953125,0
2017-12-20 00:00:00,4197.2001953125,4202.10009765625,4182.7998046875,4188.7998046875,0
2017-12-21 00:00:00,4188.7998046875,4230.2001953125,4184.0,4227.7001953125,0
2017-12-22 00:00:00,4227.7001953125,4234.7998046875,4218.5,4224.5,0
2017-12-27 00:00:00,4224.5,4247.89990234375,4221.60009765625,4243.0,0
2017-12-28 00:00:00,4243.0,4249.60009765625,4237.2998046875,4244.10009765625,0
2017-12-29 00:00:00,4244.10009765625,4281.7998046875,4242.89990234375,4277.0,0
2018-01-02 00:00:00,4277.0,4278.5,4244.0,4257.10009765625,84695400
2018-01-03 00:00:00,4257.10009765625,4279.60009765625,4255.10009765625,4270.0,87209500
2018-01-05 00:00:00,4284.10009765625,4301.7001953125,4280.0,4301.10009765625,96018900
2018-01-08 00:00:00,4301.10009765625,4306.7001953125,4283.7998046875,4285.60009765625,90831200
2018-01-09 00:00:00,4285.60009765625,4302.89990234375,4285.60009765625,4302.2001953125,0
2018-01-11 00:00:00,4306.2998046875,4315.2001953125,4298.0,4312.2001953125,0
2018-01-12 00:00:00,4312.2001953125,4331.39990234375,4310.2001953125,4323.7001953125,0
2018-01-15 00:00:00,4323.7001953125,4325.39990234375,4316.10009765625,4318.2998046875,86480400
2018-01-16 00:00:00,4318.2998046875,4330.5,4305.7001953125,4313.7998046875,116458500
2018-01-17 00:00:00,4313.7998046875,4313.7998046875,4288.7998046875,4295.89990234375,0
2018-01-18 00:00:00,4295.89990234375,4303.0,4272.5,4281.0,0
2018-01-19 00:00:00,4281.0,4294.89990234375,4276.60009765625,4294.2998046875,0
2018-01-22 00:00:00,4294.2998046875,4298.2998046875,4281.7998046875,4287.2998046875,0
2018-01-23 00:00:00,4287.2998046875,4302.7998046875,4284.5,4295.5,113766100
2018-01-24 00:00:00,4295.5,4296.7998046875,4250.0,4250.0,108595800
2018-01-25 00:00:00,4250.0,4260.60009765625,4232.2001953125,4236.60009765625,104949000
2018-01-26 00:00:00,4236.60009765625,4263.89990234375,4236.60009765625,4262.89990234375,0
2018-01-29 00:00:00,4262.89990234375,4276.7001953125,4262.2001953125,4264.2998046875,0
2018-01-30 00:00:00,4264.2998046875,4264.39990234375,4218.5,4218.5,119944200
2018-01-31 00:00:00,4218.5,4223.7998046875,4182.7001953125,4188.89990234375,128959700
2018-02-01 00:00:00,4188.89990234375,4201.39990234375,4161.39990234375,4166.89990234375,124758700
2018-02-02 00:00:00,4166.89990234375,4169.0,4133.7001953125,4137.39990234375,124823300
2018-02-05 00:00:00,4137.39990234375,4137.39990234375,4076.39990234375,4077.800048828125,0
2018-02-06 00:00:00,4077.800048828125,4077.800048828125,3945.699951171875,3973.39990234375,191055400
2018-02-07 00:00:00,3973.39990234375,4068.0,3973.39990234375,4052.199951171875,145373500
2018-02-08 00:00:00,4052.199951171875,4052.199951171875,3985.10009765625,3989.199951171875,138478800
2018-02-09 00:00:00,3989.199951171875,3989.199951171875,3938.89990234375,3949.199951171875,133344800
2018-02-12 00:00:00,3949.199951171875,4008.39990234375,3949.199951171875,3994.0,102956900
2018-02-13 00:00:00,3994.0,4007.39990234375,3987.699951171875,3987.699951171875,103326400
2018-02-14 00:00:00,3987.699951171875,4028.0,3976.60009765625,4013.39990234375,131638800
2018-02-15 00:00:00,4013.39990234375,4045.199951171875,4013.199951171875,4027.5,113587500
2018-02-16 00:00:00,4027.5,4066.60009765625,4027.5,4060.699951171875,94919100
2018-02-19 00:00:00,4060.699951171875,4066.800048828125,4032.39990234375,4036.199951171875,74168100
2018-02-21 00:00:00,4041.0,4061.60009765625,4024.89990234375,4056.60009765625,131414300
2018-02-22 00:00:00,4056.60009765625,4056.60009765625,4007.699951171875,4041.300048828125,137510900
2018-02-23 00:00:00,4041.300048828125,4045.89990234375,4026.89990234375,4039.89990234375,104594100
2018-02-26 00:00:00,4039.89990234375,4072.699951171875,4039.800048828125,4061.699951171875,91190300
2018-02-27 00:00:00,4061.699951171875,4082.10009765625,4055.800048828125,4060.10009765625,109501200
2018-02-28 00:00:00,4060.10009765625,4063.10009765625,4030.10009765625,4030.10009765625,132012900
2018-03-01 00:00:00,4030.10009765625,4030.10009765625,3988.10009765625,3999.39990234375,124244200
2018-03-02 00:00:00,3999.39990234375,3999.39990234375,3941.0,3944.800048828125,0
2018-03-05 00:00:00,3944.800048828125,3973.60009765625,3941.699951171875,3972.39990234375,128728700
2018-03-06 00:00:00,3972.39990234375,4014.89990234375,3972.199951171875,3990.89990234375,114313500
2018-03-07 00:00:00,3990.89990234375,4009.5,3973.60009765625,3998.89990234375,120357500
2018-03-08 00:00:00,3998.89990234375,4030.800048828125,3993.300048828125,4026.699951171875,107124100
2018-03-09 00:00:00,4026.699951171875,4040.60009765625,4020.89990234375,4040.60009765625,102089300
2018-03-12 00:00:00,4040.60009765625,4055.39990234375,4027.39990234375,4037.199951171875,99329700
2018-03-13 00:00:00,4037.199951171875,4039.10009765625,3986.60009765625,3993.199951171875,121249900
2018-03-14 00:00:00,3993.199951171875,4014.0,3984.199951171875,3988.89990234375,111412600
2018-03-15 00:00:00,3988.89990234375,4004.0,3985.5,3992.5,123240400
2018-03-16 00:00:00,3992.5,4014.699951171875,3988.5,4002.89990234375,237144400
2018-03-19 00:00:00,4002.89990234375,4002.89990234375,3938.699951171875,3943.0,118984100
2018-03-20 00:00:00,3943.0,3962.39990234375,3942.39990234375,3952.5,110776300
2018-03-21 00:00:00,3952.5,3954.699951171875,3928.300048828125,3940.300048828125,114756000
2018-03-22 00:00:00,3940.300048828125,3940.300048828125,3871.60009765625,3890.800048828125,128599500
2018-03-23 00:00:00,3890.800048828125,3890.800048828125,3845.5,3874.0,139834400
2018-03-25 23:00:00,3874.0,3891.89990234375,3842.5,3854.0,104128200
2018-03-26 23:00:00,3854.0,3934.199951171875,3854.0,3912.5,101178100
2018-03-27 23:00:00,3912.60009765625,3932.10009765625,3869.60009765625,3932.10009765625,106395300
2018-03-28 23:00:00,3932.10009765625,3967.5,3932.0,3941.199951171875,129294700
2018-04-02 23:00:00,3941.199951171875,3944.800048828125,3906.199951171875,3926.89990234375,116244700
2018-04-03 23:00:00,3926.89990234375,3933.800048828125,3893.800048828125,3923.89990234375,114975700
2018-04-04 23:00:00,3923.89990234375,4011.300048828125,3923.89990234375,4011.300048828125,114321500
2018-04-05 23:00:00,4011.300048828125,4018.0,3991.89990234375,4002.300048828125,96868000
2018-04-08 23:00:00,4002.300048828125,4015.60009765625,3981.39990234375,4005.89990234375,94139100
2018-04-09 23:00:00,4005.89990234375,4045.800048828125,4005.89990234375,4045.800048828125,106407400
2018-04-10 23:00:00,4045.800048828125,4046.89990234375,4032.10009765625,4040.60009765625,109957000
2018-04-11 23:00:00,4040.60009765625,4048.5,4033.89990234375,4045.300048828125,108782900
2018-04-12 23:00:00,4045.300048828125,4056.199951171875,4039.699951171875,4050.5,101121900
2018-04-15 23:00:00,4050.5,4051.5,4016.39990234375,4017.5,114720400
2018-04-16 23:00:00,4017.5,4040.10009765625,4014.0,4032.39990234375,110558200
2018-04-17 23:00:00,4032.39990234375,4084.89990234375,4032.39990234375,4080.89990234375,0
2018-04-18 23:00:00,4080.89990234375,4095.5,4080.800048828125,4091.0,0
2018-04-22 23:00:00,4111.7001953125,4131.7998046875,4108.7998046875,4129.2998046875,0
2018-04-23 23:00:00,4129.2998046875,4146.2998046875,4124.10009765625,4137.2998046875,0
2018-04-24 23:00:00,4137.2998046875,4138.0,4088.39990234375,4109.89990234375,0
2018-04-25 23:00:00,4109.89990234375,4133.5,4098.2998046875,4133.5,0
2018-04-26 23:00:00,4133.5,4177.7001953125,4133.39990234375,4175.60009765625,101657500
2018-04-29 23:00:00,4175.60009765625,4198.7998046875,4173.2001953125,4179.2998046875,131802700
2018-04-30 23:00:00,4179.2998046875,4202.0,4178.0,4186.60009765625,82122000
2018-05-01 23:00:00,4186.60009765625,4216.0,4186.60009765625,4202.7001953125,121004600
2018-05-02 23:00:00,4202.7001953125,4208.0,4173.7998046875,4179.0,116231500
2018-05-03 23:00:00,4179.0,4212.7998046875,4179.0,4210.7998046875,127508900
2018-05-07 23:00:00,4210.7998046875,4230.60009765625,4208.0,4216.2001953125,121186200
2018-05-08 23:00:00,4216.2001953125,4264.0,4216.2001953125,4264.0,124525000
2018-05-09 23:00:00,4264.0,4284.89990234375,4248.7001953125,4282.39990234375,117419200
2018-05-10 23:00:00,4282.39990234375,4298.2998046875,4280.7001953125,4296.2998046875,107299500
2018-05-13 23:00:00,4296.2998046875,4298.7998046875,4277.89990234375,4290.5,107669200
2018-05-14 23:00:00,4290.5,4311.2998046875,4279.7001953125,4295.5,142114900
2018-05-15 23:00:00,4295.5,4307.60009765625,4293.39990234375,4302.2001953125,131377900
2018-05-16 23:00:00,4302.2001953125,4333.7001953125,4292.39990234375,4333.7001953125,116635400
2018-05-17 23:00:00,4333.7001953125,4334.89990234375,4315.0,4328.5,139737500
2018-05-20 23:00:00,4328.5,4375.10009765625,4328.2998046875,4370.7998046875,95832000
2018-05-21 23:00:00,4370.7998046875,4394.0,4369.2001953125,4381.10009765625,118236000
2018-05-23 23:00:00,4333.5,4341.7001953125,4299.7998046875,4299.7998046875,124581500
2018-05-24 23:00:00,4299.7998046875,4320.2001953125,4296.89990234375,4310.2001953125,116891500
2018-05-28 23:00:00,4310.2001953125,4310.2001953125,4243.89990234375,4252.39990234375,168048400
2018-05-29 23:00:00,4252.39990234375,4281.39990234375,4244.5,4281.39990234375,126618500
2018-05-30 23:00:00,4281.39990234375,4302.7001953125,4263.0,4276.89990234375,222996700
2018-05-31 23:00:00,4276.89990234375,4314.89990234375,4276.89990234375,4292.7001953125,109393600
2018-06-03 23:00:00,4292.7001953125,4328.7998046875,4292.60009765625,4315.2998046875,103558400
2018-06-04 23:00:00,4315.2998046875,4317.0,4288.0,4288.0,124397700
2018-06-05 23:00:00,4288.0,4312.2998046875,4282.89990234375,4304.0,123510700
2018-06-06 23:00:00,4304.0,4325.39990234375,4297.0,4299.7998046875,140680000
2018-06-07 23:00:00,4299.7998046875,4305.5,4265.39990234375,4289.2001953125,105308100
2018-06-10 23:00:00,4289.2001953125,4329.5,4289.2001953125,4320.7001953125,105490700
2018-06-11 23:00:00,4320.7001953125,4333.7998046875,4300.7998046875,4302.5,110195200
2018-06-12 23:00:00,4302.5,4324.2998046875,4290.5,4302.10009765625,117829700
2018-06-13 23:00:00,4302.10009765625,4347.89990234375,4273.2001953125,4334.0,152354600
2018-06-14 23:00:00,4334.0,4339.2998046875,4261.89990234375,4261.89990234375,239332400
2018-06-17 23:00:00,4261.89990234375,4267.60009765625,4244.2001953125,4260.5,97325200
2018-06-18 23:00:00,4260.5,4260.5,4214.10009765625,4242.2001953125,126173100
2018-06-19 23:00:00,4242.2001953125,4295.7001953125,4242.2001953125,4256.2001953125,117723800
2018-06-20 23:00:00,4256.2001953125,4278.60009765625,4212.39990234375,4216.5,106025900
2018-06-21 23:00:00,4216.5,4287.7001953125,4216.39990234375,4284.60009765625,112264800
2018-06-24 23:00:00,4284.60009765625,4284.60009765625,4195.5,4196.39990234375,108783100
2018-06-25 23:00:00,4196.39990234375,4222.7001953125,4196.39990234375,4208.89990234375,137791500
2018-06-26 23:00:00,4208.89990234375,4257.0,4192.7998046875,4250.7998046875,197964100
2018-07-01 23:00:00,4257.39990234375,4257.39990234375,4206.7998046875,4208.2998046875,112386300
2018-07-08 23:00:00,4241.2001953125,4285.89990234375,4241.2001953125,4280.7998046875,0
2018-07-09 23:00:00,4280.7998046875,4294.60009765625,4275.7001953125,4283.7001953125,99869000
2018-07-10 23:00:00,4283.7001953125,4283.7001953125,4221.89990234375,4230.10009765625,110481100
2018-07-11 23:00:00,4230.10009765625,4268.0,4230.0,4262.2998046875,105457000
2018-07-12 23:00:00,4262.2998046875,4297.10009765625,4262.2998046875,4268.39990234375,83171900
2018-07-15 23:00:00,4268.39990234375,4274.2001953125,4223.60009765625,4239.39990234375,96854000
2018-07-16 23:00:00,4239.39990234375,4261.7998046875,4231.39990234375,4253.7998046875,106563700
2018-07-17 23:00:00,4253.7998046875,4286.7998046875,4253.7001953125,4280.89990234375,95157200
2018-07-18 23:00:00,4280.89990234375,4290.39990234375,4270.89990234375,4281.7998046875,101150000
2018-07-19 23:00:00,4281.7998046875,4292.60009765625,4254.0,4280.10009765625,0
2018-07-22 23:00:00,4280.10009765625,4280.10009765625,4250.10009765625,4264.10009765625,0
2018-07-23 23:00:00,4264.10009765625,4307.7998046875,4260.89990234375,4291.7001953125,0
2018-07-24 23:00:00,4291.7001953125,4292.2998046875,4255.39990234375,4264.7001953125,0
2018-07-26 23:00:00,4267.5,4295.39990234375,4267.2001953125,4288.60009765625,0
2018-07-29 23:00:00,4288.60009765625,4296.0,4267.60009765625,4288.7001953125,0
2018-07-30 23:00:00,4288.7001953125,4328.39990234375,4287.2001953125,4311.0,0
2018-07-31 23:00:00,4311.0,4311.5,4252.89990234375,4263.7998046875,0
2018-08-01 23:00:00,4263.7998046875,4263.89990234375,4208.2001953125,4219.5,0
2018-08-02 23:00:00,4219.5,4264.89990234375,4219.5,4261.0,0
2018-08-05 23:00:00,4261.0,4273.0,4250.7998046875,4263.39990234375,0
2018-08-06 23:00:00,4263.39990234375,4307.10009765625,4263.10009765625,4290.0,102314700
2018-08-07 23:00:00,4290.0,4326.5,4285.89990234375,4320.2998046875,93718800
2018-08-08 23:00:00,4320.2998046875,4320.39990234375,4290.89990234375,4305.2998046875,0
2018-08-16 23:00:00,4207.39990234375,4217.5,4185.0,4207.7998046875,0
2018-08-20 23:00:00,4226.0,4233.39990234375,4212.39990234375,4217.89990234375,0
2018-08-21 23:00:00,4217.89990234375,4239.10009765625,4201.10009765625,4221.7998046875,83884000
2018-08-22 23:00:00,4221.7998046875,4237.10009765625,4216.2998046875,4217.5,79324400
2018-08-23 23:00:00,4217.5,4229.7998046875,4214.89990234375,4225.0,71669600
2018-08-28 23:00:00,4248.7998046875,4258.60009765625,4210.60009765625,4219.89990234375,97140300
2018-08-29 23:00:00,4219.89990234375,4219.89990234375,4184.89990234375,4196.39990234375,86875900
2018-08-30 23:00:00,4196.39990234375,4196.39990234375,4155.7998046875,4157.5,112413500
2018-09-02 23:00:00,4157.5,4197.39990234375,4157.39990234375,4191.2001953125,66283700
2018-09-03 23:00:00,4191.2001953125,4207.10009765625,4154.39990234375,4164.5,95266500
2018-09-04 23:00:00,4164.5,4164.5,4110.89990234375,4124.39990234375,115322000
2018-09-05 23:00:00,4124.39990234375,4130.5,4087.89990234375,4090.89990234375,117125900
2018-09-06 23:00:00,4090.89990234375,4095.199951171875,4040.5,4069.300048828125,120703300
2018-09-09 23:00:00,4069.300048828125,4084.60009765625,4058.800048828125,4071.699951171875,107198200
2018-09-10 23:00:00,4071.699951171875,4072.300048828125,4040.39990234375,4067.89990234375,95415800
2018-09-11 23:00:00,4067.89990234375,4096.89990234375,4058.699951171875,4091.60009765625,100425700
2018-09-12 23:00:00,4091.60009765625,4094.10009765625,4069.0,4072.199951171875,93469300
2018-09-13 23:00:00,4072.199951171875,4095.39990234375,4072.199951171875,4087.10009765625,84912400
2018-09-16 23:00:00,4087.10009765625,4094.5,4068.800048828125,4086.199951171875,88060900
2018-09-17 23:00:00,4086.199951171875,4098.10009765625,4076.89990234375,4088.10009765625,104732100
2018-09-18 23:00:00,4088.39990234375,4111.2001953125,4079.800048828125,4103.89990234375,112935200
2018-09-19 23:00:00,4103.89990234375,4122.7998046875,4100.5,4122.5,120556500
2018-09-20 23:00:00,4122.5,4184.10009765625,4122.5,4181.0,221193000
2018-09-23 23:00:00,4181.0,4181.5,4159.10009765625,4162.7998046875,97864200
2018-09-24 23:00:00,4162.7998046875,4190.2998046875,4161.39990234375,4184.7001953125,105708200
2018-09-25 23:00:00,4184.7001953125,4191.2998046875,4175.39990234375,4185.7001953125,94548700
2018-09-27 23:00:00,4199.39990234375,4200.7001953125,4163.7998046875,4180.7001953125,125648800
2018-09-30 23:00:00,4180.7001953125,4193.10009765625,4161.0,4177.10009765625,106710200
2018-10-01 23:00:00,4177.10009765625,4177.10009765625,4148.7001953125,4162.7001953125,110779800
2018-10-02 23:00:00,4162.7001953125,4188.39990234375,4162.7001953125,4180.5,110815500
2018-10-03 23:00:00,4180.5,4180.5,4127.60009765625,4130.60009765625,114564200
2018-10-04 23:00:00,4130.60009765625,4132.39990234375,4078.39990234375,4078.39990234375,106875400
2018-10-07 23:00:00,4078.39990234375,4079.0,4029.60009765625,4029.60009765625,95083800
2018-10-08 23:00:00,4029.60009765625,4038.300048828125,4001.60009765625,4028.300048828125,110313300
2018-10-09 23:00:00,4028.300048828125,4030.39990234375,3975.0,3975.0,141125400
2018-10-10 23:00:00,3975.0,3975.0,3892.699951171875,3896.5,0
2018-10-11 23:00:00,3896.5,3936.0,3896.10009765625,3896.300048828125,0
2018-10-14 23:00:00,3896.300048828125,3911.39990234375,3873.199951171875,3906.10009765625,0
2018-10-15 23:00:00,3906.10009765625,3932.60009765625,3895.60009765625,3931.800048828125,112311100
2018-10-16 23:00:00,3931.800048828125,3946.699951171875,3907.300048828125,3925.0,103784900
2018-10-17 23:00:00,3925.0,3938.300048828125,3910.39990234375,3910.39990234375,0
2018-10-18 23:00:00,3910.39990234375,3926.199951171875,3898.60009765625,3915.39990234375,109750700
2018-10-21 23:00:00,3915.39990234375,3949.60009765625,3910.39990234375,3910.89990234375,0
2018-10-23 23:00:00,3856.39990234375,3908.39990234375,3856.39990234375,3861.89990234375,109643300
2018-10-24 23:00:00,3861.89990234375,3885.199951171875,3819.5,3885.199951171875,0
2018-10-25 23:00:00,3885.199951171875,3885.199951171875,3805.199951171875,3849.10009765625,0
2018-10-29 00:00:00,3849.10009765625,3931.60009765625,3849.10009765625,3896.699951171875,0
2018-10-30 00:00:00,3896.699951171875,3915.10009765625,3877.5,3904.60009765625,100431500
2018-10-31 00:00:00,3904.60009765625,3973.10009765625,3904.60009765625,3956.0,126001900
2018-11-01 00:00:00,3956.0,3983.60009765625,3935.199951171875,3958.300048828125,143213000
2018-11-02 00:00:00,3958.300048828125,4003.60009765625,3953.800048828125,3953.89990234375,112615800
2018-11-05 00:00:00,3953.89990234375,3968.300048828125,3942.5,3949.60009765625,76799100
2018-11-06 00:00:00,3949.60009765625,3956.60009765625,3913.199951171875,3919.5,89703100
2018-11-07 00:00:00,3919.5,3968.5,3919.5,3958.699951171875,96243600
2018-11-08 00:00:00,3958.699951171875,3988.39990234375,3958.699951171875,3973.300048828125,94010000
2018-11-09 00:00:00,3973.300048828125,3973.300048828125,3935.699951171875,3951.800048828125,90931100
2018-11-13 00:00:00,3917.5,3945.5,3903.800048828125,3923.699951171875,133791700
2018-11-14 00:00:00,3923.699951171875,3954.699951171875,3885.39990234375,3911.800048828125,124882500
2018-11-15 00:00:00,3911.800048828125,3934.699951171875,3873.5,3905.5,0
2018-11-16 00:00:00,3905.5,3935.60009765625,3870.39990234375,3891.800048828125,132445100
2018-11-19 00:00:00,3891.800048828125,3923.199951171875,3882.199951171875,3884.10009765625,108117800
2018-11-20 00:00:00,3884.10009765625,3889.800048828125,3831.0,3853.60009765625,0
2018-11-21 00:00:00,3853.60009765625,3911.800048828125,3853.60009765625,3908.60009765625,117486200
2018-11-22 00:00:00,3908.60009765625,3908.60009765625,3854.60009765625,3864.800048828125,100886600
2018-11-23 00:00:00,3864.800048828125,3878.39990234375,3840.199951171875,3861.5,91720700
2018-11-27 00:00:00,3906.39990234375,3910.5,3878.60009765625,3895.60009765625,0
2018-12-04 00:00:00,3913.5,3927.800048828125,3880.699951171875,3887.199951171875,119691100
2018-12-05 00:00:00,3887.199951171875,3889.199951171875,3834.89990234375,3838.199951171875,114397400
2018-12-06 00:00:00,3838.199951171875,3838.199951171875,3704.10009765625,3719.39990234375,138495200
2018-12-07 00:00:00,3719.39990234375,3804.39990234375,3719.39990234375,3756.89990234375,118224100
2018-12-10 00:00:00,3756.89990234375,3769.60009765625,3717.800048828125,3718.800048828125,116369700
2018-12-11 00:00:00,3718.800048828125,3792.300048828125,3718.800048828125,3763.89990234375,115334400
2018-12-12 00:00:00,3763.89990234375,3819.5,3763.89990234375,3809.300048828125,140680700
2018-12-13 00:00:00,3809.300048828125,3823.39990234375,3790.89990234375,3802.39990234375,104389800
2018-12-14 00:00:00,3802.39990234375,3802.39990234375,3753.39990234375,3782.199951171875,99028900
2018-12-17 00:00:00,3782.199951171875,3782.199951171875,3735.0,3740.300048828125,105163900
2018-12-18 00:00:00,3740.300048828125,3740.300048828125,3709.60009765625,3709.60009765625,118980700
2018-12-19 00:00:00,3709.60009765625,3752.89990234375,3707.89990234375,3743.199951171875,110037000
2018-12-20 00:00:00,3743.199951171875,3743.199951171875,3675.699951171875,3712.800048828125,126552600
2018-12-21 00:00:00,3712.800048828125,3721.300048828125,3683.699951171875,3716.89990234375,213858400
2018-12-24 00:00:00,3716.89990234375,3716.89990234375,3686.199951171875,3696.10009765625,26060100
2018-12-27 00:00:00,3696.10009765625,3718.60009765625,3617.89990234375,3641.5,78848800
2018-12-28 00:00:00,3641.5,3727.39990234375,3641.5,3723.60009765625,69611700
2018-12-31 00:00:00,3723.60009765625,3735.5,3717.800048828125,3722.199951171875,29512300
2019-01-02 00:00:00,3722.199951171875,3736.5,3653.800048828125,3727.89990234375,82728700
2019-01-03 00:00:00,3727.89990234375,3736.199951171875,3701.89990234375,3703.5,88984600
2019-01-04 00:00:00,3703.5,3788.89990234375,3703.5,3782.89990234375,87654100
2019-01-07 00:00:00,3782.89990234375,3803.10009765625,3759.5,3776.699951171875,97968500
2019-01-08 00:00:00,3776.699951171875,3828.699951171875,3774.5,3807.0,91081000
2019-01-09 00:00:00,3807.0,3851.10009765625,3807.0,3836.0,115134100
2019-01-10 00:00:00,3836.0,3856.5,3812.800048828125,3853.60009765625,89444000
2019-01-11 00:00:00,3853.60009765625,3883.800048828125,3837.89990234375,3845.800048828125,94016300
2019-01-15 00:00:00,3812.199951171875,3839.39990234375,3809.0,3831.199951171875,95346600
2019-01-16 00:00:00,3831.199951171875,3840.39990234375,3809.5,3818.10009765625,103699500
2019-01-17 00:00:00,3818.10009765625,3818.10009765625,3786.10009765625,3806.89990234375,80685300
2019-01-18 00:00:00,3806.89990234375,3884.300048828125,3806.89990234375,3876.60009765625,108919200
2019-01-21 00:00:00,3876.60009765625,3886.300048828125,3868.800048828125,3877.60009765625,66619000
2019-01-22 00:00:00,3877.60009765625,3877.60009765625,3831.5,3842.699951171875,83484300
2019-01-23 00:00:00,3842.699951171875,3842.699951171875,3807.89990234375,3812.10009765625,92934000
2019-01-24 00:00:00,3812.10009765625,3819.800048828125,3793.39990234375,3802.5,86528100
2019-01-25 00:00:00,3802.5,3822.800048828125,3797.300048828125,3798.5,95668400
2019-01-28 00:00:00,3798.5,3799.89990234375,3759.89990234375,3765.89990234375,85617600
2019-01-29 00:00:00,3765.89990234375,3825.60009765625,3765.699951171875,3812.0,95813600
2019-01-30 00:00:00,3812.0,3878.199951171875,3812.0,3866.300048828125,99856400
2019-01-31 00:00:00,3866.300048828125,3895.10009765625,3863.10009765625,3875.10009765625,118235400
2019-02-01 00:00:00,3875.10009765625,3904.39990234375,3875.10009765625,3902.300048828125,86367500
2019-02-04 00:00:00,3902.300048828125,3915.39990234375,3894.60009765625,3910.10009765625,87092900
2019-02-05 00:00:00,3910.10009765625,3982.199951171875,3910.0,3981.699951171875,91662300
2019-02-06 00:00:00,3981.699951171875,3987.89990234375,3966.89990234375,3982.300048828125,82503700
2019-02-07 00:00:00,3982.300048828125,3985.800048828125,3936.10009765625,3936.10009765625,90468700
2019-02-12 00:00:00,3953.699951171875,3973.800048828125,3949.39990234375,3955.300048828125,78840000
2019-02-13 00:00:00,3955.300048828125,3993.699951171875,3955.300048828125,3987.199951171875,79357300
2019-02-14 00:00:00,3987.199951171875,4005.10009765625,3979.60009765625,3987.5,77124400
2019-02-15 00:00:00,3987.5,4021.89990234375,3981.10009765625,4009.0,95970000
2019-02-18 00:00:00,4009.0,4016.800048828125,3997.89990234375,4005.699951171875,65557100
2019-02-19 00:00:00,4005.699951171875,4005.699951171875,3976.199951171875,3985.0,88953500
2019-02-20 00:00:00,3985.0,4013.10009765625,3984.300048828125,4012.5,114544200
2019-02-21 00:00:00,4012.5,4012.699951171875,3972.39990234375,3985.199951171875,107557300
2019-02-22 00:00:00,3985.199951171875,4012.699951171875,3983.10009765625,3991.5,87510200
2019-02-25 00:00:00,3991.5,4006.300048828125,3978.300048828125,3993.10009765625,91477000
2019-02-26 00:00:00,3993.10009765625,3993.10009765625,3951.60009765625,3978.800048828125,112815900
2019-02-27 00:00:00,3978.800048828125,3978.800048828125,3941.800048828125,3954.39990234375,112991300
2019-02-28 00:00:00,3954.39990234375,3954.39990234375,3920.0,3940.199951171875,129287700
2019-03-01 00:00:00,3940.199951171875,3972.0,3940.199951171875,3962.5,99471200
2019-03-05 00:00:00,3975.699951171875,4003.5,3971.699951171875,3999.60009765625,106380900
2019-03-06 00:00:00,3999.60009765625,4011.699951171875,3992.39990234375,4002.60009765625,108746400
2019-03-08 00:00:00,3978.800048828125,3978.800048828125,3935.10009765625,3949.39990234375,88624900
2019-03-11 00:00:00,3949.39990234375,3988.39990234375,3949.39990234375,3963.199951171875,93184100
2019-03-12 00:00:00,3963.199951171875,3983.300048828125,3942.300048828125,3974.5,104894100
2019-03-13 00:00:00,3974.5,3989.300048828125,3962.5,3979.5,108725100
2019-03-14 00:00:00,3979.5,4010.800048828125,3973.800048828125,3995.10009765625,114733600
2019-03-15 00:00:00,3995.10009765625,4027.300048828125,3995.10009765625,4022.10009765625,192330000
2019-03-18 00:00:00,4022.10009765625,4054.89990234375,4022.10009765625,4054.89990234375,91633600
2019-03-19 00:00:00,4054.89990234375,4080.800048828125,4051.89990234375,4068.699951171875,85905100
2019-03-20 00:00:00,4068.699951171875,4076.300048828125,4047.800048828125,4047.800048828125,111867800
2019-03-21 00:00:00,4047.800048828125,4083.300048828125,4047.699951171875,4076.300048828125,101140700
2019-03-22 00:00:00,4076.300048828125,4077.300048828125,3988.5,3995.800048828125,95629100
2019-03-25 00:00:00,3995.800048828125,3995.800048828125,3961.5,3975.10009765625,85080100
2019-03-26 00:00:00,3975.10009765625,4000.5,3970.800048828125,3987.10009765625,89967700
2019-03-27 00:00:00,3987.10009765625,4001.800048828125,3969.10009765625,3986.0,104987800
2019-03-28 00:00:00,3986.0,4021.89990234375,3984.0,4005.199951171875,81664900
2019-03-29 00:00:00,4005.199951171875,4037.0,4000.800048828125,4033.10009765625,110245000
2019-03-31 23:00:00,4033.10009765625,4071.10009765625,4033.10009765625,4055.0,95574000
2019-04-01 23:00:00,4055.0,4098.0,4055.0,4092.39990234375,100822700
2019-04-02 23:00:00,4092.39990234375,4112.89990234375,4090.800048828125,4112.89990234375,119214100
2019-04-03 23:00:00,4112.89990234375,4112.89990234375,4086.199951171875,4103.39990234375,101414200
2019-04-04 23:00:00,4103.39990234375,4132.60009765625,4102.2001953125,4125.39990234375,98097100
2019-04-07 23:00:00,4125.39990234375,4131.2998046875,4111.2998046875,4127.0,84542400
2019-04-08 23:00:00,4127.0,4138.89990234375,4106.0,4111.89990234375,106285300
2019-04-09 23:00:00,4111.89990234375,4120.0,4106.2998046875,4111.89990234375,97991800
2019-04-10 23:00:00,4111.89990234375,4125.2001953125,4094.699951171875,4114.7001953125,95967400
2019-04-11 23:00:00,4114.7001953125,4133.89990234375,4110.7998046875,4126.7001953125,104574100
2019-04-14 23:00:00,4126.7001953125,4134.0,4120.10009765625,4129.7998046875,80420300
2019-04-15 23:00:00,4129.7998046875,4155.89990234375,4129.7998046875,4149.10009765625,90466900
2019-04-16 23:00:00,4149.10009765625,4152.2001953125,4137.10009765625,4147.60009765625,94917100
2019-04-17 23:00:00,4147.60009765625,4148.2001953125,4128.89990234375,4141.5,80481600
2019-04-23 23:00:00,4173.2998046875,4173.7001953125,4143.10009765625,4152.2998046875,95527900
2019-04-24 23:00:00,4152.2998046875,4153.5,4117.5,4130.7001953125,94284100
2019-04-25 23:00:00,4130.7001953125,4136.39990234375,4112.60009765625,4127.39990234375,111280400
2019-04-28 23:00:00,4127.39990234375,4142.2998046875,4118.2001953125,4135.10009765625,71453300
2019-04-29 23:00:00,4135.10009765625,4139.60009765625,4110.5,4121.7001953125,130884200
2019-04-30 23:00:00,4121.7001953125,4136.10009765625,4103.10009765625,4106.0,68916800
2019-05-01 23:00:00,4106.0,4106.89990234375,4080.199951171875,4085.89990234375,97622500
2019-05-02 23:00:00,4085.89990234375,4117.89990234375,4085.5,4100.2001953125,77544800
2019-05-06 23:00:00,4100.2001953125,4100.2001953125,4031.5,4036.199951171875,120850500
2019-05-08 23:00:00,4043.300048828125,4043.300048828125,3997.699951171875,4005.39990234375,119209500
2019-05-09 23:00:00,4005.39990234375,4038.89990234375,3999.800048828125,4006.199951171875,96206400
2019-05-12 23:00:00,4006.199951171875,4011.699951171875,3974.0,3979.699951171875,108099600
2019-05-13 23:00:00,3979.699951171875,4024.10009765625,3979.699951171875,4024.10009765625,104283100
2019-05-14 23:00:00,4024.10009765625,4056.10009765625,4015.39990234375,4049.89990234375,114593900
2019-05-15 23:00:00,4049.89990234375,4081.699951171875,4036.0,4081.699951171875,95632800
2019-05-16 23:00:00,4081.699951171875,4081.699951171875,4057.0,4078.300048828125,100314100
2019-05-19 23:00:00,4078.300048828125,4083.300048828125,4035.199951171875,4055.199951171875,98650100
2019-05-20 23:00:00,4055.199951171875,4087.39990234375,4055.199951171875,4067.0,122712300
2019-05-21 23:00:00,4067.0,4089.699951171875,4058.300048828125,4065.10009765625,120616400
2019-05-22 23:00:00,4065.10009765625,4065.10009765625,3997.89990234375,4007.800048828125,121019000
2019-05-23 23:00:00,4007.800048828125,4046.0,4007.800048828125,4032.800048828125,93599300
2019-05-27 23:00:00,4032.800048828125,4053.10009765625,4025.800048828125,4031.300048828125,179161900
2019-05-28 23:00:00,4031.300048828125,4031.300048828125,3969.0,3983.60009765625,97396300
2019-05-29 23:00:00,3983.60009765625,4013.5,3981.39990234375,4004.5,89181900
2019-05-30 23:00:00,4004.5,4004.5,3957.5,3973.5,116302400
2019-06-02 23:00:00,3973.5,3982.199951171875,3928.89990234375,3981.10009765625,100103200
2019-06-03 23:00:00,3981.10009765625,4003.199951171875,3955.89990234375,3999.199951171875,115389400
2019-06-04 23:00:00,4000.199951171875,4026.199951171875,3995.0,4004.199951171875,108392600
2019-06-05 23:00:00,4004.199951171875,4030.89990234375,4003.39990234375,4022.39990234375,88204100
2019-06-06 23:00:00,4022.39990234375,4067.300048828125,4021.699951171875,4061.5,88609100
2019-06-09 23:00:00,4061.5,4086.60009765625,4061.5,4084.39990234375,66176400
2019-06-10 23:00:00,4084.39990234375,4105.7998046875,4084.39990234375,4095.60009765625,95580400
2019-06-11 23:00:00,4095.60009765625,4095.60009765625,4058.800048828125,4078.699951171875,107067600
2019-06-12 23:00:00,4078.699951171875,4093.199951171875,4070.300048828125,4076.5,85800600
2019-06-13 23:00:00,4076.5,4076.699951171875,4049.89990234375,4064.10009765625,88273400
2019-06-16 23:00:00,4064.10009765625,4077.39990234375,4055.5,4070.800048828125,83824300
2019-06-17 23:00:00,4070.800048828125,4129.0,4062.89990234375,4115.89990234375,122754900
2019-06-18 23:00:00,4115.89990234375,4121.7001953125,4093.300048828125,4095.300048828125,109329300
2019-06-19 23:00:00,4095.300048828125,4127.89990234375,4095.199951171875,4109.7001953125,107068900
2019-06-20 23:00:00,4109.7001953125,4125.10009765625,4087.699951171875,4099.7998046875,221072600
2019-06-23 23:00:00,4099.7998046875,4113.10009765625,4096.10009765625,4103.2001953125,86158400
2019-06-24 23:00:00,4103.2001953125,4107.7001953125,4080.5,4105.39990234375,88057100
2019-06-25 23:00:00,4105.39990234375,4111.7998046875,4096.2998046875,4101.7001953125,98949500
2019-06-26 23:00:00,4101.7001953125,4113.89990234375,4081.699951171875,4097.10009765625,97959000
2019-06-27 23:00:00,4097.10009765625,4117.7998046875,4096.7001953125,4112.89990234375,104994800
2019-06-30 23:00:00,4112.89990234375,4167.60009765625,4112.89990234375,4152.2001953125,92039300
2019-07-04 23:00:00,4207.0,4207.10009765625,4173.0,4178.7998046875,75422000
2019-07-08 23:00:00,4174.39990234375,4175.10009765625,4155.60009765625,4164.60009765625,79709200
2019-07-09 23:00:00,4164.60009765625,4175.39990234375,4153.2998046875,4160.2998046875,82664500
2019-07-11 23:00:00,4151.39990234375,4167.10009765625,4146.7998046875,4153.2998046875,77980700
2019-07-14 23:00:00,4153.2998046875,4174.60009765625,4144.89990234375,4166.39990234375,72124500
2019-07-15 23:00:00,4166.39990234375,4196.2001953125,4163.2998046875,4190.0,85412700
2019-07-16 23:00:00,4190.0,4190.5,4160.5,4169.10009765625,82585600
2019-07-17 23:00:00,4169.10009765625,4169.2001953125,4141.7998046875,4146.7998046875,73323700
2019-07-18 23:00:00,4146.7998046875,4175.2001953125,4138.89990234375,4157.0,85786500
2019-07-21 23:00:00,4157.0,4177.2001953125,4147.89990234375,4160.7998046875,84978800
2019-07-24 23:00:00,4159.2001953125,4182.2998046875,4140.5,4154.60009765625,94773300
2019-07-25 23:00:00,4154.60009765625,4185.89990234375,4153.89990234375,4183.7998046875,103366600
2019-07-28 23:00:00,4183.7998046875,4261.7998046875,4183.39990234375,4248.60009765625,101026900
2019-07-29 23:00:00,4248.60009765625,4269.10009765625,4224.39990234375,4226.2998046875,111939000
2019-07-30 23:00:00,4226.2998046875,4227.0,4191.39990234375,4194.7998046875,144894300
2019-07-31 23:00:00,4194.7998046875,4205.7001953125,4168.89990234375,4192.7998046875,112506300
2019-08-01 23:00:00,4192.7998046875,4192.7998046875,4093.5,4097.2001953125,134010100
2019-08-04 23:00:00,4097.2001953125,4097.2001953125,3987.199951171875,3999.10009765625,155975200
2019-08-05 23:00:00,3999.10009765625,4012.800048828125,3972.39990234375,3974.0,135407300
2019-08-06 23:00:00,3974.0,4010.199951171875,3966.0,3989.699951171875,117319700
2019-08-07 23:00:00,3989.699951171875,4037.0,3989.699951171875,4037.0,0
2019-08-08 23:00:00,4037.0,4042.60009765625,4012.300048828125,4020.5,103784800
2019-08-11 23:00:00,4020.5,4048.39990234375,3995.5,4001.800048828125,96796900
2019-08-12 23:00:00,4001.800048828125,4031.300048828125,3971.5,4016.300048828125,105884500
2019-08-13 23:00:00,4016.300048828125,4024.89990234375,3941.699951171875,3959.0,122354200
2019-08-14 23:00:00,3959.0,3961.0,3894.0,3918.300048828125,121231900
2019-08-15 23:00:00,3918.300048828125,3948.699951171875,3918.300048828125,3947.800048828125,92165200
2019-08-18 23:00:00,3947.800048828125,3998.60009765625,3947.800048828125,3990.89990234375,87572800
2019-08-19 23:00:00,3990.89990234375,4012.199951171875,3956.0,3957.699951171875,105394700
2019-08-20 23:00:00,3957.699951171875,4006.199951171875,3956.39990234375,4001.199951171875,86696300
2019-08-21 23:00:00,4001.199951171875,4001.199951171875,3952.5,3965.89990234375,92638300
2019-08-22 23:00:00,3965.89990234375,4000.5,3951.5,3951.5,95067400
2019-08-26 23:00:00,3951.5,3962.39990234375,3927.699951171875,3952.39990234375,120120800
2019-08-27 23:00:00,3952.39990234375,3968.10009765625,3930.699951171875,3959.60009765625,98737600
2019-08-28 23:00:00,3959.60009765625,4000.60009765625,3952.10009765625,3995.0,90816600
2019-08-29 23:00:00,3995.0,4025.10009765625,3992.699951171875,4009.0,102631400
2019-09-01 23:00:00,4009.0,4063.39990234375,4008.800048828125,4046.800048828125,68551800
2019-09-03 23:00:00,4039.800048828125,4075.300048828125,4039.800048828125,4065.10009765625,108965500
2019-09-04 23:00:00,4065.10009765625,4074.60009765625,4036.699951171875,4047.5,103927100
2019-09-05 23:00:00,4047.5,4054.5,4034.699951171875,4054.5,95772200
2019-09-08 23:00:00,4054.5,4077.199951171875,4017.199951171875,4032.0,111182300
2019-09-09 23:00:00,4032.0,4049.60009765625,4014.5,4049.0,139688400
2019-09-10 23:00:00,4049.0,4093.800048828125,4049.0,4089.800048828125,118319400
2019-09-11 23:00:00,4089.800048828125,4105.7001953125,4070.60009765625,4092.199951171875,102304300
2019-09-12 23:00:00,4092.199951171875,4116.39990234375,4081.699951171875,4110.7001953125,132447500
2019-09-15 23:00:00,4110.7001953125,4115.89990234375,4084.699951171875,4084.699951171875,129947800
2019-09-16 23:00:00,4084.699951171875,4097.89990234375,4068.89990234375,4083.60009765625,145920500
2019-09-17 23:00:00,4083.60009765625,4099.39990234375,4074.699951171875,4081.10009765625,120989000
2019-09-18 23:00:00,4081.10009765625,4110.10009765625,4069.89990234375,4102.0,101474900
2019-09-19 23:00:00,4102.0,4112.2001953125,4086.5,4099.39990234375,244304800
2019-09-22 23:00:00,4099.39990234375,4106.89990234375,4064.39990234375,4086.300048828125,79688700
2019-09-23 23:00:00,4086.300048828125,4095.89990234375,4061.39990234375,4066.0,90504100
2019-09-24 23:00:00,4066.0,4066.199951171875,4021.60009765625,4060.39990234375,102061500
2019-09-25 23:00:00,4060.39990234375,4108.7001953125,4053.699951171875,4090.199951171875,101450300
2019-09-26 23:00:00,4090.199951171875,4135.5,4090.199951171875,4130.2998046875,114399800
2019-09-29 23:00:00,4130.2998046875,4137.0,4117.7998046875,4120.7998046875,112848000
2019-09-30 23:00:00,4120.7998046875,4134.10009765625,4092.5,4096.39990234375,138769400
2019-10-01 23:00:00,4096.39990234375,4096.39990234375,3971.39990234375,3972.5,106342800
2019-10-02 23:00:00,3972.5,3975.699951171875,3909.39990234375,3947.199951171875,92611100
2019-10-03 23:00:00,3947.199951171875,3988.10009765625,3947.0,3987.800048828125,85679900
2019-10-06 23:00:00,3987.800048828125,4010.300048828125,3975.89990234375,4005.5,81314800
2019-10-07 23:00:00,4005.5,4020.199951171875,3972.60009765625,3972.60009765625,101659400
2019-10-08 23:00:00,3972.60009765625,3998.800048828125,3970.89990234375,3982.39990234375,84298800
2019-10-09 23:00:00,3982.39990234375,4006.0,3963.89990234375,3993.800048828125,101294400
2019-10-10 23:00:00,3993.800048828125,4051.0,3977.5,4049.60009765625,203571200
2019-10-13 23:00:00,4049.60009765625,4051.800048828125,4014.699951171875,4030.199951171875,113116700
2019-10-14 23:00:00,4030.199951171875,4049.800048828125,4016.699951171875,4038.5,156600900
2019-10-15 23:00:00,4038.5,4039.60009765625,4006.300048828125,4017.89990234375,140338200
2019-10-16 23:00:00,4017.89990234375,4052.199951171875,4011.5,4025.699951171875,152185300
2019-10-20 23:00:00,4011.199951171875,4035.5,4004.60009765625,4020.10009765625,120196100
2019-10-21 23:00:00,4020.10009765625,4047.10009765625,4010.89990234375,4038.39990234375,120723700
2019-10-22 23:00:00,4038.39990234375,4063.10009765625,4027.89990234375,4060.699951171875,107210400
2019-10-23 23:00:00,4060.699951171875,4097.60009765625,4058.60009765625,4090.89990234375,101573700
2019-10-29 00:00:00,4094.300048828125,4096.0,4060.39990234375,4081.300048828125,93315200
2019-10-30 00:00:00,4081.300048828125,4092.300048828125,4064.300048828125,4090.800048828125,91275400
2019-10-31 00:00:00,4090.800048828125,4093.10009765625,4048.800048828125,4049.39990234375,112840000
2019-11-01 00:00:00,4049.39990234375,4080.89990234375,4049.39990234375,4079.199951171875,84680200
2019-11-04 00:00:00,4079.199951171875,4124.0,4079.199951171875,4113.5,80824700
2019-11-05 00:00:00,4113.5,4128.60009765625,4112.7998046875,4123.60009765625,95370400
2019-11-06 00:00:00,4123.60009765625,4126.10009765625,4109.2998046875,4124.89990234375,86160100
2019-11-07 00:00:00,4124.89990234375,4148.60009765625,4124.89990234375,4136.7998046875,94749900
2019-11-08 00:00:00,4136.7998046875,4136.7998046875,4106.2001953125,4112.39990234375,76741000
2019-11-11 00:00:00,4112.39990234375,4112.39990234375,4062.0,4099.89990234375,104284100
2019-11-12 00:00:00,4099.89990234375,4128.7998046875,4099.7001953125,4117.60009765625,112732400
2019-11-13 00:00:00,4117.60009765625,4117.60009765625,4080.5,4106.2998046875,99066000
2019-11-18 00:00:00,4087.800048828125,4105.7998046875,4083.800048828125,4091.300048828125,98932300
2019-11-19 00:00:00,4091.300048828125,4143.7001953125,4091.300048828125,4101.7998046875,93192100
2019-11-20 00:00:00,4101.7998046875,4101.7998046875,4048.60009765625,4071.5,107780500
2019-11-21 00:00:00,4071.5,4071.5,4033.800048828125,4056.800048828125,93670100
2019-11-22 00:00:00,4056.800048828125,4109.60009765625,4056.800048828125,4101.7001953125,91118400
2019-11-28 00:00:00,4165.5,4165.5,4142.7998046875,4161.7001953125,84347600
2019-12-02 00:00:00,4122.0,4148.89990234375,4085.0,4090.0,124505100
2019-12-03 00:00:00,4090.0,4090.0,4009.5,4024.199951171875,115826100
2019-12-04 00:00:00,4024.199951171875,4043.60009765625,4015.60009765625,4043.60009765625,98761300
2019-12-05 00:00:00,4043.60009765625,4048.0,4017.39990234375,4021.5,98886800
2019-12-06 00:00:00,4021.5,4076.5,4021.5,4076.5,82107000
2019-12-09 00:00:00,4076.5,4081.800048828125,4062.60009765625,4073.5,106023800
2019-12-10 00:00:00,4073.5,4073.800048828125,4022.199951171875,4059.300048828125,107140600
2019-12-11 00:00:00,4059.300048828125,4076.60009765625,4043.0,4055.89990234375,119683000
2019-12-12 00:00:00,4055.89990234375,4103.5,4055.800048828125,4087.5,117990100
2019-12-13 00:00:00,4087.5,4189.5,4071.89990234375,4149.0,268954900
2019-12-16 00:00:00,4149.0,4255.2998046875,4148.89990234375,4240.0,158034600
2019-12-17 00:00:00,4240.0,4240.2001953125,4219.2998046875,4235.0,150773300
2019-12-18 00:00:00,4235.0,4249.39990234375,4229.7998046875,4241.2998046875,100136600
2019-12-19 00:00:00,4241.2998046875,4257.39990234375,4232.7998046875,4256.7998046875,95878700
2019-12-20 00:00:00,4256.7998046875,4268.2998046875,4250.2998046875,4261.10009765625,168426000
2019-12-23 00:00:00,4261.10009765625,4289.60009765625,4251.39990234375,4285.89990234375,71468300
2019-12-24 00:00:00,4285.89990234375,4295.5,4278.5,4294.60009765625,24779100
2019-12-27 00:00:00,4294.60009765625,4310.5,4289.7001953125,4303.2001953125,46085100
2019-12-31 00:00:00,4272.10009765625,4272.2998046875,4245.7001953125,4249.60009765625,28865200
2020-01-02 00:00:00,4249.60009765625,4293.60009765625,4249.60009765625,4286.0,70252200
2020-01-03 00:00:00,4286.0,4291.39990234375,4253.7001953125,4290.2998046875,67639300
2020-01-06 00:00:00,4290.2998046875,4290.2998046875,4236.7001953125,4260.7001953125,76256100
2020-01-07 00:00:00,4260.7001953125,4277.89990234375,4255.39990234375,4262.39990234375,80412000
2020-01-08 00:00:00,4262.39990234375,4262.39990234375,4232.7001953125,4256.7998046875,86760300
2020-01-09 00:00:00,4256.7998046875,4282.10009765625,4256.7998046875,4267.2998046875,105652300
2020-01-10 00:00:00,4267.2998046875,4284.89990234375,4259.7998046875,4259.89990234375,95362200
2020-01-13 00:00:00,4259.89990234375,4289.39990234375,4259.60009765625,4278.7998046875,91046100
2020-01-14 00:00:00,4278.7998046875,4297.7001953125,4265.10009765625,4282.39990234375,100123200
2020-01-15 00:00:00,4282.39990234375,4290.7998046875,4273.7001953125,4290.39990234375,109550400
2020-01-16 00:00:00,4290.39990234375,4297.5,4266.7998046875,4275.39990234375,95392700
2020-01-17 00:00:00,4275.39990234375,4318.2998046875,4275.39990234375,4311.10009765625,88558000
2020-01-20 00:00:00,4311.10009765625,4315.5,4293.10009765625,4299.0,52948300
2020-01-21 00:00:00,4299.0,4299.0,4246.7001953125,4276.60009765625,89245400
2020-01-22 00:00:00,4276.60009765625,4289.89990234375,4255.10009765625,4259.10009765625,87250600
2020-01-23 00:00:00,4259.10009765625,4259.39990234375,4219.7001953125,4221.7001953125,91587700
2020-01-24 00:00:00,4221.7001953125,4291.5,4221.7001953125,4265.7001953125,84125500
2020-01-27 00:00:00,4265.7001953125,4265.7001953125,4162.0,4169.2001953125,92820000
2020-01-28 00:00:00,4169.2001953125,4211.7998046875,4168.39990234375,4205.5,77089900
2020-01-29 00:00:00,4205.5,4223.7998046875,4197.0,4208.10009765625,80044900
2020-01-30 00:00:00,4208.10009765625,4208.10009765625,4142.10009765625,4154.7998046875,96732500
2020-01-31 00:00:00,4154.7998046875,4168.60009765625,4100.39990234375,4105.10009765625,101975700
2020-02-03 00:00:00,4105.10009765625,4142.5,4104.7001953125,4124.5,95387400
2020-02-04 00:00:00,4124.5,4187.60009765625,4124.5,4186.7001953125,98536000
2020-02-05 00:00:00,4186.7001953125,4224.7998046875,4172.0,4209.2998046875,115244800
2020-02-06 00:00:00,4209.2998046875,4238.39990234375,4209.2998046875,4221.5,92568300
2020-02-07 00:00:00,4221.5,4222.5,4187.10009765625,4201.2998046875,95477600
2020-02-10 00:00:00,4201.2998046875,4201.2998046875,4181.2001953125,4191.7998046875,83940400
2020-02-11 00:00:00,4191.7998046875,4235.7998046875,4191.7998046875,4221.5,96081100
2020-02-12 00:00:00,4221.5,4248.2998046875,4221.5,4242.7001953125,82696100
2020-02-13 00:00:00,4242.7001953125,4242.7001953125,4176.0,4200.2998046875,108322500
2020-02-14 00:00:00,4200.2998046875,4212.0,4178.7998046875,4184.2998046875,86971200
2020-02-17 00:00:00,4184.2998046875,4206.2001953125,4184.2998046875,4196.7001953125,58077300
2020-02-18 00:00:00,4196.7001953125,4196.7001953125,4155.39990234375,4167.89990234375,102906900
2020-02-19 00:00:00,4167.89990234375,4210.5,4167.89990234375,4208.60009765625,85005500
2020-02-20 00:00:00,4208.60009765625,4222.7001953125,4199.7001953125,4199.7001953125,103814500
2020-02-21 00:00:00,4199.7001953125,4199.7001953125,4164.60009765625,4181.5,112595200
2020-02-24 00:00:00,4181.5,4181.5,4021.300048828125,4044.10009765625,139501700
2020-02-25 00:00:00,4044.10009765625,4068.300048828125,3959.300048828125,3965.89990234375,133501000
2020-02-26 00:00:00,3965.89990234375,3975.5,3881.699951171875,3974.199951171875,138803200
2020-02-27 00:00:00,3974.199951171875,3974.199951171875,3796.199951171875,3831.39990234375,170007400
2020-02-28 00:00:00,3831.39990234375,3831.39990234375,3651.10009765625,3715.60009765625,271246600
2020-03-02 00:00:00,3715.60009765625,3823.60009765625,3666.60009765625,3749.199951171875,219632900
2020-03-03 00:00:00,3749.199951171875,3858.800048828125,3749.199951171875,3791.5,170901200
2020-03-04 00:00:00,3791.5,3864.60009765625,3780.800048828125,3838.89990234375,149466700
2020-03-05 00:00:00,3838.89990234375,3851.300048828125,3751.89990234375,3773.5,156287100
2020-03-06 00:00:00,3773.5,3773.5,3622.0,3641.0,185111100
2020-03-09 00:00:00,3641.0,3641.0,3334.10009765625,3369.199951171875,278792700
2020-03-10 00:00:00,3369.199951171875,3513.800048828125,3350.89990234375,3366.60009765625,233514900
2020-03-11 00:00:00,3366.60009765625,3434.699951171875,3313.300048828125,3320.60009765625,207706900
2020-03-12 00:00:00,3320.60009765625,3320.60009765625,2965.199951171875,2968.39990234375,301711800
2020-03-13 00:00:00,2968.39990234375,3207.89990234375,2968.39990234375,3023.10009765625,279636400
2020-03-16 00:00:00,3023.10009765625,3023.10009765625,2743.699951171875,2882.199951171875,305127600
2020-03-17 00:00:00,2882.199951171875,2970.5,2780.800048828125,2934.89990234375,273902900
2020-03-18 00:00:00,2934.89990234375,2934.89990234375,2775.10009765625,2804.300048828125,268275600
2020-03-19 00:00:00,2804.300048828125,2843.699951171875,2718.699951171875,2831.39990234375,284464900
2020-03-20 00:00:00,2831.39990234375,2977.5,2831.39990234375,2875.300048828125,375023900
2020-03-23 00:00:00,2875.300048828125,2875.300048828125,2723.10009765625,2766.199951171875,221867400
2020-03-24 00:00:00,2766.199951171875,3013.699951171875,2766.199951171875,3013.699951171875,216612000
2020-03-25 00:00:00,3013.699951171875,3177.60009765625,2999.800048828125,3148.300048828125,242386200
2020-03-26 00:00:00,3148.300048828125,3226.5,3053.300048828125,3226.5,201778400
2020-03-27 00:00:00,3226.5,3226.5,3010.300048828125,3063.699951171875,193838700
2020-03-29 23:00:00,3063.699951171875,3085.699951171875,2971.300048828125,3083.699951171875,155706100
2020-03-30 23:00:00,3083.699951171875,3164.699951171875,3083.699951171875,3150.10009765625,215704600
2020-03-31 23:00:00,3150.10009765625,3150.10009765625,3012.39990234375,3030.199951171875,214523500
2020-04-01 23:00:00,3030.199951171875,3075.699951171875,2999.60009765625,3038.5,192921100
2020-04-02 23:00:00,3038.5,3041.39990234375,2988.10009765625,2997.0,157347600
2020-04-05 23:00:00,2997.0,3100.5,2997.0,3098.699951171875,162173800
2020-04-06 23:00:00,3098.699951171875,3225.199951171875,3098.699951171875,3181.0,213848600
2020-04-07 23:00:00,3181.0,3181.0,3125.0,3178.39990234375,158028900
2020-04-08 23:00:00,3178.39990234375,3273.60009765625,3178.39990234375,3273.60009765625,177796600
2020-04-13 23:00:00,3273.60009765625,3301.199951171875,3232.89990234375,3238.699951171875,151413900
2020-04-14 23:00:00,3238.699951171875,3238.800048828125,3113.39990234375,3123.800048828125,179620300
2020-04-15 23:00:00,3123.800048828125,3156.89990234375,3114.5,3139.199951171875,148324100
2020-04-16 23:00:00,3139.199951171875,3258.800048828125,3139.199951171875,3229.199951171875,165138600
2020-04-19 23:00:00,3229.199951171875,3249.60009765625,3187.5,3240.0,118500900
2020-04-20 23:00:00,3240.0,3240.0,3145.800048828125,3145.800048828125,126699000
2020-04-21 23:00:00,3145.800048828125,3216.10009765625,3145.60009765625,3212.39990234375,125549900
2020-04-22 23:00:00,3212.39990234375,3255.800048828125,3196.699951171875,3245.5,124209100
2020-04-23 23:00:00,3245.5,3245.800048828125,3195.199951171875,3207.300048828125,114515200
2020-04-26 23:00:00,3207.300048828125,3266.89990234375,3207.300048828125,3260.199951171875,111717000
2020-04-27 23:00:00,3260.199951171875,3336.300048828125,3258.0,3323.699951171875,158726500
2020-04-28 23:00:00,3323.699951171875,3421.60009765625,3320.0,3415.0,171809400
2020-04-29 23:00:00,3415.0,3438.60009765625,3300.39990234375,3302.5,241696400
2020-04-30 23:00:00,3302.5,3302.5,3219.60009765625,3227.800048828125,101587700
2020-05-03 23:00:00,3227.800048828125,3236.699951171875,3191.300048828125,3216.89990234375,140225500
2020-05-04 23:00:00,3216.89990234375,3277.39990234375,3216.89990234375,3266.199951171875,129021700
2020-05-05 23:00:00,3266.199951171875,3289.0,3259.60009765625,3264.5,140322000
2020-05-06 23:00:00,3264.5,3314.10009765625,3264.5,3311.699951171875,139834200
2020-05-10 23:00:00,3311.699951171875,3347.0,3293.300048828125,3314.300048828125,150772300
2020-05-11 23:00:00,3314.300048828125,3348.10009765625,3299.800048828125,3336.60009765625,136846000
2020-05-12 23:00:00,3336.60009765625,3336.60009765625,3279.800048828125,3284.39990234375,150365200
2020-05-13 23:00:00,3284.39990234375,3284.39990234375,3148.300048828125,3192.800048828125,164310000
2020-05-14 23:00:00,3192.800048828125,3247.0,3192.800048828125,3228.5,134046500
2020-05-17 23:00:00,3228.5,3367.5,3228.5,3363.60009765625,134538000
2020-05-18 23:00:00,3363.60009765625,3398.300048828125,3325.199951171875,3345.0,141115700
2020-05-19 23:00:00,3345.0,3381.0,3322.39990234375,3376.800048828125,135837400
2020-05-20 23:00:00,3376.800048828125,3392.699951171875,3344.39990234375,3353.300048828125,148796800
2020-05-21 23:00:00,3353.300048828125,3353.300048828125,3285.0,3343.5,141431300
2020-05-25 23:00:00,3343.5,3423.10009765625,3343.5,3396.199951171875,183530900
2020-05-26 23:00:00,3396.199951171875,3453.699951171875,3396.199951171875,3438.89990234375,213431700
2020-05-27 23:00:00,3438.89990234375,3489.199951171875,3438.89990234375,3480.199951171875,172464200
2020-05-28 23:00:00,3480.199951171875,3480.199951171875,3396.199951171875,3404.0,319142300
2020-05-31 23:00:00,3404.0,3460.199951171875,3404.0,3453.699951171875,111128500
2020-06-01 23:00:00,3453.699951171875,3494.39990234375,3453.10009765625,3484.10009765625,164202800
2020-06-02 23:00:00,3484.10009765625,3580.60009765625,3484.10009765625,3575.199951171875,175517700
2020-06-03 23:00:00,3575.199951171875,3585.39990234375,3539.800048828125,3553.699951171875,151587700
2020-06-04 23:00:00,3553.699951171875,3636.60009765625,3553.699951171875,3633.800048828125,193704200
2020-06-07 23:00:00,3633.800048828125,3653.39990234375,3601.60009765625,3625.199951171875,187937900
2020-06-08 23:00:00,3625.199951171875,3626.800048828125,3543.800048828125,3548.699951171875,183969500
2020-06-09 23:00:00,3548.699951171875,3579.39990234375,3525.10009765625,3540.5,156666000
2020-06-10 23:00:00,3540.5,3540.5,3401.699951171875,3401.699951171875,158649600
2020-06-11 23:00:00,3401.699951171875,3461.699951171875,3354.199951171875,3418.5,150304200
2020-06-14 23:00:00,3418.5,3418.5,3336.60009765625,3400.0,127786500
2020-06-15 23:00:00,3400.0,3527.89990234375,3400.0,3495.60009765625,141607900
2020-06-16 23:00:00,3495.60009765625,3533.0,3492.89990234375,3504.39990234375,122896300
2020-06-17 23:00:00,3504.39990234375,3521.199951171875,3467.89990234375,3488.699951171875,113440700
2020-06-21 23:00:00,3526.300048828125,3533.800048828125,3489.89990234375,3500.10009765625,119138500
2020-06-22 23:00:00,3500.10009765625,3551.39990234375,3500.10009765625,3538.0,104529600
2020-06-23 23:00:00,3538.0,3538.0,3429.60009765625,3429.60009765625,114015800
2020-06-24 23:00:00,3429.60009765625,3446.699951171875,3375.10009765625,3439.199951171875,125197200
2020-06-25 23:00:00,3439.199951171875,3500.300048828125,3439.199951171875,3444.89990234375,110059500
2020-06-28 23:00:00,3444.89990234375,3491.699951171875,3423.5,3478.800048828125,113155600
2020-06-29 23:00:00,3478.800048828125,3484.5,3437.699951171875,3450.0,137998000
2020-06-30 23:00:00,3450.0,3470.39990234375,3406.5,3446.89990234375,112592600
2020-07-01 23:00:00,3446.89990234375,3502.699951171875,3446.89990234375,3491.300048828125,118047100
2020-07-02 23:00:00,3491.300048828125,3506.60009765625,3440.0,3450.300048828125,75086000
2020-07-05 23:00:00,3450.300048828125,3528.199951171875,3450.300048828125,3518.60009765625,99242800
2020-07-06 23:00:00,3518.60009765625,3518.60009765625,3462.10009765625,3467.10009765625,91385200
2020-07-07 23:00:00,3467.10009765625,3471.89990234375,3440.5,3445.89990234375,93963200
2020-07-08 23:00:00,3445.89990234375,3459.60009765625,3385.89990234375,3389.5,100112200
2020-07-09 23:00:00,3389.5,3424.800048828125,3364.10009765625,3417.300048828125,99306700
2020-07-12 23:00:00,3417.300048828125,3467.0,3417.300048828125,3461.89990234375,90910400
2020-07-13 23:00:00,3461.89990234375,3461.89990234375,3414.5,3456.5,100043500
2020-07-14 23:00:00,3456.5,3533.10009765625,3456.5,3517.39990234375,104905800
2020-07-15 23:00:00,3517.39990234375,3519.0,3483.39990234375,3494.5,78481500
2020-07-16 23:00:00,3494.5,3514.800048828125,3481.300048828125,3513.89990234375,96002100
2020-07-19 23:00:00,3513.89990234375,3516.89990234375,3479.199951171875,3501.699951171875,77893500
2020-07-20 23:00:00,3501.699951171875,3532.5,3500.800048828125,3509.39990234375,109443900
2020-07-21 23:00:00,3509.39990234375,3511.699951171875,3474.60009765625,3479.0,102270400
2020-07-22 23:00:00,3479.0,3512.0,3477.39990234375,3481.800048828125,99080600
2020-07-23 23:00:00,3481.800048828125,3481.800048828125,3422.89990234375,3433.39990234375,110381500
2020-07-26 23:00:00,3433.39990234375,3435.300048828125,3413.60009765625,3421.0,107292300
2020-07-27 23:00:00,3421.0,3447.199951171875,3413.0,3436.39990234375,93368500
2020-07-28 23:00:00,3436.39990234375,3447.5,3429.10009765625,3436.39990234375,114024600
2020-07-29 23:00:00,3436.39990234375,3443.699951171875,3328.300048828125,3362.699951171875,157265800
2020-07-30 23:00:00,3362.699951171875,3393.0,3316.89990234375,3316.89990234375,138438300
2020-08-02 23:00:00,3316.89990234375,3389.60009765625,3294.300048828125,3387.39990234375,124473800
2020-08-04 23:00:00,3393.89990234375,3437.0,3393.89990234375,3437.0,113467600
2020-08-05 23:00:00,3437.0,3437.0,3370.39990234375,3395.39990234375,96427000
2020-08-06 23:00:00,3395.39990234375,3407.89990234375,3379.5,3402.699951171875,84163800
2020-08-09 23:00:00,3402.699951171875,3439.5,3402.699951171875,3414.60009765625,90381200
2020-08-10 23:00:00,3414.60009765625,3498.0,3414.60009765625,3472.10009765625,125843300
2020-08-11 23:00:00,3472.10009765625,3542.0,3471.10009765625,3533.89990234375,115920300
2020-08-12 23:00:00,3533.89990234375,3533.89990234375,3484.300048828125,3484.300048828125,81391900
2020-08-13 23:00:00,3484.300048828125,3484.300048828125,3406.0,3433.39990234375,79861200
2020-08-16 23:00:00,3433.39990234375,3458.39990234375,3416.89990234375,3452.10009765625,74628700
2020-08-17 23:00:00,3452.10009765625,3470.699951171875,3418.0,3423.39990234375,85440900
2020-08-18 23:00:00,3423.39990234375,3439.89990234375,3406.800048828125,3438.60009765625,72448500
2020-08-19 23:00:00,3438.60009765625,3438.60009765625,3386.699951171875,3389.60009765625,78915500
2020-08-20 23:00:00,3389.60009765625,3402.10009765625,3355.39990234375,3387.0,79215100
2020-08-23 23:00:00,3387.0,3447.199951171875,3387.0,3438.60009765625,70330900
2020-08-24 23:00:00,3438.60009765625,3474.0,3400.800048828125,3403.39990234375,80346100
2020-08-25 23:00:00,3403.39990234375,3414.300048828125,3381.5,3413.300048828125,66207400
2020-08-26 23:00:00,3413.300048828125,3421.89990234375,3392.300048828125,3392.300048828125,74156400
2020-08-27 23:00:00,3392.300048828125,3408.89990234375,3373.89990234375,3376.199951171875,124845000
2020-08-31 23:00:00,3376.199951171875,3380.60009765625,3300.699951171875,3322.699951171875,141825400
2020-09-01 23:00:00,3322.699951171875,3382.39990234375,3322.60009765625,3362.800048828125,95140100
2020-09-02 23:00:00,3362.800048828125,3393.10009765625,3307.39990234375,3312.60009765625,101829000
2020-09-03 23:00:00,3312.60009765625,3342.800048828125,3273.89990234375,3284.89990234375,93546600
2020-09-06 23:00:00,3284.89990234375,3363.89990234375,3284.89990234375,3359.10009765625,76427500
2020-09-07 23:00:00,3359.10009765625,3383.5,3320.39990234375,3355.199951171875,104725400
2020-09-09 23:00:00,3392.699951171875,3403.60009765625,3364.0,3387.699951171875,93536400
2020-09-10 23:00:00,3387.5,3413.300048828125,3383.800048828125,3400.39990234375,80211600
2020-09-13 23:00:00,3400.39990234375,3424.800048828125,3393.0,3401.699951171875,90954900
2020-09-14 23:00:00,3401.699951171875,3452.300048828125,3401.5,3443.300048828125,115021400
2020-09-15 23:00:00,3443.300048828125,3448.800048828125,3420.199951171875,3430.0,109105000
2020-09-16 23:00:00,3430.0,3430.0,3388.5,3414.800048828125,99104800
2020-09-17 23:00:00,3414.699951171875,3416.39990234375,3388.0,3389.10009765625,283762600
2020-09-20 23:00:00,3389.10009765625,3389.10009765625,3259.0,3271.199951171875,145893200
2020-09-21 23:00:00,3271.199951171875,3305.0,3262.199951171875,3281.300048828125,115515300
2020-09-22 23:00:00,3281.300048828125,3358.89990234375,3281.300048828125,3319.60009765625,114247300
2020-09-23 23:00:00,3319.60009765625,3319.60009765625,3269.800048828125,3277.5,111067600
2020-09-24 23:00:00,3277.5,3294.89990234375,3251.800048828125,3294.89990234375,108606400
2020-09-27 23:00:00,3294.89990234375,3358.699951171875,3294.89990234375,3345.60009765625,121976200
2020-09-28 23:00:00,3345.60009765625,3345.60009765625,3310.10009765625,3324.800048828125,100441700
2020-09-29 23:00:00,3324.800048828125,3342.10009765625,3302.199951171875,3314.89990234375,123672800
2020-09-30 23:00:00,3314.89990234375,3346.300048828125,3307.699951171875,3323.39990234375,106300100
2020-10-01 23:00:00,3323.39990234375,3334.39990234375,3286.39990234375,3334.39990234375,100821100
2020-10-04 23:00:00,3334.39990234375,3372.5,3334.39990234375,3359.699951171875,108494400
2020-10-05 23:00:00,3359.699951171875,3378.699951171875,3343.199951171875,3370.199951171875,122731000
2020-10-06 23:00:00,3370.199951171875,3384.199951171875,3360.5,3368.60009765625,107861600
2020-10-07 23:00:00,3368.60009765625,3400.60009765625,3362.5,3388.300048828125,110239800
2020-10-08 23:00:00,3388.300048828125,3421.10009765625,3388.300048828125,3410.60009765625,103228000
2020-10-11 23:00:00,3410.60009765625,3424.800048828125,3400.39990234375,3406.60009765625,91899000
2020-10-12 23:00:00,3406.60009765625,3409.39990234375,3373.5,3382.5,108814600
2020-10-13 23:00:00,3382.5,3404.5,3363.699951171875,3368.39990234375,93466400
2020-10-14 23:00:00,3368.39990234375,3368.39990234375,3287.800048828125,3316.89990234375,101336300
2020-10-15 23:00:00,3316.89990234375,3364.5,3316.89990234375,3356.89990234375,99346600
2020-10-21 23:00:00,3289.199951171875,3301.89990234375,3257.699951171875,3296.89990234375,103194000
2020-10-26 00:00:00,3338.89990234375,3342.10009765625,3297.300048828125,3298.5,113969000
2020-10-27 00:00:00,3298.5,3304.699951171875,3259.89990234375,3260.199951171875,107860200
2020-10-28 00:00:00,3260.199951171875,3260.199951171875,3151.199951171875,3180.699951171875,159459200
2020-10-29 00:00:00,3180.699951171875,3197.10009765625,3155.10009765625,3177.800048828125,128602700
2020-10-30 00:00:00,3177.800048828125,3184.800048828125,3151.10009765625,3177.0,114029400
2020-11-02 00:00:00,3177.0,3216.699951171875,3163.0,3212.0,103005600
2020-11-03 00:00:00,3212.0,3284.199951171875,3212.0,3283.89990234375,109537300
2020-11-04 00:00:00,3283.89990234375,3339.10009765625,3244.10009765625,3339.10009765625,107499500
2020-11-05 00:00:00,3339.10009765625,3369.199951171875,3339.10009765625,3354.199951171875,123061600
2020-11-06 00:00:00,3354.199951171875,3377.699951171875,3329.699951171875,3355.60009765625,112547700
2020-11-09 00:00:00,3355.60009765625,3549.699951171875,3355.60009765625,3515.699951171875,271616700
2020-11-10 00:00:00,3515.699951171875,3578.89990234375,3513.39990234375,3573.199951171875,243102200
2020-11-11 00:00:00,3573.199951171875,3631.0,3571.199951171875,3623.39990234375,181147000
2020-11-12 00:00:00,3623.39990234375,3623.39990234375,3580.39990234375,3602.0,143941500
2020-11-13 00:00:00,3602.0,3602.699951171875,3570.699951171875,3590.39990234375,135432400
2020-11-16 00:00:00,3590.39990234375,3672.89990234375,3590.39990234375,3650.60009765625,179464400
2020-11-17 00:00:00,3650.60009765625,3653.199951171875,3592.39990234375,3621.5,171032400
2020-11-18 00:00:00,3621.5,3642.10009765625,3602.300048828125,3636.89990234375,141874500
2020-11-19 00:00:00,3636.89990234375,3636.89990234375,3597.800048828125,3606.699951171875,140348000
2020-11-20 00:00:00,3606.699951171875,3634.39990234375,3601.10009765625,3614.699951171875,118139400
2020-11-26 00:00:00,3635.300048828125,3647.10009765625,3607.89990234375,3616.300048828125,101949500
2020-11-30 00:00:00,3620.699951171875,3641.89990234375,3569.0,3569.0,191432300
2020-12-01 00:00:00,3569.0,3645.800048828125,3567.800048828125,3641.199951171875,125509700
2020-12-02 00:00:00,3641.199951171875,3682.5,3630.60009765625,3679.199951171875,137774000
2020-12-03 00:00:00,3679.199951171875,3700.5,3662.800048828125,3700.10009765625,147236300
2020-12-04 00:00:00,3700.10009765625,3735.800048828125,3699.800048828125,3729.800048828125,164963700
2020-12-07 00:00:00,3729.800048828125,3749.39990234375,3704.699951171875,3724.0,145937700
2020-12-08 00:00:00,3724.0,3728.199951171875,3703.5,3723.699951171875,112792800
2020-12-09 00:00:00,3723.699951171875,3758.10009765625,3723.699951171875,3726.699951171875,109883500
2020-12-10 00:00:00,3726.699951171875,3759.39990234375,3716.800048828125,3739.199951171875,150995400
2020-12-11 00:00:00,3739.199951171875,3740.89990234375,3695.699951171875,3710.0,148220200
2020-12-14 00:00:00,3710.0,3738.699951171875,3699.89990234375,3707.60009765625,121337500
2020-12-15 00:00:00,3707.60009765625,3722.0,3684.199951171875,3701.800048828125,117876800
2020-12-16 00:00:00,3701.800048828125,3750.0,3701.800048828125,3736.699951171875,128888500
2020-12-17 00:00:00,3736.699951171875,3753.199951171875,3731.199951171875,3733.89990234375,110705700
2020-12-18 00:00:00,3733.89990234375,3757.800048828125,3712.60009765625,3717.800048828125,182601800
2020-12-21 00:00:00,3717.800048828125,3717.800048828125,3594.0,3651.0,152947500
2020-12-22 00:00:00,3651.0,3678.60009765625,3637.39990234375,3676.699951171875,86159600
2020-12-23 00:00:00,3676.699951171875,3708.60009765625,3666.300048828125,3708.0,109942200
2020-12-24 00:00:00,3708.0,3731.89990234375,3705.300048828125,3719.10009765625,59916700
2020-12-29 00:00:00,3719.10009765625,3814.39990234375,3719.10009765625,3777.699951171875,116629600
2020-12-30 00:00:00,3777.699951171875,3788.699951171875,3748.39990234375,3749.800048828125,62856100
2020-12-31 00:00:00,3749.800048828125,3749.800048828125,3688.300048828125,3697.699951171875,43852600
2021-01-05 00:00:00,3751.60009765625,3777.800048828125,3735.199951171875,3776.300048828125,109306000
2021-01-06 00:00:00,3776.300048828125,3899.5,3776.199951171875,3892.39990234375,159367400
2021-01-07 00:00:00,3892.39990234375,3924.800048828125,3866.199951171875,3900.60009765625,124631900
2021-01-08 00:00:00,3900.60009765625,3917.5,3891.10009765625,3910.10009765625,120828500
2021-01-11 00:00:00,3910.10009765625,3910.699951171875,3853.10009765625,3865.60009765625,103770500
2021-01-12 00:00:00,3865.60009765625,3875.5,3835.300048828125,3842.699951171875,98347000
2021-01-13 00:00:00,3842.699951171875,3851.10009765625,3832.10009765625,3835.60009765625,89975300
2021-01-14 00:00:00,3835.60009765625,3867.800048828125,3834.0,3867.199951171875,97887900
2021-01-15 00:00:00,3867.199951171875,3867.199951171875,3799.199951171875,3830.89990234375,109985800
2021-01-18 00:00:00,3830.89990234375,3834.800048828125,3818.699951171875,3824.60009765625,58943900
2021-01-19 00:00:00,3824.60009765625,3849.800048828125,3812.300048828125,3819.800048828125,90373900
2021-01-20 00:00:00,3819.800048828125,3846.89990234375,3814.0,3841.800048828125,99319500
2021-01-21 00:00:00,3841.800048828125,3861.0,3827.199951171875,3827.199951171875,92760100
2021-01-25 00:00:00,3811.300048828125,3824.699951171875,3762.300048828125,3776.89990234375,111381700
2021-01-26 00:00:00,3776.89990234375,3812.5,3773.699951171875,3787.199951171875,100883700
2021-01-27 00:00:00,3787.199951171875,3793.5,3708.699951171875,3741.0,143544600
2021-01-29 00:00:00,3724.60009765625,3724.60009765625,3656.300048828125,3664.39990234375,127031800
2021-02-01 00:00:00,3664.39990234375,3712.89990234375,3664.39990234375,3697.39990234375,105475300
2021-02-02 00:00:00,3697.39990234375,3731.89990234375,3697.39990234375,3730.60009765625,105154000
2021-02-03 00:00:00,3730.60009765625,3762.60009765625,3719.699951171875,3728.5,102449400
2021-02-04 00:00:00,3728.5,3753.5,3714.0,3728.5,130173400
2021-02-05 00:00:00,3728.5,3741.199951171875,3712.60009765625,3730.10009765625,134652000
2021-02-08 00:00:00,3730.10009765625,3767.10009765625,3730.10009765625,3746.800048828125,112642300
2021-02-09 00:00:00,3746.800048828125,3756.199951171875,3735.199951171875,3751.39990234375,81770800
2021-02-10 00:00:00,3751.39990234375,3776.699951171875,3722.0,3744.199951171875,108777200
2021-02-11 00:00:00,3744.199951171875,3758.5,3737.39990234375,3747.0,92805600
2021-02-12 00:00:00,3747.0,3776.300048828125,3721.300048828125,3776.300048828125,76804000
2021-02-16 00:00:00,3866.699951171875,3890.300048828125,3857.0,3863.199951171875,114349800
2021-02-18 00:00:00,3836.699951171875,3844.89990234375,3773.39990234375,3785.699951171875,115796700
2021-02-19 00:00:00,3785.699951171875,3803.699951171875,3778.39990234375,3792.300048828125,128832800
2021-02-22 00:00:00,3792.300048828125,3792.39990234375,3748.199951171875,3784.89990234375,127096700
2021-02-23 00:00:00,3784.89990234375,3823.89990234375,3755.300048828125,3793.89990234375,169451300
2021-02-24 00:00:00,3793.89990234375,3822.800048828125,3769.199951171875,3817.699951171875,159341900
2021-02-25 00:00:00,3817.699951171875,3839.10009765625,3805.5,3810.699951171875,132346800
2021-02-26 00:00:00,3810.699951171875,3810.699951171875,3714.5,3722.300048828125,180569600
2021-03-01 00:00:00,3722.300048828125,3795.0,3722.300048828125,3781.699951171875,106983500
2021-03-02 00:00:00,3781.699951171875,3816.800048828125,3768.699951171875,3792.10009765625,103800600
2021-03-04 00:00:00,3829.5,3829.699951171875,3779.699951171875,3813.39990234375,131909000
2021-03-05 00:00:00,3813.39990234375,3841.0,3764.10009765625,3792.800048828125,148347400
2021-03-08 00:00:00,3792.800048828125,3845.699951171875,3786.199951171875,3842.5,135812900
2021-03-09 00:00:00,3842.5,3881.300048828125,3828.300048828125,3853.39990234375,138263400
2021-03-10 00:00:00,3853.39990234375,3858.39990234375,3826.0,3852.0,116551700
2021-03-11 00:00:00,3852.0,3870.300048828125,3842.199951171875,3861.39990234375,109780800
2021-03-15 00:00:00,3872.10009765625,3895.39990234375,3853.699951171875,3867.10009765625,104098900
2021-03-16 00:00:00,3867.10009765625,3905.199951171875,3867.0,3900.300048828125,1332800
2021-03-17 00:00:00,3900.300048828125,3900.300048828125,3870.89990234375,3874.300048828125,1236000
2021-03-18 00:00:00,3874.300048828125,3888.60009765625,3863.39990234375,3882.60009765625,121327100
2021-03-19 00:00:00,3882.60009765625,3882.60009765625,3822.699951171875,3844.5,270895000
2021-03-22 00:00:00,3844.5,3857.0,3814.699951171875,3853.800048828125,116938600
2021-03-23 00:00:00,3853.800048828125,3853.800048828125,3821.10009765625,3837.10009765625,125583100
2021-03-24 00:00:00,3837.10009765625,3851.0,3811.5,3845.89990234375,128117900
2021-03-25 00:00:00,3845.89990234375,3853.5,3795.0,3824.0,112167900
2021-03-26 00:00:00,3824.0,3862.60009765625,3823.89990234375,3861.60009765625,110679500
2021-03-28 23:00:00,3861.60009765625,3871.89990234375,3844.60009765625,3857.89990234375,90215300
2021-03-29 23:00:00,3857.89990234375,3888.10009765625,3856.39990234375,3879.300048828125,95721500
2021-03-30 23:00:00,3879.300048828125,3881.699951171875,3850.10009765625,3850.10009765625,126861100
2021-03-31 23:00:00,3850.10009765625,3881.60009765625,3850.10009765625,3868.199951171875,88474600
2021-04-05 23:00:00,3868.199951171875,3927.300048828125,3868.199951171875,3917.199951171875,109591700
2021-04-06 23:00:00,3917.199951171875,3957.300048828125,3917.199951171875,3951.60009765625,101380600
2021-04-07 23:00:00,3951.60009765625,3981.0,3950.89990234375,3981.0,113809300
2021-04-08 23:00:00,3981.0,3985.60009765625,3963.699951171875,3968.800048828125,89829600
2021-04-11 23:00:00,3968.800048828125,3969.10009765625,3935.10009765625,3953.10009765625,92445400
2021-04-12 23:00:00,3953.10009765625,3959.199951171875,3938.89990234375,3957.5,86694600
2021-04-13 23:00:00,3957.5,3984.0,3951.89990234375,3983.300048828125,89089100
2021-04-14 23:00:00,3983.300048828125,4013.0,3983.199951171875,4007.699951171875,93105100
2021-04-15 23:00:00,4007.699951171875,4036.199951171875,4007.699951171875,4026.300048828125,103215200
2021-04-18 23:00:00,4026.300048828125,4040.39990234375,4005.89990234375,4016.10009765625,82960800
2021-04-19 23:00:00,4016.10009765625,4017.800048828125,3937.10009765625,3937.89990234375,116183300
2021-04-20 23:00:00,3937.89990234375,3964.10009765625,3936.60009765625,3953.800048828125,97643500
2021-04-21 23:00:00,3953.800048828125,3983.89990234375,3953.300048828125,3983.0,93950400
2021-04-22 23:00:00,3983.0,3983.39990234375,3958.39990234375,3983.39990234375,82396200
2021-04-25 23:00:00,3983.39990234375,4004.60009765625,3971.300048828125,4001.60009765625,75711600
2021-04-26 23:00:00,4001.60009765625,4007.60009765625,3981.300048828125,3988.39990234375,92906300
2021-04-27 23:00:00,3988.39990234375,4011.5,3988.0,3997.39990234375,128097800
2021-04-28 23:00:00,3997.39990234375,4026.0,3989.300048828125,3994.800048828125,101486100
2021-04-29 23:00:00,3994.800048828125,4021.89990234375,3985.699951171875,4002.199951171875,119901600
2021-05-03 23:00:00,4002.199951171875,4035.5,3969.800048828125,3974.800048828125,126838200
2021-05-05 23:00:00,4031.10009765625,4051.800048828125,4027.699951171875,4051.800048828125,110067300
2021-05-06 23:00:00,4051.800048828125,4091.39990234375,4051.800048828125,4086.199951171875,96791500
2021-05-09 23:00:00,4086.199951171875,4103.5,4070.300048828125,4080.800048828125,103257800
2021-05-11 23:00:00,3981.10009765625,4020.10009765625,3980.300048828125,4005.699951171875,109177800
2021-05-12 23:00:00,4005.699951171875,4005.699951171875,3908.89990234375,3985.10009765625,95974100
2021-05-13 23:00:00,3985.10009765625,4034.300048828125,3985.10009765625,4031.5,111093900
2021-05-16 23:00:00,4031.5,4046.0,4004.0,4022.39990234375,82256000
2021-05-17 23:00:00,4022.39990234375,4060.89990234375,4022.39990234375,4027.0,100184500
2021-05-18 23:00:00,4027.0,4027.0,3954.800048828125,3984.39990234375,106923500
2021-05-19 23:00:00,3984.39990234375,4022.10009765625,3972.199951171875,4022.10009765625,98058300
2021-05-20 23:00:00,4022.10009765625,4028.10009765625,3998.39990234375,4021.60009765625,112383200
2021-05-23 23:00:00,4021.60009765625,4041.39990234375,4019.89990234375,4040.0,65337600
2021-05-25 23:00:00,4028.300048828125,4042.10009765625,4018.10009765625,4033.60009765625,95392200
2021-05-26 23:00:00,4033.60009765625,4043.300048828125,4026.0,4030.800048828125,202247400
2021-05-27 23:00:00,4030.800048828125,4050.300048828125,4030.800048828125,4033.0,109223200
2021-05-31 23:00:00,4033.0,4084.39990234375,4033.0,4066.300048828125,104214400
2021-06-01 23:00:00,4066.300048828125,4089.199951171875,4062.60009765625,4081.199951171875,86834700
2021-06-02 23:00:00,4081.199951171875,4082.60009765625,4031.300048828125,4056.39990234375,89350200
2021-06-03 23:00:00,4056.39990234375,4061.10009765625,4043.800048828125,4059.60009765625,65945300
2021-06-06 23:00:00,4059.60009765625,4076.300048828125,4046.0,4065.89990234375,119225700
2021-06-07 23:00:00,4065.89990234375,4087.199951171875,4064.89990234375,4073.89990234375,80785600
2021-06-08 23:00:00,4073.89990234375,4074.39990234375,4045.699951171875,4062.89990234375,90069900
2021-06-10 23:00:00,4061.39990234375,4090.60009765625,4061.39990234375,4087.0,75122400
2021-06-13 23:00:00,4087.0,4116.5,4086.89990234375,4093.300048828125,81863800
2021-06-14 23:00:00,4093.300048828125,4113.7998046875,4091.300048828125,4101.7001953125,117750800
2021-06-15 23:00:00,4101.7001953125,4126.60009765625,4097.60009765625,4107.2001953125,110436700
2021-06-16 23:00:00,4107.2001953125,4107.2001953125,4077.800048828125,4089.699951171875,110537000
2021-06-17 23:00:00,4089.699951171875,4092.39990234375,4014.10009765625,4019.0,269329800
2021-06-20 23:00:00,4019.0,4044.800048828125,3982.0,4044.300048828125,122372800
2021-06-21 23:00:00,4044.300048828125,4068.0,4044.10009765625,4064.5,82173700
2021-06-22 23:00:00,4064.5,4083.300048828125,4056.300048828125,4056.300048828125,82552200
2021-06-23 23:00:00,4056.300048828125,4075.39990234375,4054.39990234375,4068.5,105413600
2021-06-24 23:00:00,4068.5,4086.0,4068.39990234375,4085.10009765625,84955100
2021-06-27 23:00:00,4085.10009765625,4085.199951171875,4051.699951171875,4051.800048828125,94135400
2021-06-28 23:00:00,4051.800048828125,4075.699951171875,4051.300048828125,4058.89990234375,85565100
2021-06-29 23:00:00,4058.89990234375,4066.0,4018.800048828125,4030.0,105080000
2021-06-30 23:00:00,4030.0,4083.300048828125,4030.0,4079.199951171875,97907300
2021-07-01 23:00:00,4079.199951171875,4100.0,4076.0,4082.300048828125,76703600
2021-07-05 23:00:00,4110.7001953125,4113.2001953125,4063.60009765625,4076.5,89570000
2021-07-06 23:00:00,4076.5,4104.2998046875,4076.39990234375,4102.5,87940400
2021-07-07 23:00:00,4102.5,4102.5,4011.0,4035.699951171875,103722100
2021-07-08 23:00:00,4035.699951171875,4086.800048828125,4035.60009765625,4086.800048828125,90976800
2021-07-11 23:00:00,4086.800048828125,4093.60009765625,4058.800048828125,4088.10009765625,71562800
2021-07-12 23:00:00,4088.10009765625,4102.60009765625,4084.699951171875,4088.699951171875,84694300
2021-07-13 23:00:00,4088.699951171875,4088.699951171875,4060.5,4067.300048828125,80917600
2021-07-14 23:00:00,4067.300048828125,4075.199951171875,4019.0,4022.0,93411800
2021-07-15 23:00:00,4022.0,4046.39990234375,4004.800048828125,4019.10009765625,89068700
2021-07-18 23:00:00,4019.10009765625,4019.10009765625,3909.800048828125,3925.199951171875,117875700
2021-07-19 23:00:00,3925.199951171875,3971.0,3918.5,3948.199951171875,131597100
2021-07-20 23:00:00,3948.199951171875,4022.300048828125,3948.199951171875,4016.89990234375,106214900
2021-07-21 23:00:00,4016.89990234375,4035.5,4002.699951171875,4007.0,80043200
2021-07-22 23:00:00,4007.0,4044.699951171875,4007.0,4041.5,70033200
2021-07-26 23:00:00,4042.10009765625,4043.39990234375,3989.199951171875,4026.39990234375,78765500
2021-07-27 23:00:00,4026.39990234375,4045.0,4016.89990234375,4040.199951171875,85605500
2021-07-28 23:00:00,4040.199951171875,4077.5,4036.699951171875,4070.800048828125,107014500
2021-07-29 23:00:00,4070.800048828125,4070.800048828125,4026.39990234375,4045.800048828125,96778700
2021-08-01 23:00:00,4045.800048828125,4094.0,4045.800048828125,4077.39990234375,76771600
2021-08-02 23:00:00,4077.39990234375,4098.2001953125,4072.39990234375,4091.199951171875,84133700
2021-08-03 23:00:00,4091.199951171875,4111.2001953125,4091.199951171875,4101.60009765625,90125700
2021-08-04 23:00:00,4101.60009765625,4106.2001953125,4088.10009765625,4105.0,110614300
2021-08-05 23:00:00,4105.0,4111.60009765625,4094.10009765625,4104.7001953125,93871600
2021-08-09 23:00:00,4109.0,4129.10009765625,4103.7998046875,4126.2998046875,80763200
2021-08-10 23:00:00,4126.2998046875,4160.10009765625,4124.7001953125,4160.10009765625,82286000
2021-08-11 23:00:00,4160.10009765625,4160.10009765625,4142.0,4147.0,83687400
2021-08-12 23:00:00,4147.0,4163.5,4147.0,4160.39990234375,74150800
2021-08-15 23:00:00,4160.39990234375,4160.39990234375,4108.7001953125,4127.39990234375,82263700
2021-08-16 23:00:00,4127.39990234375,4143.89990234375,4107.7998046875,4139.60009765625,93017000
2021-08-17 23:00:00,4139.60009765625,4149.5,4123.5,4138.5,108100800
2021-08-18 23:00:00,4138.5,4138.5,4045.60009765625,4079.10009765625,85189600
2021-08-19 23:00:00,4079.10009765625,4101.5,4065.39990234375,4097.39990234375,79756200
2021-08-22 23:00:00,4097.39990234375,4128.7998046875,4097.39990234375,4107.0,70829700
2021-08-23 23:00:00,4107.0,4119.5,4093.199951171875,4119.5,83215000
2021-08-24 23:00:00,4119.5,4137.0,4119.2001953125,4134.2001953125,75728700
2021-08-25 23:00:00,4134.2001953125,4134.2998046875,4105.2998046875,4121.2001953125,59657700
2021-08-26 23:00:00,4121.2001953125,4139.2001953125,4114.2001953125,4135.5,66828300
2021-08-30 23:00:00,4135.5,4141.10009765625,4108.5,4123.5,130341700
2021-08-31 23:00:00,4123.5,4160.2998046875,4123.5,4142.39990234375,79775800
2021-09-01 23:00:00,4142.39990234375,4150.60009765625,4131.5,4148.2001953125,78672300
2021-09-02 23:00:00,4148.2001953125,4157.60009765625,4126.89990234375,4135.2001953125,78569700
2021-09-05 23:00:00,4135.2001953125,4163.60009765625,4135.2001953125,4159.89990234375,51110300
2021-09-06 23:00:00,4159.89990234375,4161.10009765625,4137.10009765625,4137.2998046875,72335100
2021-09-07 23:00:00,4137.2998046875,4137.2998046875,4089.300048828125,4104.10009765625,84465000
2021-09-08 23:00:00,4104.10009765625,4104.10009765625,4053.0,4068.800048828125,99675400
2021-09-09 23:00:00,4068.800048828125,4085.199951171875,4063.0,4069.10009765625,73894500
2021-09-12 23:00:00,4069.10009765625,4101.5,4069.10009765625,4088.89990234375,80533400
2021-09-13 23:00:00,4088.89990234375,4088.89990234375,4063.800048828125,4069.89990234375,98022100
2021-09-14 23:00:00,4069.89990234375,4074.199951171875,4053.60009765625,4053.60009765625,106353100
2021-09-15 23:00:00,4053.60009765625,4079.0,4053.60009765625,4065.10009765625,96211100
2021-09-16 23:00:00,4065.10009765625,4098.7998046875,4023.5,4035.800048828125,244644000
2021-09-19 23:00:00,4035.800048828125,4035.800048828125,3959.39990234375,3999.39990234375,123807000
2021-09-20 23:00:00,3999.39990234375,4054.5,3999.39990234375,4042.39990234375,108267000
2021-09-21 23:00:00,4042.39990234375,4101.2001953125,4042.39990234375,4096.2001953125,86496700
2021-09-22 23:00:00,4096.2001953125,4122.60009765625,4091.300048828125,4095.300048828125,97724500
2021-09-23 23:00:00,4095.300048828125,4095.5,4071.0,4075.60009765625,110001300
2021-09-26 23:00:00,4075.60009765625,4113.89990234375,4071.60009765625,4081.199951171875,120113100
2021-09-27 23:00:00,4081.199951171875,4081.199951171875,4045.0,4049.39990234375,116614600
2021-09-28 23:00:00,4049.39990234375,4093.10009765625,4049.39990234375,4087.89990234375,110239900
2021-09-29 23:00:00,4087.89990234375,4116.39990234375,4068.60009765625,4073.800048828125,123466800
2021-09-30 23:00:00,4073.800048828125,4073.800048828125,4018.89990234375,4044.0,114519700
2021-10-03 23:00:00,4044.0,4061.699951171875,4026.300048828125,4026.300048828125,107962900
2021-10-04 23:00:00,4026.300048828125,4064.89990234375,4026.300048828125,4059.89990234375,112111100
2021-10-05 23:00:00,4059.89990234375,4059.89990234375,3982.800048828125,4010.699951171875,127595800
2021-10-06 23:00:00,4010.699951171875,4061.60009765625,4010.699951171875,4054.89990234375,104686500
2021-10-07 23:00:00,4054.89990234375,4070.5,4051.10009765625,4062.39990234375,96434600
2021-10-10 23:00:00,4062.39990234375,4085.10009765625,4056.89990234375,4085.10009765625,98160700
2021-10-11 23:00:00,4085.10009765625,4085.10009765625,4039.39990234375,4076.699951171875,115520800
2021-10-12 23:00:00,4076.699951171875,4094.10009765625,4055.300048828125,4087.39990234375,143471400
2021-10-13 23:00:00,4087.39990234375,4130.0,4087.39990234375,4125.7001953125,111641300
2021-10-14 23:00:00,4125.7001953125,4145.2998046875,4125.0,4142.0,114399800
2021-10-17 23:00:00,4142.0,4142.0,4114.7001953125,4127.2001953125,84240000
2021-10-18 23:00:00,4127.2001953125,4139.89990234375,4122.7998046875,4136.39990234375,94205300
2021-10-19 23:00:00,4136.39990234375,4140.39990234375,4125.89990234375,4136.2998046875,97094800
2021-10-20 23:00:00,4136.2998046875,4137.7001953125,4113.5,4119.2001953125,91706200
2021-10-21 23:00:00,4119.2001953125,4141.7998046875,4119.10009765625,4126.39990234375,77016600
2021-10-24 23:00:00,4126.39990234375,4147.2998046875,4126.2998046875,4135.39990234375,90370700
2021-10-25 23:00:00,4135.39990234375,4169.2998046875,4135.2001953125,4168.2001953125,101184200
2021-10-26 23:00:00,4168.2001953125,4169.10009765625,4153.60009765625,4157.0,89107300
2021-10-27 23:00:00,4157.0,4159.60009765625,4138.39990234375,4156.10009765625,90556900
2021-10-28 23:00:00,4156.10009765625,4156.10009765625,4126.7998046875,4147.5,118048000
2021-11-01 00:00:00,4147.5,4183.2998046875,4147.5,4174.89990234375,86899400
2021-11-02 00:00:00,4174.89990234375,4174.89990234375,4150.7998046875,4166.2001953125,107535700
2021-11-03 00:00:00,4166.2001953125,4167.5,4145.60009765625,4153.2001953125,100326100
2021-11-04 00:00:00,4153.2001953125,4188.10009765625,4153.10009765625,4179.10009765625,133197000
2021-11-05 00:00:00,4179.10009765625,4210.5,4175.7998046875,4194.39990234375,111784500
2021-11-08 00:00:00,4194.39990234375,4199.5,4188.10009765625,4190.89990234375,87037200
2021-11-09 00:00:00,4190.89990234375,4198.0,4172.39990234375,4173.0,110542300
2021-11-10 00:00:00,4173.0,4206.2998046875,4172.39990234375,4206.2998046875,129625800
2021-11-11 00:00:00,4206.2998046875,4236.60009765625,4201.89990234375,4231.5,99877100
2021-11-12 00:00:00,4231.5,4239.7001953125,4210.39990234375,4213.89990234375,103550700
2021-11-15 00:00:00,4213.89990234375,4224.0,4203.2001953125,4217.7998046875,85120600
2021-11-16 00:00:00,4217.7998046875,4225.2001953125,4201.89990234375,4203.5,115514300
2021-11-17 00:00:00,4203.5,4203.5,4183.10009765625,4183.2001953125,133132100
2021-11-18 00:00:00,4183.2001953125,4183.7001953125,4162.5,4171.0,84439100
2021-11-19 00:00:00,4171.0,4188.89990234375,4138.7998046875,4153.2001953125,153161300
2021-11-22 00:00:00,4153.2001953125,4176.2998046875,4143.5,4166.2001953125,91842900
2021-11-23 00:00:00,4166.2001953125,4182.10009765625,4134.60009765625,4164.89990234375,90706100
2021-11-24 00:00:00,4164.89990234375,4185.89990234375,4150.7001953125,4172.5,91456500
2021-11-25 00:00:00,4172.5,4188.7001953125,4172.5,4187.39990234375,74436900
2021-11-26 00:00:00,4187.39990234375,4187.39990234375,4038.199951171875,4038.199951171875,212955600
2021-11-29 00:00:00,4038.199951171875,4105.0,4038.199951171875,4076.199951171875,130254600
2021-11-30 00:00:00,4076.199951171875,4076.199951171875,4010.10009765625,4044.89990234375,210626800
2021-12-01 00:00:00,4044.89990234375,4115.2001953125,4044.89990234375,4108.89990234375,120480700
2021-12-02 00:00:00,4108.89990234375,4108.89990234375,4060.0,4083.0,195638800
2021-12-03 00:00:00,4083.0,4119.0,4069.39990234375,4078.60009765625,111729300
2021-12-06 00:00:00,4078.60009765625,4144.2001953125,4078.60009765625,4137.89990234375,86214900
2021-12-07 00:00:00,4137.89990234375,4202.7998046875,4137.89990234375,4200.0,106622100
2021-12-08 00:00:00,4200.0,4222.7001953125,4196.89990234375,4198.5,109444900
2021-12-09 00:00:00,4198.39990234375,4214.0,4179.2998046875,4188.2998046875,91752600
2021-12-10 00:00:00,4188.2998046875,4190.7001953125,4163.89990234375,4167.5,80009200
2021-12-13 00:00:00,4167.5,4177.10009765625,4129.39990234375,4130.10009765625,145992800
2021-12-14 00:00:00,4130.10009765625,4157.89990234375,4121.0,4121.0,107529800
2021-12-15 00:00:00,4121.0,4124.2001953125,4092.89990234375,4094.699951171875,131836300
2021-12-16 00:00:00,4094.699951171875,4152.5,4094.699951171875,4143.89990234375,145852500
2021-12-17 00:00:00,4143.89990234375,4157.2998046875,4132.39990234375,4152.5,212037300
2021-12-20 00:00:00,4152.5,4152.5,4058.300048828125,4111.2001953125,114950400
2021-12-21 00:00:00,4111.2001953125,4166.7001953125,4111.2001953125,4166.7001953125,92334100
2021-12-22 00:00:00,4166.7001953125,4195.7998046875,4156.2998046875,4195.7998046875,73780000
2021-12-23 00:00:00,4195.7998046875,4222.7998046875,4194.10009765625,4216.7001953125,59387400
2021-12-24 00:00:00,4216.7001953125,4233.10009765625,4215.0,4216.2001953125,18277300
2021-12-29 00:00:00,4216.2001953125,4267.2998046875,4216.2001953125,4246.89990234375,66218100
2021-12-30 00:00:00,4246.89990234375,4253.5,4237.89990234375,4239.2998046875,39609000
2021-12-31 00:00:00,4239.2998046875,4239.2998046875,4215.89990234375,4228.7001953125,25491500
2022-01-04 00:00:00,4228.7001953125,4308.39990234375,4228.7001953125,4298.7998046875,128897000
2022-01-05 00:00:00,4298.7998046875,4310.7001953125,4288.39990234375,4300.39990234375,98363700
2022-01-06 00:00:00,4300.39990234375,4300.39990234375,4244.7998046875,4257.7998046875,112487100
2022-01-07 00:00:00,4257.7998046875,4272.2998046875,4243.7001953125,4272.2998046875,91977000
2022-01-10 00:00:00,4272.2998046875,4279.2001953125,4230.2998046875,4242.2998046875,133356200
2022-01-11 00:00:00,4242.2998046875,4272.10009765625,4242.2998046875,4264.89990234375,102498800
2022-01-12 00:00:00,4264.89990234375,4302.7001953125,4264.89990234375,4294.0,112399700
2022-01-13 00:00:00,4294.0,4300.7001953125,4282.2001953125,4297.0,108559100
2022-01-14 00:00:00,4297.0,4297.0,4272.2001953125,4280.2998046875,104883200
2022-01-17 00:00:00,4280.2998046875,4318.89990234375,4280.2998046875,4316.60009765625,107859200
2022-01-18 00:00:00,4316.60009765625,4317.39990234375,4270.2998046875,4287.2001953125,132268100
2022-01-19 00:00:00,4287.2001953125,4313.60009765625,4264.60009765625,4299.60009765625,122279800
2022-01-20 00:00:00,4299.60009765625,4316.2001953125,4281.10009765625,4299.2998046875,108985200
2022-01-21 00:00:00,4299.2998046875,4299.2998046875,4217.60009765625,4242.2001953125,114030800
2022-01-24 00:00:00,4242.2001953125,4242.2001953125,4114.39990234375,4123.60009765625,179214500
2022-01-25 00:00:00,4123.60009765625,4174.5,4123.60009765625,4164.7998046875,117652900
2022-01-26 00:00:00,4164.7998046875,4248.39990234375,4164.7998046875,4218.39990234375,106016200
2022-01-27 00:00:00,4218.39990234375,4279.5,4172.10009765625,4257.7001953125,131496400
2022-01-28 00:00:00,4257.7001953125,4257.89990234375,4185.39990234375,4209.39990234375,194517900
2022-01-31 00:00:00,4209.39990234375,4240.60009765625,4207.2001953125,4217.7001953125,107238800
2022-02-01 00:00:00,4217.7001953125,4268.10009765625,4217.7001953125,4259.0,106464300
2022-02-02 00:00:00,4259.0,4299.7998046875,4259.0,4283.89990234375,98533600
2022-02-03 00:00:00,4283.89990234375,4295.2998046875,4249.39990234375,4249.39990234375,116782000
2022-02-04 00:00:00,4249.39990234375,4286.0,4227.39990234375,4235.2998046875,111098000
2022-02-07 00:00:00,4235.2998046875,4274.89990234375,4232.60009765625,4264.89990234375,130439900
2022-02-08 00:00:00,4264.89990234375,4294.7998046875,4250.0,4261.60009765625,106128300
2022-02-09 00:00:00,4261.60009765625,4318.2998046875,4261.60009765625,4310.2001953125,129954500
2022-02-10 00:00:00,4310.2001953125,4333.2001953125,4298.2998046875,4324.60009765625,113889500
2022-02-11 00:00:00,4324.60009765625,4324.60009765625,4280.89990234375,4314.2001953125,115735900
2022-02-14 00:00:00,4314.2001953125,4314.2001953125,4213.60009765625,4239.39990234375,128994500
2022-02-15 00:00:00,4239.39990234375,4283.39990234375,4228.2998046875,4283.39990234375,110039800
2022-02-16 00:00:00,4283.39990234375,4296.2998046875,4267.39990234375,4269.39990234375,49338100
2022-02-17 00:00:00,4280.2001953125,4281.89990234375,4223.60009765625,4240.2001953125,104746900
2022-02-18 00:00:00,4240.2001953125,4256.5,4220.7001953125,4222.7998046875,106327900
2022-02-21 00:00:00,4222.7998046875,4251.89990234375,4180.2001953125,4200.5,96140200
2022-02-22 00:00:00,4200.5,4223.0,4135.2998046875,4201.7998046875,135907100
2022-02-23 00:00:00,4201.7998046875,4234.5,4196.60009765625,4198.7998046875,116287700
2022-02-24 00:00:00,4198.7998046875,4198.7998046875,4041.60009765625,4042.89990234375,243539900
2022-02-25 00:00:00,4043.0,4199.7001953125,4043.0,4196.7998046875,188488200
2022-02-28 00:00:00,4196.7998046875,4196.7998046875,4130.10009765625,4187.7001953125,208760600
2022-03-01 00:00:00,4187.7001953125,4208.7001953125,4108.7001953125,4108.7998046875,173529800
2022-03-02 00:00:00,4108.7998046875,4180.7998046875,4104.89990234375,4164.39990234375,180027900
2022-03-03 00:00:00,4164.39990234375,4186.5,4049.10009765625,4052.300048828125,182390600
2022-03-04 00:00:00,4052.300048828125,4052.300048828125,3910.39990234375,3911.60009765625,243687400
2022-03-07 00:00:00,3911.60009765625,3934.199951171875,3789.800048828125,3891.60009765625,275972600
2022-03-08 00:00:00,3891.60009765625,3924.60009765625,3857.199951171875,3895.300048828125,205067800
2022-03-09 00:00:00,3895.300048828125,4029.300048828125,3895.300048828125,4029.300048828125,181359900
2022-03-10 00:00:00,4029.300048828125,4030.300048828125,3965.800048828125,3982.5,163248300
2022-03-11 00:00:00,3982.5,4072.89990234375,3982.39990234375,4017.199951171875,140502800
2022-03-14 00:00:00,4017.199951171875,4058.89990234375,4014.60009765625,4043.5,127221200
2022-03-15 00:00:00,4043.5,4043.5,3977.10009765625,4028.199951171875,125268700
2022-03-16 00:00:00,4028.199951171875,4113.2998046875,4027.699951171875,4103.60009765625,258339600
2022-03-17 00:00:00,4103.60009765625,4150.0,4087.5,4150.0,159269900
2022-03-18 00:00:00,4150.0,4164.89990234375,4113.0,4164.89990234375,339937500
2022-03-21 00:00:00,4164.89990234375,4189.2998046875,4163.0,4177.89990234375,108378900
2022-03-22 00:00:00,4177.89990234375,4204.7998046875,4177.89990234375,4197.5,137440600
2022-03-23 00:00:00,4197.5,4218.60009765625,4184.2998046875,4186.39990234375,117112400
2022-03-24 00:00:00,4186.39990234375,4198.2998046875,4177.7998046875,4186.10009765625,107293900
2022-03-25 00:00:00,4186.10009765625,4207.10009765625,4174.7998046875,4195.60009765625,116298200
2022-03-27 23:00:00,4195.60009765625,4227.7001953125,4193.0,4194.39990234375,111898200
2022-03-28 23:00:00,4194.39990234375,4257.0,4194.39990234375,4238.10009765625,160352400
2022-03-29 23:00:00,4238.10009765625,4250.7001953125,4222.7998046875,4250.7001953125,135161500
2022-03-30 23:00:00,4250.7001953125,4263.60009765625,4217.39990234375,4217.39990234375,128902800
2022-03-31 23:00:00,4217.39990234375,4238.10009765625,4216.39990234375,4229.7001953125,109686700
2022-04-03 23:00:00,4229.7001953125,4250.60009765625,4227.0,4243.10009765625,108269300
2022-04-04 23:00:00,4243.10009765625,4269.89990234375,4228.60009765625,4269.89990234375,154445900
2022-04-05 23:00:00,4269.89990234375,4271.5,4221.7998046875,4249.5,143499700
2022-04-06 23:00:00,4249.5,4259.89990234375,4222.7998046875,4230.5,144243900
2022-04-07 23:00:00,4230.5,4290.39990234375,4230.5,4290.39990234375,120911400
2022-04-10 23:00:00,4290.39990234375,4290.39990234375,4260.10009765625,4264.2998046875,112207600
2022-04-11 23:00:00,4264.2998046875,4264.39990234375,4223.60009765625,4241.39990234375,108598500
2022-04-12 23:00:00,4241.39990234375,4249.5,4227.7998046875,4242.5,101455300
2022-04-13 23:00:00,4242.5,4265.2001953125,4228.2998046875,4263.60009765625,130269600
2022-04-18 23:00:00,4263.60009765625,4264.5,4234.0,4251.5,109164300
2022-04-19 23:00:00,4251.5,4270.89990234375,4244.7001953125,4268.5,152611800
2022-04-20 23:00:00,4268.5,4288.39990234375,4253.0,4270.2998046875,104853800
2022-04-21 23:00:00,4270.2998046875,4270.2998046875,4211.39990234375,4211.39990234375,97584400
2022-04-24 23:00:00,4211.39990234375,4211.39990234375,4111.7998046875,4135.7998046875,107173700
2022-04-25 23:00:00,4135.7998046875,4178.39990234375,4134.2001953125,4135.10009765625,115729600
2022-04-26 23:00:00,4135.10009765625,4170.7998046875,4110.39990234375,4151.89990234375,123850200
2022-04-27 23:00:00,4151.89990234375,4203.89990234375,4151.89990234375,4197.10009765625,117886200
2022-04-28 23:00:00,4197.10009765625,4231.89990234375,4197.10009765625,4216.60009765625,128113800
2022-05-02 23:00:00,4216.60009765625,4219.10009765625,4180.7001953125,4218.60009765625,170502400
2022-05-03 23:00:00,4218.60009765625,4225.10009765625,4177.0,4177.0,100672800
2022-05-04 23:00:00,4177.0,4246.7998046875,4174.10009765625,4177.60009765625,131545300
2022-05-05 23:00:00,4177.60009765625,4177.60009765625,4094.39990234375,4114.60009765625,148541300
2022-05-08 23:00:00,4114.60009765625,4114.60009765625,4017.39990234375,4017.39990234375,111319600
2022-05-09 23:00:00,4017.39990234375,4070.89990234375,4017.39990234375,4032.5,122899000
2022-05-10 23:00:00,4032.5,4091.89990234375,4032.5,4090.10009765625,163578500
2022-05-11 23:00:00,4090.10009765625,4090.10009765625,3987.89990234375,4030.89990234375,127794300
2022-05-12 23:00:00,4030.89990234375,4132.39990234375,4030.89990234375,4132.10009765625,112298200
2022-05-15 23:00:00,4132.10009765625,4154.10009765625,4101.5,4154.10009765625,105682500
2022-05-16 23:00:00,4154.10009765625,4195.7001953125,4154.10009765625,4183.89990234375,126053000
2022-05-17 23:00:00,4183.89990234375,4192.60009765625,4142.2998046875,4142.2998046875,118060400
2022-05-18 23:00:00,4142.2998046875,4142.2998046875,4025.89990234375,4070.199951171875,139457200
2022-05-19 23:00:00,4070.199951171875,4152.0,4070.199951171875,4116.10009765625,109176000
2022-05-22 23:00:00,4116.10009765625,4184.10009765625,4116.10009765625,4184.10009765625,112221900
2022-05-23 23:00:00,4184.10009765625,4184.7998046875,4139.89990234375,4161.0,158698700
2022-05-24 23:00:00,4161.0,4193.5,4161.0,4181.7998046875,119632800
2022-05-25 23:00:00,4181.7998046875,4216.89990234375,4178.60009765625,4211.7001953125,104332400
2022-05-26 23:00:00,4211.7001953125,4231.2001953125,4200.7001953125,4225.2998046875,100551700
2022-05-29 23:00:00,4225.2998046875,4252.2998046875,4224.7001953125,4237.7998046875,125893500
2022-05-30 23:00:00,4237.7998046875,4258.0,4229.7001953125,4237.2001953125,207023700
2022-05-31 23:00:00,4237.2001953125,4254.39990234375,4195.39990234375,4197.39990234375,104341600
2022-06-05 23:00:00,4197.39990234375,4258.2001953125,4197.39990234375,4240.2998046875,97241600
2022-06-06 23:00:00,4240.2998046875,4243.60009765625,4216.7998046875,4232.5,112571700
2022-06-07 23:00:00,4232.5,4242.0,4207.39990234375,4226.89990234375,107128700
2022-06-08 23:00:00,4226.89990234375,4226.89990234375,4163.39990234375,4164.2998046875,108744600
2022-06-09 23:00:00,4164.2998046875,4164.2998046875,4065.89990234375,4076.699951171875,122548000
2022-06-12 23:00:00,4076.699951171875,4076.699951171875,3992.89990234375,4007.699951171875,128648300
2022-06-13 23:00:00,4007.699951171875,4043.89990234375,3970.699951171875,3995.39990234375,126148300
2022-06-14 23:00:00,3995.39990234375,4063.89990234375,3995.199951171875,4044.5,151970100
2022-06-15 23:00:00,4044.5,4044.5,3916.0,3918.10009765625,172581900
2022-06-16 23:00:00,3918.10009765625,3969.800048828125,3902.199951171875,3910.89990234375,268437500
2022-06-19 23:00:00,3910.89990234375,3966.5,3910.89990234375,3963.300048828125,93033400
2022-06-20 23:00:00,3963.300048828125,4001.39990234375,3962.0,3975.60009765625,84633500
2022-06-21 23:00:00,3975.60009765625,3975.60009765625,3909.699951171875,3944.10009765625,159203500
2022-06-22 23:00:00,3944.10009765625,3954.800048828125,3904.89990234375,3905.39990234375,102650300
2022-06-23 23:00:00,3905.39990234375,4009.0,3903.300048828125,4007.89990234375,104837400
2022-06-26 23:00:00,4007.89990234375,4052.0,4007.699951171875,4037.5,108293200
2022-06-27 23:00:00,4037.5,4090.39990234375,4037.5,4069.199951171875,103514800
2022-06-28 23:00:00,4069.199951171875,4071.300048828125,4032.60009765625,4054.0,97764200
2022-06-29 23:00:00,4054.0,4054.0,3940.800048828125,3974.699951171875,127177500
2022-06-30 23:00:00,3974.699951171875,3999.300048828125,3938.199951171875,3973.39990234375,94527400
2022-07-03 23:00:00,3973.39990234375,4016.60009765625,3973.39990234375,4002.199951171875,64832700
2022-07-04 23:00:00,4002.199951171875,4017.10009765625,3891.89990234375,3895.699951171875,139524500
2022-07-05 23:00:00,3895.699951171875,3988.39990234375,3895.60009765625,3943.39990234375,127805000
2022-07-06 23:00:00,3943.39990234375,4002.39990234375,3943.39990234375,3990.699951171875,138964100
2022-07-07 23:00:00,3990.699951171875,4003.10009765625,3959.89990234375,3995.300048828125,92785200
2022-07-10 23:00:00,3995.300048828125,3998.0,3942.39990234375,3993.0,95452800
2022-07-11 23:00:00,3993.0,4003.800048828125,3963.300048828125,3999.800048828125,118228100
2022-07-12 23:00:00,3999.800048828125,3999.89990234375,3942.800048828125,3970.0,107024200
2022-07-13 23:00:00,3970.0,3971.300048828125,3890.10009765625,3907.699951171875,111638300
2022-07-14 23:00:00,3907.699951171875,3979.10009765625,3906.89990234375,3975.199951171875,103980000
2022-07-17 23:00:00,3975.199951171875,4032.39990234375,3975.199951171875,4011.199951171875,89778400
2022-07-18 23:00:00,4011.199951171875,4059.800048828125,3986.300048828125,4054.199951171875,93756500
2022-07-19 23:00:00,4054.199951171875,4081.39990234375,4035.800048828125,4042.89990234375,131659500
2022-07-20 23:00:00,4042.89990234375,4055.800048828125,4018.89990234375,4055.800048828125,109354100
2022-07-21 23:00:00,4055.800048828125,4084.300048828125,4048.0,4062.300048828125,96487100
2022-07-24 23:00:00,4062.300048828125,4079.300048828125,4041.699951171875,4075.60009765625,97852700
2022-07-25 23:00:00,4075.60009765625,4102.2001953125,4065.10009765625,4068.10009765625,98868800
2022-07-26 23:00:00,4068.10009765625,4099.10009765625,4068.10009765625,4090.10009765625,147648800
2022-07-27 23:00:00,4090.10009765625,4115.2998046875,4074.699951171875,4095.699951171875,112176000
2022-07-28 23:00:00,4095.699951171875,4152.39990234375,4095.60009765625,4142.39990234375,118013500
2022-07-31 23:00:00,4152.89990234375,4164.7998046875,4132.2998046875,4135.0,79323600
2022-08-01 23:00:00,4135.0,4139.60009765625,4116.7001953125,4126.2998046875,89718000
2022-08-02 23:00:00,4126.2998046875,4148.2001953125,4107.5,4148.2001953125,134131600
2022-08-03 23:00:00,4148.2001953125,4175.2998046875,4137.89990234375,4153.7001953125,122373500
2022-08-04 23:00:00,4153.7001953125,4163.60009765625,4139.10009765625,4146.5,85022800
2022-08-07 23:00:00,4146.5,4184.7998046875,4146.39990234375,4168.7001953125,83691900
2022-08-08 23:00:00,4168.7001953125,4175.2998046875,4161.39990234375,4164.7998046875,89996900
2022-08-09 23:00:00,4164.7998046875,4192.39990234375,4153.7001953125,4186.10009765625,101626200
2022-08-10 23:00:00,4186.10009765625,4191.7998046875,4161.39990234375,4165.0,87749100
2022-08-11 23:00:00,4165.0,4189.89990234375,4164.10009765625,4184.5,70266000
2022-08-14 23:00:00,4184.5,4204.10009765625,4166.60009765625,4189.7998046875,67425300
2022-08-15 23:00:00,4189.7998046875,4216.2998046875,4189.7998046875,4200.89990234375,75666300
2022-08-16 23:00:00,4200.89990234375,4210.2001953125,4176.10009765625,4181.5,76825000
2022-08-17 23:00:00,4181.5,4197.2998046875,4170.60009765625,4197.2998046875,81685900
2022-08-18 23:00:00,4197.2998046875,4211.2998046875,4178.2998046875,4193.2998046875,104627800
2022-08-21 23:00:00,4193.2998046875,4193.5,4156.39990234375,4173.10009765625,84402900
2022-08-22 23:00:00,4173.10009765625,4173.10009765625,4135.0,4145.39990234375,99242300
2022-08-23 23:00:00,4145.39990234375,4145.39990234375,4104.0,4137.5,84528900
2022-08-24 23:00:00,4137.5,4169.10009765625,4134.5,4139.89990234375,68498100
2022-08-25 23:00:00,4139.89990234375,4166.7998046875,4110.0,4112.2998046875,88642700
2022-08-29 23:00:00,4112.2998046875,4143.39990234375,4074.300048828125,4080.800048828125,142554800
2022-08-30 23:00:00,4080.800048828125,4089.300048828125,4030.199951171875,4041.5,150338400
2022-08-31 23:00:00,4041.5,4041.5,3951.89990234375,3959.39990234375,104400200
2022-09-01 23:00:00,3959.39990234375,4036.89990234375,3959.300048828125,4033.39990234375,114619800
2022-09-04 23:00:00,4033.39990234375,4033.39990234375,3982.300048828125,4029.10009765625,94565300
2022-09-05 23:00:00,4029.10009765625,4055.39990234375,4017.699951171875,4041.39990234375,116994200
2022-09-06 23:00:00,4041.39990234375,4041.39990234375,3984.699951171875,4011.60009765625,148178500
2022-09-07 23:00:00,4011.60009765625,4031.10009765625,3978.10009765625,4025.199951171875,98903400
2022-09-08 23:00:00,4025.199951171875,4091.699951171875,4025.199951171875,4077.0,96307600
2022-09-11 23:00:00,4077.0,4148.2998046875,4077.0,4144.89990234375,120717700
2022-09-12 23:00:00,4144.89990234375,4166.7001953125,4092.800048828125,4092.800048828125,106562600
2022-09-13 23:00:00,4092.800048828125,4092.800048828125,4022.300048828125,4031.5,141361900
2022-09-14 23:00:00,4031.5,4059.0,4022.199951171875,4034.89990234375,116759000
2022-09-15 23:00:00,4034.89990234375,4039.89990234375,4009.89990234375,4010.699951171875,311374600
2022-09-19 23:00:00,4010.699951171875,4054.199951171875,3969.89990234375,3981.300048828125,136749600
2022-09-20 23:00:00,3981.300048828125,4016.199951171875,3969.60009765625,4008.5,188331500
2022-09-21 23:00:00,4008.5,4008.5,3955.10009765625,3959.39990234375,118337200
2022-09-22 23:00:00,3959.39990234375,3964.0,3862.60009765625,3881.60009765625,139757500
2022-09-25 23:00:00,3881.60009765625,3904.60009765625,3833.699951171875,3874.699951171875,152869800
2022-09-26 23:00:00,3874.699951171875,3904.300048828125,3844.199951171875,3844.199951171875,168312600
2022-09-27 23:00:00,3844.199951171875,3856.39990234375,3759.699951171875,3854.60009765625,212720600
2022-09-28 23:00:00,3854.60009765625,3854.60009765625,3750.300048828125,3779.300048828125,165046300
2022-09-29 23:00:00,3779.300048828125,3822.699951171875,3766.10009765625,3797.10009765625,168505200
2022-10-02 23:00:00,3797.10009765625,3814.39990234375,3745.199951171875,3807.89990234375,157349700
2022-10-03 23:00:00,3807.89990234375,3909.39990234375,3807.800048828125,3908.800048828125,149723400
2022-10-04 23:00:00,3908.800048828125,3908.800048828125,3849.5,3884.5,123259400
2022-10-05 23:00:00,3884.5,3901.10009765625,3840.699951171875,3860.699951171875,133472800
2022-10-06 23:00:00,3860.699951171875,3870.10009765625,3833.10009765625,3848.89990234375,108432200
2022-10-09 23:00:00,3848.89990234375,3848.89990234375,3810.89990234375,3826.60009765625,121048600
2022-10-10 23:00:00,3826.60009765625,3826.699951171875,3774.199951171875,3784.699951171875,108593700
2022-10-11 23:00:00,3784.699951171875,3799.0,3733.39990234375,3747.5,135759800
2022-10-12 23:00:00,3747.5,3783.699951171875,3689.0,3769.0,160993800
2022-10-13 23:00:00,3769.0,3841.5,3769.0,3776.300048828125,124955100
2022-10-16 23:00:00,3776.300048828125,3838.800048828125,3773.10009765625,3820.199951171875,129990400
2022-10-17 23:00:00,3820.199951171875,3871.699951171875,3820.199951171875,3828.800048828125,132939700
2022-10-18 23:00:00,3828.800048828125,3844.199951171875,3800.0,3814.300048828125,99475700
2022-10-19 23:00:00,3814.300048828125,3834.5,3797.60009765625,3827.699951171875,123524600
2022-10-20 23:00:00,3827.699951171875,3838.800048828125,3779.0,3834.10009765625,96093500
2022-10-23 23:00:00,3834.10009765625,3877.39990234375,3809.0,3859.199951171875,89470400
2022-10-24 23:00:00,3859.199951171875,3875.89990234375,3831.60009765625,3874.60009765625,97996900
2022-10-25 23:00:00,3874.60009765625,3903.699951171875,3852.60009765625,3903.39990234375,146762000
2022-10-26 23:00:00,3903.39990234375,3922.300048828125,3891.699951171875,3911.0,118209000
2022-10-27 23:00:00,3911.0,3911.0,3867.10009765625,3893.39990234375,94384900
2022-10-31 00:00:00,3893.39990234375,3934.199951171875,3884.89990234375,3914.699951171875,113286900
2022-11-01 00:00:00,3914.699951171875,3988.89990234375,3914.699951171875,3967.60009765625,124794100
2022-11-02 00:00:00,3967.60009765625,3978.0,3941.5,3948.5,103133700
2022-11-03 00:00:00,3948.5,3966.10009765625,3910.5,3966.10009765625,97203800
2022-11-04 00:00:00,3966.10009765625,4063.89990234375,3966.10009765625,4042.39990234375,125133700
2022-11-07 00:00:00,4042.39990234375,4051.800048828125,4019.5,4032.89990234375,106936400
2022-11-08 00:00:00,4032.89990234375,4043.5,4004.5,4040.199951171875,128590000
2022-11-09 00:00:00,4040.199951171875,4040.199951171875,4015.5,4034.0,78053300
2022-11-10 00:00:00,4034.0,4103.0,4012.699951171875,4094.39990234375,112807700
2022-11-11 00:00:00,4094.39990234375,4117.60009765625,4074.699951171875,4075.0,133236100
2022-11-14 00:00:00,4075.0,4120.5,4074.699951171875,4106.7998046875,102142800
2022-11-15 00:00:00,4106.7998046875,4120.10009765625,4082.10009765625,4094.10009765625,122918800
2022-11-16 00:00:00,4094.10009765625,4104.7998046875,4067.39990234375,4074.60009765625,109526700
2022-11-17 00:00:00,4074.60009765625,4075.89990234375,4045.5,4072.699951171875,100223800
2022-11-18 00:00:00,4072.699951171875,4112.7998046875,4071.300048828125,4096.2001953125,113710800
2022-11-21 00:00:00,4096.2001953125,4107.89990234375,4073.699951171875,4096.2001953125,92365000
2022-11-22 00:00:00,4096.2001953125,4136.0,4095.199951171875,4132.39990234375,82415500
2022-11-23 00:00:00,4132.39990234375,4155.2998046875,4131.10009765625,4140.7001953125,114813800
2022-11-24 00:00:00,4140.7001953125,4154.7998046875,4132.0,4142.60009765625,66220400
2022-11-25 00:00:00,4142.60009765625,4154.60009765625,4135.7998046875,4152.2001953125,80944300
2022-11-28 00:00:00,4152.2001953125,4152.2998046875,4116.7001953125,4138.2001953125,94613200
2022-11-29 00:00:00,4138.2001953125,4173.0,4138.2001953125,4152.7998046875,99090700
2022-11-30 00:00:00,4152.7998046875,4195.10009765625,4152.7998046875,4180.89990234375,195598100
2022-12-01 00:00:00,4180.89990234375,4199.7001953125,4177.7001953125,4181.7998046875,98428000
2022-12-02 00:00:00,4181.7998046875,4188.5,4153.2001953125,4179.2998046875,84276400
2022-12-05 00:00:00,4179.2998046875,4199.39990234375,4174.7001953125,4183.5,71943000
2022-12-06 00:00:00,4183.5,4183.60009765625,4154.5,4154.5,107552900
2022-12-07 00:00:00,4154.5,4175.60009765625,4133.89990234375,4133.89990234375,106834500
2022-12-08 00:00:00,4133.89990234375,4143.10009765625,4122.5,4122.5,86133800
2022-12-09 00:00:00,4122.5,4136.5,4101.89990234375,4127.5,97601300
2022-12-12 00:00:00,4127.5,4127.5,4104.89990234375,4110.0,83617600
2022-12-13 00:00:00,4110.0,4175.2001953125,4101.2998046875,4145.2998046875,110890000
2022-12-14 00:00:00,4145.2998046875,4145.2998046875,4122.7998046875,4140.5,104307500
2022-12-15 00:00:00,4140.5,4140.5,4094.199951171875,4103.0,88952900
2022-12-16 00:00:00,4103.0,4103.2998046875,4033.800048828125,4049.0,269560100
2022-12-19 00:00:00,4049.0,4078.39990234375,4049.0,4064.60009765625,70478000
2022-12-20 00:00:00,4064.60009765625,4077.300048828125,4030.699951171875,4065.800048828125,107982200
2022-12-21 00:00:00,4065.800048828125,4136.2001953125,4065.10009765625,4135.60009765625,81084900
2022-12-22 00:00:00,4135.60009765625,4158.2001953125,4115.7998046875,4119.2001953125,58225200
2022-12-23 00:00:00,4119.2001953125,4135.60009765625,4115.2998046875,4123.10009765625,29074000
2022-12-28 00:00:00,4123.10009765625,4160.60009765625,4123.10009765625,4136.2998046875,55545800
2022-12-29 00:00:00,4136.2998046875,4148.60009765625,4103.10009765625,4147.10009765625,52556100
2022-12-30 00:00:00,4147.10009765625,4147.2001953125,4113.7998046875,4113.7998046875,32743800
2023-01-03 00:00:00,4113.7998046875,4209.0,4112.5,4171.0,124752200
2023-01-04 00:00:00,4171.0,4202.89990234375,4167.0,4193.7001953125,106320000
2023-01-05 00:00:00,4193.7001953125,4232.5,4183.7998046875,4218.7998046875,114242100
2023-01-06 00:00:00,4218.7998046875,4251.5,4218.7998046875,4251.2998046875,102775400
2023-01-09 00:00:00,4251.2998046875,4265.2001953125,4242.2001953125,4262.60009765625,110353800
2023-01-10 00:00:00,4262.60009765625,4262.60009765625,4240.7998046875,4245.39990234375,117829600
2023-01-11 00:00:00,4245.39990234375,4287.89990234375,4245.2001953125,4263.89990234375,133824400
2023-01-12 00:00:00,4263.89990234375,4313.39990234375,4263.7001953125,4306.60009765625,104027100
2023-01-13 00:00:00,4306.60009765625,4343.7998046875,4306.2998046875,4333.7001953125,102844800
2023-01-16 00:00:00,4333.7001953125,4350.2001953125,4332.7001953125,4345.39990234375,89516400
2023-01-17 00:00:00,4345.39990234375,4351.5,4326.2998046875,4336.89990234375,133813500
2023-01-18 00:00:00,4336.89990234375,4346.39990234375,4323.2001953125,4325.5,124383000
2023-01-19 00:00:00,4325.5,4325.5,4266.7998046875,4276.10009765625,106727100
2023-01-20 00:00:00,4276.10009765625,4300.0,4276.10009765625,4291.2001953125,106260500
2023-01-23 00:00:00,4291.2001953125,4312.7001953125,4290.39990234375,4300.89990234375,84973400
2023-01-24 00:00:00,4300.89990234375,4309.2998046875,4281.2998046875,4289.60009765625,105530400
2023-01-25 00:00:00,4289.60009765625,4300.5,4263.5,4282.10009765625,99878200
2023-01-26 00:00:00,4282.10009765625,4307.0,4282.10009765625,4293.2998046875,117422000
2023-01-27 00:00:00,4293.2998046875,4302.60009765625,4285.7998046875,4298.89990234375,98913600
2023-01-30 00:00:00,4298.89990234375,4307.2998046875,4272.2998046875,4305.2001953125,140273100
2023-01-31 00:00:00,4305.2001953125,4305.2001953125,4263.0,4296.39990234375,121444700
2023-02-01 00:00:00,4296.39990234375,4313.39990234375,4286.10009765625,4292.7998046875,121243800
2023-02-02 00:00:00,4292.7998046875,4346.39990234375,4291.39990234375,4342.89990234375,112811900
2023-02-03 00:00:00,4342.89990234375,4383.39990234375,4333.39990234375,4380.89990234375,96863300
2023-02-06 00:00:00,4380.89990234375,4380.89990234375,4328.39990234375,4344.39990234375,89889100
2023-02-07 00:00:00,4344.39990234375,4367.7001953125,4339.5,4350.7998046875,109371400
2023-02-08 00:00:00,4350.7998046875,4392.0,4350.7998046875,4364.10009765625,87994000
2023-02-09 00:00:00,4364.10009765625,4395.60009765625,4359.2998046875,4375.60009765625,135038100
2023-02-10 00:00:00,4375.60009765625,4375.7998046875,4337.0,4354.2998046875,123928200
2023-02-13 00:00:00,4354.2998046875,4388.10009765625,4354.0,4388.10009765625,77747100
2023-02-14 00:00:00,4388.10009765625,4414.0,4386.89990234375,4387.7998046875,94409700
2023-02-15 00:00:00,4387.7998046875,4416.10009765625,4371.89990234375,4413.39990234375,110364000
2023-02-16 00:00:00,4413.39990234375,4440.39990234375,4400.89990234375,4420.60009765625,97048600
2023-02-17 00:00:00,4420.60009765625,4420.7998046875,4388.89990234375,4413.89990234375,152470500
2023-02-20 00:00:00,4413.89990234375,4422.0,4408.39990234375,4418.89990234375,93996400
2023-02-21 00:00:00,4418.89990234375,4419.10009765625,4385.39990234375,4393.89990234375,119925300
2023-02-22 00:00:00,4393.89990234375,4394.0,4339.10009765625,4366.2998046875,92786900
2023-02-23 00:00:00,4366.2998046875,4374.60009765625,4350.89990234375,4358.89990234375,125710600
2023-02-24 00:00:00,4358.89990234375,4376.39990234375,4337.7998046875,4342.2001953125,117406800
2023-02-27 00:00:00,4342.2001953125,4380.0,4342.2001953125,4374.7998046875,99397300
2023-02-28 00:00:00,4374.7998046875,4374.7998046875,4333.89990234375,4347.5,165421900
2023-03-01 00:00:00,4347.5,4385.2001953125,4346.39990234375,4364.7998046875,150958300
2023-03-02 00:00:00,4364.7998046875,4379.60009765625,4344.7998046875,4378.0,122717400
2023-03-03 00:00:00,4378.0,4394.7001953125,4368.39990234375,4381.7001953125,95384900
2023-03-06 00:00:00,4381.7001953125,4383.10009765625,4358.7001953125,4377.7998046875,86356800
2023-03-07 00:00:00,4377.7998046875,4392.7998046875,4365.10009765625,4369.60009765625,124704000
2023-03-08 00:00:00,4369.60009765625,4379.39990234375,4351.89990234375,4371.2998046875,107848400
2023-03-09 00:00:00,4371.2998046875,4371.60009765625,4331.39990234375,4342.7001953125,121244400
2023-03-10 00:00:00,4342.7001953125,4342.7001953125,4248.39990234375,4270.0,130864000
2023-03-13 00:00:00,4270.0,4273.60009765625,4157.7998046875,4158.89990234375,167654700
2023-03-14 00:00:00,4158.89990234375,4212.60009765625,4135.7001953125,4210.2001953125,118267600
2023-03-15 00:00:00,4210.2001953125,4210.60009765625,4050.10009765625,4056.0,181899600
2023-03-16 00:00:00,4056.0,4117.7998046875,4048.199951171875,4091.199951171875,155795700
2023-03-17 00:00:00,4091.199951171875,4142.89990234375,4032.699951171875,4046.89990234375,279804800
2023-03-20 00:00:00,4046.89990234375,4093.10009765625,3973.300048828125,4080.10009765625,136757000
2023-03-21 00:00:00,4080.10009765625,4161.7001953125,4080.10009765625,4151.60009765625,107852300
2023-03-22 00:00:00,4151.60009765625,4174.5,4134.10009765625,4165.39990234375,120773600
2023-03-23 00:00:00,4165.39990234375,4165.5,4118.7001953125,4132.7001953125,148668100
2023-03-24 00:00:00,4132.7001953125,4132.7001953125,4045.300048828125,4080.800048828125,120497300
2023-03-26 23:00:00,4080.800048828125,4125.7001953125,4080.800048828125,4113.2998046875,102540600
2023-03-27 23:00:00,4113.2998046875,4141.39990234375,4103.60009765625,4115.0,143062500
2023-03-28 23:00:00,4115.0,4160.2998046875,4115.0,4160.2998046875,94131200
2023-03-29 23:00:00,4160.2998046875,4203.10009765625,4160.2998046875,4195.39990234375,108849100
2023-03-30 23:00:00,4195.39990234375,4212.60009765625,4192.89990234375,4201.39990234375,114124700
2023-04-02 23:00:00,4201.39990234375,4232.60009765625,4201.39990234375,4219.39990234375,120787700
2023-04-03 23:00:00,4219.39990234375,4246.89990234375,4199.2001953125,4199.2001953125,107777200
2023-04-04 23:00:00,4199.2001953125,4214.5,4196.2998046875,4206.0,94033400
2023-04-05 23:00:00,4206.0,4249.2998046875,4201.2001953125,4249.2998046875,83442300
2023-04-10 23:00:00,4249.2998046875,4283.0,4249.2998046875,4275.10009765625,123526300
2023-04-11 23:00:00,4275.10009765625,4313.60009765625,4274.0,4295.10009765625,109935200
2023-04-12 23:00:00,4295.10009765625,4309.7998046875,4289.10009765625,4306.0,103238500
2023-04-13 23:00:00,4306.0,4342.39990234375,4306.0,4324.89990234375,110204600
2023-04-16 23:00:00,4324.89990234375,4349.89990234375,4324.89990234375,4329.7998046875,93671500
2023-04-17 23:00:00,4329.7998046875,4345.10009765625,4329.7998046875,4344.2998046875,76832700
2023-04-18 23:00:00,4344.2998046875,4344.2998046875,4321.5,4336.2998046875,75972800
2023-04-19 23:00:00,4336.2998046875,4336.39990234375,4324.2001953125,4336.0,116786800
2023-04-20 23:00:00,4336.0,4352.60009765625,4327.10009765625,4345.7001953125,94258200
2023-04-23 23:00:00,4345.7001953125,4351.7998046875,4327.0,4343.39990234375,95812900
2023-04-24 23:00:00,4343.39990234375,4343.39990234375,4317.0,4333.10009765625,90541800
2023-04-25 23:00:00,4333.10009765625,4333.7998046875,4300.7001953125,4314.7001953125,114932400
2023-04-26 23:00:00,4314.7001953125,4319.7001953125,4298.7001953125,4306.0,91654200
2023-04-27 23:00:00,4306.0,4330.0,4286.5,4330.0,125342500
2023-05-01 23:00:00,4330.0,4345.89990234375,4280.39990234375,4280.39990234375,125358600
2023-05-02 23:00:00,4280.39990234375,4304.5,4280.2998046875,4289.2001953125,122447200
2023-05-03 23:00:00,4289.2001953125,4289.2001953125,4238.7998046875,4244.89990234375,106612800
2023-05-04 23:00:00,4244.89990234375,4288.60009765625,4244.7998046875,4287.2001953125,82950800
2023-05-08 23:00:00,4287.2001953125,4293.39990234375,4260.2001953125,4275.0,125832900
2023-05-09 23:00:00,4275.0,4282.7001953125,4256.7001953125,4264.10009765625,99051500
2023-05-10 23:00:00,4264.10009765625,4285.89990234375,4231.89990234375,4258.7998046875,117531700
2023-05-11 23:00:00,4258.7998046875,4279.0,4258.0,4267.7001953125,95605900
2023-05-14 23:00:00,4267.7001953125,4288.60009765625,4267.7001953125,4280.7998046875,97042600
2023-05-15 23:00:00,4280.7998046875,4295.60009765625,4262.10009765625,4268.7001953125,132787100
2023-05-16 23:00:00,4268.7001953125,4268.7001953125,4248.7998046875,4253.7001953125,97799700
2023-05-17 23:00:00,4253.7001953125,4281.7001953125,4253.7001953125,4265.2998046875,99161500
2023-05-18 23:00:00,4265.2998046875,4289.7998046875,4265.10009765625,4271.89990234375,86648600
2023-05-21 23:00:00,4271.89990234375,4285.2001953125,4267.7998046875,4278.10009765625,152266800
2023-05-22 23:00:00,4278.10009765625,4292.5,4266.2001953125,4272.2998046875,94694600
2023-05-23 23:00:00,4272.2998046875,4272.2998046875,4180.7998046875,4199.39990234375,130186200
2023-05-24 23:00:00,4199.39990234375,4200.7998046875,4169.89990234375,4169.89990234375,95021100
2023-05-25 23:00:00,4169.89990234375,4203.89990234375,4161.5,4195.10009765625,105776300
2023-05-29 23:00:00,4195.10009765625,4197.7001953125,4143.7001953125,4145.7998046875,116100400
2023-05-30 23:00:00,4145.7998046875,4145.7998046875,4107.2001953125,4107.2001953125,277329800
2023-05-31 23:00:00,4107.2001953125,4135.60009765625,4107.0,4131.39990234375,120246000
2023-06-01 23:00:00,4131.39990234375,4200.2001953125,4131.2001953125,4196.7998046875,89357900
2023-06-04 23:00:00,4196.7998046875,4222.2001953125,4190.0,4192.2001953125,74943400
2023-06-05 23:00:00,4192.2001953125,4212.39990234375,4171.0,4208.7998046875,88380500
2023-06-06 23:00:00,4208.7998046875,4215.10009765625,4197.0,4205.0,84659600
2023-06-07 23:00:00,4205.0,4212.0,4185.89990234375,4191.89990234375,75241200
2023-06-08 23:00:00,4191.89990234375,4200.5,4164.2998046875,4173.7001953125,80505200
2023-06-11 23:00:00,4173.7001953125,4192.7001953125,4173.39990234375,4180.7998046875,78504400
2023-06-12 23:00:00,4180.7998046875,4200.2001953125,4172.7001953125,4192.10009765625,126384900
2023-06-13 23:00:00,4192.10009765625,4214.0,4185.2998046875,4195.5,109629700
2023-06-14 23:00:00,4195.5,4205.7001953125,4185.89990234375,4203.2998046875,108517600
2023-06-15 23:00:00,4203.2998046875,4234.0,4203.10009765625,4209.89990234375,260771400
2023-06-18 23:00:00,4209.89990234375,4209.89990234375,4175.60009765625,4178.7001953125,76516800
2023-06-19 23:00:00,4178.7001953125,4186.0,4165.2001953125,4166.2998046875,82229900
2023-06-20 23:00:00,4166.2998046875,4168.0,4139.2998046875,4156.0,91266600
2023-06-21 23:00:00,4156.0,4156.0,4103.89990234375,4121.39990234375,92303300
2023-06-22 23:00:00,4121.39990234375,4121.39990234375,4085.39990234375,4094.10009765625,84322800
2023-06-25 23:00:00,4094.10009765625,4102.2998046875,4061.10009765625,4087.39990234375,114912100
2023-06-26 23:00:00,4087.39990234375,4110.5,4076.89990234375,4093.60009765625,101598500
2023-06-27 23:00:00,4093.60009765625,4131.0,4093.60009765625,4123.2998046875,94737700
2023-06-28 23:00:00,4123.2998046875,4125.10009765625,4099.2001953125,4105.2001953125,88528700
2023-06-29 23:00:00,4105.2001953125,4149.10009765625,4105.2001953125,4138.10009765625,101961600
2023-07-02 23:00:00,4138.10009765625,4155.39990234375,4132.2998046875,4138.89990234375,79594400
2023-07-03 23:00:00,4138.89990234375,4150.2998046875,4134.7001953125,4136.2001953125,100719600
2023-07-04 23:00:00,4136.2001953125,4136.2001953125,4091.0,4095.10009765625,100418200
2023-07-05 23:00:00,4095.10009765625,4095.10009765625,3998.89990234375,4003.699951171875,101067100
2023-07-06 23:00:00,4003.699951171875,4003.800048828125,3977.699951171875,3995.300048828125,69680800
2023-07-09 23:00:00,3995.300048828125,4020.10009765625,3984.89990234375,4004.0,65374400
2023-07-10 23:00:00,4004.0,4012.199951171875,3990.10009765625,4011.699951171875,103582300
2023-07-11 23:00:00,4011.699951171875,4093.199951171875,4011.699951171875,4088.60009765625,134740400
2023-07-12 23:00:00,4088.60009765625,4109.89990234375,4085.199951171875,4101.60009765625,80481300
2023-07-13 23:00:00,4101.60009765625,4120.5,4092.0,4096.89990234375,82682900
2023-07-16 23:00:00,4096.89990234375,4097.5,4075.5,4078.5,62852400
2023-07-17 23:00:00,4078.5,4110.39990234375,4074.300048828125,4107.60009765625,73092100
2023-07-18 23:00:00,4107.60009765625,4210.39990234375,4107.60009765625,4193.2001953125,126901100
2023-07-19 23:00:00,4193.2001953125,4229.39990234375,4191.89990234375,4220.2001953125,87548500
2023-07-20 23:00:00,4220.2001953125,4231.5,4215.10009765625,4225.10009765625,69924700
2023-07-23 23:00:00,4225.10009765625,4233.39990234375,4209.0,4230.39990234375,76483800
2023-07-24 23:00:00,4230.39990234375,4242.0,4227.89990234375,4236.7998046875,64135600
2023-07-25 23:00:00,4236.7998046875,4242.60009765625,4205.39990234375,4230.89990234375,104717500
2023-07-26 23:00:00,4230.89990234375,4250.7998046875,4226.5,4241.10009765625,130791500
2023-07-27 23:00:00,4241.10009765625,4248.7998046875,4230.7998046875,4237.2001953125,97786500
2023-07-30 23:00:00,4237.2001953125,4253.10009765625,4223.10009765625,4240.2001953125,84227300
2023-07-31 23:00:00,4240.2001953125,4246.60009765625,4214.7998046875,4222.10009765625,82363000
2023-08-01 23:00:00,4222.10009765625,4222.10009765625,4144.5,4164.7001953125,100038300
2023-08-02 23:00:00,4164.7001953125,4165.0,4103.0,4150.0,145159500
2023-08-03 23:00:00,4150.0,4172.60009765625,4129.39990234375,4169.7998046875,80189500
2023-08-06 23:00:00,4169.7998046875,4169.89990234375,4138.7998046875,4162.89990234375,69960600
2023-08-07 23:00:00,4162.89990234375,4163.0,4130.7001953125,4149.39990234375,106179300
2023-08-08 23:00:00,4149.39990234375,4187.39990234375,4149.39990234375,4180.7001953125,131551100
2023-08-09 23:00:00,4180.7001953125,4200.10009765625,4173.89990234375,4197.2998046875,85017400
2023-08-10 23:00:00,4197.2998046875,4197.2998046875,4140.10009765625,4146.60009765625,69480100
2023-08-13 23:00:00,4146.60009765625,4149.2998046875,4122.2998046875,4137.2998046875,136530600
2023-08-14 23:00:00,4137.2998046875,4138.5,4068.0,4078.60009765625,66727300
2023-08-15 23:00:00,4078.60009765625,4083.800048828125,4052.39990234375,4060.60009765625,87974300
2023-08-16 23:00:00,4060.60009765625,4060.60009765625,4029.10009765625,4031.5,64975800
2023-08-17 23:00:00,4031.5,4031.5,3976.300048828125,4000.800048828125,82672400
2023-08-20 23:00:00,4000.800048828125,4025.39990234375,3990.10009765625,3992.39990234375,68446000
2023-08-21 23:00:00,3992.39990234375,4022.39990234375,3992.39990234375,4002.5,94682700
2023-08-22 23:00:00,4002.5,4045.60009765625,4002.5,4032.300048828125,112590100
2023-08-23 23:00:00,4032.300048828125,4068.699951171875,4032.300048828125,4037.5,55935500
2023-08-24 23:00:00,4037.5,4064.89990234375,4032.5,4037.89990234375,55922000
2023-08-28 23:00:00,4037.89990234375,4111.10009765625,4037.89990234375,4108.2001953125,149447200
2023-08-29 23:00:00,4108.2001953125,4132.5,4108.10009765625,4115.2998046875,82557900
2023-08-30 23:00:00,4115.2998046875,4131.2001953125,4100.2998046875,4100.2998046875,153726600
2023-08-31 23:00:00,4100.2998046875,4127.0,4100.2998046875,4110.2001953125,88620100
2023-09-03 23:00:00,4110.2001953125,4140.7001953125,4102.10009765625,4104.2001953125,54676300
2023-09-04 23:00:00,4104.2001953125,4118.5,4070.699951171875,4096.10009765625,65997600
2023-09-05 23:00:00,4096.10009765625,4101.2998046875,4060.10009765625,4089.300048828125,67027900
2023-09-06 23:00:00,4089.300048828125,4106.2001953125,4067.800048828125,4094.60009765625,71119700
2023-09-07 23:00:00,4094.60009765625,4115.2001953125,4074.39990234375,4114.2998046875,84210800
2023-09-10 23:00:00,4114.2998046875,4151.89990234375,4109.39990234375,4125.0,74916600
2023-09-11 23:00:00,4125.0,4151.5,4125.0,4140.10009765625,90792000
2023-09-12 23:00:00,4140.10009765625,4149.0,4119.2998046875,4140.0,91063400
2023-09-13 23:00:00,4140.0,4224.10009765625,4139.89990234375,4220.10009765625,108995100
2023-09-14 23:00:00,4220.10009765625,4255.89990234375,4220.10009765625,4234.7998046875,240495300
2023-09-17 23:00:00,4234.7998046875,4236.89990234375,4191.7001953125,4196.60009765625,67897500
2023-09-18 23:00:00,4196.60009765625,4213.2001953125,4190.89990234375,4199.2998046875,82640700
2023-09-19 23:00:00,4199.2998046875,4247.2001953125,4199.2001953125,4242.0,107011400
2023-09-20 23:00:00,4242.0,4251.2998046875,4211.2998046875,4214.60009765625,121050900
2023-09-21 23:00:00,4214.60009765625,4241.10009765625,4195.5,4216.10009765625,127824300
2023-09-24 23:00:00,4216.10009765625,4216.2001953125,4159.2001953125,4181.7998046875,79138200
2023-09-25 23:00:00,4181.7998046875,4197.0,4165.60009765625,4180.2001953125,75600200
2023-09-26 23:00:00,4180.2001953125,4190.2998046875,4153.39990234375,4161.10009765625,94580600
2023-09-27 23:00:00,4161.10009765625,4165.2001953125,4124.10009765625,4161.39990234375,92083600
2023-09-28 23:00:00,4161.39990234375,4203.10009765625,4161.39990234375,4170.0,92646100
2023-10-01 23:00:00,4170.0,4185.39990234375,4104.7001953125,4114.5,85080100
2023-10-02 23:00:00,4114.5,4130.2001953125,4085.800048828125,4086.0,78234500
2023-10-03 23:00:00,4086.0,4095.300048828125,4037.800048828125,4052.89990234375,139145200
2023-10-04 23:00:00,4052.89990234375,4095.39990234375,4052.800048828125,4074.699951171875,85567900
2023-10-05 23:00:00,4074.699951171875,4100.2998046875,4060.39990234375,4099.2001953125,85610400
2023-10-08 23:00:00,4099.2001953125,4119.7001953125,4086.300048828125,4093.10009765625,94845100
2023-10-09 23:00:00,4093.10009765625,4173.60009765625,4093.10009765625,4169.7998046875,97018700
2023-10-10 23:00:00,4169.7998046875,4180.39990234375,4157.60009765625,4163.10009765625,87756700
2023-10-11 23:00:00,4163.10009765625,4199.2998046875,4163.10009765625,4173.5,96668400
2023-10-12 23:00:00,4173.5,4179.2001953125,4137.5,4140.2001953125,84273200
2023-10-15 23:00:00,4140.2001953125,4167.39990234375,4131.7998046875,4157.0,81556200
2023-10-16 23:00:00,4157.0,4186.2001953125,4149.2001953125,4183.39990234375,95964900
2023-10-17 23:00:00,4183.39990234375,4184.2998046875,4128.89990234375,4133.2001953125,88445700
2023-10-18 23:00:00,4133.2001953125,4133.2001953125,4082.60009765625,4085.39990234375,95910400
2023-10-19 23:00:00,4085.39990234375,4085.39990234375,4031.199951171875,4033.699951171875,108418000
2023-10-22 23:00:00,4033.699951171875,4033.699951171875,3999.300048828125,4021.60009765625,70653400
2023-10-23 23:00:00,4021.60009765625,4035.39990234375,3995.300048828125,4026.60009765625,92405100
2023-10-24 23:00:00,4026.60009765625,4041.60009765625,4012.60009765625,4034.39990234375,91442400
2023-10-25 23:00:00,4034.39990234375,4034.5,3997.39990234375,4003.39990234375,111624700
2023-10-26 23:00:00,4003.39990234375,4018.60009765625,3969.39990234375,3976.0,82534300
2023-10-30 00:00:00,3976.0,4017.0,3976.0,3997.800048828125,128456900
2023-10-31 00:00:00,3997.800048828125,4025.0,3990.699951171875,3997.199951171875,109490900
2023-11-01 00:00:00,3997.199951171875,4029.10009765625,3986.699951171875,4010.199951171875,100680400
2023-11-02 00:00:00,4010.199951171875,4086.800048828125,4010.199951171875,4077.60009765625,135878100
2023-11-03 00:00:00,4077.60009765625,4100.89990234375,4059.800048828125,4070.699951171875,96221300
2023-11-06 00:00:00,4070.699951171875,4082.5,4061.0,4063.39990234375,102706700
2023-11-07 00:00:00,4063.39990234375,4071.199951171875,4051.199951171875,4060.199951171875,81144200
2023-11-08 00:00:00,4060.199951171875,4080.800048828125,4044.800048828125,4058.89990234375,102895000
2023-11-09 00:00:00,4058.89990234375,4094.89990234375,4042.60009765625,4090.39990234375,98444100
2023-11-10 00:00:00,4090.39990234375,4090.39990234375,4018.10009765625,4039.60009765625,107557000
2023-11-13 00:00:00,4039.60009765625,4072.39990234375,4039.60009765625,4072.39990234375,90865000
2023-11-14 00:00:00,4072.39990234375,4101.7998046875,4055.800048828125,4098.7001953125,134052600
2023-11-15 00:00:00,4098.7001953125,4153.89990234375,4098.7001953125,4125.10009765625,117264500
2023-11-16 00:00:00,4125.10009765625,4127.39990234375,4078.300048828125,4079.0,104735500
2023-11-17 00:00:00,4079.0,4132.0,4078.699951171875,4129.89990234375,96132800
2023-11-20 00:00:00,4129.89990234375,4131.0,4114.39990234375,4127.10009765625,67845700
2023-11-21 00:00:00,4127.10009765625,4127.39990234375,4100.0,4112.5,73949300
2023-11-22 00:00:00,4112.5,4124.5,4101.60009765625,4110.7001953125,90274000
2023-11-23 00:00:00,4110.7001953125,4122.7001953125,4098.2998046875,4117.39990234375,81764300
2023-11-24 00:00:00,4117.39990234375,4122.2001953125,4100.10009765625,4118.89990234375,68638900
2023-11-27 00:00:00,4118.89990234375,4118.89990234375,4101.2001953125,4105.2998046875,59002700
2023-11-28 00:00:00,4105.2998046875,4105.2998046875,4075.199951171875,4101.10009765625,87888500
2023-11-29 00:00:00,4101.10009765625,4103.7001953125,4080.60009765625,4088.5,82116200
2023-11-30 00:00:00,4088.5,4121.7001953125,4067.199951171875,4095.60009765625,185257000
2023-12-01 00:00:00,4095.60009765625,4140.89990234375,4095.39990234375,4136.7998046875,79502000
2023-12-04 00:00:00,4136.7998046875,4139.7001953125,4113.2001953125,4127.60009765625,113983100
2023-12-05 00:00:00,4127.60009765625,4127.60009765625,4104.10009765625,4120.60009765625,100259200
2023-12-06 00:00:00,4120.60009765625,4152.0,4120.0,4138.2001953125,193119900
2023-12-07 00:00:00,4138.2001953125,4141.7998046875,4116.5,4136.0,108830900
2023-12-08 00:00:00,4136.0,4172.39990234375,4134.60009765625,4157.7998046875,113813200
2023-12-11 00:00:00,4157.7998046875,4160.2001953125,4126.0,4154.7998046875,112011300
2023-12-12 00:00:00,4154.7998046875,4186.10009765625,4151.10009765625,4151.10009765625,111890300
2023-12-13 00:00:00,4151.10009765625,4174.0,4151.0,4154.7998046875,134419000
2023-12-14 00:00:00,4154.7998046875,4257.5,4154.7998046875,4219.89990234375,198990200
2023-12-15 00:00:00,4219.89990234375,4231.7001953125,4179.7998046875,4184.0,230795100
2023-12-18 00:00:00,4184.0,4210.2998046875,4173.2001953125,4202.39990234375,105760900
2023-12-19 00:00:00,4202.39990234375,4218.2998046875,4200.0,4216.5,132880700
2023-12-20 00:00:00,4216.5,4282.7001953125,4216.5,4263.0,139646700
2023-12-21 00:00:00,4263.0,4263.0,4235.7998046875,4251.2998046875,84439800
2023-12-22 00:00:00,4251.2998046875,4262.39990234375,4241.89990234375,4254.5,51293800
2023-12-27 00:00:00,4254.5,4286.60009765625,4254.5,4270.2998046875,66673100
2023-12-28 00:00:00,4270.2998046875,4280.89990234375,4261.10009765625,4269.2001953125,50207700
2023-12-29 00:00:00,4269.2001953125,4280.5,4267.89990234375,4273.2001953125,34300100
2024-01-02 00:00:00,4273.2001953125,4287.2998046875,4246.39990234375,4262.2001953125,92097700
2024-01-03 00:00:00,4262.2001953125,4273.2001953125,4223.0,4237.7998046875,122616400
2024-01-04 00:00:00,4237.7998046875,4261.2998046875,4235.7998046875,4258.5,121961000
2024-01-05 00:00:00,4258.5,4258.5,4211.89990234375,4237.7001953125,92149300
2024-01-08 00:00:00,4237.7001953125,4245.60009765625,4208.60009765625,4245.60009765625,127422700
2024-01-09 00:00:00,4245.60009765625,4255.2001953125,4232.7998046875,4237.60009765625,98465900
2024-01-10 00:00:00,4237.60009765625,4237.60009765625,4219.7998046875,4221.89990234375,93172400
2024-01-11 00:00:00,4221.89990234375,4244.5,4181.0,4181.0,167224800
2024-01-12 00:00:00,4181.0,4224.5,4181.0,4206.7001953125,113262600
2024-01-15 00:00:00,4206.7001953125,4213.7998046875,4182.10009765625,4192.60009765625,104820400
2024-01-16 00:00:00,4192.60009765625,4192.7001953125,4162.5,4175.0,152737600
2024-01-17 00:00:00,4175.0,4175.0,4088.60009765625,4111.7001953125,117069100
2024-01-18 00:00:00,4111.7001953125,4128.0,4103.0,4120.39990234375,121262300
2024-01-19 00:00:00,4120.39990234375,4151.7998046875,4113.5,4119.39990234375,155195800
2024-01-22 00:00:00,4119.39990234375,4144.7001953125,4119.39990234375,4137.89990234375,111829100
2024-01-23 00:00:00,4137.89990234375,4157.0,4128.0,4134.39990234375,137572500
2024-01-24 00:00:00,4134.39990234375,4164.7001953125,4134.39990234375,4159.7998046875,112113400
2024-01-25 00:00:00,4159.7998046875,4168.0,4147.2998046875,4162.2998046875,102637400
2024-01-26 00:00:00,4162.2998046875,4223.5,4162.2998046875,4215.7998046875,134886700
2024-01-29 00:00:00,4215.7998046875,4228.0,4212.5,4213.89990234375,91533100
2024-01-30 00:00:00,4213.89990234375,4241.0,4213.7998046875,4231.0,100578900
2024-01-31 00:00:00,4231.0,4242.0,4214.2998046875,4214.2998046875,133679400
2024-02-01 00:00:00,4214.2998046875,4233.7001953125,4197.2001953125,4203.2998046875,126496200
2024-02-02 00:00:00,4203.2998046875,4234.2001953125,4198.2998046875,4201.5,116336500
2024-02-05 00:00:00,4201.5,4228.10009765625,4189.7998046875,4195.5,168178100
2024-02-06 00:00:00,4195.5,4238.7998046875,4195.5,4232.5,185092000
2024-02-07 00:00:00,4232.5,4240.7001953125,4204.60009765625,4205.60009765625,135534600
2024-02-08 00:00:00,4205.60009765625,4221.39990234375,4189.10009765625,4189.7998046875,101361600
2024-02-09 00:00:00,4189.7998046875,4196.5,4169.89990234375,4177.7001953125,138559700
2024-02-12 00:00:00,4177.7001953125,4190.7998046875,4171.60009765625,4182.60009765625,119096400
2024-02-13 00:00:00,4182.60009765625,4187.5,4133.7998046875,4144.7998046875,150162600
2024-02-14 00:00:00,4144.7998046875,4187.0,4144.7998046875,4173.89990234375,147623400
2024-02-15 00:00:00,4173.89990234375,4198.2998046875,4172.60009765625,4190.7001953125,115952300
2024-02-16 00:00:00,4190.7001953125,4251.60009765625,4190.7001953125,4247.7001953125,134665000
2024-02-20 00:00:00,4256.39990234375,4265.10009765625,4242.0,4248.7001953125,118130600
2024-02-21 00:00:00,4248.7001953125,4248.7001953125,4211.7001953125,4222.10009765625,165955200
2024-02-22 00:00:00,4222.10009765625,4244.2001953125,4218.2001953125,4237.0,181985600
2024-02-23 00:00:00,4237.0,4249.7001953125,4229.60009765625,4244.7001953125,145322200
2024-02-26 00:00:00,4244.7001953125,4246.7001953125,4228.2998046875,4232.7001953125,161206600
2024-02-27 00:00:00,4232.7001953125,4240.0,4225.7001953125,4233.2001953125,153971000
2024-02-28 00:00:00,4233.2001953125,4238.2001953125,4199.2001953125,4201.0,160316200
2024-02-29 00:00:00,4201.0,4230.89990234375,4200.10009765625,4204.7001953125,249256900
2024-03-01 00:00:00,4204.7001953125,4242.39990234375,4204.7001953125,4238.7998046875,166437200
2024-03-04 00:00:00,4238.7998046875,4238.89990234375,4205.89990234375,4215.60009765625,148048000
2024-03-05 00:00:00,4215.60009765625,4224.2998046875,4195.60009765625,4219.0,133443000
2024-03-06 00:00:00,4219.0,4253.2001953125,4216.7001953125,4241.0,178037200
2024-03-07 00:00:00,4241.0,4261.60009765625,4225.60009765625,4250.60009765625,200831300
2024-03-08 00:00:00,4250.60009765625,4251.2001953125,4225.60009765625,4235.60009765625,128392800
2024-03-11 00:00:00,4235.60009765625,4238.0,4210.2001953125,4237.89990234375,153126100
2024-03-12 00:00:00,4237.89990234375,4285.39990234375,4237.89990234375,4276.2998046875,150865100
2024-03-13 00:00:00,4276.2998046875,4295.2998046875,4271.7998046875,4287.7998046875,176493500
2024-03-14 00:00:00,4287.7998046875,4290.89990234375,4259.89990234375,4271.60009765625,130522900
2024-03-15 00:00:00,4271.60009765625,4281.7998046875,4265.0,4265.0,365442600
2024-03-18 00:00:00,4265.0,4276.7998046875,4257.7998046875,4261.89990234375,132805500
2024-03-19 00:00:00,4261.89990234375,4267.7998046875,4248.7998046875,4267.7001953125,141017800
2024-03-20 00:00:00,4267.7001953125,4274.89990234375,4254.60009765625,4268.7998046875,141048300
2024-03-21 00:00:00,4268.7998046875,4355.0,4268.7998046875,4345.60009765625,186134200
2024-03-22 00:00:00,4345.60009765625,4383.89990234375,4345.39990234375,4368.0,144225200
2024-03-25 00:00:00,4368.0,4368.2998046875,4343.89990234375,4358.2001953125,142249400
2024-03-26 00:00:00,4358.2001953125,4370.2998046875,4345.60009765625,4369.60009765625,161075800
2024-03-27 00:00:00,4369.60009765625,4373.7001953125,4350.39990234375,4371.10009765625,146277200
2024-03-28 00:00:00,4371.10009765625,4394.10009765625,4371.10009765625,4383.2001953125,146356000
2024-04-01 23:00:00,4383.2001953125,4416.39990234375,4366.89990234375,4369.60009765625,148026400
2024-04-02 23:00:00,4369.60009765625,4372.0,4342.2001953125,4372.0,148915000
2024-04-03 23:00:00,4372.0,4399.89990234375,4371.89990234375,4393.89990234375,149283700
2024-04-04 23:00:00,4393.89990234375,4393.89990234375,4343.7998046875,4358.7001953125,118616000
2024-04-07 23:00:00,4358.7001953125,4383.10009765625,4348.7998046875,4377.89990234375,116119000
2024-04-08 23:00:00,4377.89990234375,4387.5,4363.0,4371.0,143362000
2024-04-09 23:00:00,4371.0,4408.7001953125,4360.7001953125,4384.7001953125,166455100
2024-04-10 23:00:00,4384.7001953125,4388.5,4347.10009765625,4366.5,153753300
2024-04-11 23:00:00,4366.5,4428.39990234375,4366.5,4398.5,124231200
2024-04-14 23:00:00,4398.5,4408.5,4377.0,4383.60009765625,112181200
2024-04-15 23:00:00,4383.60009765625,4383.60009765625,4290.60009765625,4303.89990234375,139202400
2024-04-16 23:00:00,4303.89990234375,4341.10009765625,4292.39990234375,4316.7998046875,125019200
2024-04-17 23:00:00,4316.7998046875,4343.7998046875,4315.7001953125,4334.0,174932300
2024-04-18 23:00:00,4334.0,4343.39990234375,4296.2001953125,4341.10009765625,129882500
2024-04-21 23:00:00,4341.10009765625,4418.7001953125,4341.10009765625,4408.2001953125,144233500
2024-04-22 23:00:00,4408.2001953125,4437.10009765625,4408.2001953125,4424.2998046875,144991600
2024-04-23 23:00:00,4424.2998046875,4447.0,4415.0,4419.7001953125,185398200
2024-04-24 23:00:00,4419.7001953125,4451.39990234375,4413.7998046875,4434.2998046875,162386800
2024-04-25 23:00:00,4434.2998046875,4473.7001953125,4434.2998046875,4470.10009765625,124400100
2024-04-28 23:00:00,4470.10009765625,4495.7001953125,4468.89990234375,4481.5,111908600
2024-04-29 23:00:00,4481.5,4506.5,4474.39990234375,4476.5,118556100
2024-04-30 23:00:00,4476.5,4492.7001953125,4459.0,4464.39990234375,80474800
2024-05-01 23:00:00,4464.39990234375,4494.39990234375,4464.10009765625,4492.39990234375,127586500
2024-05-02 23:00:00,4492.39990234375,4533.60009765625,4492.39990234375,4515.5,94320100
2024-05-06 23:00:00,4515.5,4581.7998046875,4515.5,4570.7001953125,152896200
2024-05-07 23:00:00,4570.7001953125,4595.60009765625,4570.7001953125,4592.2001953125,158481200
2024-05-08 23:00:00,4592.2001953125,4614.10009765625,4589.7998046875,4606.39990234375,137965000
2024-05-09 23:00:00,4606.39990234375,4647.2001953125,4606.39990234375,4634.7998046875,100499300
2024-05-12 23:00:00,4634.7998046875,4641.2998046875,4620.7001953125,4623.2001953125,125293600
2024-05-13 23:00:00,4623.2001953125,4642.10009765625,4619.39990234375,4631.2998046875,148700900
2024-05-14 23:00:00,4631.2998046875,4655.39990234375,4631.2998046875,4644.5,145328000
2024-05-15 23:00:00,4644.5,4649.39990234375,4626.2001953125,4642.5,116693600
2024-05-16 23:00:00,4642.5,4643.39990234375,4621.10009765625,4631.60009765625,138741200
2024-05-19 23:00:00,4631.60009765625,4649.39990234375,4631.60009765625,4637.2001953125,106997700
2024-05-20 23:00:00,4637.2001953125,4637.2998046875,4612.5,4630.7998046875,133816300
2024-05-21 23:00:00,4630.7998046875,4630.7998046875,4592.7998046875,4606.7001953125,162827500
2024-05-22 23:00:00,4606.7001953125,4613.5,4586.7998046875,4589.5,159655200
2024-05-23 23:00:00,4589.5,4589.5,4553.39990234375,4583.5,109607000
2024-05-27 23:00:00,4583.5,4593.2001953125,4545.10009765625,4551.39990234375,150736100
2024-05-28 23:00:00,4551.39990234375,4551.89990234375,4509.2001953125,4509.39990234375,133666100
2024-05-29 23:00:00,4509.39990234375,4544.10009765625,4494.0,4539.39990234375,139414300
2024-05-30 23:00:00,4539.39990234375,4570.0,4539.39990234375,4562.2998046875,286581600
2024-06-02 23:00:00,4562.2998046875,4610.7001953125,4558.10009765625,4561.5,144320100
2024-06-03 23:00:00,4561.5,4561.5,4525.89990234375,4541.2998046875,157458300
2024-06-04 23:00:00,4541.2998046875,4560.5,4541.2998046875,4547.0,120035800
2024-06-05 23:00:00,4547.0,4568.0,4547.0,4566.5,119785900
2024-06-06 23:00:00,4566.5,4571.2998046875,4524.7998046875,4542.7001953125,100759500
2024-06-09 23:00:00,4542.7001953125,4542.7001953125,4511.0,4531.2998046875,92463300
2024-06-10 23:00:00,4531.2998046875,4548.7001953125,4472.2998046875,4487.5,142079700
2024-06-11 23:00:00,4487.5,4537.2998046875,4487.5,4526.7001953125,156474300
2024-06-12 23:00:00,4526.7001953125,4526.7001953125,4487.0,4492.89990234375,115090200
2024-06-13 23:00:00,4492.89990234375,4500.2998046875,4465.39990234375,4482.60009765625,105393200
2024-06-16 23:00:00,4482.60009765625,4505.5,4469.7001953125,4481.60009765625,111736900
2024-06-17 23:00:00,4481.60009765625,4515.5,4481.60009765625,4512.5,103124900
2024-06-18 23:00:00,4512.5,4524.0,4498.89990234375,4518.2001953125,95598200
2024-06-19 23:00:00,4518.2001953125,4553.7998046875,4517.2001953125,4553.7998046875,121286200
2024-06-20 23:00:00,4553.7998046875,4559.2998046875,4509.60009765625,4535.60009765625,269037300
2024-06-23 23:00:00,4535.60009765625,4572.89990234375,4524.60009765625,4560.10009765625,113544800
2024-06-24 23:00:00,4560.10009765625,4564.2998046875,4536.60009765625,4537.89990234375,113319800
2024-06-25 23:00:00,4537.89990234375,4566.2001953125,4514.7001953125,4525.2998046875,139128600
2024-06-26 23:00:00,4525.2998046875,4528.7998046875,4504.60009765625,4504.60009765625,102508200
2024-06-27 23:00:00,4504.60009765625,4532.60009765625,4494.2998046875,4495.89990234375,106175400
2024-06-30 23:00:00,4495.89990234375,4528.39990234375,4495.10009765625,4495.10009765625,0
2024-07-01 23:00:00,4495.10009765625,4495.2001953125,4465.5,4472.7001953125,102545100
2024-07-02 23:00:00,4472.7001953125,4506.7001953125,4472.7001953125,4506.60009765625,115544300
2024-07-03 23:00:00,4506.60009765625,4549.2998046875,4506.60009765625,4542.39990234375,75107500
2024-07-04 23:00:00,4542.39990234375,4572.10009765625,4518.5,4530.10009765625,134029300
2024-07-07 23:00:00,4530.10009765625,4544.39990234375,4514.89990234375,4525.5,95550400
2024-07-08 23:00:00,4525.5,4536.5,4490.89990234375,4495.2998046875,136475000
2024-07-09 23:00:00,4495.2998046875,4529.39990234375,4494.5,4529.39990234375,98322200
2024-07-10 23:00:00,4529.39990234375,4553.10009765625,4527.39990234375,4551.60009765625,90475400
2024-07-11 23:00:00,4551.60009765625,4576.7998046875,4551.60009765625,4566.0,71857700
2024-07-14 23:00:00,4566.0,4566.0,4525.2001953125,4532.39990234375,77584700
2024-07-15 23:00:00,4532.39990234375,4532.39990234375,4503.89990234375,4524.60009765625,81020300
2024-07-16 23:00:00,4524.60009765625,4540.10009765625,4505.7001953125,4531.60009765625,95873900
2024-07-17 23:00:00,4531.60009765625,4571.39990234375,4531.60009765625,4544.2001953125,79771000
2024-07-18 23:00:00,4514.0,4530.7998046875,4505.7998046875,4515.7998046875,83201400
2024-07-21 23:00:00,4515.7998046875,4560.0,4515.7998046875,4538.39990234375,101259300
2024-07-22 23:00:00,4538.39990234375,4551.2998046875,4512.89990234375,4522.0,114330000
2024-07-23 23:00:00,4522.0,4522.7001953125,4493.7998046875,4511.2001953125,94207900
2024-07-24 23:00:00,4511.2001953125,4525.7001953125,4457.2001953125,4524.7001953125,127838500
2024-07-25 23:00:00,4524.7001953125,4588.5,4522.0,4586.2998046875,92380700
2024-07-28 23:00:00,4586.2998046875,4628.10009765625,4586.2998046875,4586.2998046875,102073900
2024-07-29 23:00:00,4586.2998046875,4596.7001953125,4564.39990234375,4583.2001953125,101235900
2024-07-30 23:00:00,4583.2001953125,4647.2998046875,4583.2001953125,4632.7998046875,114832900
2024-07-31 23:00:00,4632.7998046875,4652.2001953125,4578.0,4588.2998046875,123839800
2024-08-01 23:00:00,4588.2998046875,4588.2998046875,4509.10009765625,4517.39990234375,157086300
2024-08-04 23:00:00,4517.39990234375,4517.39990234375,4368.10009765625,4420.39990234375,201403900
2024-08-05 23:00:00,4420.39990234375,4450.60009765625,4392.10009765625,4433.2001953125,170523100
2024-08-06 23:00:00,4433.2001953125,4510.5,4433.2001953125,4506.10009765625,108202700
2024-08-07 23:00:00,4506.10009765625,4506.10009765625,4449.7001953125,4493.60009765625,102019200
2024-08-08 23:00:00,4493.60009765625,4527.60009765625,4493.39990234375,4508.2001953125,105663600
2024-08-11 23:00:00,4508.2001953125,4536.39990234375,4508.2001953125,4529.7998046875,199654000
2024-08-12 23:00:00,4529.7998046875,4546.5,4519.2001953125,4543.7001953125,84793900
2024-08-13 23:00:00,4543.7001953125,4573.2001953125,4541.5,4571.7998046875,93866100
2024-08-14 23:00:00,4571.7998046875,4617.60009765625,4567.7998046875,4607.60009765625,108676900
2024-08-15 23:00:00,4607.60009765625,4608.60009765625,4578.7998046875,4589.2001953125,75715800
2024-08-18 23:00:00,4589.2001953125,4622.5,4575.89990234375,4614.10009765625,85824500
2024-08-19 23:00:00,4614.10009765625,4614.2001953125,4569.10009765625,4569.10009765625,70900200
2024-08-20 23:00:00,4569.10009765625,4581.2998046875,4568.0,4580.10009765625,113012600
2024-08-21 23:00:00,4580.10009765625,4596.89990234375,4575.60009765625,4579.7001953125,139866600
2024-08-22 23:00:00,4579.7001953125,4604.10009765625,4579.7001953125,4601.2001953125,78760600
2024-08-26 23:00:00,4601.2001953125,4638.60009765625,4601.2001953125,4608.7998046875,108987500
2024-08-27 23:00:00,4608.7998046875,4617.0,4595.0,4605.2001953125,81991500
2024-08-28 23:00:00,4605.2001953125,4630.2001953125,4601.0,4621.10009765625,91365600
2024-08-29 23:00:00,4621.10009765625,4639.89990234375,4615.39990234375,4621.2998046875,138091100
2024-09-01 23:00:00,4621.2998046875,4623.7001953125,4607.0,4612.10009765625,71134000
2024-09-02 23:00:00,4612.10009765625,4621.2001953125,4570.0,4575.7998046875,122587800
2024-09-03 23:00:00,4575.7998046875,4575.7998046875,4533.0,4562.0,108960700
2024-09-04 23:00:00,4562.0,4570.10009765625,4547.39990234375,4547.39990234375,108446900
2024-09-05 23:00:00,4547.39990234375,4555.5,4504.2998046875,4510.60009765625,96047000
2024-09-08 23:00:00,4510.60009765625,4559.60009765625,4510.60009765625,4557.89990234375,88355900
2024-09-09 23:00:00,4557.89990234375,4558.2001953125,4520.89990234375,4527.2001953125,111767300
2024-09-10 23:00:00,4527.2001953125,4539.60009765625,4505.7998046875,4517.7998046875,113471800
2024-09-11 23:00:00,4517.7998046875,4573.7998046875,4517.7998046875,4545.0,139007600
2024-09-12 23:00:00,4545.0,4574.10009765625,4541.60009765625,4566.2998046875,79370700
2024-09-15 23:00:00,4566.2998046875,4575.10009765625,4553.60009765625,4569.89990234375,74485700
2024-09-16 23:00:00,4569.89990234375,4608.2001953125,4569.89990234375,4585.2998046875,110916700
2024-09-17 23:00:00,4585.2998046875,4585.39990234375,4551.60009765625,4555.2998046875,109982800
2024-09-18 23:00:00,4555.2998046875,4619.2001953125,4555.2001953125,4600.7998046875,118342700
2024-09-19 23:00:00,4600.7998046875,4600.7998046875,4541.10009765625,4543.89990234375,225660300
2024-09-22 23:00:00,4543.89990234375,4561.2001953125,4534.0,4558.5,91518100
2024-09-23 23:00:00,4558.5,4583.2001953125,4557.5,4567.2001953125,125825400
2024-09-24 23:00:00,4567.2001953125,4588.89990234375,4548.0,4560.10009765625,98725800
2024-09-25 23:00:00,4560.10009765625,4594.7001953125,4559.2001953125,4575.39990234375,122684000
2024-09-26 23:00:00,4575.39990234375,4603.39990234375,4574.89990234375,4599.39990234375,114599700
2024-09-29 23:00:00,4599.39990234375,4599.60009765625,4551.60009765625,4553.7998046875,114572000
2024-09-30 23:00:00,4553.7998046875,4581.7001953125,4548.2001953125,4568.7001953125,121140200
2024-10-01 23:00:00,4568.7001953125,4590.5,4560.89990234375,4571.60009765625,106464500
2024-10-02 23:00:00,4571.60009765625,4591.89990234375,4556.2998046875,4566.39990234375,110688000
2024-10-03 23:00:00,4566.39990234375,4579.60009765625,4544.5,4570.2001953125,95147400
2024-10-06 23:00:00,4570.2001953125,4589.60009765625,4556.7998046875,4579.7998046875,92146800
2024-10-07 23:00:00,4579.7998046875,4579.89990234375,4515.60009765625,4519.2998046875,108274100
2024-10-08 23:00:00,4519.2998046875,4550.2998046875,4518.2998046875,4550.2998046875,80167300
2024-10-09 23:00:00,4550.2998046875,4563.60009765625,4535.39990234375,4544.0,101067100
2024-10-10 23:00:00,4544.0,4559.5,4531.2998046875,4553.2998046875,75354900
2024-10-13 23:00:00,4553.2998046875,4573.5,4544.0,4573.5,95415000
2024-10-14 23:00:00,4573.5,4579.7998046875,4548.89990234375,4552.10009765625,115266100
2024-10-15 23:00:00,4552.10009765625,4605.7998046875,4552.10009765625,4595.60009765625,131729900
2024-10-16 23:00:00,4595.60009765625,4630.39990234375,4591.7998046875,4626.0,122256700
2024-10-17 23:00:00,4626.0,4626.0,4591.89990234375,4614.60009765625,110977600
2024-10-20 23:00:00,4614.60009765625,4631.60009765625,4588.2998046875,4588.2998046875,87941000
2024-10-21 23:00:00,4588.2998046875,4588.60009765625,4553.60009765625,4584.0,89309000
2024-10-22 23:00:00,4584.0,4592.7998046875,4554.39990234375,4557.60009765625,98347400
2024-10-23 23:00:00,4557.60009765625,4597.2001953125,4556.5,4561.60009765625,130338600
2024-10-24 23:00:00,4561.60009765625,4566.2998046875,4550.10009765625,4552.60009765625,122364300
2024-10-28 00:00:00,4552.60009765625,4574.89990234375,4532.89990234375,4570.60009765625,129912200
2024-10-29 00:00:00,4570.60009765625,4589.2998046875,4530.89990234375,4532.89990234375,138173900
2024-10-30 00:00:00,4532.89990234375,4534.39990234375,4502.5,4506.2998046875,142414600
2024-10-31 00:00:00,4506.2998046875,4506.2998046875,4453.60009765625,4473.7001953125,138960400
2024-11-01 00:00:00,4473.7001953125,4521.5,4471.39990234375,4508.39990234375,112153300
2024-11-04 00:00:00,4508.39990234375,4541.0,4506.39990234375,4511.2001953125,116208500
2024-11-05 00:00:00,4511.2001953125,4528.7998046875,4493.0,4502.89990234375,109590200
2024-11-06 00:00:00,4502.89990234375,4577.60009765625,4490.39990234375,4502.39990234375,138424700
2024-11-07 00:00:00,4502.39990234375,4518.10009765625,4495.60009765625,4495.60009765625,131229000
2024-11-08 00:00:00,4495.60009765625,4503.0,4453.89990234375,4459.5,114712200
2024-11-11 00:00:00,4459.5,4503.7001953125,4459.5,4490.7001953125,97695100
2024-11-12 00:00:00,4490.7001953125,4490.7001953125,4431.5,4434.5,137051100
2024-11-13 00:00:00,4434.5,4454.89990234375,4416.7998046875,4434.7001953125,132136700
2024-11-14 00:00:00,4434.7001953125,4463.89990234375,4426.10009765625,4459.0,98221300
2024-11-15 00:00:00,4459.0,4469.2998046875,4437.10009765625,4454.0,97396400
2024-11-18 00:00:00,4454.0,4473.5,4444.89990234375,4473.5,105422700
2024-11-19 00:00:00,4473.5,4492.7001953125,4443.0,4469.5,102275400
2024-11-20 00:00:00,4469.5,4484.10009765625,4451.39990234375,4457.5,108465400
2024-11-21 00:00:00,4457.5,4491.7998046875,4445.7001953125,4491.2998046875,132853000
2024-11-22 00:00:00,4491.2998046875,4559.39990234375,4491.10009765625,4552.0,108025300
2024-11-25 00:00:00,4552.0,4577.89990234375,4551.7001953125,4571.0,236014100
2024-11-26 00:00:00,4571.0,4571.0,4544.60009765625,4549.89990234375,98194400
2024-11-27 00:00:00,4549.89990234375,4562.0,4540.10009765625,4558.60009765625,89311100
2024-11-28 00:00:00,4558.60009765625,4577.2998046875,4558.2001953125,4566.39990234375,74953100
2024-11-29 00:00:00,4566.39990234375,4572.10009765625,4551.60009765625,4569.60009765625,95937900
2024-12-02 00:00:00,4569.60009765625,4592.39990234375,4562.0,4581.7001953125,106139800
2024-12-03 00:00:00,4581.7001953125,4622.0,4581.2998046875,4607.60009765625,111758600
2024-12-04 00:00:00,4607.60009765625,4610.2001953125,4591.5,4599.60009765625,106023800
2024-12-05 00:00:00,4599.60009765625,4606.89990234375,4591.5,4606.0,113821300
2024-12-06 00:00:00,4606.0,4611.39990234375,4584.89990234375,4588.2001953125,136042000
2024-12-09 00:00:00,4588.2001953125,4619.2001953125,4588.2001953125,4608.7001953125,102873700
2024-12-10 00:00:00,4608.7001953125,4608.7001953125,4568.7998046875,4572.2001953125,88199800
2024-12-11 00:00:00,4572.2001953125,4590.7998046875,4554.7998046875,4582.2998046875,154744800
2024-12-12 00:00:00,4582.2998046875,4597.0,4580.7001953125,4586.5,86837200
2024-12-13 00:00:00,4586.5,4597.2998046875,4570.89990234375,4579.2001953125,86970700
2024-12-16 00:00:00,4579.2001953125,4581.5,4555.39990234375,4558.7001953125,85291800
2024-12-17 00:00:00,4558.7001953125,4558.7001953125,4518.2001953125,4518.89990234375,153842100
2024-12-18 00:00:00,4518.89990234375,4538.7998046875,4518.89990234375,4522.5,111544400
2024-12-19 00:00:00,4522.5,4522.5,4457.7001953125,4471.7001953125,122633600
2024-12-20 00:00:00,4471.7001953125,4473.0,4418.10009765625,4463.2998046875,223221700
2024-12-23 00:00:00,4463.2998046875,4475.39990234375,4445.60009765625,4471.10009765625,76007800
2024-12-24 00:00:00,4471.10009765625,4498.7001953125,4471.10009765625,4491.89990234375,31250800
2024-12-27 00:00:00,4491.89990234375,4496.7998046875,4477.89990234375,4495.60009765625,47562800
2024-12-30 00:00:00,4495.60009765625,4495.60009765625,4464.89990234375,4479.39990234375,45651600
