date,open,high,low,close,volume
2014-01-02 00:00:00,3609.6201171875,3614.659912109375,3589.360107421875,3595.75,0
2014-01-03 00:00:00,3595.75,3612.179931640625,3585.68994140625,3605.0,0
2014-01-06 00:00:00,3605.010009765625,3616.8701171875,3597.580078125,3606.159912109375,0
2014-01-07 00:00:00,3606.159912109375,3624.10009765625,3599.840087890625,3618.159912109375,0
2014-01-08 00:00:00,3618.159912109375,3618.169921875,3596.840087890625,3600.8798828125,0
2014-01-09 00:00:00,3600.8701171875,3612.659912109375,3579.610107421875,3585.679931640625,0
2014-01-10 00:00:00,3585.679931640625,3627.070068359375,3585.679931640625,3616.030029296875,0
2014-01-13 00:00:00,3616.02001953125,3629.9599609375,3612.639892578125,3626.330078125,0
2014-01-14 00:00:00,3626.330078125,3631.580078125,3595.030029296875,3629.6201171875,0
2014-01-15 00:00:00,3629.6201171875,3657.169921875,3629.6201171875,3655.570068359375,0
2014-01-16 00:00:00,3655.570068359375,3660.389892578125,3648.60009765625,3650.389892578125,0
2014-01-17 00:00:00,3650.389892578125,3661.989990234375,3643.60009765625,3655.909912109375,0
2014-01-20 00:00:00,3655.909912109375,3660.9599609375,3647.18994140625,3660.840087890625,0
2014-01-21 00:00:00,3660.840087890625,3673.5400390625,3651.010009765625,3657.219970703125,0
2014-01-22 00:00:00,3657.219970703125,3672.800048828125,3651.0,3653.7900390625,0
2014-01-23 00:00:00,3653.7900390625,3658.0,3617.360107421875,3624.010009765625,0
2014-01-24 00:00:00,3624.010009765625,3629.639892578125,3561.179931640625,3565.5400390625,0
2014-01-27 00:00:00,3565.5400390625,3565.6298828125,3502.860107421875,3508.179931640625,0
2014-01-28 00:00:00,3508.179931640625,3532.18994140625,3508.179931640625,3524.43994140625,0
2014-01-29 00:00:00,3524.43994140625,3564.030029296875,3482.1298828125,3511.820068359375,0
2014-01-30 00:00:00,3511.830078125,3523.77001953125,3492.85009765625,3509.81005859375,0
2014-01-31 00:00:00,3509.81005859375,3515.840087890625,3452.5,3496.510009765625,0
2014-02-03 00:00:00,3496.510009765625,3509.6298828125,3469.840087890625,3472.419921875,0
2014-02-04 00:00:00,3472.419921875,3478.330078125,3446.8701171875,3464.1201171875,0
2014-02-05 00:00:00,3464.1201171875,3481.419921875,3451.52001953125,3468.77001953125,0
2014-02-06 00:00:00,3468.77001953125,3524.330078125,3468.77001953125,3521.3701171875,0
2014-02-07 00:00:00,3521.3701171875,3541.02001953125,3514.3701171875,3530.169921875,0
2014-02-10 00:00:00,3530.169921875,3543.320068359375,3527.570068359375,3540.6201171875,0
2014-02-11 00:00:00,3540.6201171875,3582.5,3540.6201171875,3582.5,0
2014-02-12 00:00:00,3582.5,3598.739990234375,3580.93994140625,3583.989990234375,0
2014-02-13 00:00:00,3583.97998046875,3584.0,3549.60009765625,3575.22998046875,0
2014-02-14 00:00:00,3575.22998046875,3583.919921875,3570.02001953125,3580.43994140625,0
2014-02-17 00:00:00,3580.43994140625,3620.780029296875,3579.56005859375,3616.60009765625,0
2014-02-18 00:00:00,3616.60009765625,3649.93994140625,3606.840087890625,3647.1298828125,0
2014-02-19 00:00:00,3647.1298828125,3652.820068359375,3627.10009765625,3647.510009765625,0
2014-02-20 00:00:00,3647.510009765625,3655.580078125,3613.300048828125,3655.580078125,0
2014-02-21 00:00:00,3655.580078125,3677.699951171875,3655.580078125,3670.10009765625,0
2014-02-24 00:00:00,3670.10009765625,3685.070068359375,3648.659912109375,3685.070068359375,0
2014-02-25 00:00:00,3685.070068359375,3685.35009765625,3648.7900390625,3669.330078125,0
2014-02-26 00:00:00,3669.330078125,3671.260009765625,3646.85009765625,3652.97998046875,0
2014-02-27 00:00:00,3652.97998046875,3664.050048828125,3621.360107421875,3659.4599609375,0
2014-02-28 00:00:00,3659.4599609375,3676.68994140625,3650.0,3666.659912109375,0
2014-03-03 00:00:00,3666.669921875,3666.669921875,3591.1201171875,3608.550048828125,0
2014-03-04 00:00:00,3608.550048828125,3672.8798828125,3608.550048828125,3671.8798828125,0
2014-03-05 00:00:00,3671.8701171875,3671.919921875,3646.02001953125,3647.47998046875,0
2014-03-06 00:00:00,3647.47998046875,3663.699951171875,3646.510009765625,3655.639892578125,0
2014-03-07 00:00:00,3655.64990234375,3661.570068359375,3615.89990234375,3618.340087890625,0
2014-03-10 00:00:00,3618.340087890625,3640.669921875,3597.1298828125,3604.18994140625,0
2014-03-11 00:00:00,3604.18994140625,3618.47998046875,3590.68994140625,3603.5400390625,0
2014-03-12 00:00:00,3603.5400390625,3603.550048828125,3559.389892578125,3569.10009765625,0
2014-03-13 00:00:00,3569.10009765625,3574.739990234375,3534.22998046875,3534.239990234375,0
2014-03-14 00:00:00,3534.25,3534.25,3504.7099609375,3520.25,0
2014-03-17 00:00:00,3520.25,3555.139892578125,3520.219970703125,3544.179931640625,0
2014-03-18 00:00:00,3544.179931640625,3572.47998046875,3527.550048828125,3562.110107421875,0
2014-03-19 00:00:00,3562.10009765625,3564.77001953125,3544.110107421875,3547.5400390625,0
2014-03-20 00:00:00,3547.5400390625,3547.5400390625,3505.699951171875,3529.570068359375,0
2014-03-21 00:00:00,3529.570068359375,3543.6201171875,3526.93994140625,3533.199951171875,0
2014-03-24 00:00:00,3533.199951171875,3538.10009765625,3505.10009765625,3512.43994140625,0
2014-03-25 00:00:00,3512.43994140625,3554.159912109375,3512.43994140625,3554.159912109375,0
2014-03-26 00:00:00,3554.159912109375,3575.360107421875,3554.139892578125,3557.27001953125,0
2014-03-27 00:00:00,3557.27001953125,3557.27001953125,3535.39990234375,3548.10009765625,0
2014-03-28 00:00:00,3548.10009765625,3568.52001953125,3546.300048828125,3559.43994140625,0
2014-03-30 23:00:00,3559.43994140625,3581.699951171875,3547.719970703125,3555.590087890625,0
2014-03-31 23:00:00,3555.60009765625,3586.60009765625,3555.60009765625,3584.469970703125,0
2014-04-01 23:00:00,3584.469970703125,3595.6298828125,3577.949951171875,3587.860107421875,0
2014-04-02 23:00:00,3587.860107421875,3597.300048828125,3577.090087890625,3581.260009765625,0
2014-04-03 23:00:00,3581.27001953125,3610.409912109375,3581.27001953125,3604.8798828125,0
2014-04-06 23:00:00,3604.8798828125,3604.8798828125,3562.97998046875,3566.7099609375,0
2014-04-07 23:00:00,3566.7099609375,3567.97998046875,3523.5400390625,3543.169921875,0
2014-04-08 23:00:00,3543.169921875,3577.010009765625,3543.139892578125,3567.889892578125,0
2014-04-09 23:00:00,3567.889892578125,3595.97998046875,3561.780029296875,3570.25,0
2014-04-10 23:00:00,3570.25,3570.25,3513.9599609375,3525.889892578125,0
2014-04-13 23:00:00,3525.889892578125,3528.530029296875,3490.97998046875,3528.530029296875,0
2014-04-14 23:00:00,3528.530029296875,3533.909912109375,3503.050048828125,3505.72998046875,0
2014-04-15 23:00:00,3505.72998046875,3533.919921875,3505.72998046875,3530.409912109375,0
2014-04-16 23:00:00,3530.409912109375,3555.340087890625,3522.030029296875,3554.5,0
2014-04-21 23:00:00,3554.5,3597.110107421875,3554.5,3585.590087890625,0
2014-04-22 23:00:00,3585.590087890625,3590.949951171875,3573.260009765625,3579.580078125,0
2014-04-23 23:00:00,3579.580078125,3604.43994140625,3574.580078125,3592.1298828125,0
2014-04-24 23:00:00,3592.1298828125,3592.550048828125,3567.1298828125,3580.590087890625,0
2014-04-27 23:00:00,3580.60009765625,3597.1201171875,3580.219970703125,3584.85009765625,0
2014-04-28 23:00:00,3584.85009765625,3618.10009765625,3584.830078125,3618.10009765625,0
2014-04-29 23:00:00,3618.10009765625,3627.010009765625,3608.760009765625,3619.830078125,0
2014-04-30 23:00:00,3619.830078125,3635.639892578125,3617.02001953125,3633.610107421875,0
2014-05-01 23:00:00,3633.610107421875,3649.070068359375,3630.239990234375,3642.52001953125,0
2014-05-05 23:00:00,3642.52001953125,3646.7099609375,3623.969970703125,3632.25,0
2014-05-06 23:00:00,3632.239990234375,3632.239990234375,3615.9599609375,3629.1298828125,0
2014-05-07 23:00:00,3629.1298828125,3651.330078125,3629.1298828125,3651.330078125,0
2014-05-08 23:00:00,3651.330078125,3651.330078125,3632.75,3637.300048828125,0
2014-05-11 23:00:00,3637.300048828125,3657.179931640625,3637.300048828125,3657.179931640625,0
2014-05-12 23:00:00,3657.179931640625,3673.030029296875,3656.6298828125,3668.81005859375,0
2014-05-13 23:00:00,3668.81005859375,3671.159912109375,3659.93994140625,3669.169921875,0
2014-05-14 23:00:00,3669.169921875,3676.860107421875,3630.6298828125,3639.5400390625,0
2014-05-15 23:00:00,3639.5400390625,3645.510009765625,3616.93994140625,3637.909912109375,0
2014-05-18 23:00:00,3637.909912109375,3640.580078125,3614.5,3632.110107421875,0
2014-05-19 23:00:00,3632.1201171875,3637.719970703125,3610.239990234375,3614.989990234375,0
2014-05-20 23:00:00,3614.989990234375,3628.989990234375,3606.2099609375,3628.989990234375,0
2014-05-21 23:00:00,3628.989990234375,3642.60009765625,3625.60009765625,3631.409912109375,0
2014-05-22 23:00:00,3631.409912109375,3634.159912109375,3619.10009765625,3630.97998046875,0
2014-05-26 23:00:00,3630.97998046875,3654.239990234375,3630.97998046875,3648.669921875,0
2014-05-27 23:00:00,3648.679931640625,3655.820068359375,3644.530029296875,3654.7099609375,0
2014-05-28 23:00:00,3654.719970703125,3671.409912109375,3653.35009765625,3664.6201171875,0
2014-05-29 23:00:00,3664.610107421875,3668.25,3648.659912109375,3655.010009765625,0
2014-06-01 23:00:00,3655.010009765625,3671.389892578125,3655.010009765625,3666.639892578125,0
2014-06-02 23:00:00,3666.639892578125,3667.64990234375,3641.889892578125,3650.340087890625,0
2014-06-03 23:00:00,3650.35009765625,3652.85009765625,3633.97998046875,3643.1298828125,0
2014-06-04 23:00:00,3643.1298828125,3656.14990234375,3631.030029296875,3641.0,0
2014-06-05 23:00:00,3641.010009765625,3669.449951171875,3641.010009765625,3669.0400390625,0
2014-06-08 23:00:00,3669.0400390625,3679.409912109375,3668.820068359375,3676.18994140625,0
2014-06-09 23:00:00,3676.18994140625,3676.31005859375,3657.419921875,3675.2099609375,0
2014-06-10 23:00:00,3675.2099609375,3675.25,3646.929931640625,3655.75,0
2014-06-11 23:00:00,3655.760009765625,3663.72998046875,3650.080078125,3658.570068359375,0
2014-06-12 23:00:00,3658.570068359375,3658.570068359375,3608.590087890625,3618.5400390625,0
2014-06-15 23:00:00,3618.5400390625,3619.030029296875,3600.419921875,3604.419921875,0
2014-06-16 23:00:00,3604.419921875,3614.320068359375,3591.64990234375,3604.81005859375,0
2014-06-17 23:00:00,3604.81005859375,3621.110107421875,3604.81005859375,3611.590087890625,0
2014-06-18 23:00:00,3611.590087890625,3643.18994140625,3611.590087890625,3626.780029296875,0
2014-06-19 23:00:00,3626.780029296875,3645.3798828125,3619.6201171875,3638.35009765625,0
2014-06-22 23:00:00,3638.35009765625,3639.139892578125,3617.469970703125,3623.389892578125,0
2014-06-23 23:00:00,3623.39990234375,3634.02001953125,3609.070068359375,3612.530029296875,0
2014-06-24 23:00:00,3612.530029296875,3612.580078125,3575.5400390625,3585.429931640625,0
2014-06-25 23:00:00,3585.429931640625,3595.97998046875,3575.800048828125,3592.909912109375,0
2014-06-26 23:00:00,3592.909912109375,3608.929931640625,3592.909912109375,3604.389892578125,0
2014-06-29 23:00:00,3604.389892578125,3615.0,3592.9599609375,3600.18994140625,0
2014-06-30 23:00:00,3600.18994140625,3631.9599609375,3600.18994140625,3630.3701171875,0
2014-07-01 23:00:00,3630.3701171875,3644.989990234375,3628.0400390625,3638.1298828125,0
2014-07-02 23:00:00,3638.139892578125,3665.43994140625,3638.139892578125,3665.06005859375,0
2014-07-03 23:00:00,3665.06005859375,3670.760009765625,3661.449951171875,3666.22998046875,0
2014-07-06 23:00:00,3666.22998046875,3666.429931640625,3639.469970703125,3642.340087890625,0
2014-07-07 23:00:00,3642.35009765625,3646.010009765625,3596.050048828125,3596.050048828125,0
2014-07-08 23:00:00,3596.050048828125,3597.469970703125,3570.2099609375,3583.1298828125,0
2014-07-09 23:00:00,3583.1298828125,3586.419921875,3542.52001953125,3558.929931640625,0
2014-07-10 23:00:00,3558.929931640625,3573.030029296875,3554.60009765625,3566.7900390625,0
2014-07-13 23:00:00,3566.7900390625,3602.610107421875,3566.7900390625,3595.75,0
2014-07-14 23:00:00,3595.75,3604.22998046875,3574.739990234375,3575.219970703125,0
2014-07-15 23:00:00,3575.219970703125,3617.3798828125,3575.219970703125,3613.550048828125,0
2014-07-16 23:00:00,3613.550048828125,3613.550048828125,3585.550048828125,3591.3701171875,0
2014-07-17 23:00:00,3591.3798828125,3595.969970703125,3566.360107421875,3595.969970703125,0
2014-07-20 23:00:00,3595.969970703125,3598.25,3577.25,3584.06005859375,0
2014-07-21 23:00:00,3584.070068359375,3622.31005859375,3584.070068359375,3619.18994140625,0
2014-07-22 23:00:00,3619.18994140625,3633.280029296875,3610.0400390625,3623.199951171875,0
2014-07-23 23:00:00,3623.199951171875,3634.43994140625,3607.780029296875,3634.43994140625,0
2014-07-24 23:00:00,3634.43994140625,3640.3798828125,3614.260009765625,3619.340087890625,0
2014-07-27 23:00:00,3619.340087890625,3627.449951171875,3602.35009765625,3615.110107421875,0
2014-07-28 23:00:00,3615.110107421875,3639.639892578125,3615.110107421875,3626.409912109375,0
2014-07-29 23:00:00,3626.409912109375,3629.909912109375,3602.18994140625,3609.419921875,0
2014-07-30 23:00:00,3609.419921875,3619.080078125,3578.280029296875,3585.6201171875,0
2014-07-31 23:00:00,3585.6201171875,3585.6201171875,3531.64990234375,3559.02001953125,0
2014-08-03 23:00:00,3559.02001953125,3575.330078125,3553.159912109375,3557.1298828125,0
2014-08-04 23:00:00,3557.1298828125,3574.64990234375,3553.64990234375,3558.889892578125,0
2014-08-05 23:00:00,3558.89990234375,3558.89990234375,3510.1298828125,3534.820068359375,0
2014-08-06 23:00:00,3534.820068359375,3542.969970703125,3514.43994140625,3517.050048828125,0
2014-08-07 23:00:00,3517.050048828125,3517.050048828125,3481.429931640625,3503.68994140625,0
2014-08-10 23:00:00,3503.68994140625,3546.6298828125,3503.669921875,3540.360107421875,0
2014-08-11 23:00:00,3540.360107421875,3547.18994140625,3531.340087890625,3540.590087890625,0
2014-08-12 23:00:00,3540.590087890625,3557.050048828125,3536.360107421875,3553.639892578125,0
2014-08-13 23:00:00,3553.639892578125,3576.169921875,3546.2900390625,3571.610107421875,0
2014-08-14 23:00:00,3571.610107421875,3600.739990234375,3571.090087890625,3573.179931640625,0
2014-08-17 23:00:00,3573.179931640625,3602.639892578125,3573.179931640625,3600.679931640625,0
2014-08-18 23:00:00,3600.679931640625,3622.889892578125,3600.4599609375,3621.340087890625,0
2014-08-19 23:00:00,3621.340087890625,3622.4599609375,3598.1298828125,3606.330078125,0
2014-08-20 23:00:00,3606.330078125,3619.800048828125,3604.820068359375,3618.889892578125,0
2014-08-21 23:00:00,3618.889892578125,3623.9599609375,3604.35009765625,3619.3798828125,0
2014-08-25 23:00:00,3619.3798828125,3646.2900390625,3619.3798828125,3644.5,0
2014-08-26 23:00:00,3644.5,3650.56005859375,3641.6298828125,3649.219970703125,0
2014-08-27 23:00:00,3649.219970703125,3649.469970703125,3629.75,3634.22998046875,0
2014-08-28 23:00:00,3634.22998046875,3644.699951171875,3620.699951171875,3639.5400390625,0
2014-08-31 23:00:00,3639.5400390625,3644.570068359375,3629.949951171875,3644.570068359375,0
2014-09-01 23:00:00,3644.570068359375,3656.429931640625,3637.530029296875,3646.6298828125,0
2014-09-02 23:00:00,3646.6298828125,3680.5400390625,3645.989990234375,3667.3798828125,0
2014-09-03 23:00:00,3667.3798828125,3680.89990234375,3664.080078125,3669.10009765625,0
2014-09-04 23:00:00,3669.10009765625,3672.5,3645.330078125,3656.6298828125,0
2014-09-07 23:00:00,3656.6298828125,3656.6298828125,3612.8701171875,3642.35009765625,0
2014-09-08 23:00:00,3642.35009765625,3649.22998046875,3630.1298828125,3640.3798828125,0
2014-09-09 23:00:00,3640.3798828125,3647.820068359375,3623.5400390625,3636.7099609375,0
2014-09-10 23:00:00,3636.7099609375,3649.93994140625,3604.919921875,3621.169921875,0
2014-09-11 23:00:00,3621.169921875,3639.080078125,3621.169921875,3627.85009765625,0
2014-09-14 23:00:00,3627.85009765625,3629.760009765625,3610.219970703125,3624.139892578125,0
2014-09-15 23:00:00,3624.14990234375,3624.14990234375,3594.18994140625,3616.35009765625,0
2014-09-16 23:00:00,3616.35009765625,3629.9599609375,3610.72998046875,3610.72998046875,0
2014-09-17 23:00:00,3610.72998046875,3632.72998046875,3606.580078125,3632.6201171875,0
2014-09-18 23:00:00,3632.6298828125,3665.31005859375,3632.6298828125,3646.050048828125,0
2014-09-21 23:00:00,3646.050048828125,3646.22998046875,3610.169921875,3613.3701171875,0
2014-09-22 23:00:00,3613.3701171875,3614.9599609375,3549.139892578125,3563.139892578125,0
2014-09-23 23:00:00,3563.139892578125,3577.419921875,3550.669921875,3576.679931640625,0
2014-09-24 23:00:00,3576.679931640625,3587.260009765625,3534.3701171875,3543.590087890625,0
2014-09-25 23:00:00,3543.590087890625,3552.969970703125,3529.820068359375,3545.89990234375,0
2014-09-28 23:00:00,3545.89990234375,3548.56005859375,3525.969970703125,3544.909912109375,0
2014-09-29 23:00:00,3544.909912109375,3552.760009765625,3522.8798828125,3533.929931640625,0
2014-09-30 23:00:00,3533.93994140625,3533.93994140625,3490.719970703125,3498.9599609375,0
2014-10-01 23:00:00,3498.949951171875,3499.739990234375,3442.199951171875,3442.199951171875,0
2014-10-02 23:00:00,3442.199951171875,3492.56005859375,3442.199951171875,3485.949951171875,0
2014-10-05 23:00:00,3485.9599609375,3515.56005859375,3485.9599609375,3503.6298828125,0
2014-10-06 23:00:00,3503.6298828125,3503.639892578125,3467.070068359375,3467.070068359375,0
2014-10-07 23:00:00,3467.070068359375,3467.090087890625,3442.35009765625,3454.510009765625,0
2014-10-08 23:00:00,3454.510009765625,3487.4599609375,3424.919921875,3427.699951171875,0
2014-10-09 23:00:00,3427.699951171875,3427.699951171875,3371.47998046875,3380.02001953125,0
2014-10-12 23:00:00,3380.02001953125,3399.18994140625,3355.929931640625,3387.010009765625,0
2014-10-13 23:00:00,3387.010009765625,3408.31005859375,3356.35009765625,3403.0400390625,0
2014-10-14 23:00:00,3403.0400390625,3408.7900390625,3314.6298828125,3314.6298828125,0
2014-10-15 23:00:00,3314.639892578125,3350.419921875,3245.4599609375,3308.669921875,0
2014-10-16 23:00:00,3308.669921875,3369.699951171875,3307.320068359375,3369.590087890625,0
2014-10-19 23:00:00,3369.590087890625,3375.14990234375,3336.340087890625,3351.14990234375,0
2014-10-20 23:00:00,3351.14990234375,3407.340087890625,3333.300048828125,3407.340087890625,0
2014-10-21 23:00:00,3407.35009765625,3426.030029296875,3394.800048828125,3424.780029296875,0
2014-10-22 23:00:00,3424.77001953125,3437.8701171875,3380.929931640625,3432.7099609375,0
2014-10-23 23:00:00,3432.7099609375,3432.7099609375,3410.22998046875,3418.090087890625,0
2014-10-27 00:00:00,3418.090087890625,3444.72998046875,3392.31005859375,3405.27001953125,0
2014-10-28 00:00:00,3405.27001953125,3430.219970703125,3405.260009765625,3425.409912109375,0
2014-10-29 00:00:00,3425.409912109375,3462.989990234375,3425.409912109375,3452.52001953125,0
2014-10-30 00:00:00,3452.52001953125,3466.449951171875,3417.860107421875,3458.909912109375,0
2014-10-31 00:00:00,3458.909912109375,3506.14990234375,3458.909912109375,3503.4599609375,0
2014-11-03 00:00:00,3503.4599609375,3510.77001953125,3471.639892578125,3476.1298828125,0
2014-11-04 00:00:00,3476.1298828125,3487.72998046875,3454.27001953125,3458.5400390625,0
2014-11-05 00:00:00,3458.5400390625,3500.830078125,3458.5400390625,3500.830078125,0
2014-11-06 00:00:00,3500.840087890625,3519.0,3484.179931640625,3505.72998046875,0
2014-11-07 00:00:00,3505.72998046875,3533.0,3503.0,3510.97998046875,0
2014-11-10 00:00:00,3510.97998046875,3535.4599609375,3510.97998046875,3535.4599609375,0
2014-11-11 00:00:00,3535.4599609375,3546.77001953125,3533.06005859375,3543.530029296875,0
2014-11-12 00:00:00,3543.530029296875,3544.10009765625,3523.8798828125,3535.340087890625,0
2014-11-13 00:00:00,3535.340087890625,3552.110107421875,3528.820068359375,3546.75,0
2014-11-14 00:00:00,3546.75,3555.510009765625,3534.409912109375,3555.510009765625,0
2014-11-17 00:00:00,3555.52001953125,3567.239990234375,3535.389892578125,3562.93994140625,0
2014-11-18 00:00:00,3562.93994140625,3583.35009765625,3562.93994140625,3581.010009765625,0
2014-11-19 00:00:00,3581.010009765625,3585.840087890625,3563.1298828125,3571.8798828125,0
2014-11-20 00:00:00,3571.8798828125,3571.97998046875,3545.530029296875,3564.139892578125,0
2014-11-21 00:00:00,3564.139892578125,3610.830078125,3564.139892578125,3599.110107421875,0
2014-11-24 00:00:00,3599.1201171875,3605.590087890625,3586.5,3590.989990234375,0
2014-11-25 00:00:00,3590.989990234375,3604.669921875,3585.2900390625,3595.909912109375,0
2014-11-26 00:00:00,3595.909912109375,3610.68994140625,3588.929931640625,3593.6201171875,0
2014-11-27 00:00:00,3593.6201171875,3606.68994140625,3587.409912109375,3594.6201171875,0
2014-11-28 00:00:00,3594.6201171875,3598.7099609375,3566.97998046875,3593.320068359375,0
2014-12-01 00:00:00,3593.320068359375,3593.320068359375,3549.93994140625,3558.93994140625,0
2014-12-02 00:00:00,3558.93994140625,3601.260009765625,3558.93994140625,3601.1298828125,0
2014-12-03 00:00:00,3601.1201171875,3605.6298828125,3588.1298828125,3588.669921875,0
2014-12-04 00:00:00,3588.669921875,3599.320068359375,3570.219970703125,3573.469970703125,0
2014-12-05 00:00:00,3573.469970703125,3610.489990234375,3573.469970703125,3607.25,0
2014-12-08 00:00:00,3607.25,3607.25,3574.300048828125,3574.300048828125,0
2014-12-09 00:00:00,3574.300048828125,3574.300048828125,3502.8798828125,3502.8798828125,0
2014-12-10 00:00:00,3502.8798828125,3522.469970703125,3491.02001953125,3491.02001953125,0
2014-12-11 00:00:00,3491.02001953125,3499.989990234375,3460.830078125,3470.89990234375,0
2014-12-12 00:00:00,3470.889892578125,3470.889892578125,3388.489990234375,3389.489990234375,0
2014-12-15 00:00:00,3389.489990234375,3417.239990234375,3332.06005859375,3332.06005859375,0
2014-12-16 00:00:00,3332.06005859375,3404.219970703125,3313.139892578125,3404.219970703125,0
2014-12-17 00:00:00,3404.219970703125,3418.14990234375,3361.239990234375,3407.0400390625,0
2014-12-18 00:00:00,3407.0400390625,3474.919921875,3407.0400390625,3474.919921875,0
2014-12-19 00:00:00,3474.919921875,3525.739990234375,3474.919921875,3515.699951171875,0
2014-12-22 00:00:00,3515.699951171875,3551.260009765625,3515.699951171875,3533.330078125,0
2014-12-23 00:00:00,3533.330078125,3554.169921875,3533.330078125,3546.56005859375,0
2014-12-24 00:00:00,3546.56005859375,3556.169921875,3540.489990234375,3552.110107421875,0
2014-12-29 00:00:00,3552.110107421875,3570.260009765625,3540.669921875,3560.89990234375,0
2014-12-30 00:00:00,3560.909912109375,3560.919921875,3512.1201171875,3521.219970703125,0
2014-12-31 00:00:00,3521.219970703125,3537.330078125,3521.2099609375,3532.739990234375,0
2015-01-02 00:00:00,3532.739990234375,3551.1201171875,3505.0,3524.090087890625,0
2015-01-05 00:00:00,3524.090087890625,3539.43994140625,3456.239990234375,3462.389892578125,0
2015-01-06 00:00:00,3462.389892578125,3476.39990234375,3419.090087890625,3434.72998046875,0
2015-01-07 00:00:00,3434.72998046875,3480.31005859375,3434.72998046875,3460.780029296875,0
2015-01-08 00:00:00,3460.780029296875,3540.159912109375,3460.780029296875,3535.469970703125,0
2015-01-09 00:00:00,3535.469970703125,3535.469970703125,3487.8701171875,3502.47998046875,0
2015-01-12 00:00:00,3502.47998046875,3521.22998046875,3475.1298828125,3500.080078125,0
2015-01-13 00:00:00,3500.080078125,3529.719970703125,3485.580078125,3523.0400390625,0
2015-01-14 00:00:00,3523.0400390625,3523.0400390625,3430.72998046875,3447.510009765625,0
2015-01-15 00:00:00,3447.510009765625,3497.580078125,3404.659912109375,3497.580078125,0
2015-01-16 00:00:00,3497.580078125,3521.969970703125,3472.610107421875,3520.22998046875,0
2015-01-19 00:00:00,3520.219970703125,3546.419921875,3520.159912109375,3540.969970703125,0
2015-01-20 00:00:00,3540.9599609375,3568.5,3540.9599609375,3558.6298828125,0
2015-01-21 00:00:00,3558.6298828125,3610.3701171875,3558.6298828125,3610.3701171875,0
2015-01-22 00:00:00,3610.3701171875,3650.6201171875,3609.610107421875,3644.97998046875,0
2015-01-23 00:00:00,3644.989990234375,3668.97998046875,3644.989990234375,3664.409912109375,0
2015-01-26 00:00:00,3664.409912109375,3674.52001953125,3642.639892578125,3672.97998046875,0
2015-01-27 00:00:00,3672.97998046875,3680.320068359375,3633.9599609375,3650.800048828125,0
2015-01-28 00:00:00,3650.800048828125,3675.18994140625,3635.550048828125,3659.719970703125,0
2015-01-29 00:00:00,3659.719970703125,3659.72998046875,3621.2900390625,3650.260009765625,0
2015-01-30 00:00:00,3650.27001953125,3666.889892578125,3621.81005859375,3621.81005859375,0
2015-02-02 00:00:00,3621.81005859375,3644.39990234375,3613.260009765625,3638.2900390625,0
2015-02-03 00:00:00,3638.2900390625,3691.610107421875,3638.159912109375,3685.139892578125,0
2015-02-04 00:00:00,3685.139892578125,3690.780029296875,3652.60009765625,3680.179931640625,0
2015-02-05 00:00:00,3680.179931640625,3687.9599609375,3654.64990234375,3687.080078125,0
2015-02-06 00:00:00,3687.080078125,3697.159912109375,3671.840087890625,3681.47998046875,0
2015-02-09 00:00:00,3681.47998046875,3681.47998046875,3643.02001953125,3670.27001953125,0
2015-02-10 00:00:00,3670.27001953125,3676.050048828125,3648.830078125,3669.5400390625,0
2015-02-11 00:00:00,3669.5400390625,3673.949951171875,3648.739990234375,3664.0,0
2015-02-12 00:00:00,3664.0,3683.72998046875,3663.909912109375,3674.580078125,0
2015-02-13 00:00:00,3674.580078125,3703.050048828125,3674.580078125,3696.469970703125,0
2015-02-16 00:00:00,3696.469970703125,3699.110107421875,3687.260009765625,3690.050048828125,0
2015-02-17 00:00:00,3690.050048828125,3709.85009765625,3672.8798828125,3708.610107421875,0
2015-02-18 00:00:00,3708.610107421875,3721.409912109375,3701.860107421875,3712.669921875,0
2015-02-19 00:00:00,3712.669921875,3717.659912109375,3694.89990234375,3710.280029296875,0
2015-02-20 00:00:00,3710.280029296875,3724.449951171875,3708.080078125,3724.449951171875,0
2015-02-23 00:00:00,3724.449951171875,3738.2099609375,3710.320068359375,3724.85009765625,0
2015-02-24 00:00:00,3724.85009765625,3746.6298828125,3717.14990234375,3742.580078125,0
2015-02-25 00:00:00,3742.580078125,3745.409912109375,3720.93994140625,3736.31005859375,0
2015-02-26 00:00:00,3736.31005859375,3744.56005859375,3729.68994140625,3744.56005859375,0
2015-02-27 00:00:00,3744.56005859375,3753.300048828125,3735.050048828125,3744.260009765625,0
2015-03-02 00:00:00,3744.260009765625,3758.5400390625,3733.840087890625,3740.320068359375,0
2015-03-03 00:00:00,3740.320068359375,3752.070068359375,3714.449951171875,3714.449951171875,0
2015-03-04 00:00:00,3714.449951171875,3727.300048828125,3700.97998046875,3727.300048828125,0
2015-03-05 00:00:00,3727.300048828125,3755.0400390625,3726.010009765625,3752.0,0
2015-03-06 00:00:00,3752.0,3753.81005859375,3728.949951171875,3728.949951171875,0
2015-03-09 00:00:00,3728.949951171875,3728.9599609375,3703.4599609375,3710.080078125,0
2015-03-10 00:00:00,3710.080078125,3710.219970703125,3624.77001953125,3624.77001953125,0
2015-03-11 00:00:00,3624.77001953125,3642.590087890625,3617.68994140625,3633.89990234375,0
2015-03-12 00:00:00,3633.889892578125,3672.300048828125,3633.8798828125,3655.280029296875,0
2015-03-13 00:00:00,3655.280029296875,3663.219970703125,3635.18994140625,3648.239990234375,0
2015-03-16 00:00:00,3648.25,3681.820068359375,3648.22998046875,3679.47998046875,0
2015-03-17 00:00:00,3679.47998046875,3699.7099609375,3674.10009765625,3694.389892578125,0
2015-03-18 00:00:00,3694.389892578125,3747.3798828125,3694.22998046875,3747.3798828125,0
2015-03-19 00:00:00,3747.3798828125,3767.840087890625,3742.860107421875,3758.090087890625,0
2015-03-20 00:00:00,3758.090087890625,3789.0,3757.659912109375,3788.260009765625,0
2015-03-23 00:00:00,3788.27001953125,3795.610107421875,3774.340087890625,3795.610107421875,0
2015-03-24 00:00:00,3795.610107421875,3811.260009765625,3783.669921875,3788.89990234375,0
2015-03-25 00:00:00,3788.89990234375,3797.570068359375,3770.93994140625,3773.6298828125,0
2015-03-26 00:00:00,3773.6298828125,3773.6298828125,3713.02001953125,3722.6201171875,0
2015-03-27 00:00:00,3722.6201171875,3730.81005859375,3695.969970703125,3701.6201171875,0
2015-03-29 23:00:00,3701.6201171875,3731.989990234375,3701.6201171875,3719.429931640625,0
2015-03-30 23:00:00,3719.429931640625,3730.639892578125,3659.300048828125,3663.580078125,0
2015-03-31 23:00:00,3663.580078125,3703.469970703125,3658.6298828125,3680.449951171875,0
2015-04-01 23:00:00,3680.449951171875,3702.7900390625,3679.02001953125,3696.030029296875,0
2015-04-06 23:00:00,3696.030029296875,3763.64990234375,3696.02001953125,3761.469970703125,0
2015-04-07 23:00:00,3761.469970703125,3787.18994140625,3749.9599609375,3752.780029296875,0
2015-04-08 23:00:00,3752.77001953125,3792.72998046875,3752.77001953125,3792.639892578125,0
2015-04-09 23:00:00,3792.639892578125,3833.300048828125,3792.639892578125,3830.8701171875,0
2015-04-12 23:00:00,3830.8701171875,3831.090087890625,3809.699951171875,3818.25,0
2015-04-13 23:00:00,3818.25,3829.3798828125,3810.139892578125,3824.159912109375,0
2015-04-14 23:00:00,3824.159912109375,3841.090087890625,3817.449951171875,3834.360107421875,0
2015-04-15 23:00:00,3834.360107421875,3845.070068359375,3812.489990234375,3813.340087890625,0
2015-04-16 23:00:00,3813.340087890625,3829.5,3772.1298828125,3778.3701171875,0
2015-04-19 23:00:00,3778.3701171875,3813.39990234375,3778.3701171875,3804.68994140625,0
2015-04-20 23:00:00,3804.68994140625,3833.06005859375,3796.0400390625,3813.39990234375,0
2015-04-21 23:00:00,3813.39990234375,3827.110107421875,3780.64990234375,3795.360107421875,0
2015-04-22 23:00:00,3795.3701171875,3808.330078125,3778.550048828125,3808.199951171875,0
2015-04-23 23:00:00,3808.199951171875,3832.02001953125,3807.780029296875,3817.39990234375,0
2015-04-26 23:00:00,3817.39990234375,3842.3798828125,3794.969970703125,3834.449951171875,0
2015-04-27 23:00:00,3834.449951171875,3834.449951171875,3773.639892578125,3797.2900390625,0
2015-04-28 23:00:00,3797.2900390625,3809.6298828125,3753.719970703125,3753.8798828125,0
2015-04-29 23:00:00,3753.8798828125,3765.31005859375,3732.9599609375,3760.06005859375,0
2015-04-30 23:00:00,3760.070068359375,4031.949951171875,3723.919921875,3770.75,0
2015-05-04 23:00:00,3770.75,3805.929931640625,3744.860107421875,3744.860107421875,0
2015-05-05 23:00:00,3744.860107421875,3767.25,3736.77001953125,3746.5,0
2015-05-06 23:00:00,3746.5,3746.5,3685.219970703125,3726.25,0
2015-05-07 23:00:00,3726.25,3815.85009765625,3725.97998046875,3814.449951171875,0
2015-05-10 23:00:00,3814.449951171875,3832.35009765625,3803.070068359375,3805.47998046875,0
2015-05-11 23:00:00,3805.469970703125,3805.469970703125,3733.050048828125,3756.449951171875,0
2015-05-12 23:00:00,3756.449951171875,3785.840087890625,3755.780029296875,3769.68994140625,0
2015-05-13 23:00:00,3769.68994140625,3784.989990234375,3737.889892578125,3782.489990234375,0
2015-05-14 23:00:00,3782.489990234375,3802.5,3767.8798828125,3779.9599609375,0
2015-05-17 23:00:00,3779.9599609375,3805.6298828125,3766.4599609375,3784.330078125,0
2015-05-18 23:00:00,3784.330078125,3807.820068359375,3784.320068359375,3801.5,0
2015-05-19 23:00:00,3801.5,3811.050048828125,3784.760009765625,3805.77001953125,0
2015-05-20 23:00:00,3805.77001953125,3813.3798828125,3799.7099609375,3809.080078125,0
2015-05-21 23:00:00,3809.080078125,3833.590087890625,3809.06005859375,3818.840087890625,0
2015-05-25 23:00:00,3818.840087890625,3822.6298828125,3770.52001953125,3779.300048828125,0
2015-05-26 23:00:00,3779.300048828125,3830.7900390625,3779.070068359375,3821.1298828125,0
2015-05-27 23:00:00,3821.1298828125,3828.159912109375,3807.510009765625,3824.669921875,0
2015-05-28 23:00:00,3824.669921875,3839.469970703125,3788.97998046875,3797.1201171875,0
2015-05-31 23:00:00,3797.1201171875,3823.489990234375,3781.050048828125,3786.3701171875,0
2015-06-01 23:00:00,3786.3701171875,3797.35009765625,3748.340087890625,3775.52001953125,0
2015-06-02 23:00:00,3775.52001953125,3806.570068359375,3764.81005859375,3786.840087890625,0
2015-06-03 23:00:00,3786.840087890625,3786.85009765625,3730.97998046875,3740.389892578125,0
2015-06-04 23:00:00,3740.389892578125,3740.389892578125,3701.969970703125,3711.10009765625,0
2015-06-07 23:00:00,3711.10009765625,3721.43994140625,3699.8701171875,3702.68994140625,0
2015-06-08 23:00:00,3702.68994140625,3709.31005859375,3676.22998046875,3685.06005859375,0
2015-06-09 23:00:00,3685.06005859375,3731.409912109375,3676.340087890625,3725.0,0
2015-06-10 23:00:00,3725.0,3746.27001953125,3715.070068359375,3734.360107421875,0
2015-06-11 23:00:00,3734.360107421875,3734.360107421875,3689.2099609375,3702.010009765625,0
2015-06-14 23:00:00,3702.010009765625,3702.010009765625,3660.7900390625,3660.909912109375,0
2015-06-15 23:00:00,3660.909912109375,3667.590087890625,3632.4599609375,3660.840087890625,0
2015-06-16 23:00:00,3660.840087890625,3673.260009765625,3639.2900390625,3647.6298828125,0
2015-06-17 23:00:00,3647.6298828125,3658.530029296875,3617.27001953125,3658.530029296875,0
2015-06-18 23:00:00,3658.530029296875,3683.31005859375,3651.760009765625,3660.06005859375,0
2015-06-21 23:00:00,3660.06005859375,3718.179931640625,3660.06005859375,3718.179931640625,0
2015-06-22 23:00:00,3718.179931640625,3735.7099609375,3718.159912109375,3725.47998046875,0
2015-06-23 23:00:00,3725.47998046875,3742.050048828125,3721.64990234375,3727.590087890625,0
2015-06-24 23:00:00,3727.590087890625,3739.919921875,3707.4599609375,3711.6298828125,0
2015-06-25 23:00:00,3711.6298828125,3711.639892578125,3673.179931640625,3683.840087890625,0
2015-06-28 23:00:00,3683.840087890625,3683.840087890625,3599.77001953125,3614.22998046875,0
2015-06-29 23:00:00,3614.22998046875,3614.25,3570.580078125,3570.580078125,0
2015-06-30 23:00:00,3570.580078125,3629.3798828125,3570.580078125,3615.739990234375,0
2015-07-01 23:00:00,3615.739990234375,3632.090087890625,3610.699951171875,3624.5,0
2015-07-02 23:00:00,3624.5,3624.5,3595.97998046875,3602.469970703125,0
2015-07-05 23:00:00,3602.469970703125,3602.489990234375,3562.139892578125,3573.97998046875,0
2015-07-06 23:00:00,3573.97998046875,3577.60009765625,3519.8798828125,3519.8798828125,0
2015-07-07 23:00:00,3519.8798828125,3557.669921875,3519.179931640625,3541.739990234375,0
2015-07-08 23:00:00,3541.739990234375,3594.300048828125,3541.739990234375,3588.18994140625,0
2015-07-09 23:00:00,3588.18994140625,3641.280029296875,3588.18994140625,3635.550048828125,0
2015-07-12 23:00:00,3635.550048828125,3671.800048828125,3635.550048828125,3671.800048828125,0
2015-07-13 23:00:00,3671.800048828125,3676.510009765625,3655.39990234375,3676.510009765625,0
2015-07-14 23:00:00,3676.510009765625,3686.35009765625,3663.409912109375,3676.4599609375,0
2015-07-15 23:00:00,3676.4599609375,3704.0400390625,3676.4599609375,3700.010009765625,0
2015-07-16 23:00:00,3700.010009765625,3702.14990234375,3685.449951171875,3690.580078125,0
2015-07-19 23:00:00,3690.580078125,3710.7900390625,3689.010009765625,3697.469970703125,0
2015-07-20 23:00:00,3697.469970703125,3703.6298828125,3682.929931640625,3687.93994140625,0
2015-07-21 23:00:00,3687.93994140625,3687.93994140625,3634.050048828125,3639.52001953125,0
2015-07-22 23:00:00,3639.52001953125,3661.0400390625,3629.02001953125,3633.39990234375,0
2015-07-23 23:00:00,3633.39990234375,3646.9599609375,3593.31005859375,3595.909912109375,0
2015-07-26 23:00:00,3595.909912109375,3600.070068359375,3551.280029296875,3554.47998046875,0
2015-07-27 23:00:00,3554.47998046875,3587.530029296875,3554.469970703125,3580.0400390625,0
2015-07-28 23:00:00,3580.0400390625,3619.3701171875,3580.0400390625,3618.449951171875,0
2015-07-29 23:00:00,3618.449951171875,3648.320068359375,3618.449951171875,3635.280029296875,0
2015-07-30 23:00:00,3635.280029296875,3656.610107421875,3626.0400390625,3652.7900390625,0
2015-08-02 23:00:00,3652.7900390625,3658.969970703125,3639.449951171875,3649.139892578125,0
2015-08-03 23:00:00,3649.139892578125,3662.89990234375,3628.719970703125,3650.75,0
2015-08-04 23:00:00,3650.75,3685.330078125,3650.75,3681.2099609375,0
2015-08-05 23:00:00,3681.2099609375,3685.93994140625,3664.389892578125,3677.77001953125,0
2015-08-06 23:00:00,3677.77001953125,3680.5,3662.139892578125,3662.139892578125,0
2015-08-09 23:00:00,3662.139892578125,3679.320068359375,3631.080078125,3673.81005859375,0
2015-08-10 23:00:00,3673.81005859375,3673.81005859375,3638.93994140625,3638.93994140625,0
2015-08-11 23:00:00,3638.93994140625,3638.93994140625,3571.6298828125,3589.340087890625,0
2015-08-12 23:00:00,3589.340087890625,3623.449951171875,3585.050048828125,3593.89990234375,0
2015-08-13 23:00:00,3593.89990234375,3612.330078125,3584.330078125,3587.169921875,0
2015-08-16 23:00:00,3587.169921875,3604.159912109375,3566.0,3586.659912109375,0
2015-08-17 23:00:00,3586.659912109375,3593.909912109375,3566.47998046875,3576.320068359375,0
2015-08-18 23:00:00,3576.320068359375,3576.320068359375,3514.27001953125,3514.27001953125,0
2015-08-19 23:00:00,3514.27001953125,3514.27001953125,3489.22998046875,3492.639892578125,0
2015-08-20 23:00:00,3492.639892578125,3492.639892578125,3399.929931640625,3399.929931640625,0
2015-08-23 23:00:00,3399.929931640625,3399.929931640625,3180.780029296875,3245.989990234375,0
2015-08-24 23:00:00,3245.989990234375,3359.9599609375,3245.9599609375,3346.239990234375,0
2015-08-25 23:00:00,3346.239990234375,3355.1298828125,3278.949951171875,3297.330078125,0
2015-08-26 23:00:00,3297.330078125,3412.469970703125,3297.330078125,3403.050048828125,0
2015-08-27 23:00:00,3403.050048828125,3434.659912109375,3385.330078125,3434.659912109375,0
2015-08-31 23:00:00,3434.659912109375,3434.659912109375,3327.919921875,3341.830078125,0
2015-09-01 23:00:00,3341.830078125,3391.179931640625,3324.25,3354.659912109375,0
2015-09-02 23:00:00,3354.659912109375,3421.159912109375,3354.659912109375,3410.840087890625,0
2015-09-03 23:00:00,3410.840087890625,3410.840087890625,3334.080078125,3334.3701171875,0
2015-09-06 23:00:00,3334.3701171875,3374.56005859375,3334.360107421875,3349.27001953125,0
2015-09-07 23:00:00,3349.27001953125,3410.510009765625,3349.22998046875,3386.489990234375,0
2015-09-08 23:00:00,3386.489990234375,3455.070068359375,3386.489990234375,3428.68994140625,0
2015-09-09 23:00:00,3428.68994140625,3428.68994140625,3379.260009765625,3391.139892578125,0
2015-09-10 23:00:00,3391.139892578125,3400.27001953125,3370.570068359375,3372.85009765625,0
2015-09-13 23:00:00,3372.85009765625,3408.800048828125,3347.449951171875,3356.570068359375,0
2015-09-14 23:00:00,3356.570068359375,3390.75,3324.800048828125,3380.919921875,0
2015-09-15 23:00:00,3380.919921875,3431.679931640625,3380.919921875,3424.5400390625,0
2015-09-16 23:00:00,3424.5400390625,3430.4599609375,3403.429931640625,3405.530029296875,0
2015-09-17 23:00:00,3405.530029296875,3406.330078125,3343.580078125,3365.679931640625,0
2015-09-20 23:00:00,3365.679931640625,3395.919921875,3354.27001953125,3365.510009765625,0
2015-09-21 23:00:00,3365.510009765625,3367.110107421875,3276.300048828125,3276.300048828125,0
2015-09-22 23:00:00,3276.300048828125,3339.97998046875,3273.6201171875,3323.25,0
2015-09-23 23:00:00,3323.25,3335.639892578125,3279.530029296875,3286.320068359375,0
2015-09-24 23:00:00,3286.320068359375,3367.590087890625,3286.320068359375,3361.429931640625,0
2015-09-27 23:00:00,3361.429931640625,3361.929931640625,3288.6201171875,3288.6201171875,0
2015-09-28 23:00:00,3288.6201171875,3288.6201171875,3246.610107421875,3260.4599609375,0
2015-09-29 23:00:00,3260.4599609375,3335.919921875,3260.4599609375,3335.919921875,0
2015-09-30 23:00:00,3335.919921875,3392.330078125,3334.550048828125,3344.139892578125,0
2015-10-01 23:00:00,3344.139892578125,3394.280029296875,3333.06005859375,3370.659912109375,0
2015-10-04 23:00:00,3370.659912109375,3457.280029296875,3370.659912109375,3456.60009765625,0
2015-10-05 23:00:00,3456.60009765625,3477.81005859375,3435.110107421875,3469.820068359375,0
2015-10-06 23:00:00,3469.820068359375,3500.409912109375,3463.1201171875,3471.25,0
2015-10-07 23:00:00,3471.25,3489.280029296875,3453.7099609375,3487.159912109375,0
2015-10-08 23:00:00,3487.159912109375,3526.469970703125,3487.159912109375,3508.60009765625,0
2015-10-11 23:00:00,3508.60009765625,3508.60009765625,3475.97998046875,3485.659912109375,0
2015-10-12 23:00:00,3485.659912109375,3485.669921875,3452.159912109375,3469.52001953125,0
2015-10-13 23:00:00,3469.52001953125,3469.52001953125,3433.830078125,3434.320068359375,0
2015-10-14 23:00:00,3434.320068359375,3474.919921875,3434.320068359375,3469.6201171875,0
2015-10-15 23:00:00,3469.6201171875,3499.909912109375,3469.6201171875,3484.68994140625,0
2015-10-18 23:00:00,3484.68994140625,3500.5,3465.469970703125,3474.06005859375,0
2015-10-19 23:00:00,3474.06005859375,3482.93994140625,3460.669921875,3473.010009765625,0
2015-10-20 23:00:00,3473.010009765625,3494.110107421875,3458.659912109375,3475.989990234375,0
2015-10-21 23:00:00,3475.989990234375,3493.1298828125,3461.760009765625,3488.739990234375,0
2015-10-22 23:00:00,3488.739990234375,3545.280029296875,3488.739990234375,3526.02001953125,0
2015-10-26 00:00:00,3526.02001953125,3529.239990234375,3507.0,3512.139892578125,0
2015-10-27 00:00:00,3512.139892578125,3512.919921875,3484.159912109375,3484.159912109375,0
2015-10-28 00:00:00,3484.159912109375,3524.219970703125,3478.780029296875,3519.52001953125,0
2015-10-29 00:00:00,3519.52001953125,3519.52001953125,3483.070068359375,3499.860107421875,0
2015-10-30 00:00:00,3499.860107421875,3506.530029296875,3473.81005859375,3484.60009765625,0
2015-11-02 00:00:00,3484.60009765625,3488.260009765625,3463.699951171875,3487.010009765625,0
2015-11-03 00:00:00,3487.010009765625,3497.52001953125,3479.6298828125,3497.52001953125,0
2015-11-04 00:00:00,3497.52001953125,3533.1201171875,3497.360107421875,3510.179931640625,0
2015-11-05 00:00:00,3510.179931640625,3512.8701171875,3483.260009765625,3486.639892578125,0
2015-11-06 00:00:00,3486.639892578125,3503.469970703125,3473.639892578125,3483.5,0
2015-11-09 00:00:00,3483.5,3497.8701171875,3453.7900390625,3455.85009765625,0
2015-11-10 00:00:00,3455.85009765625,3473.739990234375,3432.110107421875,3444.31005859375,0
2015-11-11 00:00:00,3444.31005859375,3471.18994140625,3443.780029296875,3455.77001953125,0
2015-11-12 00:00:00,3455.77001953125,3456.760009765625,3395.570068359375,3395.570068359375,0
2015-11-13 00:00:00,3395.570068359375,3395.639892578125,3350.739990234375,3365.179931640625,0
2015-11-16 00:00:00,3365.179931640625,3384.909912109375,3345.81005859375,3379.590087890625,0
2015-11-17 00:00:00,3379.590087890625,3441.969970703125,3379.550048828125,3441.969970703125,0
2015-11-18 00:00:00,3441.969970703125,3449.0400390625,3422.25,3446.610107421875,0
2015-11-19 00:00:00,3446.610107421875,3488.919921875,3446.610107421875,3471.0400390625,0
2015-11-20 00:00:00,3471.0400390625,3485.2900390625,3462.1201171875,3475.0400390625,0
2015-11-23 00:00:00,3475.0400390625,3475.0400390625,3442.139892578125,3458.699951171875,0
2015-11-24 00:00:00,3458.699951171875,3458.85009765625,3414.2900390625,3441.0400390625,0
2015-11-25 00:00:00,3441.0400390625,3477.5,3441.0400390625,3473.219970703125,0
2015-11-26 00:00:00,3473.219970703125,3501.9599609375,3471.85009765625,3501.3798828125,0
2015-11-27 00:00:00,3501.3798828125,3501.3798828125,3478.7900390625,3494.889892578125,0
2015-11-30 00:00:00,3494.889892578125,3503.969970703125,3473.89990234375,3492.1298828125,0
2015-12-01 00:00:00,3492.1298828125,3516.52001953125,3492.1298828125,3513.18994140625,0
2015-12-02 00:00:00,3513.18994140625,3537.929931640625,3513.169921875,3525.81005859375,0
2015-12-03 00:00:00,3525.81005859375,3539.06005859375,3456.090087890625,3456.090087890625,0
2015-12-04 00:00:00,3456.090087890625,3456.300048828125,3429.02001953125,3438.719970703125,0
2015-12-07 00:00:00,3438.719970703125,3463.68994140625,3428.14990234375,3431.679931640625,0
2015-12-08 00:00:00,3431.679931640625,3432.419921875,3379.330078125,3386.97998046875,0
2015-12-09 00:00:00,3386.97998046875,3404.679931640625,3369.56005859375,3381.570068359375,0
2015-12-10 00:00:00,3381.570068359375,3381.570068359375,3358.35009765625,3362.260009765625,0
2015-12-11 00:00:00,3362.260009765625,3362.260009765625,3294.4599609375,3295.070068359375,0
2015-12-14 00:00:00,3295.070068359375,3322.530029296875,3255.7900390625,3256.530029296875,0
2015-12-15 00:00:00,3256.530029296875,3336.989990234375,3256.530029296875,3327.7099609375,0
2015-12-16 00:00:00,3327.7099609375,3361.260009765625,3327.14990234375,3349.830078125,0
2015-12-17 00:00:00,3349.830078125,3399.75,3349.830078125,3371.760009765625,0
2015-12-18 00:00:00,3371.760009765625,3372.679931640625,3346.56005859375,3348.10009765625,0
2015-12-21 00:00:00,3348.10009765625,3378.489990234375,3339.56005859375,3339.56005859375,0
2015-12-22 00:00:00,3339.56005859375,3367.43994140625,3338.06005859375,3364.330078125,0
2015-12-23 00:00:00,3364.330078125,3445.360107421875,3364.330078125,3441.2099609375,0
2015-12-24 00:00:00,3441.2099609375,3450.070068359375,3440.340087890625,3448.56005859375,0
2015-12-29 00:00:00,3448.56005859375,3480.429931640625,3444.2900390625,3480.429931640625,0
2015-12-30 00:00:00,3480.429931640625,3480.429931640625,3453.77001953125,3461.010009765625,0
2015-12-31 00:00:00,3461.010009765625,3462.110107421875,3440.18994140625,3444.260009765625,0
2016-01-04 00:00:00,3444.260009765625,3444.320068359375,3356.639892578125,3367.419921875,0
2016-01-05 00:00:00,3367.419921875,3402.6201171875,3360.6298828125,3389.409912109375,0
2016-01-06 00:00:00,3389.409912109375,3389.429931640625,3329.02001953125,3356.0,0
2016-01-07 00:00:00,3356.0,3356.0,3259.590087890625,3293.300048828125,0
2016-01-08 00:00:00,3293.300048828125,3325.14990234375,3272.610107421875,3272.610107421875,0
2016-01-11 00:00:00,3272.610107421875,3286.010009765625,3251.719970703125,3251.719970703125,0
2016-01-12 00:00:00,3251.719970703125,3306.35009765625,3250.389892578125,3277.840087890625,0
2016-01-13 00:00:00,3277.840087890625,3318.489990234375,3277.840087890625,3292.60009765625,0
2016-01-14 00:00:00,3292.60009765625,3292.60009765625,3221.0,3262.610107421875,0
2016-01-15 00:00:00,3262.610107421875,3271.7900390625,3184.909912109375,3202.330078125,0
2016-01-18 00:00:00,3202.330078125,3225.469970703125,3181.0,3183.919921875,0
2016-01-19 00:00:00,3183.919921875,3252.070068359375,3183.919921875,3231.530029296875,0
2016-01-20 00:00:00,3231.530029296875,3231.530029296875,3107.7900390625,3123.429931640625,0
2016-01-21 00:00:00,3123.429931640625,3178.10009765625,3117.68994140625,3174.330078125,0
2016-01-22 00:00:00,3174.330078125,3253.050048828125,3174.330078125,3241.5,0
2016-01-25 00:00:00,3241.5,3258.52001953125,3220.3798828125,3232.590087890625,0
2016-01-26 00:00:00,3232.590087890625,3252.239990234375,3178.9599609375,3248.360107421875,0
2016-01-27 00:00:00,3248.489990234375,3286.570068359375,3228.199951171875,3286.570068359375,0
2016-01-28 00:00:00,3286.570068359375,3302.8798828125,3238.030029296875,3258.27001953125,0
2016-01-29 00:00:00,3258.27001953125,3335.89990234375,3258.27001953125,3335.89990234375,0
2016-02-01 00:00:00,3335.89990234375,3351.7900390625,3292.719970703125,3325.5400390625,0
2016-02-02 00:00:00,3325.5400390625,3325.719970703125,3241.81005859375,3257.659912109375,0
2016-02-03 00:00:00,3257.659912109375,3258.02001953125,3186.0400390625,3209.110107421875,0
2016-02-04 00:00:00,3209.110107421875,3258.64990234375,3204.510009765625,3240.06005859375,0
2016-02-05 00:00:00,3240.06005859375,3264.550048828125,3211.489990234375,3215.110107421875,0
2016-02-08 00:00:00,3215.110107421875,3230.39990234375,3116.1298828125,3126.949951171875,0
2016-02-09 00:00:00,3126.949951171875,3149.489990234375,3074.889892578125,3093.669921875,0
2016-02-10 00:00:00,3093.669921875,3139.27001953125,3087.590087890625,3118.570068359375,0
2016-02-11 00:00:00,3118.570068359375,3118.570068359375,3031.010009765625,3046.530029296875,0
2016-02-12 00:00:00,3046.530029296875,3131.889892578125,3046.43994140625,3129.6298828125,0
2016-02-15 00:00:00,3129.6298828125,3202.669921875,3129.6298828125,3192.10009765625,0
2016-02-16 00:00:00,3192.10009765625,3220.22998046875,3186.469970703125,3208.280029296875,0
2016-02-17 00:00:00,3208.280029296875,3298.280029296875,3208.27001953125,3298.280029296875,0
2016-02-18 00:00:00,3298.280029296875,3302.989990234375,3263.010009765625,3274.169921875,0
2016-02-19 00:00:00,3274.169921875,3287.6201171875,3246.1298828125,3263.909912109375,0
2016-02-22 00:00:00,3263.909912109375,3321.64990234375,3263.909912109375,3307.989990234375,0
2016-02-23 00:00:00,3307.989990234375,3307.989990234375,3268.3798828125,3272.679931640625,0
2016-02-24 00:00:00,3272.679931640625,3274.300048828125,3215.260009765625,3226.47998046875,0
2016-02-25 00:00:00,3226.47998046875,3308.889892578125,3226.47998046875,3300.60009765625,0
2016-02-26 00:00:00,3300.60009765625,3352.929931640625,3300.60009765625,3343.989990234375,0
2016-02-29 00:00:00,3343.989990234375,3349.0400390625,3312.409912109375,3345.840087890625,0
2016-03-01 00:00:00,3345.840087890625,3674.260009765625,3335.469970703125,3377.179931640625,0
2016-03-02 00:00:00,3377.179931640625,3398.4599609375,3349.8701171875,3373.429931640625,0
2016-03-03 00:00:00,3373.429931640625,3387.2900390625,3357.159912109375,3367.830078125,0
2016-03-04 00:00:00,3367.830078125,3407.449951171875,3367.830078125,3405.27001953125,0
2016-03-07 00:00:00,3405.27001953125,3414.56005859375,3369.219970703125,3394.679931640625,0
2016-03-08 00:00:00,3394.679931640625,3394.719970703125,3351.93994140625,3362.780029296875,0
2016-03-09 00:00:00,3362.780029296875,3383.919921875,3356.489990234375,3369.929931640625,0
2016-03-10 00:00:00,3369.929931640625,3398.97998046875,3314.199951171875,3314.199951171875,0
2016-03-11 00:00:00,3314.199951171875,3372.43994140625,3314.199951171875,3367.52001953125,0
2016-03-14 00:00:00,3367.52001953125,3397.699951171875,3367.52001953125,3386.050048828125,0
2016-03-15 00:00:00,3386.050048828125,3386.1298828125,3357.64990234375,3368.610107421875,0
2016-03-16 00:00:00,3368.610107421875,3394.389892578125,3367.320068359375,3388.659912109375,0
2016-03-17 00:00:00,3388.659912109375,3412.610107421875,3364.4599609375,3403.469970703125,0
2016-03-18 00:00:00,3403.469970703125,3422.510009765625,3398.469970703125,3400.909912109375,0
2016-03-21 00:00:00,3400.909912109375,3414.639892578125,3382.93994140625,3396.949951171875,0
2016-03-22 00:00:00,3396.949951171875,3402.25,3360.429931640625,3402.239990234375,0
2016-03-23 00:00:00,3402.239990234375,3414.429931640625,3391.52001953125,3403.590087890625,0
2016-03-24 00:00:00,3403.590087890625,3403.590087890625,3349.530029296875,3355.5400390625,0
2016-03-28 23:00:00,3355.5400390625,3380.02001953125,3340.169921875,3358.469970703125,0
2016-03-29 23:00:00,3358.469970703125,3417.510009765625,3358.469970703125,3408.89990234375,0
2016-03-30 23:00:00,3408.89990234375,3409.050048828125,3382.39990234375,3395.18994140625,0
2016-03-31 23:00:00,3395.18994140625,3395.18994140625,3345.02001953125,3379.360107421875,0
2016-04-03 23:00:00,3379.360107421875,3405.800048828125,3372.85009765625,3387.530029296875,0
2016-04-04 23:00:00,3387.530029296875,3387.530029296875,3336.85009765625,3350.679931640625,0
2016-04-05 23:00:00,3350.679931640625,3387.31005859375,3350.679931640625,3387.31005859375,0
2016-04-06 23:00:00,3387.31005859375,3407.9599609375,3362.949951171875,3370.97998046875,0
2016-04-07 23:00:00,3370.97998046875,3412.1201171875,3370.97998046875,3405.3701171875,0
2016-04-10 23:00:00,3405.3701171875,3417.590087890625,3386.530029296875,3401.969970703125,0
2016-04-11 23:00:00,3401.969970703125,3423.919921875,3389.4599609375,3421.510009765625,0
2016-04-12 23:00:00,3421.510009765625,3483.969970703125,3421.510009765625,3483.969970703125,0
2016-04-13 23:00:00,3483.969970703125,3488.679931640625,3470.1201171875,3483.409912109375,0
2016-04-14 23:00:00,3483.409912109375,3488.110107421875,3464.64990234375,3470.9599609375,0
2016-04-17 23:00:00,3470.9599609375,3474.909912109375,3430.989990234375,3474.22998046875,0
2016-04-18 23:00:00,3474.22998046875,3509.6201171875,3474.22998046875,3502.699951171875,0
2016-04-19 23:00:00,3502.699951171875,3509.64990234375,3483.610107421875,3504.159912109375,0
2016-04-20 23:00:00,3504.159912109375,3512.010009765625,3476.340087890625,3490.6298828125,0
2016-04-21 23:00:00,3490.6298828125,3490.639892578125,3447.169921875,3455.510009765625,0
2016-04-24 23:00:00,3455.510009765625,3462.9599609375,3431.199951171875,3436.300048828125,0
2016-04-25 23:00:00,3436.300048828125,3453.699951171875,3436.300048828125,3445.669921875,0
2016-04-26 23:00:00,3445.669921875,3466.139892578125,3434.9599609375,3466.139892578125,0
2016-04-27 23:00:00,3466.139892578125,3466.39990234375,3420.2900390625,3466.39990234375,0
2016-04-28 23:00:00,3466.39990234375,3466.39990234375,3421.699951171875,3421.699951171875,0
2016-05-02 23:00:00,3421.699951171875,3434.889892578125,3382.590087890625,3393.969970703125,0
2016-05-03 23:00:00,3393.969970703125,3394.010009765625,3353.219970703125,3358.68994140625,0
2016-05-04 23:00:00,3358.68994140625,3380.3701171875,3354.889892578125,3361.0400390625,0
2016-05-05 23:00:00,3361.0400390625,3366.360107421875,3331.97998046875,3364.239990234375,0
2016-05-08 23:00:00,3364.239990234375,3391.909912109375,3358.3701171875,3360.820068359375,0
2016-05-09 23:00:00,3360.820068359375,3393.530029296875,3360.820068359375,3380.820068359375,0
2016-05-10 23:00:00,3380.820068359375,3388.510009765625,3368.1201171875,3383.639892578125,0
2016-05-11 23:00:00,3383.639892578125,3399.010009765625,3350.860107421875,3355.5,0
2016-05-12 23:00:00,3355.5,3370.330078125,3332.469970703125,3370.330078125,0
2016-05-15 23:00:00,3370.330078125,3380.219970703125,3349.1201171875,3377.830078125,0
2016-05-16 23:00:00,3377.830078125,3410.409912109375,3377.830078125,3390.2900390625,0
2016-05-17 23:00:00,3390.2900390625,3391.489990234375,3365.030029296875,3390.179931640625,0
2016-05-18 23:00:00,3390.179931640625,3390.179931640625,3333.669921875,3334.7900390625,0
2016-05-19 23:00:00,3334.7900390625,3387.219970703125,3334.7900390625,3387.219970703125,0
2016-05-22 23:00:00,3387.219970703125,3397.530029296875,3372.64990234375,3382.14990234375,0
2016-05-23 23:00:00,3382.14990234375,3427.449951171875,3368.02001953125,3421.929931640625,0
2016-05-24 23:00:00,3421.929931640625,3448.64990234375,3421.919921875,3444.81005859375,0
2016-05-25 23:00:00,3444.81005859375,3453.610107421875,3434.14990234375,3444.780029296875,0
2016-05-26 23:00:00,3444.780029296875,3449.2900390625,3438.0400390625,3448.449951171875,0
2016-05-30 23:00:00,3448.449951171875,3457.469970703125,3428.889892578125,3429.77001953125,0
2016-05-31 23:00:00,3429.77001953125,3430.239990234375,3388.699951171875,3407.909912109375,0
2016-06-01 23:00:00,3407.909912109375,3419.679931640625,3397.919921875,3406.050048828125,0
2016-06-02 23:00:00,3406.050048828125,3437.340087890625,3395.3701171875,3416.10009765625,0
2016-06-05 23:00:00,3416.10009765625,3459.300048828125,3416.10009765625,3448.530029296875,0
2016-06-06 23:00:00,3448.530029296875,3473.949951171875,3448.52001953125,3454.090087890625,0
2016-06-07 23:00:00,3454.090087890625,3464.06005859375,3444.340087890625,3461.659912109375,0
2016-06-08 23:00:00,3461.659912109375,3461.7099609375,3426.68994140625,3428.360107421875,0
2016-06-09 23:00:00,3428.360107421875,3428.360107421875,3358.699951171875,3366.909912109375,0
2016-06-12 23:00:00,3366.909912109375,3366.909912109375,3325.949951171875,3325.949951171875,0
2016-06-13 23:00:00,3325.949951171875,3325.949951171875,3259.1201171875,3259.739990234375,0
2016-06-14 23:00:00,3259.739990234375,3301.14990234375,3259.739990234375,3281.409912109375,0
2016-06-15 23:00:00,3281.409912109375,3281.409912109375,3242.93994140625,3263.429931640625,0
2016-06-16 23:00:00,3263.429931640625,3316.7099609375,3263.429931640625,3309.389892578125,0
2016-06-19 23:00:00,3309.389892578125,3424.97998046875,3309.389892578125,3409.010009765625,0
2016-06-20 23:00:00,3409.010009765625,3429.739990234375,3387.3701171875,3419.35009765625,0
2016-06-21 23:00:00,3419.35009765625,3462.169921875,3415.39990234375,3437.090087890625,0
2016-06-22 23:00:00,3437.090087890625,3499.909912109375,3437.090087890625,3481.739990234375,0
2016-06-23 23:00:00,3481.739990234375,3481.780029296875,3168.510009765625,3348.580078125,0
2016-06-26 23:00:00,3348.580078125,3348.580078125,3227.080078125,3237.5400390625,0
2016-06-27 23:00:00,3237.5400390625,3340.2099609375,3237.5400390625,3326.280029296875,0
2016-06-28 23:00:00,3326.280029296875,3441.6201171875,3326.280029296875,3441.6201171875,0
2016-06-29 23:00:00,3441.6201171875,3515.449951171875,3417.360107421875,3515.449951171875,0
2016-06-30 23:00:00,3515.449951171875,3557.969970703125,3510.14990234375,3555.449951171875,0
2016-07-03 23:00:00,3555.449951171875,3572.179931640625,3516.02001953125,3518.9599609375,0
2016-07-04 23:00:00,3518.9599609375,3529.409912109375,3482.5,3514.4599609375,0
2016-07-05 23:00:00,3514.4599609375,3529.080078125,3458.280029296875,3475.7900390625,0
2016-07-06 23:00:00,3475.7900390625,3537.719970703125,3475.7900390625,3515.1201171875,0
2016-07-07 23:00:00,3515.1201171875,3557.739990234375,3506.570068359375,3550.169921875,0
2016-07-10 23:00:00,3550.169921875,3617.22998046875,3550.169921875,3611.02001953125,0
2016-07-11 23:00:00,3611.02001953125,3625.52001953125,3603.580078125,3613.659912109375,0
2016-07-12 23:00:00,3613.659912109375,3632.050048828125,3600.989990234375,3607.610107421875,0
2016-07-13 23:00:00,3607.610107421875,3645.169921875,3598.14990234375,3602.280029296875,0
2016-07-14 23:00:00,3602.280029296875,3606.719970703125,3581.179931640625,3606.719970703125,0
2016-07-17 23:00:00,3606.719970703125,3633.139892578125,3599.43994140625,3623.22998046875,0
2016-07-18 23:00:00,3623.22998046875,3632.8798828125,3604.580078125,3625.9599609375,0
2016-07-19 23:00:00,3625.9599609375,3647.409912109375,3625.510009765625,3644.050048828125,0
2016-07-20 23:00:00,3644.050048828125,3646.89990234375,3625.719970703125,3633.1201171875,0
2016-07-21 23:00:00,3633.1201171875,3646.830078125,3613.9599609375,3643.800048828125,0
2016-07-24 23:00:00,3643.800048828125,3658.85009765625,3629.260009765625,3639.010009765625,0
2016-07-25 23:00:00,3639.010009765625,3655.550048828125,3637.199951171875,3644.5,0
2016-07-26 23:00:00,3644.5,3679.340087890625,3644.320068359375,3663.949951171875,0
2016-07-27 23:00:00,3663.949951171875,3672.7099609375,3649.429931640625,3651.1298828125,0
2016-07-28 23:00:00,3651.1298828125,3661.330078125,3636.56005859375,3653.830078125,0
2016-07-31 23:00:00,3653.830078125,3676.800048828125,3630.4599609375,3635.5,0
2016-08-01 23:00:00,3635.5,3635.590087890625,3600.3798828125,3610.929931640625,0
2016-08-02 23:00:00,3610.929931640625,3623.85009765625,3598.64990234375,3603.9599609375,0
2016-08-03 23:00:00,3603.9599609375,3663.2099609375,3595.10009765625,3659.1201171875,0
2016-08-04 23:00:00,3659.1201171875,3695.1201171875,3659.050048828125,3690.81005859375,0
2016-08-07 23:00:00,3690.81005859375,3713.02001953125,3688.97998046875,3700.889892578125,0
2016-08-08 23:00:00,3700.889892578125,3729.10009765625,3700.840087890625,3724.840087890625,0
2016-08-09 23:00:00,3724.840087890625,3732.3798828125,3709.219970703125,3732.3798828125,0
2016-08-10 23:00:00,3732.3798828125,3757.320068359375,3706.7900390625,3757.320068359375,0
2016-08-11 23:00:00,3757.320068359375,3767.969970703125,3752.35009765625,3762.030029296875,0
2016-08-14 23:00:00,3762.030029296875,3780.070068359375,3758.610107421875,3773.929931640625,0
2016-08-15 23:00:00,3773.929931640625,3774.56005859375,3748.860107421875,3748.860107421875,0
2016-08-16 23:00:00,3748.860107421875,3762.52001953125,3727.699951171875,3731.81005859375,0
2016-08-17 23:00:00,3731.81005859375,3750.35009765625,3731.56005859375,3740.27001953125,0
2016-08-18 23:00:00,3740.27001953125,3741.889892578125,3727.22998046875,3735.89990234375,0
2016-08-21 23:00:00,3735.89990234375,3749.199951171875,3713.820068359375,3722.7099609375,0
2016-08-22 23:00:00,3722.7099609375,3752.489990234375,3722.699951171875,3743.52001953125,0
2016-08-23 23:00:00,3743.52001953125,3744.8701171875,3722.110107421875,3730.840087890625,0
2016-08-24 23:00:00,3730.840087890625,3731.030029296875,3700.169921875,3717.52001953125,0
2016-08-25 23:00:00,3717.52001953125,3738.0,3707.85009765625,3728.7099609375,0
2016-08-29 23:00:00,3728.7099609375,3734.570068359375,3711.340087890625,3718.31005859375,0
2016-08-30 23:00:00,3718.31005859375,3723.2900390625,3695.8798828125,3697.18994140625,0
2016-08-31 23:00:00,3697.18994140625,3719.219970703125,3675.52001953125,3685.6298828125,0
2016-09-01 23:00:00,3685.6298828125,3775.93994140625,3685.6298828125,3756.39990234375,0
2016-09-04 23:00:00,3756.39990234375,3765.050048828125,3744.840087890625,3750.7099609375,0
2016-09-05 23:00:00,3750.7099609375,3755.469970703125,3722.840087890625,3726.469970703125,0
2016-09-06 23:00:00,3726.469970703125,3742.2099609375,3719.9599609375,3737.860107421875,0
2016-09-07 23:00:00,3737.860107421875,3759.199951171875,3726.340087890625,3748.06005859375,0
2016-09-08 23:00:00,3748.06005859375,3749.080078125,3695.070068359375,3701.3798828125,0
2016-09-11 23:00:00,3701.3798828125,3701.3798828125,3637.31005859375,3661.409912109375,0
2016-09-12 23:00:00,3661.409912109375,3673.5400390625,3643.409912109375,3643.409912109375,0
2016-09-13 23:00:00,3643.409912109375,3669.530029296875,3643.409912109375,3645.800048828125,0
2016-09-14 23:00:00,3645.800048828125,3678.14990234375,3636.800048828125,3674.93994140625,0
2016-09-15 23:00:00,3674.93994140625,3687.5400390625,3660.469970703125,3670.860107421875,0
2016-09-18 23:00:00,3670.860107421875,3717.68994140625,3670.860107421875,3717.610107421875,0
2016-09-19 23:00:00,3717.610107421875,3744.0,3709.639892578125,3725.64990234375,0
2016-09-20 23:00:00,3725.64990234375,3750.889892578125,3725.64990234375,3729.169921875,0
2016-09-21 23:00:00,3729.169921875,3776.3701171875,3729.169921875,3765.139892578125,0
2016-09-22 23:00:00,3765.139892578125,3767.18994140625,3748.1298828125,3761.85009765625,0
2016-09-25 23:00:00,3761.85009765625,3761.85009765625,3709.10009765625,3714.320068359375,0
2016-09-26 23:00:00,3714.320068359375,3737.06005859375,3686.72998046875,3706.830078125,0
2016-09-27 23:00:00,3707.0,3744.419921875,3706.969970703125,3730.64990234375,0
2016-09-28 23:00:00,3730.64990234375,3774.969970703125,3730.64990234375,3764.22998046875,0
2016-09-29 23:00:00,3764.22998046875,3764.22998046875,3706.77001953125,3755.340087890625,0
2016-10-02 23:00:00,3755.340087890625,3809.409912109375,3753.389892578125,3804.580078125,0
2016-10-03 23:00:00,3804.580078125,3880.199951171875,3804.580078125,3849.10009765625,0
2016-10-04 23:00:00,3849.10009765625,3850.739990234375,3824.97998046875,3826.530029296875,0
2016-10-05 23:00:00,3826.530029296875,3835.02001953125,3808.590087890625,3808.590087890625,0
2016-10-06 23:00:00,3808.590087890625,3844.949951171875,3808.590087890625,3824.760009765625,0
2016-10-09 23:00:00,3824.760009765625,3852.64990234375,3814.35009765625,3847.7099609375,0
2016-10-10 23:00:00,3847.7099609375,3866.639892578125,3834.1201171875,3839.02001953125,0
2016-10-11 23:00:00,3839.02001953125,3844.669921875,3809.93994140625,3813.989990234375,0
2016-10-12 23:00:00,3813.989990234375,3814.02001953125,3768.0,3789.919921875,0
2016-10-13 23:00:00,3789.919921875,3829.6201171875,3789.919921875,3809.909912109375,0
2016-10-16 23:00:00,3809.909912109375,3809.909912109375,3769.260009765625,3773.93994140625,0
2016-10-17 23:00:00,3773.93994140625,3819.429931640625,3773.4599609375,3804.239990234375,0
2016-10-18 23:00:00,3804.239990234375,3819.10009765625,3790.919921875,3815.22998046875,0
2016-10-19 23:00:00,3815.22998046875,3824.719970703125,3801.2099609375,3814.330078125,0
2016-10-20 23:00:00,3814.330078125,3828.7099609375,3806.699951171875,3811.18994140625,0
2016-10-23 23:00:00,3811.18994140625,3835.43994140625,3792.47998046875,3793.8701171875,0
2016-10-24 23:00:00,3793.8701171875,3829.429931640625,3793.75,3805.760009765625,0
2016-10-25 23:00:00,3805.760009765625,3805.760009765625,3755.3798828125,3774.3798828125,0
2016-10-26 23:00:00,3774.3798828125,3794.89990234375,3755.659912109375,3784.02001953125,0
2016-10-27 23:00:00,3784.02001953125,3795.35009765625,3753.590087890625,3790.300048828125,0
2016-10-31 00:00:00,3790.300048828125,3790.300048828125,3765.610107421875,3768.139892578125,0
2016-11-01 00:00:00,3768.139892578125,3786.489990234375,3745.320068359375,3751.159912109375,0
2016-11-02 00:00:00,3751.159912109375,3751.159912109375,3717.0,3717.0,0
2016-11-03 00:00:00,3717.0,3733.0,3696.2099609375,3696.2099609375,0
2016-11-04 00:00:00,3696.2099609375,3696.239990234375,3634.68994140625,3641.909912109375,0
2016-11-07 00:00:00,3641.909912109375,3698.64990234375,3641.909912109375,3698.64990234375,0
2016-11-08 00:00:00,3698.64990234375,3716.530029296875,3693.6298828125,3713.780029296875,0
2016-11-09 00:00:00,3713.780029296875,3748.409912109375,3639.239990234375,3748.409912109375,0
2016-11-10 00:00:00,3748.409912109375,3793.85009765625,3700.89990234375,3714.89990234375,0
2016-11-11 00:00:00,3714.89990234375,3724.860107421875,3654.199951171875,3664.050048828125,0
2016-11-14 00:00:00,3664.050048828125,3706.949951171875,3664.050048828125,3675.4599609375,0
2016-11-15 00:00:00,3675.4599609375,3711.739990234375,3675.4599609375,3696.68994140625,0
2016-11-16 00:00:00,3696.68994140625,3705.360107421875,3668.580078125,3674.199951171875,0
2016-11-17 00:00:00,3674.199951171875,3700.10009765625,3672.550048828125,3698.389892578125,0
2016-11-18 00:00:00,3698.389892578125,3705.68994140625,3672.72998046875,3692.2099609375,0
2016-11-21 00:00:00,3692.2099609375,3710.800048828125,3677.330078125,3688.2099609375,0
2016-11-22 00:00:00,3688.2099609375,3726.949951171875,3688.2099609375,3712.43994140625,0
2016-11-23 00:00:00,3712.43994140625,3742.0400390625,3693.169921875,3709.68994140625,0
2016-11-24 00:00:00,3709.68994140625,3716.3701171875,3695.6298828125,3713.72998046875,0
2016-11-25 00:00:00,3713.72998046875,3724.1201171875,3707.81005859375,3719.280029296875,0
2016-11-28 00:00:00,3719.280029296875,3719.3701171875,3684.280029296875,3698.159912109375,0
2016-11-29 00:00:00,3698.159912109375,3698.81005859375,3665.97998046875,3686.800048828125,0
2016-11-30 00:00:00,3686.800048828125,3721.52001953125,3683.820068359375,3692.39990234375,0
2016-12-01 00:00:00,3692.39990234375,3695.669921875,3645.8701171875,3677.030029296875,0
2016-12-02 00:00:00,3677.030029296875,3677.030029296875,3639.639892578125,3665.0,0
2016-12-05 00:00:00,3665.0,3697.7900390625,3649.969970703125,3673.780029296875,0
2016-12-06 00:00:00,3673.780029296875,3690.1298828125,3661.47998046875,3687.97998046875,0
2016-12-07 00:00:00,3687.97998046875,3748.340087890625,3687.97998046875,3748.340087890625,0
2016-12-08 00:00:00,3748.340087890625,3765.389892578125,3744.18994140625,3763.35009765625,0
2016-12-09 00:00:00,3763.35009765625,3778.64990234375,3763.330078125,3775.800048828125,0
2016-12-12 00:00:00,3775.800048828125,3787.18994140625,3737.820068359375,3744.929931640625,0
2016-12-13 00:00:00,3744.929931640625,3785.75,3737.800048828125,3781.800048828125,0
2016-12-14 00:00:00,3781.800048828125,3782.699951171875,3769.080078125,3772.280029296875,0
2016-12-15 00:00:00,3772.280029296875,3802.489990234375,3760.2099609375,3797.43994140625,0
2016-12-16 00:00:00,3797.43994140625,3816.97998046875,3792.780029296875,3803.699951171875,0
2016-12-19 00:00:00,3803.699951171875,3810.419921875,3793.070068359375,3806.3798828125,0
2016-12-20 00:00:00,3806.3798828125,3818.699951171875,3796.18994140625,3817.93994140625,0
2016-12-21 00:00:00,3817.93994140625,3825.179931640625,3808.489990234375,3816.050048828125,0
2016-12-22 00:00:00,3816.050048828125,3831.31005859375,3807.1298828125,3831.31005859375,0
2016-12-23 00:00:00,3831.31005859375,3836.489990234375,3827.64990234375,3833.89990234375,0
2016-12-28 00:00:00,3833.89990234375,3855.949951171875,3830.800048828125,3854.5400390625,0
2016-12-29 00:00:00,3854.5400390625,3861.050048828125,3839.56005859375,3861.050048828125,0
2016-12-30 00:00:00,3861.050048828125,3873.219970703125,3846.330078125,3873.219970703125,0
2017-01-03 00:00:00,3873.219970703125,3904.7099609375,3873.18994140625,3891.5400390625,0
2017-01-04 00:00:00,3891.5400390625,3897.469970703125,3887.56005859375,3897.31005859375,0
2017-01-05 00:00:00,3897.31005859375,3913.25,3895.81005859375,3905.22998046875,0
2017-01-06 00:00:00,3905.22998046875,3913.550048828125,3898.02001953125,3913.550048828125,0
2017-01-09 00:00:00,3913.550048828125,3930.64990234375,3911.14990234375,3927.780029296875,0
2017-01-10 00:00:00,3927.780029296875,3949.820068359375,3927.610107421875,3945.340087890625,0
2017-01-11 00:00:00,3945.340087890625,3969.419921875,3935.830078125,3951.85009765625,0
2017-01-12 00:00:00,3951.85009765625,3955.340087890625,3937.260009765625,3948.989990234375,0
2017-01-13 00:00:00,3948.989990234375,3971.81005859375,3948.989990234375,3971.68994140625,0
2017-01-16 00:00:00,3971.68994140625,3978.25,3962.0,3965.080078125,0
2017-01-17 00:00:00,3965.080078125,3965.72998046875,3915.909912109375,3915.909912109375,0
2017-01-18 00:00:00,3915.909912109375,3934.489990234375,3914.1298828125,3929.52001953125,0
2017-01-19 00:00:00,3929.52001953125,3930.43994140625,3901.550048828125,3909.409912109375,0
2017-01-20 00:00:00,3909.409912109375,3914.199951171875,3901.1298828125,3902.699951171875,0
2017-01-23 00:00:00,3902.699951171875,3902.699951171875,3871.590087890625,3880.5,0
2017-01-24 00:00:00,3880.5,3898.60009765625,3876.330078125,3879.5400390625,0
2017-01-25 00:00:00,3879.5400390625,3906.0400390625,3879.5400390625,3887.1298828125,0
2017-01-26 00:00:00,3887.1298828125,3897.9599609375,3881.360107421875,3886.070068359375,0
2017-01-27 00:00:00,3886.070068359375,3897.72998046875,3881.97998046875,3897.489990234375,0
2017-01-30 00:00:00,3897.489990234375,3897.530029296875,3858.39990234375,3864.47998046875,0
2017-01-31 00:00:00,3864.47998046875,3887.9599609375,3858.260009765625,3858.260009765625,0
2017-02-01 00:00:00,3858.260009765625,3892.60009765625,3858.260009765625,3865.659912109375,0
2017-02-02 00:00:00,3865.659912109375,3891.679931640625,3858.64990234375,3880.909912109375,0
2017-02-03 00:00:00,3880.909912109375,3913.800048828125,3879.5,3907.68994140625,0
2017-02-06 00:00:00,3907.68994140625,3916.929931640625,3896.25,3899.699951171875,0
2017-02-07 00:00:00,3899.699951171875,3931.169921875,3894.050048828125,3912.659912109375,0
2017-02-08 00:00:00,3912.659912109375,3917.889892578125,3896.610107421875,3915.2900390625,0
2017-02-09 00:00:00,3915.2900390625,3938.1201171875,3912.239990234375,3933.989990234375,0
2017-02-10 00:00:00,3933.989990234375,3956.570068359375,3933.919921875,3950.360107421875,0
2017-02-13 00:00:00,3950.360107421875,3969.719970703125,3950.080078125,3961.169921875,0
2017-02-14 00:00:00,3961.169921875,3968.219970703125,3947.280029296875,3957.590087890625,0
2017-02-15 00:00:00,3957.590087890625,3979.090087890625,3957.590087890625,3974.239990234375,0
2017-02-16 00:00:00,3974.239990234375,3974.25,3952.300048828125,3959.199951171875,0
2017-02-17 00:00:00,3959.199951171875,3971.8701171875,3947.68994140625,3968.780029296875,0
2017-02-20 00:00:00,3968.780029296875,3983.3798828125,3960.919921875,3970.10009765625,0
2017-02-21 00:00:00,3970.10009765625,3978.10009765625,3954.8701171875,3960.169921875,0
2017-02-22 00:00:00,3960.169921875,3974.39990234375,3957.949951171875,3968.6201171875,0
2017-02-23 00:00:00,3968.6201171875,3973.949951171875,3949.7099609375,3953.60009765625,0
2017-02-24 00:00:00,3953.60009765625,3953.719970703125,3914.81005859375,3939.169921875,0
2017-02-27 00:00:00,3939.169921875,3960.85009765625,3938.02001953125,3946.27001953125,0
2017-02-28 00:00:00,3946.27001953125,3963.929931640625,3943.489990234375,3953.419921875,0
2017-03-01 00:00:00,3953.419921875,4014.719970703125,3953.3701171875,4014.719970703125,0
2017-03-02 00:00:00,4014.719970703125,4020.260009765625,4007.530029296875,4013.2900390625,0
2017-03-03 00:00:00,4013.2900390625,4013.2900390625,3996.199951171875,4007.469970703125,0
2017-03-06 00:00:00,4007.469970703125,4007.469970703125,3991.300048828125,3996.8701171875,0
2017-03-07 00:00:00,3996.8701171875,4003.72998046875,3991.02001953125,3992.389892578125,0
2017-03-08 00:00:00,3992.389892578125,4001.300048828125,3981.8798828125,3992.18994140625,0
2017-03-09 00:00:00,3992.18994140625,3992.8798828125,3956.7900390625,3981.639892578125,0
2017-03-10 00:00:00,3981.639892578125,4010.610107421875,3981.639892578125,3996.610107421875,0
2017-03-13 00:00:00,3996.610107421875,4013.610107421875,3996.610107421875,4009.699951171875,0
2017-03-14 00:00:00,4009.699951171875,4018.31005859375,3994.090087890625,4002.89990234375,0
2017-03-15 00:00:00,4002.89990234375,4014.68994140625,4002.860107421875,4008.360107421875,0
2017-03-16 00:00:00,4008.360107421875,4045.18994140625,4008.360107421875,4031.530029296875,0
2017-03-17 00:00:00,4031.530029296875,4045.89990234375,4025.81005859375,4038.3798828125,0
2017-03-20 00:00:00,4038.3798828125,4044.31005859375,4026.699951171875,4042.35009765625,0
2017-03-21 00:00:00,4042.35009765625,4047.830078125,4006.580078125,4013.760009765625,0
2017-03-22 00:00:00,4013.760009765625,4013.7900390625,3972.35009765625,3984.239990234375,0
2017-03-23 00:00:00,3984.239990234375,4000.5,3976.18994140625,3997.1298828125,0
2017-03-24 00:00:00,3997.1298828125,4002.169921875,3987.919921875,3995.030029296875,0
2017-03-26 23:00:00,3995.030029296875,3995.030029296875,3955.260009765625,3972.72998046875,0
2017-03-27 23:00:00,3972.72998046875,3999.830078125,3968.330078125,3997.18994140625,0
2017-03-28 23:00:00,3997.18994140625,4011.800048828125,3983.469970703125,4011.800048828125,0
2017-03-29 23:00:00,4011.800048828125,4017.260009765625,3996.06005859375,4011.010009765625,0
2017-03-30 23:00:00,4011.010009765625,4011.010009765625,3987.8701171875,3990.0,0
2017-04-02 23:00:00,3990.0,4003.5400390625,3969.739990234375,3970.97998046875,0
2017-04-03 23:00:00,3970.97998046875,3991.8701171875,3970.969970703125,3990.300048828125,0
2017-04-04 23:00:00,3990.300048828125,4010.239990234375,3990.2900390625,3996.5400390625,0
2017-04-05 23:00:00,3996.5400390625,3996.5400390625,3960.330078125,3986.219970703125,0
2017-04-06 23:00:00,3986.219970703125,4010.280029296875,3977.2900390625,4010.280029296875,0
2017-04-09 23:00:00,4010.280029296875,4015.43994140625,4005.489990234375,4011.820068359375,0
2017-04-10 23:00:00,4011.820068359375,4041.070068359375,4004.030029296875,4020.739990234375,0
2017-04-11 23:00:00,4020.739990234375,4040.68994140625,4016.06005859375,4018.1201171875,0
2017-04-12 23:00:00,4018.1201171875,4018.179931640625,3995.179931640625,4012.300048828125,0
2017-04-17 23:00:00,4012.300048828125,4012.300048828125,3924.929931640625,3924.929931640625,0
2017-04-18 23:00:00,3924.929931640625,3933.090087890625,3914.5,3914.5,0
2017-04-19 23:00:00,3914.5,3921.39990234375,3903.010009765625,3914.89990234375,0
2017-04-20 23:00:00,3914.89990234375,3922.919921875,3908.43994140625,3912.580078125,0
2017-04-23 23:00:00,3912.580078125,3991.780029296875,3912.570068359375,3987.56005859375,0
2017-04-24 23:00:00,3987.56005859375,4000.580078125,3986.4599609375,3992.199951171875,0
2017-04-25 23:00:00,3992.199951171875,4008.0,3985.030029296875,4001.8798828125,0
2017-04-26 23:00:00,4001.8798828125,4002.010009765625,3970.72998046875,3977.340087890625,0
2017-04-27 23:00:00,3977.340087890625,3980.409912109375,3959.5,3962.489990234375,0
2017-05-01 23:00:00,3962.489990234375,3990.159912109375,3962.489990234375,3990.159912109375,0
2017-05-02 23:00:00,3990.159912109375,3990.159912109375,3970.610107421875,3978.429931640625,0
2017-05-03 23:00:00,3978.429931640625,3999.60009765625,3975.06005859375,3983.97998046875,0
2017-05-04 23:00:00,3983.97998046875,4006.840087890625,3972.02001953125,4006.840087890625,0
2017-05-07 23:00:00,4006.840087890625,4019.419921875,4000.800048828125,4009.570068359375,0
2017-05-08 23:00:00,4009.570068359375,4038.550048828125,4009.570068359375,4031.360107421875,0
2017-05-09 23:00:00,4031.360107421875,4058.9599609375,4026.56005859375,4053.080078125,0
2017-05-10 23:00:00,4053.080078125,4055.969970703125,4041.4599609375,4050.639892578125,0
2017-05-11 23:00:00,4050.639892578125,4071.14990234375,4048.31005859375,4071.14990234375,0
2017-05-14 23:00:00,4071.14990234375,4083.840087890625,4070.860107421875,4079.219970703125,0
2017-05-15 23:00:00,4079.219970703125,4118.18017578125,4077.969970703125,4113.10009765625,0
2017-05-16 23:00:00,4113.10009765625,4116.240234375,4089.4599609375,4101.2001953125,0
2017-05-17 23:00:00,4101.2001953125,4101.27978515625,4042.639892578125,4067.860107421875,0
2017-05-18 23:00:00,4067.860107421875,4091.93994140625,4067.860107421875,4087.60009765625,0
2017-05-21 23:00:00,4087.60009765625,4112.83984375,4087.60009765625,4102.89013671875,0
2017-05-22 23:00:00,4102.89013671875,4116.7900390625,4098.4501953125,4098.4501953125,0
2017-05-23 23:00:00,4098.4501953125,4115.330078125,4094.14990234375,4112.93017578125,0
2017-05-24 23:00:00,4112.93017578125,4120.72021484375,4103.68994140625,4114.68017578125,0
2017-05-25 23:00:00,4114.68017578125,4132.81982421875,4113.85986328125,4130.14990234375,0
2017-05-29 23:00:00,4130.14990234375,4130.169921875,4105.68017578125,4119.580078125,0
2017-05-30 23:00:00,4119.580078125,4145.77001953125,4114.93017578125,4116.080078125,0
2017-05-31 23:00:00,4116.080078125,4135.75,4116.080078125,4127.68017578125,0
2017-06-01 23:00:00,4127.68017578125,4154.10986328125,4124.919921875,4129.1298828125,0
2017-06-04 23:00:00,4129.1298828125,4136.8798828125,4111.97021484375,4114.39990234375,0
2017-06-05 23:00:00,4114.39990234375,4114.60986328125,4097.58984375,4105.93017578125,0
2017-06-06 23:00:00,4105.93017578125,4123.509765625,4085.489990234375,4086.97998046875,0
2017-06-07 23:00:00,4086.97998046875,4092.989990234375,4075.929931640625,4076.64990234375,0
2017-06-08 23:00:00,4076.64990234375,4115.81005859375,4076.469970703125,4111.6298828125,0
2017-06-11 23:00:00,4111.6298828125,4115.509765625,4091.14990234375,4101.72021484375,0
2017-06-12 23:00:00,4101.72021484375,4117.16015625,4099.81982421875,4103.06982421875,0
2017-06-13 23:00:00,4103.06982421875,4127.9599609375,4095.510009765625,4095.510009765625,0
2017-06-14 23:00:00,4095.510009765625,4095.669921875,4035.3701171875,4055.550048828125,0
2017-06-15 23:00:00,4055.550048828125,4088.409912109375,4055.550048828125,4085.0400390625,0
2017-06-18 23:00:00,4085.10009765625,4120.0400390625,4085.10009765625,4113.56005859375,0
2017-06-19 23:00:00,4113.64013671875,4132.35009765625,4087.85009765625,4087.85009765625,0
2017-06-20 23:00:00,4087.949951171875,4089.949951171875,4059.4599609375,4073.239990234375,0
2017-06-21 23:00:00,4073.27001953125,4073.639892578125,4049.5400390625,4069.070068359375,0
2017-06-22 23:00:00,4069.1298828125,4071.820068359375,4049.8798828125,4063.60009765625,0
2017-06-25 23:00:00,4063.60009765625,4090.449951171875,4063.590087890625,4073.449951171875,0
2017-06-26 23:00:00,4073.5,4075.010009765625,4051.610107421875,4062.449951171875,0
2017-06-27 23:00:00,4062.419921875,4065.840087890625,4034.360107421875,4039.300048828125,0
2017-06-28 23:00:00,4039.2900390625,4069.22998046875,4013.780029296875,4018.610107421875,0
2017-06-29 23:00:00,4018.610107421875,4031.9599609375,3996.510009765625,4002.179931640625,0
2017-07-02 23:00:00,4002.1298828125,4033.8701171875,4001.580078125,4029.699951171875,0
2017-07-03 23:00:00,4029.830078125,4032.429931640625,4009.820068359375,4019.6298828125,0
2017-07-04 23:00:00,4019.6298828125,4036.31005859375,4018.159912109375,4029.81005859375,0
2017-07-05 23:00:00,4029.780029296875,4033.010009765625,3998.409912109375,4013.800048828125,0
2017-07-06 23:00:00,4013.860107421875,4023.419921875,4002.81005859375,4020.820068359375,0
2017-07-09 23:00:00,4020.820068359375,4037.320068359375,4015.179931640625,4027.68994140625,0
2017-07-10 23:00:00,4027.68994140625,4036.590087890625,3994.239990234375,4004.570068359375,0
2017-07-11 23:00:00,4004.5400390625,4054.719970703125,4004.5400390625,4045.3701171875,0
2017-07-12 23:00:00,4045.360107421875,4054.280029296875,4040.010009765625,4049.070068359375,0
2017-07-13 23:00:00,4049.02001953125,4051.429931640625,4026.300048828125,4033.510009765625,0
2017-07-16 23:00:00,4033.530029296875,4058.050048828125,4033.530029296875,4048.85009765625,0
2017-07-17 23:00:00,4048.860107421875,4057.7900390625,4028.6298828125,4046.360107421875,0
2017-07-18 23:00:00,4046.340087890625,4072.139892578125,4041.570068359375,4067.610107421875,0
2017-07-19 23:00:00,4067.64990234375,4100.83984375,4067.64990234375,4095.070068359375,0
2017-07-20 23:00:00,4095.030029296875,4108.52978515625,4068.39990234375,4079.6201171875,0
2017-07-23 23:00:00,4079.60009765625,4079.669921875,4030.949951171875,4042.68994140625,0
2017-07-24 23:00:00,4042.68994140625,4077.56005859375,4042.68994140625,4068.25,0
2017-07-25 23:00:00,4068.22998046875,4095.239990234375,4068.169921875,4079.449951171875,0
2017-07-26 23:00:00,4079.389892578125,4086.9599609375,4062.320068359375,4079.830078125,0
2017-07-27 23:00:00,4079.830078125,4079.830078125,4029.22998046875,4042.02001953125,0
2017-07-30 23:00:00,4041.97998046875,4069.449951171875,4041.97998046875,4046.199951171875,0
2017-07-31 23:00:00,4046.1298828125,4079.2099609375,4046.1298828125,4071.320068359375,0
2017-08-01 23:00:00,4071.320068359375,4078.25,4054.949951171875,4065.43994140625,0
2017-08-02 23:00:00,4065.419921875,4100.169921875,4053.949951171875,4095.489990234375,0
2017-08-03 23:00:00,4095.4599609375,4117.52978515625,4089.919921875,4114.2001953125,0
2017-08-06 23:00:00,4114.18994140625,4125.35986328125,4114.18994140625,4123.7998046875,0
2017-08-07 23:00:00,4123.7998046875,4132.16015625,4117.06005859375,4127.66015625,0
2017-08-08 23:00:00,4127.6298828125,4127.64990234375,4092.830078125,4105.60009765625,0
2017-08-09 23:00:00,4105.60009765625,4105.60009765625,4045.35009765625,4050.909912109375,0
2017-08-10 23:00:00,4050.909912109375,4050.909912109375,4001.669921875,4010.330078125,0
2017-08-13 23:00:00,4010.35009765625,4045.409912109375,4010.35009765625,4034.85009765625,0
2017-08-14 23:00:00,4034.840087890625,4055.52001953125,4034.4599609375,4048.31005859375,0
2017-08-15 23:00:00,4048.31005859375,4081.1298828125,4048.31005859375,4075.81005859375,0
2017-08-16 23:00:00,4075.780029296875,4076.239990234375,4050.760009765625,4052.3701171875,0
2017-08-17 23:00:00,4052.389892578125,4052.389892578125,4008.780029296875,4018.659912109375,0
2017-08-20 23:00:00,4018.639892578125,4023.830078125,4005.43994140625,4017.489990234375,0
2017-08-21 23:00:00,4017.47998046875,4051.300048828125,4017.47998046875,4048.820068359375,0
2017-08-22 23:00:00,4048.820068359375,4055.449951171875,4039.489990234375,4048.989990234375,0
2017-08-23 23:00:00,4048.97998046875,4073.3798828125,4048.949951171875,4058.43994140625,0
2017-08-24 23:00:00,4058.3798828125,4073.300048828125,4054.6298828125,4054.6298828125,0
2017-08-28 23:00:00,4054.6298828125,4054.739990234375,3998.3701171875,4021.419921875,0
2017-08-29 23:00:00,4021.35009765625,4044.340087890625,4021.35009765625,4036.919921875,0
2017-08-30 23:00:00,4036.919921875,4077.949951171875,4036.830078125,4072.97998046875,0
2017-08-31 23:00:00,4072.989990234375,4085.010009765625,4072.72998046875,4075.75,0
2017-09-03 23:00:00,4075.75,4075.75,4058.280029296875,4060.72998046875,0
2017-09-04 23:00:00,4060.75,4074.9599609375,4042.820068359375,4044.60009765625,0
2017-09-05 23:00:00,4044.570068359375,4044.570068359375,4018.010009765625,4034.300048828125,0
2017-09-06 23:00:00,4034.260009765625,4062.52001953125,4030.090087890625,4054.6201171875,0
2017-09-07 23:00:00,4054.610107421875,4054.610107421875,4032.3701171875,4043.280029296875,0
2017-09-10 23:00:00,4043.27001953125,4072.199951171875,4043.27001953125,4061.860107421875,0
2017-09-11 23:00:00,4061.909912109375,4072.5,4048.550048828125,4054.830078125,0
2017-09-12 23:00:00,4054.889892578125,4054.89990234375,4023.989990234375,4043.10009765625,0
2017-09-13 23:00:00,4043.199951171875,4049.72998046875,3999.699951171875,4002.97998046875,0
2017-09-14 23:00:00,4002.97998046875,4002.97998046875,3952.949951171875,3962.43994140625,0
2017-09-17 23:00:00,3962.43994140625,3983.2099609375,3962.43994140625,3981.580078125,0
2017-09-18 23:00:00,3981.550048828125,3999.030029296875,3977.830078125,3994.360107421875,0
2017-09-19 23:00:00,3994.360107421875,4001.449951171875,3982.919921875,3992.929931640625,0
2017-09-20 23:00:00,3992.93994140625,3997.75,3982.989990234375,3985.050048828125,0
2017-09-21 23:00:00,3985.0400390625,4012.81005859375,3973.080078125,4008.860107421875,0
2017-09-24 23:00:00,4008.860107421875,4012.7099609375,3991.52001953125,4006.8798828125,0
2017-09-25 23:00:00,4006.89990234375,4010.330078125,3992.449951171875,3997.469970703125,0
2017-09-26 23:00:00,3997.469970703125,4019.489990234375,3997.469970703125,4012.64990234375,0
2017-09-27 23:00:00,4012.679931640625,4020.77001953125,4002.659912109375,4020.77001953125,0
2017-09-28 23:00:00,4020.77001953125,4053.070068359375,4020.409912109375,4049.889892578125,0
2017-10-01 23:00:00,4049.889892578125,4082.949951171875,4049.889892578125,4082.949951171875,0
2017-10-02 23:00:00,4082.949951171875,4099.56005859375,4077.6298828125,4098.4501953125,0
2017-10-03 23:00:00,4098.4501953125,4100.81982421875,4092.1298828125,4098.2998046875,0
2017-10-04 23:00:00,4098.2998046875,4118.56005859375,4096.3798828125,4118.56005859375,0
2017-10-05 23:00:00,4118.56005859375,4130.66015625,4118.56005859375,4128.10009765625,0
2017-10-08 23:00:00,4128.08984375,4129.35986328125,4112.66015625,4119.16015625,0
2017-10-09 23:00:00,4119.16015625,4136.7099609375,4118.27001953125,4134.2099609375,0
2017-10-10 23:00:00,4134.2001953125,4139.1298828125,4125.4599609375,4133.080078125,0
2017-10-11 23:00:00,4133.08984375,4148.77978515625,4130.14990234375,4145.97998046875,0
2017-10-12 23:00:00,4145.97021484375,4146.0498046875,4129.68994140625,4137.06005859375,0
2017-10-15 23:00:00,4137.06982421875,4146.4501953125,4131.490234375,4132.6201171875,0
2017-10-16 23:00:00,4132.6298828125,4140.02001953125,4120.68994140625,4124.4501953125,0
2017-10-17 23:00:00,4124.4501953125,4146.81005859375,4124.4501953125,4140.60986328125,0
2017-10-18 23:00:00,4140.60986328125,4140.60986328125,4110.47998046875,4127.2099609375,0
2017-10-19 23:00:00,4127.2099609375,4144.7900390625,4124.990234375,4127.919921875,0
2017-10-22 23:00:00,4127.9599609375,4135.81005859375,4121.509765625,4127.4501953125,0
2017-10-23 23:00:00,4127.4501953125,4132.02978515625,4118.919921875,4127.919921875,0
2017-10-24 23:00:00,4127.919921875,4128.7998046875,4087.2099609375,4091.169921875,0
2017-10-25 23:00:00,4091.14990234375,4112.2001953125,4088.06005859375,4111.39990234375,0
2017-10-26 23:00:00,4111.39990234375,4127.0,4110.1298828125,4120.2099609375,0
2017-10-30 00:00:00,4120.2001953125,4122.240234375,4108.2099609375,4114.93994140625,0
2017-10-31 00:00:00,4114.93017578125,4128.419921875,4112.6201171875,4117.68994140625,0
2017-11-01 00:00:00,4117.68994140625,4138.919921875,4117.68994140625,4120.009765625,0
2017-11-02 00:00:00,4120.0,4155.22021484375,4116.33984375,4151.7001953125,0
2017-11-03 00:00:00,4151.68994140625,4164.60009765625,4147.72021484375,4156.9501953125,0
2017-11-06 00:00:00,4156.93994140625,4161.580078125,4148.18017578125,4156.41015625,0
2017-11-07 00:00:00,4156.419921875,4166.02001953125,4128.669921875,4130.47021484375,0
2017-11-08 00:00:00,4130.47021484375,4140.52001953125,4125.91015625,4137.5,0
2017-11-09 00:00:00,4137.509765625,4137.60986328125,4106.97021484375,4108.39013671875,0
2017-11-10 00:00:00,4108.39013671875,4115.5400390625,4079.489990234375,4084.050048828125,0
2017-11-13 00:00:00,4084.050048828125,4100.7900390625,4062.179931640625,4068.1201171875,0
2017-11-14 00:00:00,4068.1201171875,4080.22998046875,4061.77001953125,4069.090087890625,0
2017-11-15 00:00:00,4069.090087890625,4069.659912109375,4036.419921875,4044.6201171875,0
2017-11-16 00:00:00,4044.97998046875,4058.949951171875,4044.97998046875,4056.39990234375,0
2017-11-17 00:00:00,4056.39990234375,4065.06005859375,4039.360107421875,4051.780029296875,0
2017-11-20 00:00:00,4051.7900390625,4061.800048828125,4037.330078125,4058.050048828125,0
2017-11-21 00:00:00,4058.06005859375,4075.5,4047.4599609375,4070.449951171875,0
2017-11-22 00:00:00,4070.449951171875,4094.81005859375,4070.449951171875,4076.760009765625,0
2017-11-23 00:00:00,4076.760009765625,4077.8701171875,4054.1298828125,4075.429931640625,90136500
2017-11-24 00:00:00,4075.429931640625,4080.489990234375,4061.52001953125,4070.199951171875,0
2017-11-27 00:00:00,4070.18994140625,4083.830078125,4056.22998046875,4056.22998046875,0
2017-11-28 00:00:00,4056.25,4099.14013671875,4051.8701171875,4095.1298828125,0
2017-11-29 00:00:00,4095.1298828125,4095.1298828125,4063.699951171875,4066.919921875,0
2017-11-30 00:00:00,4066.929931640625,4075.169921875,4032.969970703125,4033.840087890625,0
2017-12-01 00:00:00,4033.840087890625,4046.52001953125,4013.68994140625,4018.8701171875,0
2017-12-04 00:00:00,4018.889892578125,4053.2900390625,4018.889892578125,4038.5,0
2017-12-05 00:00:00,4038.489990234375,4054.360107421875,4030.25,4031.050048828125,0
2017-12-06 00:00:00,4031.070068359375,4048.1298828125,4008.75,4037.840087890625,0
2017-12-07 00:00:00,4037.830078125,4050.070068359375,4022.14990234375,4025.330078125,0
2017-12-08 00:00:00,4025.330078125,4072.1298828125,4023.6298828125,4063.719970703125,0
2017-12-11 00:00:00,4063.72998046875,4095.14990234375,4063.699951171875,4092.590087890625,0
2017-12-12 00:00:00,4092.590087890625,4114.10009765625,4090.4599609375,4114.08984375,0
2017-12-13 00:00:00,4114.08984375,4119.2099609375,4111.0400390625,4111.9599609375,0
2017-12-14 00:00:00,4111.9501953125,4112.06982421875,4088.580078125,4088.580078125,0
2017-12-15 00:00:00,4088.570068359375,4108.9599609375,4081.0,4108.9599609375,0
2017-12-18 00:00:00,4108.990234375,4139.9599609375,4108.990234375,4136.81005859375,0
2017-12-19 00:00:00,4136.81005859375,4151.06005859375,4136.02001953125,4143.35009765625,0
2017-12-20 00:00:00,4143.41015625,4148.22021484375,4129.85009765625,4135.16015625,0
2017-12-21 00:00:00,4135.16015625,4175.31982421875,4130.68994140625,4173.009765625,0
2017-12-22 00:00:00,4173.009765625,4180.02001953125,4164.259765625,4170.2099609375,0
2017-12-27 00:00:00,4170.22021484375,4193.14990234375,4167.419921875,4188.5,0
2017-12-28 00:00:00,4188.509765625,4194.830078125,4183.22021484375,4190.330078125,0
2017-12-29 00:00:00,4190.31982421875,4225.9599609375,4189.1298828125,4221.81982421875,0
2018-01-02 00:00:00,4221.81005859375,4223.2099609375,4189.93017578125,4202.52978515625,95221300
2018-01-03 00:00:00,4202.56005859375,4224.56005859375,4200.8701171875,4215.4501953125,98477000
2018-01-04 00:00:00,4215.47998046875,4232.02978515625,4215.47998046875,4229.47998046875,120971900
2018-01-05 00:00:00,4229.52001953125,4246.75,4225.77001953125,4246.3701171875,111350100
2018-01-08 00:00:00,4246.3798828125,4252.06982421875,4230.31982421875,4231.990234375,106711800
2018-01-09 00:00:00,4232.0,4248.669921875,4231.990234375,4248.1201171875,115470600
2018-01-10 00:00:00,4248.080078125,4257.3798828125,4238.27001953125,4251.89990234375,136901200
2018-01-11 00:00:00,4251.89990234375,4261.080078125,4244.33984375,4258.08984375,149108300
2018-01-12 00:00:00,4258.080078125,4277.16015625,4257.080078125,4268.89013671875,178075000
2018-01-15 00:00:00,4268.85009765625,4270.9501953125,4262.43017578125,4264.43994140625,99481500
2018-01-16 00:00:00,4264.41015625,4275.919921875,4252.3701171875,4260.080078125,129566600
2018-01-17 00:00:00,4260.06982421875,4260.06982421875,4235.75,4242.35009765625,130148500
2018-01-18 00:00:00,4242.35009765625,4249.08984375,4219.64990234375,4227.85986328125,122913600
2018-01-19 00:00:00,4227.85009765625,4241.08984375,4223.7099609375,4240.5,125139800
2018-01-22 00:00:00,4240.490234375,4244.35986328125,4228.58984375,4233.5498046875,121995700
2018-01-23 00:00:00,4233.5498046875,4248.740234375,4231.27978515625,4241.580078125,126699700
2018-01-24 00:00:00,4241.56982421875,4242.89990234375,4197.669921875,4197.669921875,120053900
2018-01-25 00:00:00,4197.669921875,4207.830078125,4180.759765625,4185.0400390625,118109900
2018-01-26 00:00:00,4185.0400390625,4210.60009765625,4185.0400390625,4209.419921875,122680300
2018-01-29 00:00:00,4209.41015625,4222.5,4208.64013671875,4210.509765625,100864900
2018-01-30 00:00:00,4210.52001953125,4210.580078125,4165.080078125,4165.080078125,130611700
2018-01-31 00:00:00,4165.080078125,4170.740234375,4131.08984375,4137.66015625,139331100
2018-02-01 00:00:00,4137.68017578125,4149.490234375,4111.0,4115.990234375,134570600
2018-02-02 00:00:00,4115.990234375,4117.89013671875,4083.590087890625,4086.719970703125,135362200
2018-02-05 00:00:00,4086.719970703125,4086.719970703125,4026.219970703125,4027.43994140625,142381100
2018-02-06 00:00:00,4027.409912109375,4027.409912109375,3899.929931640625,3924.949951171875,206105400
2018-02-07 00:00:00,3924.969970703125,4017.510009765625,3924.969970703125,4002.510009765625,159572200
2018-02-08 00:00:00,4002.5,4002.5,3937.530029296875,3941.25,148673500
2018-02-09 00:00:00,3941.22998046875,3941.22998046875,3893.139892578125,3902.85009765625,145257500
2018-02-12 00:00:00,3902.800048828125,3959.72998046875,3902.800048828125,3946.419921875,112384500
2018-02-13 00:00:00,3946.419921875,3959.4599609375,3939.7099609375,3939.7099609375,113151200
2018-02-14 00:00:00,3939.7099609375,3978.64990234375,3929.610107421875,3964.969970703125,140910700
2018-02-15 00:00:00,3964.969970703125,3995.85009765625,3964.93994140625,3978.89990234375,127952100
2018-02-16 00:00:00,3978.909912109375,4017.31005859375,3978.909912109375,4012.280029296875,104873600
2018-02-19 00:00:00,4012.2900390625,4018.2099609375,3984.969970703125,3988.330078125,81721700
2018-02-20 00:00:00,3988.340087890625,3997.239990234375,3970.889892578125,3991.89990234375,106310400
2018-02-21 00:00:00,3991.909912109375,4012.030029296875,3976.77001953125,4007.429931640625,139734600
2018-02-22 00:00:00,4007.43994140625,4007.43994140625,3960.5400390625,3992.39990234375,145829000
2018-02-23 00:00:00,3992.39990234375,3996.81005859375,3978.969970703125,3991.5,111844600
2018-02-26 00:00:00,3991.5,4023.14990234375,3991.5,4012.75,99552300
2018-02-27 00:00:00,4012.760009765625,4032.10009765625,4007.409912109375,4011.52001953125,117795200
2018-02-28 00:00:00,4011.530029296875,4014.1201171875,3981.610107421875,3981.610107421875,141813900
2018-03-01 00:00:00,3981.6201171875,3981.6201171875,3942.580078125,3953.280029296875,135797200
2018-03-02 00:00:00,3953.2900390625,3953.2900390625,3896.77001953125,3899.699951171875,141111000
2018-03-05 00:00:00,3899.68994140625,3928.320068359375,3897.1201171875,3927.22998046875,138203800
2018-03-06 00:00:00,3927.22998046875,3968.5400390625,3927.090087890625,3945.72998046875,123943900
2018-03-07 00:00:00,3945.72998046875,3963.27001953125,3929.340087890625,3952.800048828125,130926800
2018-03-08 00:00:00,3952.7900390625,3984.090087890625,3947.340087890625,3979.760009765625,121436600
2018-03-09 00:00:00,3979.760009765625,3993.449951171875,3974.39990234375,3993.449951171875,114952000
2018-03-12 00:00:00,3993.449951171875,4008.0,3981.39990234375,3991.0400390625,110773100
2018-03-13 00:00:00,3991.030029296875,3992.7900390625,3942.3701171875,3948.56005859375,132911000
2018-03-14 00:00:00,3948.56005859375,3968.14990234375,3939.5400390625,3943.6298828125,121325700
2018-03-15 00:00:00,3943.6298828125,3957.969970703125,3940.5,3947.159912109375,132267900
2018-03-16 00:00:00,3947.219970703125,3968.31005859375,3943.25,3957.080078125,257057400
2018-03-19 00:00:00,3957.06005859375,3957.06005859375,3895.080078125,3898.510009765625,130234300
2018-03-20 00:00:00,3898.5,3917.1201171875,3898.1201171875,3907.72998046875,122696400
2018-03-21 00:00:00,3907.7099609375,3909.840087890625,3884.610107421875,3895.31005859375,128220600
2018-03-22 00:00:00,3895.320068359375,3895.320068359375,3828.489990234375,3846.8798828125,144849700
2018-03-23 00:00:00,3846.93994140625,3846.93994140625,3802.419921875,3830.25,155190500
2018-03-25 23:00:00,3830.2099609375,3847.280029296875,3799.39990234375,3810.81005859375,115140000
2018-03-26 23:00:00,3810.820068359375,3887.8798828125,3810.820068359375,3866.919921875,113291600
2018-03-27 23:00:00,3867.030029296875,3885.159912109375,3825.669921875,3885.159912109375,117732000
2018-03-28 23:00:00,3885.14990234375,3918.8798828125,3885.110107421875,3894.169921875,141955700
2018-04-02 23:00:00,3894.179931640625,3897.25,3860.6298828125,3881.0400390625,126708600
2018-04-03 23:00:00,3881.06005859375,3887.590087890625,3848.659912109375,3876.6298828125,125499100
2018-04-04 23:00:00,3876.639892578125,3961.280029296875,3876.639892578125,3961.280029296875,126075100
2018-04-05 23:00:00,3961.27001953125,3968.47998046875,3943.56005859375,3953.469970703125,108837500
2018-04-08 23:00:00,3953.510009765625,3966.330078125,3933.429931640625,3956.840087890625,103589400
2018-04-09 23:00:00,3956.889892578125,3995.860107421875,3956.889892578125,3995.860107421875,118084500
2018-04-10 23:00:00,3995.840087890625,3997.68994140625,3983.389892578125,3991.85009765625,122495400
2018-04-11 23:00:00,3991.830078125,3999.75,3985.570068359375,3996.5400390625,119929100
2018-04-12 23:00:00,3996.52001953125,4007.199951171875,3991.31005859375,4001.330078125,112571800
2018-04-15 23:00:00,4001.3798828125,4002.3701171875,3969.080078125,3970.0,128245100
2018-04-16 23:00:00,3969.969970703125,3992.0,3966.89990234375,3984.510009765625,123920500
2018-04-17 23:00:00,3984.510009765625,4035.570068359375,3984.510009765625,4031.919921875,140495700
2018-04-18 23:00:00,4031.909912109375,4046.169921875,4031.800048828125,4042.300048828125,129583600
2018-04-19 23:00:00,4042.2900390625,4062.300048828125,4039.860107421875,4062.300048828125,125360800
2018-04-22 23:00:00,4062.2900390625,4081.43994140625,4059.530029296875,4078.949951171875,146435900
2018-04-23 23:00:00,4078.93994140625,4095.429931640625,4074.43994140625,4086.9599609375,135023000
2018-04-24 23:00:00,4086.949951171875,4087.5,4039.780029296875,4059.929931640625,133474400
2018-04-25 23:00:00,4059.909912109375,4083.530029296875,4048.909912109375,4083.530029296875,123330500
2018-04-26 23:00:00,4083.5,4126.1201171875,4083.429931640625,4123.919921875,113410100
2018-04-29 23:00:00,4123.919921875,4146.7001953125,4121.8701171875,4127.68017578125,143236200
2018-04-30 23:00:00,4127.68994140625,4149.83984375,4126.419921875,4135.31005859375,90798100
2018-05-01 23:00:00,4135.31982421875,4163.60986328125,4135.31982421875,4150.85009765625,133300100
2018-05-02 23:00:00,4150.830078125,4156.0,4123.3798828125,4128.1201171875,127263100
2018-05-03 23:00:00,4128.10986328125,4160.58984375,4128.10986328125,4158.64013671875,142248200
2018-05-07 23:00:00,4158.6201171875,4177.9501953125,4156.64013671875,4164.35986328125,132700900
2018-05-08 23:00:00,4164.33984375,4210.60009765625,4164.33984375,4210.60009765625,138121900
2018-05-09 23:00:00,4210.60986328125,4230.83984375,4196.1201171875,4228.419921875,130676600
2018-05-10 23:00:00,4228.41015625,4243.89013671875,4227.22998046875,4242.0400390625,119726100
2018-05-13 23:00:00,4242.009765625,4244.7099609375,4224.85009765625,4236.830078125,118348600
2018-05-14 23:00:00,4236.830078125,4257.1298828125,4226.7998046875,4241.8798828125,157139700
2018-05-15 23:00:00,4241.919921875,4253.35009765625,4239.81982421875,4248.77978515625,143403800
2018-05-16 23:00:00,4248.759765625,4278.58984375,4239.25,4278.58984375,129521400
2018-05-17 23:00:00,4278.580078125,4279.68994140625,4260.759765625,4273.81005859375,151867800
2018-05-20 23:00:00,4273.81982421875,4318.75,4273.68994140625,4314.7001953125,106410600
2018-05-21 23:00:00,4314.7001953125,4336.77001953125,4313.259765625,4324.41015625,129160100
2018-05-22 23:00:00,4324.39013671875,4324.39013671875,4267.72998046875,4278.27978515625,137133600
2018-05-23 23:00:00,4278.2998046875,4286.2099609375,4244.7099609375,4244.7099609375,137622800
2018-05-24 23:00:00,4244.68017578125,4264.419921875,4242.39990234375,4255.2001953125,131362600
2018-05-28 23:00:00,4255.2001953125,4255.2001953125,4191.31982421875,4199.2998046875,186076200
2018-05-29 23:00:00,4199.2900390625,4226.47021484375,4191.39013671875,4226.47021484375,144916900
2018-05-30 23:00:00,4226.47021484375,4247.14013671875,4208.9599609375,4222.2001953125,240853600
2018-05-31 23:00:00,4222.18017578125,4258.72021484375,4222.18017578125,4237.5498046875,119285100
2018-06-03 23:00:00,4237.60009765625,4272.39990234375,4237.58984375,4259.89990234375,112913500
2018-06-04 23:00:00,4259.89990234375,4261.5400390625,4233.759765625,4233.759765625,134626200
2018-06-05 23:00:00,4233.83984375,4257.18994140625,4229.43994140625,4249.81982421875,133371700
2018-06-06 23:00:00,4249.81982421875,4269.2099609375,4242.64990234375,4245.8798828125,151452100
2018-06-07 23:00:00,4245.8798828125,4251.02978515625,4212.759765625,4235.3798828125,116267700
2018-06-10 23:00:00,4235.39013671875,4274.080078125,4235.3798828125,4265.7099609375,120982200
2018-06-11 23:00:00,4265.68994140625,4278.35986328125,4247.27978515625,4248.85009765625,127908100
2018-06-12 23:00:00,4248.85986328125,4269.66015625,4237.27978515625,4248.1201171875,132670300
2018-06-13 23:00:00,4248.1298828125,4291.83984375,4220.490234375,4278.7001953125,168483900
2018-06-14 23:00:00,4278.7001953125,4283.7998046875,4209.93994140625,4209.93994140625,259213100
2018-06-17 23:00:00,4209.990234375,4215.3701171875,4192.97021484375,4208.43017578125,105423100
2018-06-18 23:00:00,4208.43994140625,4208.43994140625,4163.85009765625,4190.43994140625,140727600
2018-06-19 23:00:00,4190.4501953125,4241.7001953125,4190.4501953125,4203.66015625,129042700
2018-06-20 23:00:00,4203.66015625,4225.06005859375,4161.5,4164.990234375,117086200
2018-06-21 23:00:00,4164.97998046875,4233.31005859375,4164.89990234375,4230.43017578125,126252400
2018-06-24 23:00:00,4230.39013671875,4230.39013671875,4144.740234375,4145.56982421875,117055000
2018-06-25 23:00:00,4145.56982421875,4170.4501953125,4145.509765625,4157.22021484375,147838400
2018-06-26 23:00:00,4157.240234375,4203.27001953125,4141.66015625,4197.1298828125,209444000
2018-06-27 23:00:00,4197.1201171875,4199.22998046875,4167.97021484375,4188.60009765625,119613800
2018-06-28 23:00:00,4188.60986328125,4234.85986328125,4188.60986328125,4202.25,135476300
2018-07-01 23:00:00,4202.27978515625,4202.27978515625,4154.16015625,4155.35986328125,120807800
2018-07-02 23:00:00,4155.39013671875,4195.39990234375,4154.7001953125,4177.83984375,142958500
2018-07-03 23:00:00,4177.85986328125,4177.85986328125,4162.52978515625,4168.7099609375,85973300
2018-07-04 23:00:00,4168.740234375,4192.56005859375,4168.25,4180.72998046875,104582600
2018-07-05 23:00:00,4180.759765625,4193.89990234375,4165.02978515625,4187.169921875,104186100
2018-07-08 23:00:00,4187.14013671875,4229.93994140625,4187.14013671875,4225.2099609375,107288900
2018-07-09 23:00:00,4225.22021484375,4238.919921875,4220.81005859375,4228.43994140625,107911300
2018-07-10 23:00:00,4228.419921875,4228.419921875,4169.240234375,4176.22021484375,117829300
2018-07-11 23:00:00,4176.2099609375,4212.68994140625,4176.169921875,4207.1201171875,111940000
2018-07-12 23:00:00,4207.14013671875,4240.490234375,4207.14013671875,4213.22021484375,91224800
2018-07-15 23:00:00,4213.22998046875,4218.8798828125,4170.56982421875,4185.4599609375,103980800
2018-07-16 23:00:00,4185.47021484375,4206.8701171875,4177.89990234375,4199.68994140625,115613600
2018-07-17 23:00:00,4199.68017578125,4231.330078125,4199.56005859375,4225.58984375,103729900
2018-07-18 23:00:00,4225.580078125,4234.58984375,4215.9501953125,4226.1298828125,108473000
2018-07-19 23:00:00,4226.1298828125,4236.509765625,4199.75,4224.5,112776200
2018-07-22 23:00:00,4224.490234375,4224.490234375,4195.7900390625,4208.75,88476400
2018-07-23 23:00:00,4208.759765625,4250.7998046875,4205.9501953125,4235.7998046875,123306600
2018-07-24 23:00:00,4235.7998046875,4236.47998046875,4200.97998046875,4209.3798828125,101102200
2018-07-25 23:00:00,4209.39013671875,4222.39990234375,4201.259765625,4212.10009765625,99756900
2018-07-26 23:00:00,4212.10009765625,4239.14013671875,4211.91015625,4232.64013671875,111769800
2018-07-29 23:00:00,4232.6298828125,4239.43994140625,4212.4599609375,4232.1298828125,110109900
2018-07-30 23:00:00,4232.1298828125,4270.02001953125,4230.72998046875,4253.31005859375,143980100
2018-07-31 23:00:00,4253.31005859375,4253.77978515625,4198.31982421875,4208.6298828125,141154000
2018-08-01 23:00:00,4208.6298828125,4208.669921875,4155.0498046875,4165.5498046875,146407200
2018-08-02 23:00:00,4165.5400390625,4209.4501953125,4165.5400390625,4205.7001953125,101188500
2018-08-05 23:00:00,4205.68994140625,4217.52001953125,4196.259765625,4208.22021484375,122853200
2018-08-06 23:00:00,4208.2099609375,4250.39990234375,4207.85009765625,4233.52001953125,112079000
2018-08-07 23:00:00,4233.52978515625,4268.77001953125,4229.81005859375,4263.0,103683300
2018-08-08 23:00:00,4262.990234375,4263.06005859375,4235.169921875,4248.580078125,100063600
2018-08-09 23:00:00,4248.580078125,4248.580078125,4205.35009765625,4210.66015625,98571300
2018-08-12 23:00:00,4210.66015625,4210.66015625,4183.009765625,4196.1298828125,95736800
2018-08-13 23:00:00,4196.14013671875,4209.6298828125,4175.08984375,4179.990234375,115921300
2018-08-14 23:00:00,4179.97021484375,4189.91015625,4111.9599609375,4122.240234375,137809000
2018-08-15 23:00:00,4122.22998046875,4157.35009765625,4122.22998046875,4153.08984375,121693700
2018-08-16 23:00:00,4153.08984375,4162.89013671875,4131.97998046875,4153.81982421875,98136000
2018-08-19 23:00:00,4153.8798828125,4183.7001953125,4153.8798828125,4171.56982421875,86482700
2018-08-20 23:00:00,4171.56005859375,4178.7099609375,4158.81982421875,4164.2998046875,89937400
2018-08-21 23:00:00,4164.31005859375,4184.419921875,4148.240234375,4167.830078125,92531100
2018-08-22 23:00:00,4167.830078125,4182.39013671875,4162.60986328125,4163.3798828125,88951900
2018-08-23 23:00:00,4163.39013671875,4175.490234375,4161.0400390625,4170.8701171875,78314400
2018-08-27 23:00:00,4170.8701171875,4202.77001953125,4170.8701171875,4194.240234375,93329800
2018-08-28 23:00:00,4194.240234375,4203.6201171875,4157.740234375,4166.60009765625,106154900
2018-08-29 23:00:00,4166.6201171875,4166.6201171875,4133.0,4143.64990234375,94862000
2018-08-30 23:00:00,4143.669921875,4143.72998046875,4105.1201171875,4106.14013671875,121787100
2018-09-02 23:00:00,4106.14990234375,4144.47998046875,4106.08984375,4138.83984375,73380400
2018-09-03 23:00:00,4138.83984375,4154.0498046875,4103.7900390625,4113.259765625,104044600
2018-09-04 23:00:00,4113.27001953125,4113.27001953125,4061.669921875,4074.6201171875,130955600
2018-09-05 23:00:00,4074.6201171875,4080.35009765625,4039.6201171875,4042.340087890625,124936200
2018-09-06 23:00:00,4042.31005859375,4046.06005859375,3992.89990234375,4022.0,132653800
2018-09-09 23:00:00,4021.97998046875,4035.969970703125,4011.300048828125,4023.1298828125,117415500
2018-09-10 23:00:00,4023.14990234375,4023.699951171875,3993.18994140625,4019.280029296875,103890400
2018-09-11 23:00:00,4019.280029296875,4047.31005859375,4010.77001953125,4042.219970703125,109513200
2018-09-12 23:00:00,4042.18994140625,4044.580078125,4020.409912109375,4023.77001953125,102448100
2018-09-13 23:00:00,4023.77001953125,4045.919921875,4023.77001953125,4038.110107421875,94791600
2018-09-16 23:00:00,4038.1298828125,4045.360107421875,4020.669921875,4036.989990234375,96340100
2018-09-17 23:00:00,4036.989990234375,4048.7099609375,4028.219970703125,4038.989990234375,113177500
2018-09-18 23:00:00,4036.989990234375,4061.590087890625,4028.219970703125,4054.6298828125,121420300
2018-09-19 23:00:00,4054.6298828125,4072.419921875,4051.6201171875,4072.139892578125,130221900
2018-09-20 23:00:00,4072.110107421875,4131.47021484375,4072.110107421875,4128.580078125,241040200
2018-09-23 23:00:00,4128.58984375,4128.990234375,4107.47021484375,4110.7099609375,106564700
2018-09-24 23:00:00,4110.68017578125,4137.33984375,4109.81982421875,4131.85009765625,116584200
2018-09-25 23:00:00,4131.85986328125,4138.31982421875,4123.080078125,4132.85009765625,105910800
2018-09-26 23:00:00,4132.81982421875,4149.64013671875,4123.72021484375,4145.89013671875,106343500
2018-09-27 23:00:00,4145.91015625,4147.75,4111.990234375,4127.91015625,134833800
2018-09-30 23:00:00,4127.85986328125,4139.919921875,4109.35009765625,4124.60009765625,116508100
2018-10-01 23:00:00,4124.64990234375,4124.64990234375,4097.3701171875,4110.81005859375,121301900
2018-10-02 23:00:00,4110.85986328125,4135.2998046875,4110.85986328125,4127.5498046875,120662600
2018-10-03 23:00:00,4127.52001953125,4127.52001953125,4076.31005859375,4078.469970703125,124798200
2018-10-04 23:00:00,4078.449951171875,4080.06005859375,4028.18994140625,4028.18994140625,114853000
2018-10-07 23:00:00,4028.199951171875,4028.760009765625,3980.260009765625,3980.260009765625,103447000
2018-10-08 23:00:00,3980.22998046875,3988.679931640625,3952.929931640625,3978.639892578125,119707900
2018-10-09 23:00:00,3978.639892578125,3980.590087890625,3926.860107421875,3926.860107421875,151170100
2018-10-10 23:00:00,3926.840087890625,3926.840087890625,3846.31005859375,3848.580078125,179780900
2018-10-11 23:00:00,3848.570068359375,3887.590087890625,3848.570068359375,3850.159912109375,136269300
2018-10-14 23:00:00,3850.159912109375,3864.389892578125,3828.179931640625,3859.27001953125,110289600
2018-10-15 23:00:00,3859.27001953125,3885.070068359375,3849.47998046875,3885.070068359375,121260500
2018-10-16 23:00:00,3885.030029296875,3899.419921875,3861.580078125,3878.2099609375,113094200
2018-10-17 23:00:00,3878.199951171875,3890.97998046875,3864.6201171875,3864.6201171875,101881400
2018-10-18 23:00:00,3864.6298828125,3878.93994140625,3852.820068359375,3868.489990234375,122029200
2018-10-21 23:00:00,3868.469970703125,3901.18994140625,3863.5400390625,3864.0400390625,112446100
2018-10-22 23:00:00,3864.050048828125,3864.050048828125,3796.89990234375,3809.969970703125,154348500
2018-10-23 23:00:00,3809.97998046875,3860.0,3809.97998046875,3815.7900390625,118729200
2018-10-24 23:00:00,3815.7900390625,3836.719970703125,3774.429931640625,3836.719970703125,130350200
2018-10-25 23:00:00,3836.719970703125,3836.719970703125,3759.179931640625,3800.409912109375,117283000
2018-10-29 00:00:00,3800.4599609375,3880.239990234375,3800.4599609375,3846.969970703125,112195000
2018-10-30 00:00:00,3846.97998046875,3864.840087890625,3828.89990234375,3854.679931640625,109045500
2018-10-31 00:00:00,3854.68994140625,3920.8798828125,3854.68994140625,3904.22998046875,136682200
2018-11-01 00:00:00,3904.239990234375,3931.510009765625,3884.760009765625,3907.10009765625,155713600
2018-11-02 00:00:00,3907.090087890625,3950.840087890625,3904.31005859375,3904.31005859375,121927400
2018-11-05 00:00:00,3904.2900390625,3918.320068359375,3893.659912109375,3900.25,82743700
2018-11-06 00:00:00,3900.239990234375,3907.080078125,3865.31005859375,3870.419921875,96788200
2018-11-07 00:00:00,3870.409912109375,3917.8798828125,3870.409912109375,3909.1201171875,103889200
2018-11-08 00:00:00,3909.110107421875,3938.02001953125,3909.10009765625,3923.320068359375,102288500
2018-11-09 00:00:00,3923.35009765625,3923.35009765625,3887.35009765625,3901.719970703125,99228700
2018-11-12 00:00:00,3901.75,3942.56005859375,3868.409912109375,3868.409912109375,109560600
2018-11-13 00:00:00,3868.419921875,3894.8798828125,3854.949951171875,3873.969970703125,147758200
2018-11-14 00:00:00,3873.97998046875,3903.530029296875,3837.070068359375,3863.320068359375,91311100
2018-11-15 00:00:00,3862.360107421875,3884.409912109375,3825.85009765625,3857.1298828125,174789200
2018-11-16 00:00:00,3857.090087890625,3885.52001953125,3823.0400390625,3843.090087890625,142992500
2018-11-19 00:00:00,3843.110107421875,3873.18994140625,3833.5,3835.3701171875,116071200
2018-11-20 00:00:00,3835.3701171875,3840.070068359375,3783.580078125,3805.0400390625,130518600
2018-11-21 00:00:00,3805.030029296875,3860.820068359375,3805.030029296875,3857.889892578125,125834600
2018-11-22 00:00:00,3857.8701171875,3857.8701171875,3806.179931640625,3815.77001953125,108099900
2018-11-23 00:00:00,3815.77001953125,3828.77001953125,3792.18994140625,3812.320068359375,100315500
2018-11-26 00:00:00,3812.320068359375,3860.8701171875,3812.31005859375,3855.719970703125,114122800
2018-11-27 00:00:00,3855.699951171875,3859.739990234375,3829.179931640625,3845.169921875,126580800
2018-11-28 00:00:00,3845.169921875,3864.39990234375,3830.47998046875,3839.179931640625,122633100
2018-11-29 00:00:00,3839.179931640625,3873.89990234375,3839.179931640625,3853.360107421875,121472100
2018-11-30 00:00:00,3853.3701171875,3854.43994140625,3816.2900390625,3823.340087890625,176428000
2018-12-03 00:00:00,3823.35009765625,3905.3798828125,3823.35009765625,3863.090087890625,130561600
2018-12-04 00:00:00,3863.080078125,3876.47998046875,3831.530029296875,3837.070068359375,129719700
2018-12-05 00:00:00,3837.06005859375,3838.77001953125,3786.699951171875,3789.8701171875,123294300
2018-12-06 00:00:00,3789.860107421875,3789.860107421875,3659.409912109375,3674.030029296875,147622100
2018-12-07 00:00:00,3674.02001953125,3756.080078125,3674.02001953125,3710.659912109375,127927400
2018-12-10 00:00:00,3710.64990234375,3721.570068359375,3671.449951171875,3672.2099609375,125572500
2018-12-11 00:00:00,3672.219970703125,3743.030029296875,3672.219970703125,3715.7900390625,126286500
2018-12-12 00:00:00,3715.77001953125,3769.159912109375,3715.77001953125,3759.530029296875,149747900
2018-12-13 00:00:00,3759.530029296875,3773.090087890625,3741.93994140625,3752.659912109375,112128000
2018-12-14 00:00:00,3752.659912109375,3752.669921875,3705.52001953125,3732.9599609375,107627700
2018-12-17 00:00:00,3732.9599609375,3732.9599609375,3687.47998046875,3692.570068359375,113199700
2018-12-18 00:00:00,3692.570068359375,3692.570068359375,3662.989990234375,3662.989990234375,130950300
2018-12-19 00:00:00,3662.989990234375,3704.159912109375,3661.419921875,3694.97998046875,120817800
2018-12-20 00:00:00,3694.97998046875,3694.97998046875,3630.010009765625,3665.14990234375,138682200
2018-12-21 00:00:00,3665.14990234375,3672.9599609375,3637.300048828125,3668.659912109375,236539400
2018-12-24 00:00:00,3668.659912109375,3668.659912109375,3639.580078125,3648.159912109375,30540300
2018-12-27 00:00:00,3648.159912109375,3669.39990234375,3573.330078125,3596.070068359375,85944000
2018-12-28 00:00:00,3596.070068359375,3679.139892578125,3596.070068359375,3675.27001953125,78062100
2018-12-31 00:00:00,3675.27001953125,3687.330078125,3670.7099609375,3675.06005859375,34166100
2019-01-02 00:00:00,3675.06005859375,3688.570068359375,3609.68994140625,3681.3701171875,92608400
2019-01-03 00:00:00,3681.3701171875,3689.1298828125,3656.10009765625,3657.52001953125,101508900
2019-01-04 00:00:00,3657.52001953125,3739.320068359375,3657.52001953125,3733.550048828125,99162600
2019-01-07 00:00:00,3733.550048828125,3753.22998046875,3712.580078125,3728.72998046875,109474300
2019-01-08 00:00:00,3728.72998046875,3779.389892578125,3726.449951171875,3758.889892578125,113254700
2019-01-09 00:00:00,3758.889892578125,3801.800048828125,3758.889892578125,3787.429931640625,126130700
2019-01-10 00:00:00,3787.429931640625,3807.330078125,3765.68994140625,3804.39990234375,102426100
2019-01-11 00:00:00,3804.39990234375,3833.39990234375,3789.570068359375,3797.1298828125,110991100
2019-01-14 00:00:00,3797.1298828125,3797.1298828125,3757.02001953125,3764.02001953125,110637000
2019-01-15 00:00:00,3764.02001953125,3789.989990234375,3761.0400390625,3782.110107421875,105253000
2019-01-16 00:00:00,3782.110107421875,3790.570068359375,3761.419921875,3769.070068359375,114169600
2019-01-17 00:00:00,3769.070068359375,3769.070068359375,3738.409912109375,3757.860107421875,90438100
2019-01-18 00:00:00,3757.860107421875,3833.159912109375,3757.860107421875,3826.1201171875,125702300
2019-01-21 00:00:00,3826.1201171875,3835.8701171875,3818.64990234375,3827.669921875,75228500
2019-01-22 00:00:00,3827.669921875,3827.669921875,3783.909912109375,3794.199951171875,98994000
2019-01-23 00:00:00,3794.199951171875,3794.31005859375,3760.929931640625,3764.8701171875,107112400
2019-01-24 00:00:00,3764.8701171875,3772.2099609375,3746.77001953125,3755.050048828125,97946500
2019-01-25 00:00:00,3755.050048828125,3775.010009765625,3750.830078125,3751.8798828125,108916400
2019-01-28 00:00:00,3751.8798828125,3753.27001953125,3714.7099609375,3720.070068359375,96726900
2019-01-29 00:00:00,3720.070068359375,3777.6298828125,3719.919921875,3764.7099609375,113927700
2019-01-30 00:00:00,3764.7099609375,3828.219970703125,3764.7099609375,3816.669921875,117636100
2019-01-31 00:00:00,3816.669921875,3844.3701171875,3814.25,3825.6201171875,132841900
2019-02-01 00:00:00,3825.6201171875,3853.7900390625,3825.60009765625,3851.89990234375,99673200
2019-02-04 00:00:00,3851.89990234375,3864.4599609375,3844.659912109375,3859.4599609375,98208300
2019-02-05 00:00:00,3859.4599609375,3928.669921875,3859.449951171875,3928.139892578125,103795900
2019-02-06 00:00:00,3928.139892578125,3934.27001953125,3913.570068359375,3928.3701171875,92330100
2019-02-07 00:00:00,3928.3701171875,3931.93994140625,3884.260009765625,3884.260009765625,100714000
2019-02-08 00:00:00,3884.260009765625,3893.77001953125,3866.5400390625,3869.43994140625,88865700
2019-02-11 00:00:00,3869.43994140625,3908.090087890625,3869.43994140625,3901.1201171875,92579100
2019-02-12 00:00:00,3901.1201171875,3920.300048828125,3897.469970703125,3903.010009765625,100798400
2019-02-13 00:00:00,3903.010009765625,3940.22998046875,3903.010009765625,3933.360107421875,96348400
2019-02-14 00:00:00,3933.360107421875,3951.050048828125,3926.610107421875,3934.2900390625,87782400
2019-02-15 00:00:00,3934.2900390625,3966.8701171875,3928.35009765625,3954.56005859375,105306400
2019-02-18 00:00:00,3954.56005859375,3962.409912109375,3944.260009765625,3951.780029296875,73677800
2019-02-19 00:00:00,3951.780029296875,3951.780029296875,3923.47998046875,3931.77001953125,97354500
2019-02-20 00:00:00,3931.77001953125,3958.5,3931.06005859375,3957.929931640625,124638300
2019-02-21 00:00:00,3957.929931640625,3958.169921875,3919.699951171875,3931.739990234375,115071900
2019-02-22 00:00:00,3931.739990234375,3958.18994140625,3929.719970703125,3938.10009765625,95905600
2019-02-25 00:00:00,3938.10009765625,3951.8798828125,3925.35009765625,3939.760009765625,99657300
2019-02-26 00:00:00,3939.760009765625,3939.760009765625,3900.18994140625,3925.89990234375,121058200
2019-02-27 00:00:00,3925.89990234375,3925.929931640625,3890.7900390625,3902.739990234375,122225900
2019-02-28 00:00:00,3902.739990234375,3902.780029296875,3869.64990234375,3888.81005859375,139284700
2019-03-01 00:00:00,3888.81005859375,3919.77001953125,3888.81005859375,3911.070068359375,110377800
2019-03-04 00:00:00,3911.070068359375,3938.72998046875,3911.070068359375,3923.72998046875,95160100
2019-03-05 00:00:00,3923.72998046875,3950.43994140625,3920.070068359375,3946.8701171875,118229500
2019-03-06 00:00:00,3946.8701171875,3958.610107421875,3940.050048828125,3949.64990234375,119473300
2019-03-07 00:00:00,3949.64990234375,3949.739990234375,3911.340087890625,3926.030029296875,109716800
2019-03-08 00:00:00,3926.030029296875,3926.030029296875,3884.02001953125,3897.489990234375,103688500
2019-03-11 00:00:00,3897.489990234375,3934.469970703125,3897.449951171875,3910.800048828125,103366400
2019-03-12 00:00:00,3910.800048828125,3929.909912109375,3890.830078125,3921.60009765625,117794800
2019-03-13 00:00:00,3921.60009765625,3935.6201171875,3910.1298828125,3926.89990234375,123786300
2019-03-14 00:00:00,3926.89990234375,3956.780029296875,3921.56005859375,3941.780029296875,129672100
2019-03-15 00:00:00,3941.780029296875,3972.77001953125,3941.760009765625,3968.31005859375,213545500
2019-03-18 00:00:00,3968.31005859375,4000.030029296875,3968.31005859375,4000.030029296875,100606600
2019-03-19 00:00:00,4000.030029296875,4024.93994140625,3997.2099609375,4013.60009765625,96199900
2019-03-20 00:00:00,4013.60009765625,4020.949951171875,3993.5,3993.5,123714900
2019-03-21 00:00:00,3993.5,4027.110107421875,3993.3798828125,4020.510009765625,114581100
2019-03-22 00:00:00,4020.510009765625,4021.530029296875,3935.739990234375,3942.590087890625,110058300
2019-03-25 00:00:00,3942.590087890625,3942.590087890625,3909.050048828125,3921.909912109375,97192000
2019-03-26 00:00:00,3921.909912109375,3946.300048828125,3917.989990234375,3932.739990234375,102403400
2019-03-27 00:00:00,3932.739990234375,3946.93994140625,3916.2099609375,3932.56005859375,116401000
2019-03-28 00:00:00,3932.56005859375,3967.080078125,3930.6298828125,3951.360107421875,93759600
2019-03-29 00:00:00,3951.360107421875,3982.5,3947.239990234375,3978.280029296875,122794300
2019-03-31 23:00:00,3978.280029296875,4015.320068359375,3978.280029296875,3999.830078125,107349400
2019-04-01 23:00:00,3999.830078125,4041.0400390625,3999.830078125,4035.52001953125,112897100
2019-04-02 23:00:00,4035.52001953125,4056.31005859375,4034.06005859375,4056.31005859375,132371400
2019-04-03 23:00:00,4056.31005859375,4056.31005859375,4030.47998046875,4046.6201171875,115033800
2019-04-04 23:00:00,4046.6201171875,4074.330078125,4045.47998046875,4067.43994140625,109257900
2019-04-07 23:00:00,4067.43994140625,4073.570068359375,4054.389892578125,4069.280029296875,96141900
2019-04-08 23:00:00,4069.280029296875,4080.6201171875,4049.159912109375,4054.7900390625,115873400
2019-04-09 23:00:00,4054.7900390625,4062.580078125,4049.580078125,4054.580078125,110633200
2019-04-10 23:00:00,4054.580078125,4068.0,4038.68994140625,4057.760009765625,104885800
2019-04-11 23:00:00,4057.760009765625,4076.679931640625,4054.469970703125,4069.89990234375,116335300
2019-04-14 23:00:00,4069.89990234375,4077.570068359375,4064.550048828125,4073.1201171875,89522100
2019-04-15 23:00:00,4073.1201171875,4098.52978515625,4073.090087890625,4092.0400390625,100714800
2019-04-16 23:00:00,4092.0400390625,4095.0400390625,4080.56005859375,4090.550048828125,103757900
2019-04-17 23:00:00,4090.550048828125,4091.219970703125,4072.840087890625,4084.739990234375,88139500
2019-04-22 23:00:00,4084.739990234375,4117.68017578125,4084.739990234375,4115.58984375,122080900
2019-04-23 23:00:00,4115.58984375,4115.93994140625,4086.889892578125,4096.240234375,107131200
2019-04-24 23:00:00,4096.240234375,4097.2099609375,4062.81005859375,4075.6298828125,112178300
2019-04-25 23:00:00,4075.6298828125,4081.27001953125,4058.639892578125,4072.72998046875,120885800
2019-04-28 23:00:00,4072.72998046875,4087.18994140625,4064.139892578125,4080.320068359375,86860300
2019-04-29 23:00:00,4080.320068359375,4084.820068359375,4056.89990234375,4067.97998046875,141990400
2019-04-30 23:00:00,4067.97998046875,4081.830078125,4049.949951171875,4052.60009765625,75423300
2019-05-01 23:00:00,4052.60009765625,4053.199951171875,4027.8701171875,4033.030029296875,109489700
2019-05-02 23:00:00,4033.030029296875,4063.889892578125,4032.669921875,4046.860107421875,91662600
2019-05-06 23:00:00,4046.860107421875,4046.89990234375,3981.0,3985.2099609375,134784200
2019-05-07 23:00:00,3985.2099609375,3995.530029296875,3967.260009765625,3991.929931640625,120243500
2019-05-08 23:00:00,3991.929931640625,3991.93994140625,3947.409912109375,3955.090087890625,127678700
2019-05-09 23:00:00,3955.090087890625,3987.2900390625,3949.830078125,3955.81005859375,106257200
2019-05-12 23:00:00,3955.81005859375,3961.02001953125,3924.1298828125,3929.52001953125,116600400
2019-05-13 23:00:00,3929.52001953125,3972.469970703125,3929.510009765625,3972.469970703125,113616500
2019-05-14 23:00:00,3972.469970703125,4000.43994140625,3964.530029296875,3997.669921875,124635200
2019-05-15 23:00:00,3997.669921875,4028.330078125,3984.3701171875,4028.330078125,111343900
2019-05-16 23:00:00,4028.330078125,4028.419921875,4004.760009765625,4025.27001953125,133564300
2019-05-19 23:00:00,4025.27001953125,4030.199951171875,3983.909912109375,4002.8798828125,120362700
2019-05-20 23:00:00,4002.8798828125,4033.8798828125,4002.8798828125,4014.43994140625,138902500
2019-05-21 23:00:00,4014.43994140625,4036.43994140625,4006.530029296875,4012.8701171875,132390000
2019-05-22 23:00:00,4012.8701171875,4012.8701171875,3947.889892578125,3957.010009765625,140411400
2019-05-23 23:00:00,3957.010009765625,3994.080078125,3956.97998046875,3981.610107421875,104336100
2019-05-27 23:00:00,3981.610107421875,4000.840087890625,3974.89990234375,3980.3798828125,202679700
2019-05-28 23:00:00,3980.3798828125,3980.3798828125,3920.68994140625,3934.169921875,108587200
2019-05-29 23:00:00,3934.169921875,3962.570068359375,3931.97998046875,3954.179931640625,102652300
2019-05-30 23:00:00,3954.179931640625,3954.179931640625,3909.159912109375,3923.8701171875,128183100
2019-06-02 23:00:00,3923.8701171875,3932.010009765625,3881.43994140625,3931.10009765625,109719300
2019-06-03 23:00:00,3931.10009765625,3951.72998046875,3907.199951171875,3948.1298828125,132162600
2019-06-04 23:00:00,3948.1298828125,3974.360107421875,3944.31005859375,3952.919921875,123095600
2019-06-05 23:00:00,3952.919921875,3978.570068359375,3952.219970703125,3970.3701171875,100352200
2019-06-06 23:00:00,3970.3701171875,4013.47998046875,3969.760009765625,4008.14990234375,100236100
2019-06-09 23:00:00,4008.14990234375,4032.179931640625,4008.14990234375,4030.56005859375,79041600
2019-06-10 23:00:00,4030.56005859375,4051.1298828125,4030.56005859375,4041.3701171875,104838500
2019-06-11 23:00:00,4041.3701171875,4041.3701171875,4006.010009765625,4024.800048828125,118688000
2019-06-12 23:00:00,4024.800048828125,4038.570068359375,4017.090087890625,4022.840087890625,100250600
2019-06-13 23:00:00,4022.840087890625,4022.97998046875,3997.39990234375,4010.800048828125,100363100
2019-06-16 23:00:00,4010.800048828125,4023.159912109375,4002.449951171875,4016.9599609375,94215800
2019-06-17 23:00:00,4016.9599609375,4073.18994140625,4009.56005859375,4060.6298828125,133001400
2019-06-18 23:00:00,4060.6298828125,4066.330078125,4038.949951171875,4040.929931640625,120041800
2019-06-19 23:00:00,4040.929931640625,4072.550048828125,4040.89990234375,4054.830078125,117119500
2019-06-20 23:00:00,4054.830078125,4069.419921875,4033.530029296875,4045.1201171875,258587600
2019-06-23 23:00:00,4045.1201171875,4057.4599609375,4041.510009765625,4047.949951171875,97554300
2019-06-24 23:00:00,4047.949951171875,4052.06005859375,4026.139892578125,4049.830078125,102422600
2019-06-25 23:00:00,4049.830078125,4055.530029296875,4041.31005859375,4046.050048828125,115056300
2019-06-26 23:00:00,4046.050048828125,4057.530029296875,4027.14990234375,4041.719970703125,113358500
2019-06-27 23:00:00,4041.719970703125,4061.530029296875,4041.330078125,4056.8798828125,116234100
2019-06-30 23:00:00,4056.8798828125,4109.68994140625,4056.8798828125,4095.179931640625,102793800
2019-07-01 23:00:00,4095.179931640625,4125.68017578125,4095.179931640625,4123.10009765625,114386400
2019-07-02 23:00:00,4123.10009765625,4154.990234375,4122.6298828125,4150.06982421875,110023900
2019-07-03 23:00:00,4150.06982421875,4156.72021484375,4147.0498046875,4147.97021484375,76253800
2019-07-04 23:00:00,4147.97021484375,4148.02978515625,4115.10009765625,4120.509765625,88103000
2019-07-07 23:00:00,4120.509765625,4129.81982421875,4112.22021484375,4115.7900390625,86856300
2019-07-08 23:00:00,4115.7900390625,4116.509765625,4097.47021484375,4105.85009765625,89840500
2019-07-09 23:00:00,4105.85009765625,4116.240234375,4095.139892578125,4101.8798828125,92565900
2019-07-10 23:00:00,4101.8798828125,4116.91015625,4090.35009765625,4093.5,99210500
2019-07-11 23:00:00,4093.5,4108.35009765625,4088.800048828125,4094.93994140625,121822900
2019-07-14 23:00:00,4094.93994140625,4115.16015625,4087.06005859375,4107.5,92953200
2019-07-15 23:00:00,4107.5,4136.330078125,4104.4599609375,4130.35986328125,100667600
2019-07-16 23:00:00,4130.35986328125,4130.919921875,4102.3701171875,4110.43994140625,95938700
2019-07-17 23:00:00,4110.43994140625,4110.4599609375,4084.610107421875,4088.570068359375,84684900
2019-07-18 23:00:00,4088.570068359375,4115.740234375,4081.2099609375,4098.31982421875,98259500
2019-07-21 23:00:00,4098.31982421875,4117.93017578125,4089.64990234375,4102.02001953125,95759600
2019-07-22 23:00:00,4102.02001953125,4143.080078125,4102.02001953125,4124.22021484375,100888100
2019-07-23 23:00:00,4124.22021484375,4125.97998046875,4090.699951171875,4100.35986328125,107966100
2019-07-24 23:00:00,4100.35986328125,4122.47998046875,4082.550048828125,4096.02978515625,107152300
2019-07-25 23:00:00,4096.02978515625,4126.10986328125,4095.320068359375,4124.080078125,117175100
2019-07-28 23:00:00,4124.080078125,4198.759765625,4123.759765625,4186.169921875,110820800
2019-07-29 23:00:00,4186.169921875,4205.740234375,4162.830078125,4164.68994140625,125094300
2019-07-30 23:00:00,4164.68994140625,4165.2099609375,4131.2099609375,4134.02978515625,166871000
2019-07-31 23:00:00,4134.02978515625,4144.64990234375,4109.259765625,4132.22998046875,133390200
2019-08-01 23:00:00,4132.22998046875,4132.22998046875,4035.919921875,4039.530029296875,159776900
2019-08-04 23:00:00,4039.530029296875,4039.530029296875,3932.85009765625,3944.14990234375,177537900
2019-08-05 23:00:00,3944.14990234375,3957.320068359375,3918.780029296875,3920.699951171875,161784600
2019-08-06 23:00:00,3920.699951171875,3955.169921875,3912.510009765625,3935.760009765625,139627900
2019-08-07 23:00:00,3935.760009765625,3981.330078125,3935.489990234375,3981.330078125,120986500
2019-08-08 23:00:00,3981.330078125,3986.659912109375,3957.570068359375,3965.5400390625,114226600
2019-08-11 23:00:00,3965.5400390625,3992.02001953125,3941.590087890625,3947.530029296875,110758900
2019-08-12 23:00:00,3947.530029296875,3975.659912109375,3918.35009765625,3961.159912109375,117587700
2019-08-13 23:00:00,3961.159912109375,3969.659912109375,3888.969970703125,3905.590087890625,135568800
2019-08-14 23:00:00,3905.590087890625,3907.570068359375,3841.860107421875,3865.550048828125,131613800
2019-08-15 23:00:00,3865.550048828125,3894.469970703125,3865.47998046875,3893.659912109375,102873100
2019-08-18 23:00:00,3893.659912109375,3943.530029296875,3893.659912109375,3936.2900390625,99922600
2019-08-19 23:00:00,3936.2900390625,3956.5400390625,3903.06005859375,3904.60009765625,114416600
2019-08-20 23:00:00,3904.60009765625,3951.030029296875,3903.25,3946.68994140625,94941600
2019-08-21 23:00:00,3946.68994140625,3946.68994140625,3899.840087890625,3912.93994140625,100547500
2019-08-22 23:00:00,3912.93994140625,3946.050048828125,3898.580078125,3898.580078125,103205600
2019-08-26 23:00:00,3898.580078125,3908.8701171875,3875.85009765625,3899.219970703125,129307600
2019-08-27 23:00:00,3899.219970703125,3914.030029296875,3878.2099609375,3905.47998046875,115075000
2019-08-28 23:00:00,3905.47998046875,3944.929931640625,3898.860107421875,3939.3701171875,104101200
2019-08-29 23:00:00,3939.3701171875,3968.389892578125,3936.969970703125,3953.02001953125,111227800
2019-09-01 23:00:00,3953.02001953125,4005.18994140625,3952.81005859375,3989.81005859375,76253100
2019-09-02 23:00:00,3989.81005859375,3998.659912109375,3967.179931640625,3982.6298828125,100919200
2019-09-03 23:00:00,3982.6298828125,4016.489990234375,3982.6298828125,4007.18994140625,119954500
2019-09-04 23:00:00,4007.18994140625,4016.239990234375,3980.080078125,3990.64990234375,113374700
2019-09-05 23:00:00,3990.64990234375,3998.179931640625,3978.39990234375,3998.179931640625,106376500
2019-09-08 23:00:00,3998.179931640625,4019.72998046875,3962.300048828125,3976.159912109375,121449800
2019-09-09 23:00:00,3976.159912109375,3993.179931640625,3959.60009765625,3992.489990234375,150768700
2019-09-10 23:00:00,3992.489990234375,4035.860107421875,3992.489990234375,4032.43994140625,130501500
2019-09-11 23:00:00,4032.43994140625,4047.590087890625,4014.2900390625,4035.2099609375,113728300
2019-09-12 23:00:00,4035.2099609375,4058.679931640625,4025.139892578125,4053.31005859375,144488700
2019-09-15 23:00:00,4053.31005859375,4058.27001953125,4028.7900390625,4028.7900390625,147665100
2019-09-16 23:00:00,4028.7900390625,4041.330078125,4013.080078125,4027.31005859375,162374900
2019-09-17 23:00:00,4027.31005859375,4042.909912109375,4020.1298828125,4024.85009765625,134297000
2019-09-18 23:00:00,4024.85009765625,4052.639892578125,4014.280029296875,4044.8798828125,113354500
2019-09-19 23:00:00,4044.8798828125,4054.7099609375,4030.030029296875,4042.860107421875,284996800
2019-09-22 23:00:00,4042.860107421875,4049.97998046875,4009.280029296875,4029.780029296875,92214000
2019-09-23 23:00:00,4029.780029296875,4039.0,4005.6298828125,4009.840087890625,101807500
2019-09-24 23:00:00,4009.77001953125,4010.06005859375,3966.840087890625,4003.60009765625,111747300
2019-09-25 23:00:00,4003.60009765625,4049.81005859375,3997.139892578125,4031.56005859375,111391000
2019-09-26 23:00:00,4031.56005859375,4074.89990234375,4031.5400390625,4071.2900390625,125851400
2019-09-29 23:00:00,4071.2900390625,4077.760009765625,4059.389892578125,4061.739990234375,123424400
2019-09-30 23:00:00,4061.739990234375,4074.489990234375,4035.02001953125,4038.4599609375,159720000
2019-10-01 23:00:00,4038.4599609375,4038.510009765625,3917.889892578125,3918.72998046875,116626700
2019-10-02 23:00:00,3918.72998046875,3921.72998046875,3857.719970703125,3893.780029296875,105964200
2019-10-03 23:00:00,3893.780029296875,3933.409912109375,3893.7099609375,3933.14990234375,94033700
2019-10-06 23:00:00,3933.14990234375,3954.699951171875,3921.820068359375,3950.219970703125,90689800
2019-10-07 23:00:00,3950.219970703125,3964.469970703125,3918.169921875,3918.169921875,111987100
2019-10-08 23:00:00,3918.169921875,3942.72998046875,3916.43994140625,3926.969970703125,93147300
2019-10-09 23:00:00,3926.969970703125,3949.639892578125,3909.469970703125,3938.330078125,110265800
2019-10-10 23:00:00,3938.330078125,3993.7900390625,3922.719970703125,3992.159912109375,218377600
2019-10-13 23:00:00,3992.159912109375,3994.2900390625,3958.77001953125,3974.43994140625,121384600
2019-10-14 23:00:00,3974.43994140625,3993.14990234375,3961.139892578125,3982.06005859375,169549700
2019-10-15 23:00:00,3982.06005859375,3983.300048828125,3951.35009765625,3962.679931640625,150412800
2019-10-16 23:00:00,3962.679931640625,3995.780029296875,3956.699951171875,3970.800048828125,162929100
2019-10-17 23:00:00,3970.800048828125,3978.530029296875,3955.030029296875,3956.889892578125,129668800
2019-10-20 23:00:00,3956.889892578125,3979.989990234375,3950.679931640625,3965.340087890625,130370200
2019-10-21 23:00:00,3965.340087890625,3991.0400390625,3956.669921875,3982.659912109375,131121700
2019-10-22 23:00:00,3982.659912109375,4006.139892578125,3972.6201171875,4003.989990234375,125332400
2019-10-23 23:00:00,4003.989990234375,4039.909912109375,4002.1298828125,4033.510009765625,115678500
2019-10-24 23:00:00,4033.510009765625,4034.030029296875,4005.989990234375,4030.10009765625,98633400
2019-10-28 00:00:00,4030.10009765625,4043.60009765625,4016.18994140625,4036.639892578125,100314900
2019-10-29 00:00:00,4036.639892578125,4038.22998046875,4004.550048828125,4024.0400390625,102904600
2019-10-30 00:00:00,4024.0400390625,4034.68994140625,4007.969970703125,4032.800048828125,106433500
2019-10-31 00:00:00,4032.800048828125,4035.610107421875,3992.89990234375,3993.4599609375,130989400
2019-11-01 00:00:00,3993.4599609375,4024.580078125,3993.449951171875,4022.739990234375,99373000
2019-11-04 00:00:00,4022.739990234375,4066.0,4022.739990234375,4055.89990234375,92025700
2019-11-05 00:00:00,4055.89990234375,4070.639892578125,4055.35009765625,4065.31005859375,113050500
2019-11-06 00:00:00,4065.31005859375,4067.699951171875,4051.77001953125,4066.860107421875,102929700
2019-11-07 00:00:00,4066.860107421875,4089.77001953125,4066.820068359375,4078.830078125,108241800
2019-11-08 00:00:00,4078.830078125,4078.830078125,4049.300048828125,4055.659912109375,94307100
2019-11-11 00:00:00,4055.659912109375,4055.659912109375,4007.2099609375,4043.570068359375,127334800
2019-11-12 00:00:00,4043.570068359375,4071.14990234375,4043.3701171875,4060.5400390625,138007700
2019-11-13 00:00:00,4060.5400390625,4060.5400390625,4024.929931640625,4048.919921875,110187400
2019-11-14 00:00:00,4048.919921875,4048.9599609375,4020.949951171875,4020.949951171875,103345000
2019-11-15 00:00:00,4020.949951171875,4041.330078125,3997.72998046875,4031.989990234375,112096200
2019-11-18 00:00:00,4031.989990234375,4049.3798828125,4028.330078125,4035.469970703125,109993900
2019-11-19 00:00:00,4035.469970703125,4085.9599609375,4035.469970703125,4045.93994140625,104050600
2019-11-20 00:00:00,4045.93994140625,4045.93994140625,3995.10009765625,4016.889892578125,117464900
2019-11-21 00:00:00,4016.889892578125,4016.889892578125,3980.820068359375,4002.3701171875,102424300
2019-11-22 00:00:00,4002.3701171875,4053.169921875,4002.3701171875,4045.739990234375,105512500
2019-11-25 00:00:00,4045.739990234375,4084.719970703125,4045.699951171875,4083.8798828125,95325500
2019-11-26 00:00:00,4083.8798828125,4097.10009765625,4079.0,4092.77001953125,173359300
2019-11-27 00:00:00,4092.77001953125,4114.58984375,4091.56005859375,4108.08984375,103926400
2019-11-28 00:00:00,4108.08984375,4108.08984375,4086.669921875,4104.5400390625,93356400
2019-11-29 00:00:00,4104.5400390625,4106.22998046875,4066.72998046875,4066.72998046875,96638300
2019-12-02 00:00:00,4066.72998046875,4092.340087890625,4030.889892578125,4035.77001953125,140166500
2019-12-03 00:00:00,4035.77001953125,4035.780029296875,3957.64990234375,3971.64990234375,125903000
2019-12-04 00:00:00,3971.64990234375,3990.919921875,3963.56005859375,3990.919921875,108411300
2019-12-05 00:00:00,3990.919921875,3994.989990234375,3965.929931640625,3969.840087890625,112778400
2019-12-06 00:00:00,3969.840087890625,4023.2099609375,3969.840087890625,4023.2099609375,91246500
2019-12-09 00:00:00,4023.2099609375,4028.239990234375,4010.139892578125,4020.330078125,118447700
2019-12-10 00:00:00,4020.330078125,4020.590087890625,3970.989990234375,4006.1201171875,121484000
2019-12-11 00:00:00,4006.1201171875,4022.719970703125,3990.159912109375,4003.030029296875,133332000
2019-12-12 00:00:00,4003.030029296875,4048.719970703125,4002.9599609375,4033.409912109375,129248300
2019-12-13 00:00:00,4033.409912109375,4133.93017578125,4019.14990234375,4095.030029296875,292982400
2019-12-16 00:00:00,4095.030029296875,4198.5,4094.93994140625,4183.97021484375,175944900
2019-12-17 00:00:00,4183.97021484375,4184.1201171875,4164.509765625,4179.5400390625,163879600
2019-12-18 00:00:00,4179.5400390625,4193.85009765625,4174.64013671875,4186.14013671875,113737000
2019-12-19 00:00:00,4186.14013671875,4201.66015625,4178.27001953125,4200.8701171875,109005200
2019-12-20 00:00:00,4200.8701171875,4212.22021484375,4194.9599609375,4206.27001953125,190723000
2019-12-23 00:00:00,4206.27001953125,4233.89013671875,4197.43017578125,4230.509765625,81180400
2019-12-24 00:00:00,4230.509765625,4240.08984375,4223.47021484375,4239.27978515625,29278000
2019-12-27 00:00:00,4239.27978515625,4254.56005859375,4234.64013671875,4247.58984375,54890500
2019-12-30 00:00:00,4247.58984375,4247.58984375,4217.81982421875,4217.81982421875,57773400
2019-12-31 00:00:00,4217.81982421875,4218.02978515625,4192.77001953125,4196.47021484375,34536100
2020-01-02 00:00:00,4196.47021484375,4238.7099609375,4196.47021484375,4231.66015625,79364400
2020-01-03 00:00:00,4231.66015625,4236.91015625,4200.8701171875,4235.64990234375,83366200
2020-01-06 00:00:00,4235.64990234375,4235.64990234375,4184.39013671875,4206.97021484375,90224600
2020-01-07 00:00:00,4206.93017578125,4223.56982421875,4202.080078125,4209.33984375,97139500
2020-01-08 00:00:00,4209.33984375,4209.33984375,4180.77978515625,4203.43994140625,153569300
2020-01-09 00:00:00,4203.43994140625,4227.8701171875,4203.43994140625,4213.77001953125,147004900
2020-01-10 00:00:00,4213.77001953125,4230.580078125,4206.5498046875,4206.72021484375,123696400
2020-01-13 00:00:00,4206.72021484375,4235.3701171875,4206.419921875,4225.77978515625,113700200
2020-01-14 00:00:00,4225.77978515625,4243.97998046875,4212.5498046875,4229.22998046875,117803600
2020-01-15 00:00:00,4229.22998046875,4237.7099609375,4221.259765625,4237.58984375,127340800
2020-01-16 00:00:00,4237.58984375,4244.31982421875,4215.06982421875,4222.7900390625,113730400
2020-01-17 00:00:00,4222.7900390625,4264.83984375,4222.7900390625,4257.93017578125,103291100
2020-01-20 00:00:00,4257.93017578125,4262.330078125,4240.58984375,4245.56982421875,107433200
2020-01-21 00:00:00,4245.56982421875,4245.56982421875,4195.18017578125,4223.35009765625,121423000
2020-01-22 00:00:00,4223.35009765625,4235.9599609375,4202.72998046875,4206.93017578125,113113700
2020-01-23 00:00:00,4206.93017578125,4207.14013671875,4168.5400390625,4170.33984375,118618900
2020-01-24 00:00:00,4170.33984375,4237.52001953125,4170.33984375,4213.14013671875,107670600
2020-01-27 00:00:00,4213.14013671875,4213.14013671875,4112.7099609375,4118.990234375,115271500
2020-01-28 00:00:00,4118.990234375,4160.580078125,4118.419921875,4154.58984375,99591200
2020-01-29 00:00:00,4154.58984375,4172.0400390625,4146.490234375,4157.330078125,98395000
2020-01-30 00:00:00,4157.330078125,4157.330078125,4093.139892578125,4105.31982421875,112610400
2020-01-31 00:00:00,4105.31982421875,4118.5498046875,4052.719970703125,4057.469970703125,118855100
2020-02-03 00:00:00,4057.469970703125,4093.389892578125,4057.030029296875,4076.18994140625,114963600
2020-02-04 00:00:00,4076.18994140625,4137.56005859375,4076.18994140625,4136.759765625,116308300
2020-02-05 00:00:00,4136.759765625,4173.830078125,4122.919921875,4159.02978515625,137603000
2020-02-06 00:00:00,4159.02978515625,4187.33984375,4159.02978515625,4170.89013671875,107486900
2020-02-07 00:00:00,4170.89013671875,4171.89990234375,4137.759765625,4151.14990234375,109900300
2020-02-10 00:00:00,4151.14990234375,4151.18017578125,4131.7001953125,4141.6201171875,111506600
2020-02-11 00:00:00,4141.6201171875,4183.89990234375,4141.6201171875,4170.06982421875,118523000
2020-02-12 00:00:00,4170.06982421875,4196.60009765625,4170.06982421875,4191.169921875,105190500
2020-02-13 00:00:00,4191.169921875,4191.169921875,4127.1298828125,4150.02001953125,129365800
2020-02-14 00:00:00,4150.02001953125,4161.43017578125,4129.509765625,4135.06982421875,109823100
2020-02-17 00:00:00,4135.06982421875,4156.0498046875,4135.06982421875,4147.10009765625,82233600
2020-02-18 00:00:00,4147.10009765625,4147.10009765625,4107.35009765625,4118.83984375,122295200
2020-02-19 00:00:00,4118.83984375,4160.2900390625,4118.83984375,4158.2998046875,105495600
2020-02-20 00:00:00,4158.2998046875,4172.240234375,4150.18994140625,4150.18994140625,125373800
2020-02-21 00:00:00,4150.18994140625,4150.2099609375,4116.39013671875,4132.7099609375,141843200
2020-02-24 00:00:00,4132.7099609375,4132.7099609375,3976.43994140625,3998.1298828125,158763100
2020-02-25 00:00:00,3998.1298828125,4021.22998046875,3915.669921875,3921.6298828125,149369800
2020-02-26 00:00:00,3921.6298828125,3929.18994140625,3838.699951171875,3928.0,162375900
2020-02-27 00:00:00,3928.0,3928.0,3754.159912109375,3787.969970703125,197918800
2020-02-28 00:00:00,3787.969970703125,3787.969970703125,3611.159912109375,3673.610107421875,311502300
2020-03-02 00:00:00,3673.610107421875,3777.820068359375,3627.1201171875,3706.830078125,254666800
2020-03-03 00:00:00,3706.830078125,3813.89990234375,3706.830078125,3749.090087890625,208239700
2020-03-04 00:00:00,3749.090087890625,3819.60009765625,3738.949951171875,3795.3798828125,289520900
2020-03-05 00:00:00,3795.3798828125,3807.610107421875,3710.60009765625,3731.489990234375,206216400
2020-03-06 00:00:00,3731.489990234375,3731.489990234375,3582.719970703125,3600.949951171875,253133300
2020-03-09 00:00:00,3600.949951171875,3600.949951171875,3302.510009765625,3334.860107421875,321176800
2020-03-10 00:00:00,3334.860107421875,3475.1201171875,3317.830078125,3332.97998046875,280482600
2020-03-11 00:00:00,3332.97998046875,3398.75,3280.419921875,3287.070068359375,241149000
2020-03-12 00:00:00,3287.070068359375,3287.070068359375,2938.56005859375,2942.2099609375,342316200
2020-03-13 00:00:00,2942.2099609375,3173.110107421875,2942.2099609375,2994.39990234375,321409400
2020-03-16 00:00:00,2994.39990234375,2994.409912109375,2713.7099609375,2848.8701171875,337383800
2020-03-17 00:00:00,2848.8701171875,2934.449951171875,2749.449951171875,2894.320068359375,300735800
2020-03-18 00:00:00,2894.449951171875,2894.449951171875,2738.489990234375,2764.47998046875,293658300
2020-03-19 00:00:00,2764.47998046875,2800.47998046875,2680.3701171875,2788.3701171875,304250400
2020-03-20 00:00:00,2788.06005859375,2928.89990234375,2788.06005859375,2837.050048828125,421584400
2020-03-23 00:00:00,2837.050048828125,2837.050048828125,2688.429931640625,2727.860107421875,242709900
2020-03-24 00:00:00,2727.860107421875,2969.580078125,2727.860107421875,2969.580078125,240187400
2020-03-25 00:00:00,2969.580078125,3129.669921875,2959.800048828125,3102.97998046875,271928100
2020-03-26 00:00:00,3102.97998046875,3179.75,3011.610107421875,3179.75,225166500
2020-03-27 00:00:00,3179.75,3179.75,2970.7900390625,3021.889892578125,216636500
2020-03-29 23:00:00,3021.889892578125,3042.8701171875,2932.669921875,3041.159912109375,170094800
2020-03-30 23:00:00,3041.159912109375,3119.489990234375,3041.14990234375,3107.419921875,238005900
2020-03-31 23:00:00,3107.419921875,3107.419921875,2974.429931640625,2991.1201171875,233115100
2020-04-01 23:00:00,2991.1201171875,3034.340087890625,2961.280029296875,2998.5400390625,214511300
2020-04-02 23:00:00,2998.5400390625,3001.3798828125,2949.429931640625,2958.39990234375,187412600
2020-04-05 23:00:00,2958.39990234375,3060.320068359375,2958.39990234375,3058.85009765625,198998500
2020-04-06 23:00:00,3058.85009765625,3184.0400390625,3058.85009765625,3141.280029296875,251962700
2020-04-07 23:00:00,3141.280029296875,3141.280029296875,3087.68994140625,3140.10009765625,182688300
2020-04-08 23:00:00,3140.10009765625,3233.239990234375,3140.10009765625,3233.239990234375,210788800
2020-04-13 23:00:00,3233.239990234375,3260.090087890625,3194.050048828125,3200.139892578125,184099000
2020-04-14 23:00:00,3200.139892578125,3200.199951171875,3077.1298828125,3087.43994140625,207322000
2020-04-15 23:00:00,3087.43994140625,3119.35009765625,3078.610107421875,3102.1298828125,167384100
2020-04-16 23:00:00,3102.1298828125,3218.47998046875,3102.1298828125,3190.199951171875,187336900
2020-04-19 23:00:00,3190.199951171875,3210.47998046875,3150.2900390625,3200.719970703125,140548100
2020-04-20 23:00:00,3200.719970703125,3200.719970703125,3108.43994140625,3108.43994140625,146580200
2020-04-21 23:00:00,3108.43994140625,3176.4599609375,3108.330078125,3173.489990234375,145150800
2020-04-22 23:00:00,3173.489990234375,3215.6298828125,3158.719970703125,3205.669921875,149514400
2020-04-23 23:00:00,3205.669921875,3205.949951171875,3157.7099609375,3168.8798828125,132305500
2020-04-26 23:00:00,3168.8798828125,3226.68994140625,3168.8798828125,3220.2900390625,128392600
2020-04-27 23:00:00,3220.2900390625,3294.27001953125,3218.320068359375,3281.8798828125,179193100
2020-04-28 23:00:00,3281.8798828125,3377.429931640625,3278.320068359375,3371.260009765625,196771400
2020-04-29 23:00:00,3371.260009765625,3394.389892578125,3260.510009765625,3262.510009765625,271345100
2020-04-30 23:00:00,3262.510009765625,3262.510009765625,3181.85009765625,3189.409912109375,116972200
2020-05-03 23:00:00,3189.409912109375,3196.77001953125,3154.22998046875,3178.590087890625,154440000
2020-05-04 23:00:00,3178.590087890625,3237.280029296875,3178.590087890625,3225.89990234375,147910600
2020-05-05 23:00:00,3225.89990234375,3248.080078125,3219.800048828125,3224.699951171875,157801600
2020-05-06 23:00:00,3224.699951171875,3272.550048828125,3224.699951171875,3270.550048828125,158151500
2020-05-10 23:00:00,3270.550048828125,3305.06005859375,3253.31005859375,3273.260009765625,170049400
2020-05-11 23:00:00,3273.260009765625,3305.639892578125,3259.52001953125,3294.6298828125,151388600
2020-05-12 23:00:00,3294.6298828125,3294.669921875,3239.2900390625,3243.830078125,170838400
2020-05-13 23:00:00,3243.830078125,3243.830078125,3110.139892578125,3153.14990234375,190303400
2020-05-14 23:00:00,3153.14990234375,3206.169921875,3153.14990234375,3188.52001953125,151443400
2020-05-17 23:00:00,3188.52001953125,3323.719970703125,3188.52001953125,3320.2099609375,153062400
2020-05-18 23:00:00,3320.2099609375,3353.580078125,3283.949951171875,3302.739990234375,158830200
2020-05-19 23:00:00,3302.739990234375,3337.699951171875,3281.139892578125,3333.860107421875,155751900
2020-05-20 23:00:00,3333.860107421875,3349.10009765625,3302.760009765625,3311.39990234375,165798200
2020-05-21 23:00:00,3311.39990234375,3311.39990234375,3245.64990234375,3301.8798828125,156753400
2020-05-25 23:00:00,3301.8798828125,3379.679931640625,3301.8798828125,3354.419921875,201816000
2020-05-26 23:00:00,3354.419921875,3410.929931640625,3354.419921875,3396.1298828125,237816400
2020-05-27 23:00:00,3396.1298828125,3445.7099609375,3396.1298828125,3437.300048828125,194891100
2020-05-28 23:00:00,3437.300048828125,3437.300048828125,3356.030029296875,3363.669921875,362687200
2020-05-31 23:00:00,3363.669921875,3418.06005859375,3363.669921875,3412.5,128850700
2020-06-01 23:00:00,3412.5,3452.3701171875,3411.949951171875,3442.4599609375,201232500
2020-06-02 23:00:00,3442.4599609375,3536.760009765625,3442.4599609375,3531.75,210229700
2020-06-03 23:00:00,3531.75,3541.570068359375,3497.77001953125,3509.989990234375,176373100
2020-06-04 23:00:00,3509.989990234375,3592.0400390625,3509.989990234375,3589.760009765625,230885400
2020-06-07 23:00:00,3589.760009765625,3609.39990234375,3559.2099609375,3582.3701171875,242980400
2020-06-08 23:00:00,3582.3701171875,3583.909912109375,3503.02001953125,3507.7099609375,216828400
2020-06-09 23:00:00,3507.7099609375,3537.679931640625,3485.2099609375,3499.68994140625,181691200
2020-06-10 23:00:00,3499.68994140625,3499.68994140625,3363.6298828125,3363.6298828125,184535100
2020-06-11 23:00:00,3363.6298828125,3421.679931640625,3317.469970703125,3379.820068359375,175411100
2020-06-14 23:00:00,3379.820068359375,3379.820068359375,3300.7099609375,3362.1201171875,144039000
2020-06-15 23:00:00,3362.1201171875,3486.9599609375,3362.1201171875,3455.39990234375,164932900
2020-06-16 23:00:00,3455.39990234375,3491.7900390625,3453.449951171875,3464.5,142912100
2020-06-17 23:00:00,3464.5,3480.760009765625,3429.56005859375,3449.449951171875,131185400
2020-06-18 23:00:00,3449.449951171875,3498.760009765625,3449.449951171875,3486.77001953125,316119900
2020-06-21 23:00:00,3486.77001953125,3494.06005859375,3451.989990234375,3461.35009765625,141273100
2020-06-22 23:00:00,3461.35009765625,3511.169921875,3461.179931640625,3498.110107421875,126354200
2020-06-23 23:00:00,3498.110107421875,3498.110107421875,3392.6298828125,3392.6298828125,137473600
2020-06-24 23:00:00,3392.6298828125,3408.590087890625,3339.7900390625,3401.429931640625,150364100
2020-06-25 23:00:00,3401.429931640625,3460.360107421875,3401.429931640625,3406.449951171875,141212100
2020-06-28 23:00:00,3406.449951171875,3451.179931640625,3385.5,3438.929931640625,129245400
2020-06-29 23:00:00,3438.929931640625,3444.4599609375,3399.199951171875,3410.929931640625,153775800
2020-06-30 23:00:00,3410.929931640625,3430.590087890625,3368.75,3407.780029296875,128579700
2020-07-01 23:00:00,3407.780029296875,3462.280029296875,3407.780029296875,3451.449951171875,136435500
2020-07-02 23:00:00,3451.449951171875,3466.320068359375,3402.22998046875,3412.280029296875,98235000
2020-07-05 23:00:00,3412.25,3487.7099609375,3412.25,3479.199951171875,121576000
2020-07-06 23:00:00,3479.199951171875,3479.199951171875,3424.090087890625,3429.030029296875,107783200
2020-07-07 23:00:00,3429.030029296875,3433.169921875,3402.699951171875,3407.93994140625,113017600
2020-07-08 23:00:00,3407.93994140625,3421.3701171875,3349.610107421875,3353.070068359375,114609800
2020-07-09 23:00:00,3353.070068359375,3386.77001953125,3328.820068359375,3379.6201171875,118977500
2020-07-12 23:00:00,3379.6201171875,3428.1201171875,3379.6201171875,3423.06005859375,106474500
2020-07-13 23:00:00,3423.06005859375,3423.06005859375,3377.3701171875,3417.139892578125,115610600
2020-07-14 23:00:00,3417.139892578125,3491.239990234375,3417.139892578125,3476.22998046875,121153800
2020-07-15 23:00:00,3476.22998046875,3477.780029296875,3443.580078125,3454.0,94824300
2020-07-16 23:00:00,3454.0,3473.409912109375,3441.419921875,3472.739990234375,110536600
2020-07-19 23:00:00,3472.739990234375,3475.610107421875,3439.550048828125,3461.010009765625,93796500
2020-07-20 23:00:00,3461.010009765625,3490.580078125,3460.449951171875,3468.85009765625,125929400
2020-07-21 23:00:00,3468.85009765625,3471.14990234375,3435.18994140625,3439.239990234375,116079100
2020-07-22 23:00:00,3439.239990234375,3470.7900390625,3437.56005859375,3441.550048828125,110867100
2020-07-23 23:00:00,3441.550048828125,3441.550048828125,3384.679931640625,3394.85009765625,125825900
2020-07-26 23:00:00,3394.85009765625,3396.580078125,3375.830078125,3382.75,122601500
2020-07-27 23:00:00,3382.75,3408.070068359375,3375.8701171875,3397.89990234375,110318600
2020-07-28 23:00:00,3397.89990234375,3408.31005859375,3390.6298828125,3397.360107421875,129899400
2020-07-29 23:00:00,3397.360107421875,3404.3798828125,3292.719970703125,3325.679931640625,173210700
2020-07-30 23:00:00,3325.679931640625,3355.090087890625,3282.02001953125,3282.02001953125,152685100
2020-08-02 23:00:00,3282.02001953125,3351.610107421875,3260.110107421875,3349.5,137019800
2020-08-03 23:00:00,3349.5,3362.929931640625,3328.699951171875,3356.300048828125,125195600
2020-08-04 23:00:00,3356.300048828125,3398.93994140625,3356.280029296875,3398.93994140625,128242000
2020-08-05 23:00:00,3398.93994140625,3398.93994140625,3334.840087890625,3358.5400390625,108616800
2020-08-06 23:00:00,3358.5400390625,3371.050048828125,3343.760009765625,3366.070068359375,94791900
2020-08-09 23:00:00,3366.070068359375,3401.56005859375,3366.070068359375,3377.969970703125,105592100
2020-08-10 23:00:00,3377.969970703125,3459.10009765625,3377.969970703125,3434.56005859375,143558500
2020-08-11 23:00:00,3434.56005859375,3501.89990234375,3433.510009765625,3494.219970703125,128996500
2020-08-12 23:00:00,3494.219970703125,3494.219970703125,3447.010009765625,3447.010009765625,95814700
2020-08-13 23:00:00,3447.010009765625,3447.010009765625,3371.3798828125,3397.8701171875,93500300
2020-08-16 23:00:00,3397.8701171875,3421.8701171875,3382.0,3415.77001953125,86824600
2020-08-17 23:00:00,3415.77001953125,3434.02001953125,3382.830078125,3387.25,102293100
2020-08-18 23:00:00,3387.25,3403.14990234375,3371.56005859375,3401.860107421875,87592700
2020-08-19 23:00:00,3401.860107421875,3401.860107421875,3351.6298828125,3354.330078125,110210100
2020-08-20 23:00:00,3354.330078125,3366.18994140625,3321.25,3352.179931640625,107763300
2020-08-23 23:00:00,3352.179931640625,3410.35009765625,3352.179931640625,3402.169921875,98086500
2020-08-24 23:00:00,3402.169921875,3436.419921875,3365.639892578125,3367.919921875,97595500
2020-08-25 23:00:00,3367.919921875,3378.68994140625,3347.080078125,3377.72998046875,81933500
2020-08-26 23:00:00,3377.72998046875,3386.52001953125,3357.919921875,3357.919921875,89904500
2020-08-27 23:00:00,3357.919921875,3373.840087890625,3340.360107421875,3342.43994140625,145496000
2020-08-31 23:00:00,3342.43994140625,3346.64990234375,3269.679931640625,3290.81005859375,160124100
2020-09-01 23:00:00,3290.81005859375,3348.360107421875,3290.72998046875,3329.780029296875,109889400
2020-09-02 23:00:00,3329.780029296875,3359.219970703125,3276.739990234375,3281.389892578125,120612400
2020-09-03 23:00:00,3281.389892578125,3310.419921875,3243.77001953125,3254.139892578125,107443200
2020-09-06 23:00:00,3254.139892578125,3330.780029296875,3254.139892578125,3326.260009765625,89578300
2020-09-07 23:00:00,3326.260009765625,3349.800048828125,3288.6201171875,3322.1298828125,119895000
2020-09-08 23:00:00,3322.1298828125,3368.219970703125,3317.60009765625,3358.14990234375,117926600
2020-09-09 23:00:00,3358.14990234375,3369.080078125,3331.02001953125,3353.820068359375,109750900
2020-09-10 23:00:00,3353.639892578125,3378.340087890625,3350.030029296875,3365.89990234375,96060100
2020-09-13 23:00:00,3365.89990234375,3389.590087890625,3359.070068359375,3367.56005859375,103996200
2020-09-14 23:00:00,3367.56005859375,3416.570068359375,3367.360107421875,3407.9599609375,122137900
2020-09-15 23:00:00,3407.9599609375,3413.199951171875,3385.739990234375,3394.889892578125,121881200
2020-09-16 23:00:00,3394.889892578125,3394.889892578125,3355.070068359375,3380.280029296875,111141000
2020-09-17 23:00:00,3380.25,3381.949951171875,3354.449951171875,3356.02001953125,306276500
2020-09-20 23:00:00,3356.02001953125,3356.02001953125,3228.3798828125,3240.110107421875,166119300
2020-09-21 23:00:00,3240.110107421875,3272.68994140625,3231.550048828125,3249.2900390625,131157200
2020-09-22 23:00:00,3249.2900390625,3324.510009765625,3249.2900390625,3286.6201171875,132299400
2020-09-23 23:00:00,3286.6201171875,3286.6201171875,3237.81005859375,3245.1201171875,127599300
2020-09-24 23:00:00,3245.1201171875,3261.989990234375,3220.14990234375,3261.989990234375,124463000
2020-09-27 23:00:00,3261.989990234375,3324.3701171875,3261.989990234375,3311.8798828125,136053900
2020-09-28 23:00:00,3311.8798828125,3311.909912109375,3277.75,3291.35009765625,120404600
2020-09-29 23:00:00,3291.35009765625,3308.0400390625,3269.800048828125,3282.25,138689200
2020-09-30 23:00:00,3282.25,3312.81005859375,3275.93994140625,3290.909912109375,124199100
2020-10-01 23:00:00,3290.909912109375,3301.340087890625,3255.43994140625,3301.340087890625,117160400
2020-10-04 23:00:00,3301.340087890625,3338.179931640625,3301.340087890625,3326.830078125,125565500
2020-10-05 23:00:00,3326.830078125,3345.81005859375,3311.429931640625,3337.8701171875,143822400
2020-10-06 23:00:00,3337.8701171875,3351.469970703125,3328.409912109375,3336.830078125,124483400
2020-10-07 23:00:00,3336.830078125,3367.889892578125,3330.93994140625,3356.090087890625,134840800
2020-10-08 23:00:00,3356.090087890625,3388.43994140625,3356.090087890625,3378.3701171875,121276700
2020-10-11 23:00:00,3378.3701171875,3392.43994140625,3368.85009765625,3374.5400390625,109362100
2020-10-12 23:00:00,3374.5400390625,3377.239990234375,3342.3701171875,3350.919921875,122683100
2020-10-13 23:00:00,3350.919921875,3372.169921875,3333.1298828125,3337.639892578125,104672000
2020-10-14 23:00:00,3337.639892578125,3337.639892578125,3259.14990234375,3286.9599609375,116707800
2020-10-15 23:00:00,3286.9599609375,3333.010009765625,3286.9599609375,3325.669921875,110603500
2020-10-18 23:00:00,3325.669921875,3345.610107421875,3304.10009765625,3311.77001953125,96627700
2020-10-19 23:00:00,3311.77001953125,3328.7099609375,3299.050048828125,3315.72998046875,99692400
2020-10-20 23:00:00,3315.72998046875,3322.31005859375,3257.77001953125,3261.010009765625,114708600
2020-10-21 23:00:00,3261.199951171875,3273.3701171875,3230.889892578125,3268.5400390625,118013300
2020-10-22 23:00:00,3268.5400390625,3320.7900390625,3267.340087890625,3310.3798828125,139203800
2020-10-26 00:00:00,3310.3798828125,3313.419921875,3270.360107421875,3271.080078125,126227500
2020-10-27 00:00:00,3271.080078125,3277.260009765625,3233.429931640625,3233.989990234375,120242600
2020-10-28 00:00:00,3233.989990234375,3233.989990234375,3127.070068359375,3155.25,175966700
2020-10-29 00:00:00,3155.25,3170.760009765625,3130.330078125,3152.110107421875,141520700
2020-10-30 00:00:00,3152.1298828125,3158.77001953125,3126.31005859375,3151.27001953125,127737400
2020-11-02 00:00:00,3151.27001953125,3189.14990234375,3137.6298828125,3184.550048828125,115642800
2020-11-03 00:00:00,3184.550048828125,3254.89990234375,3184.550048828125,3254.8798828125,128478800
2020-11-04 00:00:00,3254.8798828125,3309.1298828125,3216.590087890625,3309.1298828125,123138200
2020-11-05 00:00:00,3309.1201171875,3338.889892578125,3309.1201171875,3324.360107421875,141351600
2020-11-06 00:00:00,3324.360107421875,3347.77001953125,3301.330078125,3326.64990234375,128833500
2020-11-09 00:00:00,3326.64990234375,3518.02001953125,3326.64990234375,3485.27001953125,305549000
2020-11-10 00:00:00,3485.27001953125,3547.10009765625,3483.1298828125,3541.820068359375,276245800
2020-11-11 00:00:00,3541.820068359375,3598.010009765625,3539.889892578125,3590.159912109375,218973900
2020-11-12 00:00:00,3590.159912109375,3590.159912109375,3549.169921875,3569.989990234375,169195500
2020-11-13 00:00:00,3569.989990234375,3571.10009765625,3539.8798828125,3560.25,157399600
2020-11-16 00:00:00,3560.25,3641.659912109375,3560.25,3619.489990234375,207049200
2020-11-17 00:00:00,3619.489990234375,3622.72998046875,3563.280029296875,3591.590087890625,193872700
2020-11-18 00:00:00,3591.590087890625,3613.010009765625,3573.320068359375,3607.610107421875,165676900
2020-11-19 00:00:00,3607.590087890625,3607.590087890625,3569.929931640625,3578.3798828125,160690900
2020-11-20 00:00:00,3578.409912109375,3605.6201171875,3573.340087890625,3586.510009765625,134593000
2020-11-23 00:00:00,3586.510009765625,3610.699951171875,3576.840087890625,3582.280029296875,157038100
2020-11-24 00:00:00,3582.280029296875,3634.050048828125,3582.280029296875,3633.35009765625,207240900
2020-11-25 00:00:00,3633.35009765625,3649.81005859375,3601.469970703125,3607.81005859375,194106000
2020-11-26 00:00:00,3607.81005859375,3619.47998046875,3581.0400390625,3589.0400390625,123609100
2020-11-27 00:00:00,3589.0400390625,3593.679931640625,3555.4599609375,3593.679931640625,218642600
2020-11-30 00:00:00,3593.679931640625,3614.159912109375,3542.8701171875,3542.8701171875,216236300
2020-12-01 00:00:00,3542.8701171875,3618.52001953125,3541.64990234375,3614.169921875,141899200
2020-12-02 00:00:00,3614.169921875,3654.43994140625,3604.2099609375,3651.320068359375,155602000
2020-12-03 00:00:00,3651.320068359375,3672.93994140625,3636.110107421875,3672.8798828125,163524700
2020-12-04 00:00:00,3672.8798828125,3708.1298828125,3672.590087890625,3702.27001953125,182228600
2020-12-07 00:00:00,3702.27001953125,3720.949951171875,3677.81005859375,3695.800048828125,164071900
2020-12-08 00:00:00,3695.800048828125,3699.5,3675.56005859375,3695.1298828125,127804400
2020-12-09 00:00:00,3695.1298828125,3728.550048828125,3695.1298828125,3697.659912109375,124739800
2020-12-10 00:00:00,3697.659912109375,3728.449951171875,3686.8701171875,3708.97998046875,167824100
2020-12-11 00:00:00,3708.97998046875,3710.780029296875,3666.580078125,3680.429931640625,164302200
2020-12-14 00:00:00,3680.429931640625,3708.760009765625,3670.760009765625,3678.409912109375,134412000
2020-12-15 00:00:00,3678.409912109375,3692.64990234375,3656.2099609375,3673.280029296875,137253300
2020-12-16 00:00:00,3673.280029296875,3720.199951171875,3673.280029296875,3707.679931640625,142345900
2020-12-17 00:00:00,3707.679931640625,3723.969970703125,3702.550048828125,3705.39990234375,123161200
2020-12-18 00:00:00,3705.280029296875,3728.22998046875,3685.0,3689.820068359375,210789300
2020-12-21 00:00:00,3689.820068359375,3689.820068359375,3568.3701171875,3624.300048828125,173735500
2020-12-22 00:00:00,3624.300048828125,3651.3701171875,3611.39990234375,3649.6201171875,97222600
2020-12-23 00:00:00,3649.6201171875,3681.659912109375,3639.679931640625,3681.18994140625,122524900
2020-12-24 00:00:00,3681.18994140625,3704.989990234375,3679.550048828125,3692.840087890625,66430900
2020-12-29 00:00:00,3692.840087890625,3786.1201171875,3692.840087890625,3750.909912109375,130894200
2020-12-30 00:00:00,3750.909912109375,3761.56005859375,3722.669921875,3723.97998046875,71941600
2020-12-31 00:00:00,3723.97998046875,3723.97998046875,3664.68994140625,3673.6298828125,49334100
2021-01-04 00:00:00,3673.6298828125,3775.97998046875,3673.6298828125,3724.5,147400100
2021-01-05 00:00:00,3724.5,3749.969970703125,3708.590087890625,3749.27001953125,121003200
2021-01-06 00:00:00,3749.27001953125,3868.590087890625,3749.1298828125,3861.77001953125,176576300
2021-01-07 00:00:00,3861.77001953125,3893.320068359375,3836.840087890625,3870.449951171875,137889000
2021-01-08 00:00:00,3870.449951171875,3887.360107421875,3861.949951171875,3880.429931640625,140027900
2021-01-11 00:00:00,3880.429931640625,3881.18994140625,3825.199951171875,3837.35009765625,122876400
2021-01-12 00:00:00,3837.35009765625,3847.239990234375,3808.31005859375,3815.699951171875,113956700
2021-01-13 00:00:00,3815.699951171875,3823.780029296875,3805.510009765625,3808.429931640625,102597800
2021-01-14 00:00:00,3808.429931640625,3839.8701171875,3807.239990234375,3839.419921875,112461500
2021-01-15 00:00:00,3839.419921875,3839.429931640625,3773.320068359375,3803.75,128537200
2021-01-18 00:00:00,3803.75,3807.7900390625,3792.3701171875,3798.300048828125,68248100
2021-01-19 00:00:00,3798.300048828125,3822.8701171875,3786.780029296875,3793.909912109375,102174300
2021-01-20 00:00:00,3793.909912109375,3820.7900390625,3788.56005859375,3816.31005859375,116696900
2021-01-21 00:00:00,3816.31005859375,3835.14990234375,3802.300048828125,3802.300048828125,105230300
2021-01-22 00:00:00,3802.300048828125,3803.0400390625,3765.6298828125,3786.06005859375,121201300
2021-01-25 00:00:00,3786.06005859375,3799.219970703125,3738.02001953125,3752.0,125884500
2021-01-26 00:00:00,3752.0,3786.280029296875,3749.070068359375,3761.639892578125,118807100
2021-01-27 00:00:00,3761.639892578125,3768.090087890625,3685.2900390625,3716.3701171875,164143200
2021-01-28 00:00:00,3716.3701171875,3716.4599609375,3644.320068359375,3699.969970703125,147770200
2021-01-29 00:00:00,3699.969970703125,3699.969970703125,3634.300048828125,3641.929931640625,143316700
2021-02-01 00:00:00,3641.929931640625,3689.570068359375,3641.929931640625,3673.9599609375,119088600
2021-02-02 00:00:00,3673.9599609375,3708.4599609375,3673.9599609375,3707.199951171875,118436100
2021-02-03 00:00:00,3707.199951171875,3738.389892578125,3697.860107421875,3706.360107421875,116592200
2021-02-04 00:00:00,3706.360107421875,3730.699951171875,3692.5,3706.199951171875,146385100
2021-02-05 00:00:00,3706.199951171875,3720.47998046875,3692.409912109375,3709.949951171875,150302200
2021-02-08 00:00:00,3709.949951171875,3745.919921875,3709.949951171875,3726.030029296875,123785800
2021-02-09 00:00:00,3726.030029296875,3735.5400390625,3715.31005859375,3731.030029296875,93253400
2021-02-10 00:00:00,3731.030029296875,3755.409912109375,3702.530029296875,3723.830078125,122440800
2021-02-11 00:00:00,3723.830078125,3737.530029296875,3717.22998046875,3726.4599609375,103782700
2021-02-12 00:00:00,3726.4599609375,3755.0,3701.43994140625,3755.0,86723500
2021-02-15 00:00:00,3755.0,3851.60009765625,3755.0,3843.18994140625,133999600
2021-02-16 00:00:00,3843.18994140625,3866.2900390625,3833.7900390625,3840.159912109375,129045800
2021-02-17 00:00:00,3840.159912109375,3846.449951171875,3809.8798828125,3813.85009765625,122758200
2021-02-18 00:00:00,3813.85009765625,3821.85009765625,3751.72998046875,3763.780029296875,132861000
2021-02-19 00:00:00,3763.780029296875,3781.260009765625,3756.840087890625,3769.949951171875,143523100
2021-02-22 00:00:00,3769.949951171875,3770.139892578125,3727.110107421875,3762.9599609375,144120500
2021-02-23 00:00:00,3762.9599609375,3801.3798828125,3733.8701171875,3771.340087890625,190609900
2021-02-24 00:00:00,3771.340087890625,3800.1298828125,3747.780029296875,3795.06005859375,179411200
2021-02-25 00:00:00,3795.06005859375,3816.610107421875,3783.860107421875,3788.739990234375,155002200
2021-02-26 00:00:00,3788.739990234375,3788.739990234375,3694.97998046875,3702.39990234375,204963300
2021-03-01 00:00:00,3702.39990234375,3773.97998046875,3702.39990234375,3761.449951171875,128446100
2021-03-02 00:00:00,3761.449951171875,3795.360107421875,3749.02001953125,3771.679931640625,123527600
2021-03-03 00:00:00,3771.679931640625,3822.469970703125,3771.679931640625,3808.239990234375,152189300
2021-03-04 00:00:00,3808.239990234375,3808.449951171875,3759.669921875,3792.090087890625,151182700
2021-03-05 00:00:00,3792.090087890625,3818.60009765625,3744.2099609375,3771.72998046875,169008400
2021-03-08 00:00:00,3771.72998046875,3823.0,3766.02001953125,3820.18994140625,155212400
2021-03-09 00:00:00,3820.18994140625,3858.4599609375,3806.5,3831.590087890625,160054200
2021-03-10 00:00:00,3831.719970703125,3836.330078125,3805.52001953125,3830.2099609375,132154500
2021-03-11 00:00:00,3830.2099609375,3847.489990234375,3821.530029296875,3841.179931640625,129259600
2021-03-12 00:00:00,3841.179931640625,3853.06005859375,3824.429931640625,3851.14990234375,117054300
2021-03-15 00:00:00,3851.14990234375,3874.6201171875,3833.93994140625,3846.969970703125,116888000
2021-03-16 00:00:00,3846.969970703125,3884.580078125,3846.919921875,3879.81005859375,150098200
2021-03-17 00:00:00,3879.81005859375,3879.8798828125,3850.860107421875,3854.27001953125,1374200
2021-03-18 00:00:00,3854.27001953125,3867.820068359375,3843.639892578125,3862.1201171875,136988500
2021-03-19 00:00:00,3862.1201171875,3862.1201171875,3803.739990234375,3824.919921875,291871300
2021-03-22 00:00:00,3824.919921875,3837.300048828125,3796.419921875,3834.050048828125,130173500
2021-03-23 00:00:00,3834.050048828125,3834.050048828125,3802.699951171875,3817.330078125,143709600
2021-03-24 00:00:00,3817.330078125,3831.3798828125,3792.8701171875,3826.52001953125,150375800
2021-03-25 00:00:00,3826.52001953125,3833.6298828125,3776.8798828125,3804.75,126850200
2021-03-26 00:00:00,3804.75,3843.06005859375,3804.68994140625,3842.22998046875,122154300
2021-03-28 23:00:00,3842.22998046875,3852.320068359375,3825.969970703125,3838.570068359375,101705800
2021-03-29 23:00:00,3838.570068359375,3868.18994140625,3837.360107421875,3859.300048828125,110277200
2021-03-30 23:00:00,3859.300048828125,3861.830078125,3831.050048828125,3831.050048828125,148218000
2021-03-31 23:00:00,3831.050048828125,3862.02001953125,3831.050048828125,3849.239990234375,111014500
2021-04-05 23:00:00,3849.239990234375,3907.739990234375,3849.239990234375,3897.81005859375,130948900
2021-04-06 23:00:00,3897.81005859375,3937.2099609375,3897.81005859375,3931.530029296875,120728100
2021-04-07 23:00:00,3931.530029296875,3960.969970703125,3930.9599609375,3960.969970703125,134088000
2021-04-08 23:00:00,3960.969970703125,3965.489990234375,3944.14990234375,3949.510009765625,117037200
2021-04-11 23:00:00,3949.510009765625,3949.7900390625,3916.830078125,3933.889892578125,109163400
2021-04-12 23:00:00,3933.889892578125,3940.179931640625,3920.52001953125,3939.31005859375,102100100
2021-04-13 23:00:00,3939.31005859375,3965.43994140625,3934.02001953125,3964.669921875,105714700
2021-04-14 23:00:00,3964.669921875,3993.550048828125,3964.56005859375,3988.719970703125,106189800
2021-04-15 23:00:00,3988.719970703125,4016.39990234375,3988.6298828125,4006.760009765625,115369900
2021-04-18 23:00:00,4006.760009765625,4020.8701171875,3986.969970703125,3996.64990234375,95513800
2021-04-19 23:00:00,3996.64990234375,3998.47998046875,3919.35009765625,3920.050048828125,133300300
2021-04-20 23:00:00,3920.050048828125,3945.760009765625,3918.93994140625,3935.639892578125,110660900
2021-04-21 23:00:00,3935.639892578125,3965.929931640625,3935.340087890625,3965.0400390625,106756600
2021-04-22 23:00:00,3965.0400390625,3965.159912109375,3941.3798828125,3965.159912109375,95740500
2021-04-25 23:00:00,3965.159912109375,3986.2900390625,3953.780029296875,3983.590087890625,86840000
2021-04-26 23:00:00,3983.590087890625,3989.469970703125,3963.699951171875,3970.5,103421000
2021-04-27 23:00:00,3970.5,3993.080078125,3970.06005859375,3979.389892578125,143544200
2021-04-28 23:00:00,3979.389892578125,4007.25,3971.360107421875,3977.0400390625,118474700
2021-04-29 23:00:00,3977.0400390625,4003.300048828125,3968.080078125,3983.85009765625,133190300
2021-05-03 23:00:00,3983.85009765625,4016.52001953125,3952.159912109375,3956.75,145954500
2021-05-04 23:00:00,3956.75,4015.639892578125,3956.75,4011.510009765625,117684000
2021-05-05 23:00:00,4011.510009765625,4032.10009765625,4008.679931640625,4032.10009765625,123751900
2021-05-06 23:00:00,4032.10009765625,4071.159912109375,4032.10009765625,4066.179931640625,109846800
2021-05-09 23:00:00,4066.179931640625,4083.02001953125,4050.68994140625,4060.800048828125,116880900
2021-05-10 23:00:00,4060.800048828125,4060.800048828125,3946.239990234375,3962.97998046875,154664500
2021-05-11 23:00:00,3962.97998046875,4000.889892578125,3962.179931640625,3986.820068359375,125091400
2021-05-12 23:00:00,3986.820068359375,3986.820068359375,3892.389892578125,3966.080078125,109715100
2021-05-13 23:00:00,3966.080078125,4014.6201171875,3966.080078125,4012.070068359375,123760900
2021-05-16 23:00:00,4012.070068359375,4026.389892578125,3985.340087890625,4002.89990234375,92110900
2021-05-17 23:00:00,4002.89990234375,4040.14990234375,4002.89990234375,4007.570068359375,114902400
2021-05-18 23:00:00,4007.570068359375,4007.570068359375,3937.3798828125,3966.169921875,116917400
2021-05-19 23:00:00,3966.169921875,4003.090087890625,3954.5,4003.090087890625,110165000
2021-05-20 23:00:00,4003.090087890625,4008.889892578125,3980.179931640625,4002.610107421875,133509500
2021-05-23 23:00:00,4002.610107421875,4022.570068359375,4001.530029296875,4021.239990234375,78409300
2021-05-24 23:00:00,4021.239990234375,4031.330078125,4009.85009765625,4009.85009765625,122025900
2021-05-25 23:00:00,4009.85009765625,4023.75,4000.7900390625,4015.75,110812500
2021-05-26 23:00:00,4015.75,4025.43994140625,4008.77001953125,4013.5,238739500
2021-05-27 23:00:00,4013.5,4032.760009765625,4013.5,4016.1298828125,126189800
2021-05-31 23:00:00,4016.1298828125,4066.56005859375,4016.1298828125,4049.030029296875,123096000
2021-06-01 23:00:00,4049.030029296875,4071.199951171875,4045.659912109375,4063.52001953125,105710300
2021-06-02 23:00:00,4063.52001953125,4065.110107421875,4015.159912109375,4039.18994140625,100903700
2021-06-03 23:00:00,4039.18994140625,4043.89990234375,4027.10009765625,4042.419921875,77572400
2021-06-06 23:00:00,4042.419921875,4058.679931640625,4029.330078125,4048.9599609375,130918100
2021-06-07 23:00:00,4048.9599609375,4069.550048828125,4048.179931640625,4056.56005859375,94363400
2021-06-08 23:00:00,4056.56005859375,4057.10009765625,4028.949951171875,4045.510009765625,99684100
2021-06-09 23:00:00,4045.510009765625,4058.9599609375,4040.260009765625,4044.010009765625,99901700
2021-06-10 23:00:00,4044.010009765625,4072.050048828125,4044.010009765625,4068.330078125,83944100
2021-06-13 23:00:00,4068.330078125,4097.16015625,4068.330078125,4074.570068359375,93632500
2021-06-14 23:00:00,4074.570068359375,4095.0400390625,4072.75,4083.199951171875,130202900
2021-06-15 23:00:00,4083.199951171875,4107.39990234375,4079.2099609375,4088.469970703125,122990800
2021-06-16 23:00:00,4088.469970703125,4088.469970703125,4059.889892578125,4071.330078125,120281900
2021-06-17 23:00:00,4071.330078125,4074.14990234375,3997.679931640625,4002.070068359375,290327200
2021-06-20 23:00:00,4002.070068359375,4027.179931640625,3966.300048828125,4026.9599609375,132877100
2021-06-21 23:00:00,4026.9599609375,4050.280029296875,4026.72998046875,4046.8701171875,92393300
2021-06-22 23:00:00,4046.8701171875,4065.39990234375,4039.39990234375,4039.39990234375,95908500
2021-06-23 23:00:00,4039.39990234375,4057.989990234375,4037.5400390625,4051.1201171875,115712400
2021-06-24 23:00:00,4051.1201171875,4068.56005859375,4051.050048828125,4067.7900390625,93149700
2021-06-27 23:00:00,4067.7900390625,4067.860107421875,4035.389892578125,4035.429931640625,101726500
2021-06-28 23:00:00,4035.429931640625,4058.3798828125,4034.8701171875,4042.580078125,93955000
2021-06-29 23:00:00,4042.580078125,4049.43994140625,4003.489990234375,4014.739990234375,113955000
2021-06-30 23:00:00,4014.739990234375,4066.3701171875,4014.72998046875,4062.449951171875,105222200
2021-07-01 23:00:00,4062.449951171875,4082.580078125,4059.68994140625,4065.949951171875,84799000
2021-07-04 23:00:00,4065.949951171875,4095.239990234375,4062.780029296875,4093.989990234375,76983400
2021-07-05 23:00:00,4093.989990234375,4096.47021484375,4048.43994140625,4060.820068359375,100296500
2021-07-06 23:00:00,4060.820068359375,4087.530029296875,4060.72998046875,4085.5,95728600
2021-07-07 23:00:00,4085.5,4085.530029296875,3996.10009765625,4019.719970703125,112329500
2021-07-08 23:00:00,4019.719970703125,4069.7900390625,4019.669921875,4069.7900390625,98496200
2021-07-11 23:00:00,4069.7900390625,4075.9599609375,4042.6201171875,4070.340087890625,80286100
2021-07-12 23:00:00,4070.340087890625,4084.489990234375,4067.169921875,4071.2099609375,92953100
2021-07-13 23:00:00,4071.2099609375,4071.2099609375,4043.929931640625,4049.860107421875,89206800
2021-07-14 23:00:00,4049.860107421875,4057.429931640625,4002.949951171875,4005.800048828125,101501900
2021-07-15 23:00:00,4005.800048828125,4029.7099609375,3989.1201171875,4002.800048828125,95964200
2021-07-18 23:00:00,4002.800048828125,4002.800048828125,3895.239990234375,3909.8798828125,127431000
2021-07-19 23:00:00,3909.8798828125,3954.530029296875,3903.949951171875,3932.840087890625,139617500
2021-07-20 23:00:00,3932.840087890625,4005.409912109375,3932.840087890625,4000.080078125,115524000
2021-07-21 23:00:00,4000.080078125,4019.22998046875,3987.35009765625,3991.47998046875,87727700
2021-07-22 23:00:00,3991.47998046875,4028.2900390625,3991.47998046875,4025.1201171875,76206200
2021-07-25 23:00:00,4025.1201171875,4032.360107421875,4001.5400390625,4025.989990234375,83319000
2021-07-26 23:00:00,4025.989990234375,4027.300048828125,3974.580078125,4010.2900390625,85993300
2021-07-27 23:00:00,4010.2900390625,4028.72998046875,4001.2099609375,4024.080078125,95989000
2021-07-28 23:00:00,4024.080078125,4060.719970703125,4020.610107421875,4054.1201171875,117409000
2021-07-29 23:00:00,4054.1201171875,4054.169921875,4011.080078125,4030.239990234375,103895300
2021-08-01 23:00:00,4030.239990234375,4077.5400390625,4030.239990234375,4061.1201171875,87248800
2021-08-02 23:00:00,4061.1201171875,4081.6298828125,4056.4599609375,4074.7900390625,91251200
2021-08-03 23:00:00,4074.7900390625,4094.10009765625,4074.7900390625,4085.469970703125,98743300
2021-08-04 23:00:00,4085.469970703125,4090.320068359375,4072.429931640625,4089.909912109375,119031100
2021-08-05 23:00:00,4089.909912109375,4096.009765625,4079.050048828125,4088.93994140625,100656500
2021-08-08 23:00:00,4088.93994140625,4097.3798828125,4072.1201171875,4093.18994140625,88737100
2021-08-09 23:00:00,4093.18994140625,4113.0400390625,4088.300048828125,4110.2001953125,87626300
2021-08-10 23:00:00,4110.2001953125,4143.16015625,4108.68017578125,4143.16015625,88282500
2021-08-11 23:00:00,4143.16015625,4143.16015625,4126.56005859375,4131.759765625,92925900
2021-08-12 23:00:00,4131.759765625,4147.66015625,4131.75,4144.47021484375,81368100
2021-08-15 23:00:00,4144.47021484375,4144.47021484375,4094.070068359375,4111.89013671875,88598800
2021-08-16 23:00:00,4111.89013671875,4127.68994140625,4092.840087890625,4123.4501953125,99927800
2021-08-17 23:00:00,4123.4501953125,4133.240234375,4108.27978515625,4122.60986328125,115149900
2021-08-18 23:00:00,4122.60986328125,4122.60986328125,4032.2099609375,4064.139892578125,91370000
2021-08-19 23:00:00,4064.139892578125,4086.340087890625,4050.93994140625,4082.530029296875,84383800
2021-08-22 23:00:00,4082.530029296875,4112.830078125,4082.530029296875,4092.1201171875,77348300
2021-08-23 23:00:00,4092.1201171875,4104.83984375,4079.389892578125,4104.83984375,89332300
2021-08-24 23:00:00,4104.83984375,4122.16015625,4104.56982421875,4119.43994140625,82124200
2021-08-25 23:00:00,4119.43994140625,4119.509765625,4091.2900390625,4106.66015625,67522300
2021-08-26 23:00:00,4106.66015625,4124.509765625,4100.080078125,4121.02978515625,72660400
2021-08-30 23:00:00,4121.02978515625,4126.39990234375,4095.35009765625,4109.9599609375,138190600
2021-08-31 23:00:00,4109.9599609375,4145.7900390625,4109.9599609375,4128.6298828125,87469000
2021-09-01 23:00:00,4128.6298828125,4136.330078125,4118.10009765625,4133.5400390625,87334800
2021-09-02 23:00:00,4133.5400390625,4143.080078125,4113.169921875,4120.509765625,85153000
2021-09-05 23:00:00,4120.509765625,4148.740234375,4120.509765625,4144.509765625,58695600
2021-09-06 23:00:00,4144.509765625,4145.740234375,4122.43017578125,4122.43017578125,81119800
2021-09-07 23:00:00,4122.43017578125,4122.43017578125,4076.080078125,4089.760009765625,91637700
2021-09-08 23:00:00,4089.760009765625,4089.760009765625,4040.27001953125,4055.820068359375,106912000
2021-09-09 23:00:00,4055.820068359375,4072.080078125,4050.530029296875,4056.18994140625,81730600
2021-09-12 23:00:00,4056.18994140625,4087.590087890625,4056.18994140625,4075.27001953125,86790800
2021-09-13 23:00:00,4075.27001953125,4075.27001953125,4050.52001953125,4056.449951171875,105592500
2021-09-14 23:00:00,4056.449951171875,4060.330078125,4039.43994140625,4039.43994140625,115414900
2021-09-15 23:00:00,4039.43994140625,4064.760009765625,4039.43994140625,4051.43994140625,103696200
2021-09-16 23:00:00,4051.43994140625,4084.159912109375,4011.7099609375,4023.330078125,259102400
2021-09-19 23:00:00,4023.330078125,4023.330078125,3947.89990234375,3986.89990234375,137814600
2021-09-20 23:00:00,3986.89990234375,4040.699951171875,3986.89990234375,4029.010009765625,121024600
2021-09-21 23:00:00,4029.010009765625,4086.610107421875,4029.010009765625,4081.81005859375,98051900
2021-09-22 23:00:00,4081.81005859375,4107.10986328125,4077.2900390625,4081.25,109630000
2021-09-23 23:00:00,4081.25,4081.449951171875,4057.7099609375,4062.199951171875,120187600
2021-09-26 23:00:00,4062.199951171875,4099.35986328125,4058.419921875,4067.820068359375,132201300
2021-09-27 23:00:00,4067.820068359375,4067.820068359375,4031.429931640625,4035.409912109375,131091000
2021-09-28 23:00:00,4035.409912109375,4077.75,4035.409912109375,4072.840087890625,120448400
2021-09-29 23:00:00,4072.840087890625,4100.669921875,4053.969970703125,4058.9599609375,138443200
2021-09-30 23:00:00,4058.9599609375,4058.9599609375,4005.60009765625,4028.969970703125,125472800
2021-10-03 23:00:00,4028.969970703125,4046.18994140625,4011.090087890625,4011.090087890625,118367200
2021-10-04 23:00:00,4011.090087890625,4048.949951171875,4011.090087890625,4044.050048828125,122294800
2021-10-05 23:00:00,4044.050048828125,4044.050048828125,3968.18994140625,3995.3701171875,139038100
2021-10-06 23:00:00,3995.3701171875,4045.050048828125,3995.3701171875,4038.830078125,115172300
2021-10-07 23:00:00,4038.830078125,4054.06005859375,4035.18994140625,4046.7099609375,105216800
2021-10-10 23:00:00,4046.7099609375,4068.1201171875,4041.35009765625,4068.1201171875,107246300
2021-10-11 23:00:00,4068.1201171875,4068.1201171875,4024.070068359375,4059.5400390625,123745200
2021-10-12 23:00:00,4059.5400390625,4076.56005859375,4038.77001953125,4070.199951171875,151934600
2021-10-13 23:00:00,4070.199951171875,4112.02001953125,4070.199951171875,4107.8798828125,119838200
2021-10-14 23:00:00,4107.8798828125,4127.14013671875,4107.2998046875,4123.97021484375,122659200
2021-10-17 23:00:00,4123.97021484375,4124.02001953125,4097.56982421875,4110.169921875,91696000
2021-10-18 23:00:00,4110.169921875,4122.4501953125,4105.990234375,4119.18017578125,104048800
2021-10-19 23:00:00,4119.18017578125,4122.759765625,4108.669921875,4118.77978515625,105545100
2021-10-20 23:00:00,4118.77978515625,4120.14990234375,4096.7001953125,4102.330078125,99238200
2021-10-21 23:00:00,4102.330078125,4124.02978515625,4102.18017578125,4108.91015625,85186200
2021-10-24 23:00:00,4108.91015625,4129.330078125,4108.85009765625,4117.93017578125,98225700
2021-10-25 23:00:00,4117.93017578125,4150.77001953125,4117.81005859375,4149.81005859375,110926900
2021-10-26 23:00:00,4149.81005859375,4150.64990234375,4135.419921875,4138.68017578125,100293100
2021-10-27 23:00:00,4138.68017578125,4141.1298828125,4120.5498046875,4137.5400390625,100913900
2021-10-28 23:00:00,4137.5400390625,4137.56982421875,4109.330078125,4129.16015625,128526500
2021-11-01 00:00:00,4129.16015625,4164.5,4129.16015625,4156.47998046875,97215500
2021-11-02 00:00:00,4156.47998046875,4156.47998046875,4133.18994140625,4148.08984375,116555100
2021-11-03 00:00:00,4148.08984375,4149.39013671875,4128.0498046875,4135.2998046875,111825400
2021-11-04 00:00:00,4135.2998046875,4170.02978515625,4135.169921875,4160.89990234375,147559200
2021-11-05 00:00:00,4160.89990234375,4192.02978515625,4157.83984375,4175.97021484375,116524000
2021-11-08 00:00:00,4175.97021484375,4181.009765625,4170.02001953125,4172.81982421875,95414900
2021-11-09 00:00:00,4172.81982421875,4179.77001953125,4154.7998046875,4155.39990234375,119639700
2021-11-10 00:00:00,4155.39990234375,4187.580078125,4154.89990234375,4187.580078125,139096800
2021-11-11 00:00:00,4187.580078125,4217.14990234375,4183.27001953125,4212.39013671875,109697900
2021-11-12 00:00:00,4212.39013671875,4220.27978515625,4191.490234375,4194.89013671875,116533700
2021-11-15 00:00:00,4194.89013671875,4204.8701171875,4184.77978515625,4199.1201171875,94288400
2021-11-16 00:00:00,4199.1201171875,4206.16015625,4183.31982421875,4184.7900390625,127131600
2021-11-17 00:00:00,4184.7900390625,4184.7900390625,4164.77001953125,4164.77001953125,143446500
2021-11-18 00:00:00,4164.77001953125,4165.2099609375,4144.47998046875,4152.7998046875,93438800
2021-11-19 00:00:00,4152.7998046875,4169.89990234375,4120.85009765625,4135.1201171875,168148700
2021-11-22 00:00:00,4135.1201171875,4157.18994140625,4125.509765625,4147.35009765625,100770100
2021-11-23 00:00:00,4147.35009765625,4162.43994140625,4116.43994140625,4144.89990234375,100708400
2021-11-24 00:00:00,4144.89990234375,4165.39013671875,4131.080078125,4152.43017578125,100648700
2021-11-25 00:00:00,4152.43017578125,4168.39990234375,4152.43017578125,4167.27978515625,82885100
2021-11-26 00:00:00,4167.27978515625,4167.27978515625,4020.3701171875,4020.3798828125,228502800
2021-11-29 00:00:00,4020.3798828125,4085.52001953125,4020.3798828125,4057.6298828125,140182200
2021-11-30 00:00:00,4057.6298828125,4057.639892578125,3992.52001953125,4025.8701171875,229199300
2021-12-01 00:00:00,4025.8701171875,4095.1201171875,4025.8701171875,4089.18994140625,130212900
2021-12-02 00:00:00,4089.18994140625,4089.18994140625,4041.27001953125,4063.889892578125,204282400
2021-12-03 00:00:00,4063.889892578125,4098.77978515625,4050.530029296875,4059.320068359375,121129500
2021-12-06 00:00:00,4059.320068359375,4123.2099609375,4059.320068359375,4117.60009765625,95624600
2021-12-07 00:00:00,4117.60009765625,4181.60009765625,4117.60009765625,4178.759765625,117602100
2021-12-08 00:00:00,4178.759765625,4200.85986328125,4175.85009765625,4177.77978515625,119636200
2021-12-09 00:00:00,4177.64990234375,4192.72021484375,4158.8798828125,4167.39013671875,99916800
2021-12-10 00:00:00,4167.39013671875,4169.6201171875,4143.35986328125,4146.89990234375,88647300
2021-12-13 00:00:00,4146.89990234375,4156.02001953125,4108.7900390625,4109.330078125,154726200
2021-12-14 00:00:00,4109.330078125,4136.22998046875,4100.240234375,4100.240234375,115746700
2021-12-15 00:00:00,4100.240234375,4103.419921875,4072.3798828125,4074.1298828125,143598600
2021-12-16 00:00:00,4074.1298828125,4130.419921875,4074.1298828125,4122.08984375,158191400
2021-12-17 00:00:00,4122.08984375,4135.52001953125,4111.02001953125,4130.93994140625,230355000
2021-12-20 00:00:00,4130.93994140625,4130.93994140625,4038.530029296875,4089.840087890625,123429900
2021-12-21 00:00:00,4089.840087890625,4144.8798828125,4089.840087890625,4144.8798828125,100751200
2021-12-22 00:00:00,4144.8798828125,4173.83984375,4134.8701171875,4173.83984375,81332000
2021-12-23 00:00:00,4173.83984375,4200.7900390625,4172.4501953125,4194.7099609375,66844800
2021-12-24 00:00:00,4194.7099609375,4210.7900390625,4193.22021484375,4194.35009765625,23565300
2021-12-29 00:00:00,4194.35009765625,4244.2900390625,4194.35009765625,4224.77978515625,73854600
2021-12-30 00:00:00,4224.77978515625,4231.1201171875,4215.9599609375,4217.7001953125,44943700
2021-12-31 00:00:00,4217.7001953125,4217.7001953125,4195.5400390625,4208.02001953125,28154900
2022-01-04 00:00:00,4208.02001953125,4285.830078125,4208.02001953125,4276.18017578125,140016300
2022-01-05 00:00:00,4276.18017578125,4287.8701171875,4266.18017578125,4277.509765625,107040900
2022-01-06 00:00:00,4277.509765625,4277.509765625,4222.89990234375,4235.6298828125,123692400
2022-01-07 00:00:00,4235.6298828125,4249.43017578125,4221.7900390625,4249.43017578125,99943800
2022-01-10 00:00:00,4249.43017578125,4256.169921875,4208.22998046875,4219.7099609375,141705100
2022-01-11 00:00:00,4219.7099609375,4248.7001953125,4219.7099609375,4241.8798828125,111449700
2022-01-12 00:00:00,4241.8798828125,4279.0498046875,4241.830078125,4270.7900390625,120405700
2022-01-13 00:00:00,4270.7900390625,4277.35009765625,4259.3701171875,4273.22998046875,119957500
2022-01-14 00:00:00,4273.22998046875,4273.22998046875,4248.8701171875,4256.58984375,115294100
2022-01-17 00:00:00,4256.58984375,4294.5,4256.58984375,4292.580078125,116163300
2022-01-18 00:00:00,4292.580078125,4293.259765625,4247.02001953125,4263.0400390625,144797100
2022-01-19 00:00:00,4263.0400390625,4288.1201171875,4241.2099609375,4273.7900390625,134638900
2022-01-20 00:00:00,4273.7900390625,4290.10009765625,4256.4599609375,4274.52001953125,118559700
2022-01-21 00:00:00,4274.52001953125,4274.52001953125,4193.7900390625,4217.31005859375,123841700
2022-01-24 00:00:00,4217.31005859375,4217.31005859375,4090.389892578125,4099.16015625,195618300
2022-01-25 00:00:00,4099.16015625,4149.3798828125,4099.16015625,4139.47021484375,129849700
2022-01-26 00:00:00,4139.47021484375,4221.72998046875,4139.47021484375,4192.7001953125,116650700
2022-01-27 00:00:00,4192.7001953125,4251.6201171875,4147.81005859375,4230.830078125,142585500
2022-01-28 00:00:00,4230.830078125,4230.9599609375,4159.8701171875,4182.580078125,208778500
2022-01-31 00:00:00,4182.580078125,4212.830078125,4181.31005859375,4191.81005859375,118517200
2022-02-01 00:00:00,4191.81005859375,4241.47021484375,4191.81005859375,4232.47998046875,117348600
2022-02-02 00:00:00,4232.47998046875,4272.7998046875,4232.47998046875,4257.22998046875,109553600
2022-02-03 00:00:00,4257.22998046875,4268.06982421875,4222.740234375,4222.740234375,126088500
2022-02-04 00:00:00,4222.740234375,4258.35009765625,4200.91015625,4208.60986328125,120643600
2022-02-07 00:00:00,4208.60986328125,4246.77978515625,4206.22998046875,4236.8798828125,139104700
2022-02-08 00:00:00,4236.8798828125,4266.009765625,4222.509765625,4233.6201171875,117074300
2022-02-09 00:00:00,4233.6201171875,4290.08984375,4233.6201171875,4282.759765625,140627100
2022-02-10 00:00:00,4282.759765625,4304.97021484375,4271.240234375,4296.9599609375,125920800
2022-02-11 00:00:00,4296.9599609375,4296.9599609375,4254.02978515625,4286.3798828125,124493000
2022-02-14 00:00:00,4286.3798828125,4286.3798828125,4186.72998046875,4211.740234375,139503700
2022-02-15 00:00:00,4211.740234375,4254.77978515625,4200.8798828125,4254.77978515625,122240800
2022-02-16 00:00:00,4254.77978515625,4267.47021484375,4230.89013671875,4251.9599609375,156365600
2022-02-17 00:00:00,4251.9599609375,4253.60009765625,4196.81982421875,4212.8701171875,112779100
2022-02-18 00:00:00,4212.8701171875,4228.2099609375,4193.18017578125,4195.4501953125,114415900
2022-02-21 00:00:00,4195.4501953125,4223.52978515625,4152.81982421875,4172.08984375,105900800
2022-02-22 00:00:00,4172.08984375,4193.16015625,4108.8798828125,4172.35009765625,147683300
2022-02-23 00:00:00,4172.35009765625,4204.6298828125,4167.39013671875,4169.64013671875,123960200
2022-02-24 00:00:00,4169.64013671875,4169.64013671875,4014.469970703125,4015.81005859375,257473600
2022-02-25 00:00:00,4015.909912109375,4169.47998046875,4015.909912109375,4167.08984375,201642600
2022-02-28 00:00:00,4167.08984375,4167.08984375,4102.06005859375,4157.77001953125,220985300
2022-03-01 00:00:00,4157.77001953125,4178.14990234375,4079.969970703125,4079.969970703125,185113900
2022-03-02 00:00:00,4079.969970703125,4150.1201171875,4076.18994140625,4134.8701171875,193886700
2022-03-03 00:00:00,4134.8701171875,4156.41015625,4020.8798828125,4023.89990234375,195155000
2022-03-04 00:00:00,4023.89990234375,4023.89990234375,3883.639892578125,3884.429931640625,267422100
2022-03-07 00:00:00,3884.429931640625,3904.300048828125,3762.9599609375,3862.389892578125,294087700
2022-03-08 00:00:00,3862.389892578125,3895.39990234375,3828.949951171875,3867.239990234375,222327400
2022-03-09 00:00:00,3867.239990234375,3999.429931640625,3867.239990234375,3999.429931640625,209516600
2022-03-10 00:00:00,3999.429931640625,4000.4599609375,3938.169921875,3954.300048828125,178444200
2022-03-11 00:00:00,3954.300048828125,4042.409912109375,3954.199951171875,3988.89990234375,152058800
2022-03-14 00:00:00,3988.89990234375,4029.8798828125,3986.22998046875,4014.8701171875,139903000
2022-03-15 00:00:00,4014.8701171875,4014.8701171875,3949.77001953125,3999.1201171875,137042600
2022-03-16 00:00:00,3999.1201171875,4083.389892578125,3998.679931640625,4074.090087890625,275133500
2022-03-17 00:00:00,4074.090087890625,4120.169921875,4059.360107421875,4120.169921875,173830000
2022-03-18 00:00:00,4120.169921875,4135.3701171875,4084.47998046875,4135.3701171875,362839700
2022-03-21 00:00:00,4135.3701171875,4159.02978515625,4133.4501953125,4148.2099609375,122789200
2022-03-22 00:00:00,4148.2099609375,4174.52001953125,4148.2099609375,4167.60009765625,153223000
2022-03-23 00:00:00,4167.60009765625,4187.81982421875,4154.1298828125,4156.60009765625,132144700
2022-03-24 00:00:00,4156.60009765625,4167.64990234375,4147.85009765625,4155.8798828125,116744600
2022-03-25 00:00:00,4155.8798828125,4176.43017578125,4144.919921875,4165.330078125,128496100
2022-03-27 23:00:00,4165.330078125,4196.52001953125,4163.2001953125,4164.5,125757600
2022-03-28 23:00:00,4164.5,4225.85986328125,4164.5,4208.3798828125,178130700
2022-03-29 23:00:00,4208.3798828125,4219.75,4193.14013671875,4219.75,150996400
2022-03-30 23:00:00,4219.75,4232.330078125,4187.77978515625,4187.77978515625,141271400
2022-03-31 23:00:00,4187.77978515625,4207.85986328125,4186.740234375,4199.47998046875,124336700
2022-04-03 23:00:00,4199.47998046875,4220.10009765625,4197.31005859375,4213.27001953125,121708200
2022-04-04 23:00:00,4213.27001953125,4238.740234375,4198.97998046875,4238.740234375,166417300
2022-04-05 23:00:00,4238.740234375,4240.2900390625,4191.31005859375,4218.1201171875,159183100
2022-04-06 23:00:00,4218.1201171875,4228.330078125,4192.08984375,4199.4599609375,155219100
2022-04-07 23:00:00,4199.4599609375,4258.22998046875,4199.4599609375,4258.22998046875,134160100
2022-04-10 23:00:00,4258.22998046875,4258.259765625,4228.4501953125,4232.52978515625,122250400
2022-04-11 23:00:00,4232.52978515625,4232.56005859375,4193.18994140625,4210.27978515625,127797900
2022-04-12 23:00:00,4210.27978515625,4218.06982421875,4197.1298828125,4211.89990234375,111263800
2022-04-13 23:00:00,4211.89990234375,4233.64013671875,4198.10009765625,4232.1201171875,141518700
2022-04-18 23:00:00,4232.1201171875,4232.8798828125,4203.08984375,4219.72021484375,120317300
2022-04-19 23:00:00,4219.72021484375,4238.7099609375,4213.080078125,4236.240234375,162465700
2022-04-20 23:00:00,4236.240234375,4256.1201171875,4221.25,4238.1201171875,116232400
2022-04-21 23:00:00,4238.1201171875,4238.1201171875,4180.64990234375,4180.64990234375,107395300
2022-04-24 23:00:00,4180.64990234375,4180.64990234375,4082.8798828125,4106.35986328125,117064600
2022-04-25 23:00:00,4106.35986328125,4147.5,4104.9599609375,4105.759765625,127295700
2022-04-26 23:00:00,4105.759765625,4139.990234375,4081.610107421875,4121.7001953125,139924600
2022-04-27 23:00:00,4121.7001953125,4172.56982421875,4121.7001953125,4165.89013671875,127848900
2022-04-28 23:00:00,4165.89013671875,4200.02001953125,4165.89013671875,4185.1201171875,139605900
2022-05-02 23:00:00,4185.1201171875,4187.10009765625,4150.43017578125,4186.77001953125,185154200
2022-05-03 23:00:00,4186.77001953125,4193.22021484375,4146.0498046875,4146.0498046875,112559600
2022-05-04 23:00:00,4146.0498046875,4213.60986328125,4142.3701171875,4145.56982421875,145909700
2022-05-05 23:00:00,4145.56982421875,4145.580078125,4063.969970703125,4083.360107421875,160929700
2022-05-08 23:00:00,4083.360107421875,4083.360107421875,3987.8701171875,3987.8701171875,123234600
2022-05-09 23:00:00,3987.8701171875,4039.7099609375,3987.8701171875,4002.219970703125,133648600
2022-05-10 23:00:00,4002.219970703125,4060.659912109375,4002.219970703125,4058.669921875,176195700
2022-05-11 23:00:00,4058.669921875,4058.669921875,3958.840087890625,3999.7900390625,139916300
2022-05-12 23:00:00,3999.7900390625,4099.2900390625,3999.7900390625,4099.06005859375,122629200
2022-05-15 23:00:00,4099.06005859375,4120.33984375,4069.4599609375,4120.33984375,116529800
2022-05-16 23:00:00,4120.33984375,4161.18017578125,4120.33984375,4149.8798828125,136788500
2022-05-17 23:00:00,4149.8798828125,4158.85986328125,4110.490234375,4110.490234375,128582300
2022-05-18 23:00:00,4110.490234375,4110.490234375,3996.3701171875,4038.93994140625,149145900
2022-05-19 23:00:00,4038.93994140625,4118.490234375,4038.8798828125,4083.840087890625,119676600
2022-05-22 23:00:00,4083.840087890625,4150.27978515625,4083.820068359375,4150.27978515625,124111500
2022-05-23 23:00:00,4150.27978515625,4150.27978515625,4107.0498046875,4126.7900390625,173835200
2022-05-24 23:00:00,4126.7900390625,4158.2099609375,4126.7900390625,4147.080078125,129915500
2022-05-25 23:00:00,4147.080078125,4181.64990234375,4144.2900390625,4176.58984375,114482100
2022-05-26 23:00:00,4176.58984375,4195.72021484375,4165.97998046875,4190.2099609375,114181400
2022-05-29 23:00:00,4190.2099609375,4217.10009765625,4190.2099609375,4202.9599609375,137684700
2022-05-30 23:00:00,4202.9599609375,4222.5400390625,4195.1201171875,4201.9599609375,231960900
2022-05-31 23:00:00,4201.9599609375,4218.72021484375,4161.9599609375,4164.0,114562600
2022-06-05 23:00:00,4164.0,4223.419921875,4164.0,4206.22998046875,107406600
2022-06-06 23:00:00,4206.22998046875,4209.330078125,4183.419921875,4198.60009765625,126562100
2022-06-07 23:00:00,4198.60009765625,4207.8701171875,4174.43017578125,4193.259765625,117440100
2022-06-08 23:00:00,4193.56005859375,4193.56005859375,4131.43994140625,4132.16015625,117199600
2022-06-09 23:00:00,4132.16015625,4132.169921875,4035.989990234375,4046.159912109375,132726100
2022-06-12 23:00:00,4046.159912109375,4046.159912109375,3963.18994140625,3977.610107421875,139286600
2022-06-13 23:00:00,3977.610107421875,4012.919921875,3941.719970703125,3965.5400390625,136084600
2022-06-14 23:00:00,3965.5400390625,4031.860107421875,3965.389892578125,4013.139892578125,159722900
2022-06-15 23:00:00,4013.139892578125,4013.139892578125,3886.60009765625,3888.27001953125,184162200
2022-06-16 23:00:00,3888.27001953125,3938.5400390625,3872.840087890625,3881.919921875,287928700
2022-06-19 23:00:00,3881.919921875,3935.39990234375,3881.919921875,3932.639892578125,101610000
2022-06-20 23:00:00,3932.639892578125,3969.6298828125,3931.610107421875,3943.97998046875,92853900
2022-06-21 23:00:00,3943.97998046875,3943.97998046875,3880.010009765625,3913.280029296875,169342700
2022-06-22 23:00:00,3913.280029296875,3923.010009765625,3874.679931640625,3874.679931640625,112187300
2022-06-23 23:00:00,3874.679931640625,3975.760009765625,3872.679931640625,3975.070068359375,125488600
2022-06-26 23:00:00,3975.06005859375,4018.18994140625,3974.800048828125,4004.22998046875,120162800
2022-06-27 23:00:00,4004.239990234375,4055.969970703125,4004.239990234375,4035.239990234375,124638300
2022-06-28 23:00:00,4035.239990234375,4036.35009765625,3999.110107421875,4019.530029296875,107085800
2022-06-29 23:00:00,4019.530029296875,4019.530029296875,3908.449951171875,3940.89990234375,137908300
2022-06-30 23:00:00,3940.89990234375,3964.89990234375,3905.760009765625,3940.030029296875,103603300
2022-07-03 23:00:00,3940.030029296875,3981.719970703125,3940.010009765625,3967.610107421875,72592300
2022-07-04 23:00:00,3967.610107421875,3982.050048828125,3860.22998046875,3863.909912109375,150095000
2022-07-05 23:00:00,3863.909912109375,3953.7900390625,3863.85009765625,3910.800048828125,137821400
2022-07-06 23:00:00,3910.800048828125,3968.2099609375,3910.800048828125,3956.97998046875,150090200
2022-07-07 23:00:00,3956.97998046875,3969.300048828125,3927.260009765625,3961.27001953125,101949400
2022-07-10 23:00:00,3961.280029296875,3963.969970703125,3910.1298828125,3958.919921875,104894800
2022-07-11 23:00:00,3958.919921875,3969.31005859375,3929.969970703125,3965.14990234375,126746200
2022-07-12 23:00:00,3965.14990234375,3965.179931640625,3909.3798828125,3935.820068359375,114008400
2022-07-13 23:00:00,3935.820068359375,3937.030029296875,3857.639892578125,3874.72998046875,121736500
2022-07-14 23:00:00,3874.72998046875,3944.469970703125,3873.919921875,3940.8701171875,113227400
2022-07-17 23:00:00,3940.8701171875,3996.570068359375,3940.8701171875,3976.510009765625,98905900
2022-07-18 23:00:00,3976.510009765625,4023.699951171875,3952.419921875,4018.639892578125,102609700
2022-07-19 23:00:00,4018.639892578125,4045.0400390625,4001.429931640625,4009.110107421875,141609700
2022-07-20 23:00:00,4009.110107421875,4021.5,3986.070068359375,4021.5,120403800
2022-07-21 23:00:00,4021.5,4049.72998046875,4013.969970703125,4028.280029296875,109575500
2022-07-24 23:00:00,4028.280029296875,4044.800048828125,4008.330078125,4041.31005859375,106874400
2022-07-25 23:00:00,4041.31005859375,4066.860107421875,4030.590087890625,4033.75,111312200
2022-07-26 23:00:00,4033.75,4063.77001953125,4033.75,4055.159912109375,157658800
2022-07-27 23:00:00,4055.159912109375,4079.43994140625,4040.68994140625,4061.260009765625,120824800
2022-07-28 23:00:00,4061.260009765625,4116.990234375,4061.25,4107.009765625,129563100
2022-07-31 23:00:00,4117.14013671875,4128.89013671875,4097.43994140625,4100.08984375,87913200
2022-08-01 23:00:00,4100.08984375,4104.52978515625,4081.909912109375,4091.260009765625,100841300
2022-08-02 23:00:00,4091.260009765625,4112.77978515625,4073.02001953125,4112.77978515625,143282400
2022-08-03 23:00:00,4112.77978515625,4139.0,4102.93994140625,4118.31982421875,129973600
2022-08-04 23:00:00,4118.31982421875,4128.009765625,4104.3701171875,4111.509765625,93758500
2022-08-07 23:00:00,4111.509765625,4148.7001953125,4111.41015625,4132.81982421875,91653100
2022-08-08 23:00:00,4132.81982421875,4139.56982421875,4126.35009765625,4129.39013671875,101085000
2022-08-09 23:00:00,4129.39013671875,4156.7998046875,4118.58984375,4150.68017578125,111055600
2022-08-10 23:00:00,4150.68017578125,4156.4599609375,4127.5,4131.259765625,95861400
2022-08-11 23:00:00,4131.259765625,4155.4501953125,4130.41015625,4149.89990234375,78275800
2022-08-14 23:00:00,4149.89990234375,4168.81005859375,4132.52978515625,4155.08984375,75694500
2022-08-15 23:00:00,4155.08984375,4181.2099609375,4155.08984375,4166.3798828125,87522600
2022-08-16 23:00:00,4166.3798828125,4175.330078125,4141.2998046875,4146.490234375,107810000
2022-08-17 23:00:00,4146.490234375,4162.10986328125,4135.9501953125,4162.10986328125,107855500
2022-08-18 23:00:00,4162.10986328125,4174.93994140625,4143.39990234375,4157.7900390625,141400700
2022-08-21 23:00:00,4157.77978515625,4157.9599609375,4120.81982421875,4136.509765625,119123200
2022-08-22 23:00:00,4136.509765625,4136.509765625,4098.89990234375,4108.39013671875,121091500
2022-08-23 23:00:00,4108.39013671875,4108.39013671875,4068.340087890625,4100.81982421875,102530300
2022-08-24 23:00:00,4100.81982421875,4131.35986328125,4098.2001953125,4103.35009765625,91112100
2022-08-25 23:00:00,4103.35009765625,4129.27001953125,4074.2099609375,4076.320068359375,105870300
2022-08-29 23:00:00,4076.320068359375,4106.33984375,4039.030029296875,4045.2099609375,160304200
2022-08-30 23:00:00,4045.2099609375,4053.35009765625,3996.219970703125,4007.4599609375,174383600
2022-08-31 23:00:00,4007.4599609375,4007.4599609375,3919.159912109375,3926.25,140798300
2022-09-01 23:00:00,3926.25,4001.68994140625,3926.169921875,3998.47998046875,153294500
2022-09-04 23:00:00,3998.47998046875,3998.47998046875,3948.530029296875,3993.659912109375,114992000
2022-09-05 23:00:00,3993.659912109375,4019.179931640625,3982.610107421875,4005.610107421875,147602200
2022-09-06 23:00:00,4005.610107421875,4005.610107421875,3950.81005859375,3976.830078125,176459000
2022-09-07 23:00:00,3976.830078125,3995.889892578125,3944.330078125,3990.56005859375,119075600
2022-09-08 23:00:00,3990.56005859375,4055.219970703125,3990.56005859375,4041.4599609375,120397500
2022-09-11 23:00:00,4041.449951171875,4111.35986328125,4041.449951171875,4108.18994140625,148913500
2022-09-12 23:00:00,4108.18994140625,4129.41015625,4056.1201171875,4056.1201171875,124646900
2022-09-13 23:00:00,4056.1201171875,4056.1201171875,3987.85009765625,3996.830078125,150727900
2022-09-14 23:00:00,3996.830078125,4023.429931640625,3987.93994140625,4000.330078125,125760800
2022-09-15 23:00:00,4000.330078125,4004.97998046875,3976.0400390625,3976.659912109375,331617200
2022-09-19 23:00:00,3976.659912109375,4018.840087890625,3936.169921875,3947.56005859375,146006000
2022-09-20 23:00:00,3947.56005859375,3981.14990234375,3936.18994140625,3973.75,196751100
2022-09-21 23:00:00,3973.75,3973.75,3921.06005859375,3924.909912109375,127572300
2022-09-22 23:00:00,3924.909912109375,3929.340087890625,3830.449951171875,3848.679931640625,151105600
2022-09-25 23:00:00,3848.679931640625,3870.7900390625,3801.739990234375,3841.449951171875,164697300
2022-09-26 23:00:00,3841.449951171875,3869.97998046875,3810.43994140625,3810.43994140625,178834200
2022-09-27 23:00:00,3810.43994140625,3821.39990234375,3726.43994140625,3820.22998046875,227053000
2022-09-28 23:00:00,3820.22998046875,3820.260009765625,3716.93994140625,3745.110107421875,177795100
2022-09-29 23:00:00,3745.110107421875,3787.530029296875,3732.89990234375,3763.47998046875,180811800
2022-10-02 23:00:00,3763.47998046875,3780.0400390625,3712.81005859375,3773.800048828125,165611600
2022-10-03 23:00:00,3773.800048828125,3873.570068359375,3773.760009765625,3873.2099609375,162332700
2022-10-04 23:00:00,3873.2099609375,3873.2099609375,3815.389892578125,3848.669921875,131663900
2022-10-05 23:00:00,3848.669921875,3865.050048828125,3806.760009765625,3826.389892578125,139539500
2022-10-06 23:00:00,3826.389892578125,3835.429931640625,3798.949951171875,3814.260009765625,115682000
2022-10-09 23:00:00,3814.260009765625,3814.260009765625,3777.080078125,3791.93994140625,127749800
2022-10-10 23:00:00,3791.93994140625,3791.969970703125,3739.969970703125,3749.5,117183000
2022-10-11 23:00:00,3749.5,3762.840087890625,3698.97998046875,3712.5,145552300
2022-10-12 23:00:00,3712.5,3748.02001953125,3655.550048828125,3732.929931640625,171396300
2022-10-13 23:00:00,3732.929931640625,3804.419921875,3732.929931640625,3740.85009765625,139711700
2022-10-16 23:00:00,3740.85009765625,3802.080078125,3737.820068359375,3784.449951171875,139708500
2022-10-17 23:00:00,3784.449951171875,3834.6298828125,3784.449951171875,3792.7900390625,144085600
2022-10-18 23:00:00,3792.7900390625,3807.590087890625,3764.52001953125,3777.929931640625,107482800
2022-10-19 23:00:00,3777.929931640625,3797.4599609375,3761.699951171875,3790.949951171875,148011100
2022-10-20 23:00:00,3790.949951171875,3801.300048828125,3743.2900390625,3796.889892578125,103724300
2022-10-23 23:00:00,3796.889892578125,3838.5400390625,3772.409912109375,3820.9599609375,97522800
2022-10-24 23:00:00,3820.9599609375,3838.280029296875,3794.669921875,3837.27001953125,106640000
2022-10-25 23:00:00,3837.27001953125,3866.330078125,3816.669921875,3866.010009765625,157559200
2022-10-26 23:00:00,3866.010009765625,3884.5,3854.719970703125,3873.27001953125,128267600
2022-10-27 23:00:00,3873.27001953125,3873.27001953125,3830.5,3855.75,101323900
2022-10-31 00:00:00,3855.75,3895.2900390625,3847.360107421875,3876.47998046875,117768300
2022-11-01 00:00:00,3876.47998046875,3949.300048828125,3876.469970703125,3928.75,134292900
2022-11-02 00:00:00,3928.75,3939.080078125,3903.389892578125,3910.010009765625,112409400
2022-11-03 00:00:00,3910.010009765625,3926.8701171875,3873.030029296875,3926.8701171875,103917600
2022-11-04 00:00:00,3926.8701171875,4022.409912109375,3926.860107421875,4001.840087890625,132469100
2022-11-07 00:00:00,4001.840087890625,4011.239990234375,3979.510009765625,3993.090087890625,117350100
2022-11-08 00:00:00,3993.090087890625,4003.419921875,3965.639892578125,4000.3798828125,136757100
2022-11-09 00:00:00,4000.3798828125,4000.3798828125,3976.3701171875,3994.1298828125,84608200
2022-11-10 00:00:00,3994.1298828125,4062.25,3973.47998046875,4054.68994140625,123568400
2022-11-11 00:00:00,4054.68994140625,4077.56005859375,4036.669921875,4036.840087890625,145411500
2022-11-14 00:00:00,4036.840087890625,4080.929931640625,4036.590087890625,4067.929931640625,110779500
2022-11-15 00:00:00,4067.929931640625,4080.889892578125,4044.179931640625,4055.8798828125,132509600
2022-11-16 00:00:00,4055.8798828125,4066.179931640625,4028.860107421875,4035.8701171875,119054900
2022-11-17 00:00:00,4035.8701171875,4037.10009765625,4007.75,4033.919921875,107747500
2022-11-18 00:00:00,4033.919921875,4072.659912109375,4032.5400390625,4056.590087890625,123291600
2022-11-21 00:00:00,4056.590087890625,4068.030029296875,4034.85009765625,4057.010009765625,99050100
2022-11-22 00:00:00,4057.010009765625,4095.449951171875,4056.169921875,4092.330078125,94343500
2022-11-23 00:00:00,4092.330078125,4114.3701171875,4090.699951171875,4100.4599609375,123502400
2022-11-24 00:00:00,4100.4599609375,4114.39013671875,4092.050048828125,4102.66015625,75069300
2022-11-25 00:00:00,4102.66015625,4114.2099609375,4095.93994140625,4112.31005859375,88233100
2022-11-28 00:00:00,4112.31005859375,4112.31982421875,4077.800048828125,4098.490234375,101905400
2022-11-29 00:00:00,4098.490234375,4132.2099609375,4098.47021484375,4112.2998046875,109208100
2022-11-30 00:00:00,4112.2998046875,4153.490234375,4112.2998046875,4139.64990234375,215237800
2022-12-01 00:00:00,4139.64990234375,4158.14013671875,4137.18994140625,4141.0400390625,109710300
2022-12-02 00:00:00,4141.0400390625,4147.759765625,4113.39990234375,4138.81005859375,93971500
2022-12-05 00:00:00,4138.81005859375,4158.72998046875,4134.72021484375,4143.2099609375,79710000
2022-12-06 00:00:00,4143.2099609375,4143.25,4114.47998046875,4114.47998046875,114749500
2022-12-07 00:00:00,4114.47998046875,4134.919921875,4093.679931640625,4093.679931640625,115961800
2022-12-08 00:00:00,4093.679931640625,4102.7001953125,4082.239990234375,4082.239990234375,93209600
2022-12-09 00:00:00,4082.239990234375,4095.85009765625,4062.489990234375,4087.389892578125,106007400
2022-12-12 00:00:00,4087.389892578125,4087.389892578125,4065.090087890625,4070.0,90715200
2022-12-13 00:00:00,4070.0,4134.2998046875,4061.699951171875,4105.08984375,120693100
2022-12-14 00:00:00,4105.08984375,4105.08984375,4083.340087890625,4100.259765625,112520600
2022-12-15 00:00:00,4100.259765625,4100.259765625,4055.159912109375,4063.590087890625,96002400
2022-12-16 00:00:00,4063.590087890625,4063.830078125,3995.72998046875,4010.489990234375,283313300
2022-12-19 00:00:00,4010.489990234375,4039.090087890625,4010.489990234375,4025.8701171875,77483800
2022-12-20 00:00:00,4025.8701171875,4037.919921875,3992.8798828125,4026.909912109375,119431400
2022-12-21 00:00:00,4026.909912109375,4095.949951171875,4026.22998046875,4095.419921875,90867400
2022-12-22 00:00:00,4095.419921875,4117.31982421875,4075.860107421875,4079.25,65454200
2022-12-23 00:00:00,4079.25,4095.3798828125,4075.360107421875,4083.659912109375,31928900
2022-12-28 00:00:00,4083.659912109375,4119.97021484375,4083.64990234375,4096.5400390625,61133200
2022-12-29 00:00:00,4096.5400390625,4108.83984375,4064.260009765625,4107.39013671875,58657100
2022-12-30 00:00:00,4107.39013671875,4107.47998046875,4075.1298828125,4075.1298828125,35481300
2023-01-03 00:00:00,4075.1298828125,4167.7998046875,4073.8701171875,4131.41015625,132810300
2023-01-04 00:00:00,4131.41015625,4162.580078125,4126.6298828125,4154.169921875,116335900
2023-01-05 00:00:00,4154.169921875,4191.85009765625,4144.60009765625,4178.669921875,123502300
2023-01-06 00:00:00,4178.669921875,4210.580078125,4178.669921875,4210.580078125,113616700
2023-01-09 00:00:00,4210.580078125,4224.240234375,4201.85986328125,4221.4599609375,120328700
2023-01-10 00:00:00,4221.4599609375,4221.4599609375,4200.3798828125,4204.39013671875,127392600
2023-01-11 00:00:00,4204.39013671875,4246.08984375,4204.240234375,4222.93994140625,146383300
2023-01-12 00:00:00,4222.93994140625,4271.16015625,4222.759765625,4264.75,114425000
2023-01-13 00:00:00,4264.75,4301.27001953125,4264.5,4291.43994140625,112793000
2023-01-16 00:00:00,4291.43994140625,4307.77978515625,4290.47998046875,4302.91015625,99359300
2023-01-17 00:00:00,4302.91015625,4308.83984375,4284.33984375,4294.52978515625,144793400
2023-01-18 00:00:00,4294.52978515625,4303.830078125,4281.259765625,4283.22998046875,133748800
2023-01-19 00:00:00,4283.22998046875,4283.259765625,4225.7998046875,4234.85986328125,119292600
2023-01-20 00:00:00,4234.85986328125,4258.0498046875,4234.85986328125,4250.10009765625,114926500
2023-01-23 00:00:00,4250.10009765625,4271.2099609375,4249.39013671875,4259.9599609375,94605700
2023-01-24 00:00:00,4259.9599609375,4268.22021484375,4241.10986328125,4249.39990234375,114443200
2023-01-25 00:00:00,4249.39990234375,4260.06005859375,4223.6298828125,4241.85009765625,108272400
2023-01-26 00:00:00,4241.85009765625,4266.22021484375,4241.85009765625,4253.35009765625,128692400
2023-01-27 00:00:00,4253.35009765625,4262.31005859375,4246.2001953125,4258.97021484375,107795000
2023-01-30 00:00:00,4258.97021484375,4267.009765625,4232.77978515625,4265.16015625,149092000
2023-01-31 00:00:00,4265.16015625,4265.16015625,4223.7001953125,4255.72021484375,130533600
2023-02-01 00:00:00,4255.72021484375,4272.52001953125,4246.080078125,4252.85009765625,130173500
2023-02-02 00:00:00,4252.85009765625,4305.91015625,4251.64013671875,4302.89013671875,123089200
2023-02-03 00:00:00,4302.89013671875,4342.14990234375,4293.64990234375,4339.7099609375,107913200
2023-02-06 00:00:00,4339.7099609375,4339.7099609375,4288.41015625,4303.89990234375,97547300
2023-02-07 00:00:00,4303.89990234375,4326.56982421875,4298.77978515625,4309.8701171875,119337700
2023-02-08 00:00:00,4309.8701171875,4350.16015625,4309.85009765625,4322.830078125,99125600
2023-02-09 00:00:00,4322.830078125,4353.47998046875,4318.43994140625,4334.08984375,144769100
2023-02-10 00:00:00,4334.08984375,4334.2998046875,4296.240234375,4312.89013671875,133794500
2023-02-13 00:00:00,4312.89013671875,4345.77001953125,4312.56005859375,4345.77001953125,84941900
2023-02-14 00:00:00,4345.77001953125,4370.83984375,4344.33984375,4345.080078125,101893600
2023-02-15 00:00:00,4345.080078125,4372.60009765625,4329.68017578125,4369.7998046875,117473500
2023-02-16 00:00:00,4369.7998046875,4395.93017578125,4357.7998046875,4377.35986328125,105995700
2023-02-17 00:00:00,4377.35986328125,4377.47021484375,4346.22021484375,4370.31982421875,162812500
2023-02-20 00:00:00,4370.31982421875,4377.97021484375,4364.77978515625,4375.009765625,102493100
2023-02-21 00:00:00,4375.009765625,4375.16015625,4342.33984375,4349.6201171875,129920400
2023-02-22 00:00:00,4349.6201171875,4349.7001953125,4295.93994140625,4322.64990234375,100977900
2023-02-23 00:00:00,4322.64990234375,4331.080078125,4308.0400390625,4315.81982421875,132056200
2023-02-24 00:00:00,4315.81982421875,4332.419921875,4294.759765625,4299.2900390625,125547500
2023-02-27 00:00:00,4299.2900390625,4336.39990234375,4299.2900390625,4331.259765625,110496600
2023-02-28 00:00:00,4331.259765625,4331.259765625,4291.31982421875,4304.47998046875,175506100
2023-03-01 00:00:00,4303.9501953125,4340.9501953125,4302.919921875,4321.10009765625,159351500
2023-03-02 00:00:00,4321.10009765625,4335.509765625,4301.85986328125,4334.009765625,133276900
2023-03-03 00:00:00,4334.009765625,4350.2900390625,4325.02978515625,4338.330078125,111399100
2023-03-06 00:00:00,4338.330078125,4339.75,4315.990234375,4334.66015625,95471100
2023-03-07 00:00:00,4334.66015625,4348.89990234375,4321.91015625,4326.06982421875,135159000
2023-03-08 00:00:00,4326.06982421875,4334.919921875,4308.669921875,4327.18994140625,119367700
2023-03-09 00:00:00,4327.18994140625,4327.509765625,4288.06982421875,4298.6298828125,136378400
2023-03-10 00:00:00,4298.6298828125,4298.6298828125,4205.68017578125,4226.4599609375,140732900
2023-03-13 00:00:00,4226.4599609375,4230.0,4116.35009765625,4117.47021484375,180042400
2023-03-14 00:00:00,4117.47021484375,4170.2099609375,4095.0,4167.8798828125,126351600
2023-03-15 00:00:00,4167.8798828125,4168.18994140625,4011.27001953125,4017.0,198987500
2023-03-16 00:00:00,4017.0,4077.1201171875,4009.4599609375,4051.3798828125,168419100
2023-03-17 00:00:00,4051.2099609375,4101.43017578125,3994.02001953125,4007.659912109375,297267900
2023-03-20 00:00:00,4007.659912109375,4052.090087890625,3935.679931640625,4039.43994140625,146192400
2023-03-21 00:00:00,4039.43994140625,4119.22021484375,4039.43994140625,4109.2001953125,115940600
2023-03-22 00:00:00,4109.2001953125,4131.31005859375,4092.340087890625,4122.7001953125,128037800
2023-03-23 00:00:00,4122.7001953125,4122.740234375,4077.260009765625,4090.89990234375,156360500
2023-03-24 00:00:00,4090.89990234375,4090.89990234375,4005.570068359375,4039.72998046875,131110400
2023-03-26 23:00:00,4039.72998046875,4083.25,4039.72998046875,4071.070068359375,110105300
2023-03-27 23:00:00,4071.070068359375,4098.39013671875,4061.22998046875,4072.4599609375,152160700
2023-03-28 23:00:00,4072.4599609375,4116.6298828125,4072.4599609375,4116.6298828125,104052600
2023-03-29 23:00:00,4116.6298828125,4159.0400390625,4116.6298828125,4151.91015625,119609100
2023-03-30 23:00:00,4151.91015625,4168.35986328125,4149.39013671875,4157.8798828125,124872900
2023-04-02 23:00:00,4157.8798828125,4188.47998046875,4157.8798828125,4175.7099609375,131512200
2023-04-03 23:00:00,4175.7099609375,4202.41015625,4155.56982421875,4155.56982421875,117669300
2023-04-04 23:00:00,4155.56982421875,4170.1298828125,4152.06982421875,4161.56005859375,103053800
2023-04-05 23:00:00,4161.56005859375,4203.91015625,4156.7998046875,4203.91015625,93509300
2023-04-10 23:00:00,4203.91015625,4236.60986328125,4203.91015625,4229.52978515625,131162000
2023-04-11 23:00:00,4229.52978515625,4266.8701171875,4228.43994140625,4248.7900390625,119440100
2023-04-12 23:00:00,4248.7900390625,4263.330078125,4242.8798828125,4259.8798828125,112589800
2023-04-13 23:00:00,4259.8798828125,4295.759765625,4259.8798828125,4278.5400390625,120214000
2023-04-16 23:00:00,4278.5400390625,4303.02001953125,4278.5400390625,4283.509765625,103632500
2023-04-17 23:00:00,4283.509765625,4298.4501953125,4283.5,4297.39013671875,85234900
2023-04-18 23:00:00,4297.39013671875,4297.39013671875,4275.06982421875,4289.3798828125,83668200
2023-04-19 23:00:00,4289.3798828125,4289.490234375,4277.6298828125,4289.08984375,125348800
2023-04-20 23:00:00,4289.08984375,4304.9599609375,4280.259765625,4298.240234375,104152600
2023-04-23 23:00:00,4298.240234375,4304.64990234375,4280.1201171875,4295.89013671875,104258300
2023-04-24 23:00:00,4295.89013671875,4295.89013671875,4270.2998046875,4285.93017578125,100343600
2023-04-25 23:00:00,4285.93017578125,4286.56005859375,4254.33984375,4267.919921875,125006600
2023-04-26 23:00:00,4267.919921875,4272.9599609375,4252.77978515625,4259.5498046875,99779100
2023-04-27 23:00:00,4259.5498046875,4283.830078125,4240.8798828125,4283.830078125,137110200
2023-05-01 23:00:00,4283.830078125,4299.490234375,4235.669921875,4235.669921875,135482100
2023-05-02 23:00:00,4235.669921875,4259.0400390625,4235.6298828125,4244.2900390625,135646800
2023-05-03 23:00:00,4244.2900390625,4244.2900390625,4195.169921875,4201.22998046875,116521700
2023-05-04 23:00:00,4201.22998046875,4243.93994140625,4201.1201171875,4242.39990234375,91382400
2023-05-08 23:00:00,4242.39990234375,4248.509765625,4216.39990234375,4231.1201171875,151917400
2023-05-09 23:00:00,4231.1201171875,4238.490234375,4213.2001953125,4220.419921875,118514700
2023-05-10 23:00:00,4220.419921875,4241.4599609375,4189.080078125,4215.22021484375,127637200
2023-05-11 23:00:00,4215.22021484375,4234.81982421875,4214.4599609375,4224.06005859375,103365700
2023-05-14 23:00:00,4224.06005859375,4244.35009765625,4224.06005859375,4236.9599609375,105450100
2023-05-15 23:00:00,4236.9599609375,4251.1298828125,4218.3798828125,4224.759765625,141939100
2023-05-16 23:00:00,4224.759765625,4224.759765625,4205.27978515625,4210.169921875,108480700
2023-05-17 23:00:00,4210.169921875,4237.43994140625,4210.169921875,4221.4501953125,108873800
2023-05-18 23:00:00,4221.4501953125,4245.259765625,4221.240234375,4228.25,96930000
2023-05-21 23:00:00,4228.25,4241.14013671875,4224.259765625,4234.14013671875,166557600
2023-05-22 23:00:00,4234.14013671875,4248.0498046875,4222.7099609375,4228.3798828125,103026900
2023-05-23 23:00:00,4228.3798828125,4228.3798828125,4139.06005859375,4156.81982421875,139516400
2023-05-24 23:00:00,4156.81982421875,4158.18994140625,4128.330078125,4128.330078125,102771100
2023-05-25 23:00:00,4128.330078125,4161.419921875,4120.1298828125,4152.5400390625,116304000
2023-05-29 23:00:00,4152.5400390625,4155.2001953125,4102.64013671875,4104.75,125060700
2023-05-30 23:00:00,4104.75,4104.77001953125,4066.800048828125,4066.800048828125,288963000
2023-05-31 23:00:00,4066.800048828125,4094.469970703125,4066.6201171875,4090.639892578125,127507800
2023-06-01 23:00:00,4090.639892578125,4158.419921875,4090.47998046875,4155.3701171875,97387600
2023-06-04 23:00:00,4155.3701171875,4180.2900390625,4148.77001953125,4150.89013671875,82403900
2023-06-05 23:00:00,4150.89013671875,4170.5400390625,4130.41015625,4167.2001953125,94617000
2023-06-06 23:00:00,4167.2001953125,4173.47998046875,4155.93994140625,4163.52001953125,93647600
2023-06-07 23:00:00,4163.52001953125,4170.31982421875,4144.91015625,4150.89990234375,82345900
2023-06-08 23:00:00,4150.89990234375,4159.0400390625,4124.009765625,4133.31982421875,88273100
2023-06-11 23:00:00,4133.31982421875,4151.830078125,4133.25,4140.419921875,90952200
2023-06-12 23:00:00,4140.419921875,4159.41015625,4132.66015625,4151.4599609375,139560100
2023-06-13 23:00:00,4151.4599609375,4172.60986328125,4145.0498046875,4154.3798828125,118935800
2023-06-14 23:00:00,4154.3798828125,4164.0498046875,4144.830078125,4161.919921875,128879500
2023-06-15 23:00:00,4161.919921875,4191.60009765625,4161.68017578125,4168.1201171875,282144900
2023-06-18 23:00:00,4168.1201171875,4168.1201171875,4134.66015625,4137.72998046875,83828300
2023-06-19 23:00:00,4137.72998046875,4144.9599609375,4124.39013671875,4125.41015625,96508700
2023-06-20 23:00:00,4125.41015625,4127.0498046875,4099.18994140625,4115.41015625,104207300
2023-06-21 23:00:00,4115.41015625,4115.41015625,4064.840087890625,4081.030029296875,104639800
2023-06-22 23:00:00,4081.030029296875,4081.030029296875,4045.419921875,4053.64990234375,94549600
2023-06-25 23:00:00,4053.64990234375,4061.60009765625,4021.510009765625,4046.840087890625,124106300
2023-06-26 23:00:00,4046.840087890625,4069.35009765625,4036.739990234375,4052.969970703125,111440000
2023-06-27 23:00:00,4052.969970703125,4089.56005859375,4052.969970703125,4082.27001953125,101917400
2023-06-28 23:00:00,4082.27001953125,4083.949951171875,4058.6298828125,4064.449951171875,99569900
2023-06-29 23:00:00,4064.449951171875,4107.2900390625,4064.449951171875,4096.259765625,110099700
2023-07-02 23:00:00,4096.259765625,4113.56005859375,4091.35009765625,4097.64990234375,86645000
2023-07-03 23:00:00,4097.64990234375,4108.68017578125,4093.239990234375,4095.31005859375,107785200
2023-07-04 23:00:00,4095.31005859375,4095.31005859375,4051.239990234375,4055.330078125,109080800
2023-07-05 23:00:00,4055.330078125,4055.330078125,3960.7900390625,3965.25,108746800
2023-07-06 23:00:00,3965.25,3965.300048828125,3939.989990234375,3957.080078125,76881400
2023-07-09 23:00:00,3957.080078125,3981.1298828125,3946.889892578125,3965.800048828125,72073000
2023-07-10 23:00:00,3965.800048828125,3973.679931640625,3952.340087890625,3973.179931640625,113775700
2023-07-11 23:00:00,3973.179931640625,4052.85009765625,3973.179931640625,4048.2900390625,142420800
2023-07-12 23:00:00,4048.2900390625,4069.18994140625,4044.989990234375,4061.27001953125,91839900
2023-07-13 23:00:00,4061.27001953125,4079.419921875,4051.8701171875,4056.47998046875,90342200
2023-07-16 23:00:00,4056.47998046875,4057.070068359375,4035.6201171875,4038.22998046875,75879300
2023-07-17 23:00:00,4038.22998046875,4069.580078125,4034.159912109375,4066.800048828125,81540800
2023-07-18 23:00:00,4066.800048828125,4167.9599609375,4066.800048828125,4151.5400390625,142427800
2023-07-19 23:00:00,4151.5400390625,4186.5498046875,4150.27001953125,4177.93994140625,98931200
2023-07-20 23:00:00,4177.93994140625,4188.740234375,4172.9599609375,4182.580078125,81754200
2023-07-23 23:00:00,4182.580078125,4190.56982421875,4166.85986328125,4187.5498046875,84934000
2023-07-24 23:00:00,4187.5498046875,4199.06982421875,4185.2900390625,4194.39013671875,77152500
2023-07-25 23:00:00,4194.39013671875,4199.91015625,4163.64013671875,4188.47998046875,114957100
2023-07-26 23:00:00,4188.47998046875,4207.97998046875,4184.22998046875,4198.68994140625,144174500
2023-07-27 23:00:00,4198.68994140625,4206.0498046875,4188.56005859375,4195.169921875,105792600
2023-07-30 23:00:00,4195.169921875,4210.419921875,4181.43994140625,4198.02001953125,93321300
2023-07-31 23:00:00,4198.02001953125,4204.10986328125,4173.31982421875,4180.41015625,89316900
2023-08-01 23:00:00,4180.41015625,4180.41015625,4104.64990234375,4124.0400390625,108971100
2023-08-02 23:00:00,4124.0400390625,4124.330078125,4064.1201171875,4109.58984375,152109800
2023-08-03 23:00:00,4109.58984375,4131.669921875,4089.7099609375,4129.31982421875,86801400
2023-08-06 23:00:00,4129.31982421875,4129.41015625,4099.14990234375,4122.14990234375,76889500
2023-08-07 23:00:00,4122.14990234375,4122.18017578125,4090.739990234375,4108.60986328125,115353700
2023-08-08 23:00:00,4108.60986328125,4145.68017578125,4108.60986328125,4139.35986328125,139223900
2023-08-09 23:00:00,4139.35986328125,4158.240234375,4132.77978515625,4155.68017578125,91123500
2023-08-10 23:00:00,4155.68017578125,4155.7099609375,4099.85986328125,4105.93017578125,76072200
2023-08-13 23:00:00,4105.93017578125,4108.5,4082.219970703125,4096.7998046875,142663400
2023-08-14 23:00:00,4096.7998046875,4097.93994140625,4028.97998046875,4039.10009765625,73473700
2023-08-15 23:00:00,4039.10009765625,4044.110107421875,4013.669921875,4021.570068359375,95097300
2023-08-16 23:00:00,4021.570068359375,4021.590087890625,3990.550048828125,3992.8798828125,72124600
2023-08-17 23:00:00,3992.8798828125,3992.8798828125,3938.27001953125,3961.93994140625,89844500
2023-08-20 23:00:00,3961.93994140625,3985.830078125,3951.409912109375,3953.39990234375,75190800
2023-08-21 23:00:00,3953.39990234375,3983.090087890625,3953.39990234375,3963.580078125,100039300
2023-08-22 23:00:00,3963.580078125,4005.590087890625,3963.580078125,3992.9599609375,120009400
2023-08-23 23:00:00,3992.9599609375,4028.35009765625,3992.9599609375,3997.659912109375,64120300
2023-08-24 23:00:00,3997.659912109375,4024.239990234375,3992.739990234375,3998.050048828125,62841900
2023-08-28 23:00:00,3998.050048828125,4069.929931640625,3998.050048828125,4067.199951171875,158006000
2023-08-29 23:00:00,4067.199951171875,4090.659912109375,4067.050048828125,4074.199951171875,90211300
2023-08-30 23:00:00,4074.090087890625,4089.719970703125,4059.530029296875,4059.530029296875,166554000
2023-08-31 23:00:00,4059.530029296875,4085.580078125,4059.52001953125,4069.2099609375,95200800
2023-09-03 23:00:00,4069.2099609375,4098.93017578125,4061.530029296875,4063.699951171875,61161300
2023-09-04 23:00:00,4063.699951171875,4077.429931640625,4031.0,4055.780029296875,76304200
2023-09-05 23:00:00,4055.780029296875,4060.68994140625,4020.7099609375,4048.699951171875,75523700
2023-09-06 23:00:00,4048.699951171875,4064.93994140625,4027.659912109375,4053.60009765625,88309200
2023-09-07 23:00:00,4053.60009765625,4073.6298828125,4034.030029296875,4072.739990234375,90324400
2023-09-10 23:00:00,4072.739990234375,4109.35986328125,4068.169921875,4083.22998046875,83145000
2023-09-11 23:00:00,4083.22998046875,4108.83984375,4083.219970703125,4097.97021484375,99584100
2023-09-12 23:00:00,4097.97021484375,4106.419921875,4077.6298828125,4097.89013671875,102209000
2023-09-13 23:00:00,4097.89013671875,4179.81005859375,4097.85009765625,4175.91015625,118243500
2023-09-14 23:00:00,4175.91015625,4210.740234375,4175.89990234375,4190.41015625,257245100
2023-09-17 23:00:00,4190.41015625,4192.509765625,4148.259765625,4152.91015625,80631800
2023-09-18 23:00:00,4152.91015625,4169.08984375,4147.35986328125,4155.4599609375,93911500
2023-09-19 23:00:00,4155.4599609375,4202.72021484375,4155.41015625,4197.77978515625,119592600
2023-09-20 23:00:00,4197.77978515625,4206.4599609375,4167.6201171875,4171.06982421875,131964000
2023-09-21 23:00:00,4171.06982421875,4196.97998046875,4152.58984375,4172.43994140625,141629000
2023-09-24 23:00:00,4172.43994140625,4172.5,4117.009765625,4139.08984375,88657300
2023-09-25 23:00:00,4139.08984375,4153.3798828125,4123.14990234375,4136.919921875,84315200
2023-09-26 23:00:00,4136.919921875,4146.85986328125,4110.8701171875,4118.27001953125,111285700
2023-09-27 23:00:00,4118.27001953125,4122.06982421875,4081.889892578125,4118.33984375,101141800
2023-09-28 23:00:00,4118.33984375,4159.16015625,4118.33984375,4127.240234375,102489300
2023-10-01 23:00:00,4127.240234375,4142.009765625,4062.81005859375,4072.35009765625,93856400
2023-10-02 23:00:00,4072.35009765625,4087.469970703125,4043.669921875,4043.719970703125,87465400
2023-10-03 23:00:00,4043.719970703125,4052.39990234375,3996.199951171875,4010.909912109375,150630100
2023-10-04 23:00:00,4010.909912109375,4052.1201171875,4010.77001953125,4031.929931640625,99538600
2023-10-05 23:00:00,4031.929931640625,4056.72998046875,4017.889892578125,4055.72998046875,95426600
2023-10-08 23:00:00,4055.72998046875,4075.360107421875,4043.18994140625,4049.139892578125,104785700
2023-10-09 23:00:00,4049.139892578125,4128.33984375,4049.139892578125,4124.72021484375,106676300
2023-10-10 23:00:00,4124.72021484375,4135.009765625,4112.7099609375,4118.2001953125,97193500
2023-10-11 23:00:00,4118.2001953125,4153.31005859375,4118.2001953125,4128.490234375,116012500
2023-10-12 23:00:00,4128.490234375,4133.81982421875,4092.7900390625,4095.5,97291200
2023-10-15 23:00:00,4095.5,4121.419921875,4087.050048828125,4111.240234375,90532300
2023-10-16 23:00:00,4111.240234375,4139.9599609375,4103.68017578125,4137.259765625,103787900
2023-10-17 23:00:00,4137.259765625,4138.06982421875,4084.050048828125,4088.239990234375,101102600
2023-10-18 23:00:00,4088.239990234375,4088.239990234375,4039.0,4041.449951171875,105558400
2023-10-19 23:00:00,4041.449951171875,4041.449951171875,3988.1201171875,3990.56005859375,117602900
2023-10-22 23:00:00,3990.56005859375,3990.639892578125,3956.780029296875,3978.43994140625,79793200
2023-10-23 23:00:00,3978.43994140625,3991.760009765625,3953.070068359375,3983.199951171875,105829200
2023-10-24 23:00:00,3983.199951171875,3997.2099609375,3969.139892578125,3990.5400390625,105907900
2023-10-25 23:00:00,3990.5400390625,3990.6201171875,3954.0,3959.510009765625,121344500
2023-10-26 23:00:00,3959.510009765625,3974.4599609375,3926.68994140625,3933.169921875,90009500
2023-10-30 00:00:00,3933.169921875,3973.27001953125,3933.159912109375,3954.669921875,136556200
2023-10-31 00:00:00,3954.669921875,3981.18994140625,3948.030029296875,3954.35009765625,121341200
2023-11-01 00:00:00,3954.35009765625,3985.389892578125,3944.139892578125,3967.550048828125,108246900
2023-11-02 00:00:00,3967.550048828125,4042.929931640625,3967.550048828125,4033.97998046875,145890200
2023-11-03 00:00:00,4033.97998046875,4056.889892578125,4017.590087890625,4028.18994140625,106016200
2023-11-06 00:00:00,4028.18994140625,4039.43994140625,4018.610107421875,4020.77001953125,111706000
2023-11-07 00:00:00,4020.77001953125,4028.419921875,4008.919921875,4017.6298828125,91154800
2023-11-08 00:00:00,4017.6298828125,4037.68994140625,4002.72998046875,4016.239990234375,111927900
2023-11-09 00:00:00,4016.239990234375,4051.550048828125,4000.340087890625,4047.1298828125,109460200
2023-11-10 00:00:00,4047.1298828125,4047.1298828125,3976.68994140625,3997.590087890625,116536000
2023-11-13 00:00:00,3997.590087890625,4029.830078125,3997.590087890625,4029.830078125,100244800
2023-11-14 00:00:00,4029.830078125,4059.760009765625,4013.919921875,4056.7900390625,145412800
2023-11-15 00:00:00,4056.7900390625,4111.1298828125,4056.7900390625,4083.219970703125,128742100
2023-11-16 00:00:00,4083.219970703125,4085.3701171875,4037.31005859375,4037.989990234375,114119800
2023-11-17 00:00:00,4037.989990234375,4089.909912109375,4037.739990234375,4088.050048828125,120153700
2023-11-20 00:00:00,4088.050048828125,4089.239990234375,4073.10009765625,4085.4599609375,77245400
2023-11-21 00:00:00,4085.4599609375,4085.68994140625,4059.159912109375,4071.110107421875,83565300
2023-11-22 00:00:00,4071.110107421875,4082.639892578125,4060.659912109375,4069.60009765625,99781200
2023-11-23 00:00:00,4069.60009765625,4081.239990234375,4057.389892578125,4076.10009765625,89090500
2023-11-24 00:00:00,4076.10009765625,4080.669921875,4059.330078125,4077.469970703125,75711100
2023-11-27 00:00:00,4077.469970703125,4078.469970703125,4060.2099609375,4064.179931640625,67270700
2023-11-28 00:00:00,4064.179931640625,4064.179931640625,4034.89990234375,4059.8701171875,100708300
2023-11-29 00:00:00,4059.8701171875,4062.489990234375,4039.860107421875,4047.889892578125,98845700
2023-11-30 00:00:00,4047.889892578125,4079.919921875,4027.14990234375,4053.800048828125,202383600
2023-12-01 00:00:00,4053.800048828125,4098.22021484375,4053.679931640625,4094.47998046875,93100100
2023-12-04 00:00:00,4094.47998046875,4097.330078125,4071.719970703125,4085.31005859375,131967900
2023-12-05 00:00:00,4085.31005859375,4085.31005859375,4062.60009765625,4078.64990234375,112920700
2023-12-06 00:00:00,4078.64990234375,4109.56005859375,4078.320068359375,4096.16015625,210087900
2023-12-07 00:00:00,4096.16015625,4099.56982421875,4075.070068359375,4093.9599609375,120413600
2023-12-08 00:00:00,4093.9599609375,4129.5498046875,4092.739990234375,4115.3798828125,128119200
2023-12-11 00:00:00,4115.3798828125,4117.66015625,4084.4599609375,4112.31005859375,133069400
2023-12-12 00:00:00,4112.31005859375,4142.83984375,4108.52978515625,4108.52978515625,124053600
2023-12-13 00:00:00,4108.52978515625,4130.990234375,4108.47998046875,4112.169921875,144522400
2023-12-14 00:00:00,4112.169921875,4212.91015625,4112.169921875,4176.89990234375,215727800
2023-12-15 00:00:00,4176.89990234375,4188.85986328125,4138.56005859375,4142.919921875,251785700
2023-12-18 00:00:00,4142.919921875,4168.8701171875,4132.490234375,4161.02001953125,119027800
2023-12-19 00:00:00,4161.02001953125,4176.89990234375,4158.89990234375,4175.1298828125,144904400
2023-12-20 00:00:00,4175.1298828125,4239.740234375,4175.1298828125,4221.18017578125,155450200
2023-12-21 00:00:00,4221.18017578125,4221.18017578125,4194.509765625,4209.7900390625,95595500
2023-12-22 00:00:00,4209.7900390625,4220.52978515625,4200.68994140625,4213.0498046875,60315000
2023-12-27 00:00:00,4213.0498046875,4244.39990234375,4213.0400390625,4228.990234375,76881900
2023-12-28 00:00:00,4228.990234375,4239.2998046875,4220.0498046875,4228.02978515625,59915200
2023-12-29 00:00:00,4228.02978515625,4238.97021484375,4226.759765625,4232.009765625,39035200
2024-01-02 00:00:00,4232.009765625,4245.6298828125,4205.66015625,4220.89990234375,103773400
2024-01-03 00:00:00,4220.89990234375,4231.60986328125,4182.64990234375,4196.68994140625,131947400
2024-01-04 00:00:00,4196.68994140625,4219.669921875,4194.72998046875,4217.02978515625,132848600
2024-01-05 00:00:00,4217.02978515625,4217.02978515625,4171.33984375,4196.35009765625,100310800
2024-01-08 00:00:00,4196.35009765625,4204.14013671875,4168.009765625,4204.14013671875,136279200
2024-01-09 00:00:00,4204.14013671875,4213.580078125,4191.58984375,4196.14990234375,111781300
2024-01-10 00:00:00,4196.14990234375,4196.22021484375,4178.81005859375,4180.830078125,103110800
2024-01-11 00:00:00,4180.830078125,4203.06982421875,4140.72998046875,4140.72998046875,177775900
2024-01-12 00:00:00,4140.72998046875,4183.43017578125,4140.72998046875,4165.6201171875,129520400
2024-01-15 00:00:00,4165.6201171875,4172.81982421875,4141.91015625,4152.2099609375,115545900
2024-01-16 00:00:00,4152.2099609375,4152.31982421875,4122.990234375,4134.31005859375,163861000
2024-01-17 00:00:00,4134.31005859375,4134.31005859375,4049.530029296875,4072.18994140625,131395800
2024-01-18 00:00:00,4072.18994140625,4088.2900390625,4063.800048828125,4080.280029296875,133523400
2024-01-19 00:00:00,4080.280029296875,4111.16015625,4074.280029296875,4079.8701171875,174303200
2024-01-22 00:00:00,4079.8701171875,4104.89013671875,4079.8701171875,4098.31005859375,124758800
2024-01-23 00:00:00,4098.31005859375,4116.7998046875,4088.800048828125,4095.090087890625,152596800
2024-01-24 00:00:00,4095.090087890625,4124.740234375,4095.090087890625,4120.1298828125,121069100
2024-01-25 00:00:00,4120.1298828125,4128.1201171875,4107.85986328125,4122.72998046875,111706300
2024-01-26 00:00:00,4122.72998046875,4182.2099609375,4122.72021484375,4174.89013671875,149541800
2024-01-29 00:00:00,4174.89013671875,4186.72021484375,4171.41015625,4172.580078125,103298800
2024-01-30 00:00:00,4172.580078125,4198.89990234375,4172.52978515625,4189.31005859375,112078900
2024-01-31 00:00:00,4189.31005859375,4199.81982421875,4173.06005859375,4173.06005859375,146001000
2024-02-01 00:00:00,4173.06005859375,4191.64013671875,4156.009765625,4161.89013671875,141273900
2024-02-02 00:00:00,4161.89013671875,4191.85986328125,4157.16015625,4160.18994140625,130325400
2024-02-05 00:00:00,4160.18994140625,4186.330078125,4148.830078125,4154.009765625,181268700
2024-02-06 00:00:00,4154.009765625,4196.5498046875,4154.009765625,4190.18017578125,199864400
2024-02-07 00:00:00,4190.18017578125,4198.18017578125,4162.9501953125,4163.669921875,147910400
2024-02-08 00:00:00,4163.669921875,4179.259765625,4147.919921875,4148.27978515625,116129200
2024-02-09 00:00:00,4148.27978515625,4154.919921875,4129.06005859375,4136.740234375,153065800
2024-02-12 00:00:00,4136.740234375,4149.72021484375,4131.06005859375,4141.81005859375,132569300
2024-02-13 00:00:00,4141.81005859375,4146.580078125,4093.81005859375,4104.81005859375,162587600
2024-02-14 00:00:00,4104.81005859375,4145.93994140625,4104.7998046875,4132.8701171875,157635700
2024-02-15 00:00:00,4132.8701171875,4157.35986328125,4132.0400390625,4149.97998046875,130145400
2024-02-16 00:00:00,4149.97998046875,4208.9599609375,4149.97998046875,4205.25,147621900
2024-02-19 00:00:00,4205.25,4215.8798828125,4196.22021484375,4213.9501953125,96130700
2024-02-20 00:00:00,4213.9501953125,4222.18994140625,4199.64013671875,4206.0400390625,130123600
2024-02-21 00:00:00,4206.0400390625,4206.0400390625,4170.31982421875,4180.18994140625,177808000
2024-02-22 00:00:00,4180.18994140625,4201.81005859375,4176.7001953125,4195.169921875,199546600
2024-02-23 00:00:00,4195.169921875,4207.509765625,4188.06982421875,4202.759765625,156632700
2024-02-26 00:00:00,4202.759765625,4204.68994140625,4186.81005859375,4190.7998046875,172955400
2024-02-27 00:00:00,4190.7998046875,4198.10009765625,4184.35986328125,4191.43017578125,168649900
2024-02-28 00:00:00,4191.43017578125,4196.31005859375,4158.0498046875,4159.56982421875,174942600
2024-02-29 00:00:00,4159.56982421875,4189.10986328125,4158.64990234375,4163.2099609375,281439700
2024-03-01 00:00:00,4163.2099609375,4200.6201171875,4163.2001953125,4197.1201171875,180141800
2024-03-04 00:00:00,4197.1201171875,4197.169921875,4164.990234375,4174.27978515625,160948700
2024-03-05 00:00:00,4174.27978515625,4182.6298828125,4154.97998046875,4177.419921875,145138500
2024-03-06 00:00:00,4177.419921875,4211.33984375,4175.2001953125,4199.14990234375,197296800
2024-03-07 00:00:00,4199.14990234375,4219.669921875,4184.2998046875,4208.81982421875,213012200
2024-03-08 00:00:00,4208.81982421875,4209.43994140625,4184.4501953125,4194.47021484375,141161300
2024-03-11 00:00:00,4194.47021484375,4196.31982421875,4169.22998046875,4196.009765625,164303200
2024-03-12 00:00:00,4196.009765625,4242.27001953125,4196.009765625,4233.330078125,166522700
2024-03-13 00:00:00,4233.330078125,4251.47021484375,4228.81005859375,4243.7099609375,192132800
2024-03-14 00:00:00,4243.7099609375,4247.02001953125,4216.93994140625,4228.419921875,147126300
2024-03-15 00:00:00,4228.419921875,4238.2900390625,4222.08984375,4222.08984375,388487600
2024-03-18 00:00:00,4222.08984375,4233.68994140625,4214.990234375,4218.89013671875,149733000
2024-03-19 00:00:00,4218.89013671875,4224.64013671875,4205.97021484375,4224.35986328125,151164400
2024-03-20 00:00:00,4224.35986328125,4231.39013671875,4211.6201171875,4225.490234375,149903200
2024-03-21 00:00:00,4225.490234375,4309.7099609375,4225.490234375,4300.4599609375,199504700
2024-03-22 00:00:00,4300.4599609375,4337.83984375,4300.259765625,4322.509765625,153539600
2024-03-25 00:00:00,4322.509765625,4322.7001953125,4298.97998046875,4312.77978515625,151804700
2024-03-26 00:00:00,4312.77978515625,4324.7998046875,4300.60986328125,4324.2900390625,171229100
2024-03-27 00:00:00,4324.2900390625,4328.39990234375,4305.66015625,4325.93017578125,161171600
2024-03-28 00:00:00,4325.93017578125,4348.47998046875,4325.8701171875,4338.0498046875,156487200
2024-04-01 23:00:00,4338.0498046875,4370.39990234375,4322.1298828125,4324.52978515625,165364500
2024-04-02 23:00:00,4324.52978515625,4326.830078125,4297.72998046875,4326.830078125,160742100
2024-04-03 23:00:00,4326.830078125,4354.10986328125,4326.77001953125,4348.490234375,162320500
2024-04-04 23:00:00,4348.490234375,4348.490234375,4299.39990234375,4313.93994140625,130224500
2024-04-07 23:00:00,4313.93994140625,4338.22998046875,4304.47021484375,4333.27978515625,131320400
2024-04-08 23:00:00,4333.27978515625,4342.60986328125,4318.81982421875,4326.47998046875,156041800
2024-04-09 23:00:00,4326.47998046875,4363.56005859375,4316.47021484375,4339.83984375,185217300
2024-04-10 23:00:00,4339.83984375,4343.39990234375,4303.4599609375,4322.3701171875,164808600
2024-04-11 23:00:00,4322.3701171875,4382.89990234375,4322.3701171875,4353.66015625,142246000
2024-04-14 23:00:00,4353.66015625,4363.22998046875,4332.5400390625,4338.89990234375,124794800
2024-04-15 23:00:00,4338.89990234375,4338.89990234375,4247.7001953125,4260.41015625,152038800
2024-04-16 23:00:00,4260.41015625,4296.83984375,4249.330078125,4273.02001953125,136043500
2024-04-17 23:00:00,4273.02001953125,4299.43017578125,4272.1201171875,4290.02001953125,186434700
2024-04-18 23:00:00,4290.02001953125,4298.72998046875,4252.919921875,4296.41015625,139477400
2024-04-21 23:00:00,4296.41015625,4372.43994140625,4296.41015625,4362.60009765625,157478700
2024-04-22 23:00:00,4362.60009765625,4390.93994140625,4362.60009765625,4378.75,163674500
2024-04-23 23:00:00,4378.75,4400.77001953125,4369.64990234375,4374.06005859375,196275100
2024-04-24 23:00:00,4374.06005859375,4404.93017578125,4368.0498046875,4387.93994140625,173506700
2024-04-25 23:00:00,4387.93994140625,4426.93994140625,4387.93994140625,4423.58984375,134452000
2024-04-28 23:00:00,4423.58984375,4448.7099609375,4422.39990234375,4435.18017578125,128898000
2024-04-29 23:00:00,4435.18017578125,4459.56005859375,4428.31005859375,4430.25,134760300
2024-04-30 23:00:00,4430.25,4446.009765625,4413.3701171875,4418.60009765625,87607100
2024-05-01 23:00:00,4418.60009765625,4448.0498046875,4418.39013671875,4446.14990234375,137955000
2024-05-02 23:00:00,4446.14990234375,4486.47998046875,4446.1298828125,4469.08984375,103467700
2024-05-06 23:00:00,4469.08984375,4533.9501953125,4469.08984375,4522.990234375,169512300
2024-05-07 23:00:00,4522.990234375,4547.2900390625,4522.990234375,4544.240234375,167422900
2024-05-08 23:00:00,4544.240234375,4565.759765625,4541.89013671875,4558.3701171875,148602400
2024-05-09 23:00:00,4558.3701171875,4598.330078125,4558.3701171875,4586.2900390625,112235700
2024-05-12 23:00:00,4586.2900390625,4592.83984375,4572.7001953125,4575.330078125,137184600
2024-05-13 23:00:00,4575.330078125,4593.68994140625,4571.56005859375,4583.22998046875,162275800
2024-05-14 23:00:00,4583.22998046875,4606.9599609375,4583.22998046875,4596.7099609375,159179400
2024-05-15 23:00:00,4596.7099609375,4601.509765625,4579.02001953125,4594.7001953125,127795400
2024-05-16 23:00:00,4594.7001953125,4595.419921875,4573.89013671875,4584.22998046875,149221000
2024-05-19 23:00:00,4584.22998046875,4601.68994140625,4584.22998046875,4590.3798828125,117537200
2024-05-20 23:00:00,4590.3798828125,4590.39990234375,4566.259765625,4584.39990234375,144251900
2024-05-21 23:00:00,4584.39990234375,4584.39990234375,4547.18994140625,4560.5498046875,175650700
2024-05-22 23:00:00,4560.5498046875,4567.10986328125,4540.93994140625,4543.83984375,168275800
2024-05-23 23:00:00,4543.83984375,4543.83984375,4508.41015625,4538.02001953125,119030000
2024-05-27 23:00:00,4538.02001953125,4547.43017578125,4500.60009765625,4506.7900390625,159963800
2024-05-28 23:00:00,4506.7900390625,4507.27978515625,4465.52001953125,4465.6298828125,145712000
2024-05-29 23:00:00,4465.6298828125,4499.97998046875,4450.60009765625,4494.75,149942200
2024-05-30 23:00:00,4494.75,4524.7998046875,4494.75,4517.080078125,308058400
2024-06-02 23:00:00,4517.080078125,4564.60009765625,4513.7099609375,4517.02978515625,153549100
2024-06-03 23:00:00,4517.02978515625,4517.0400390625,4482.080078125,4496.8798828125,172327200
2024-06-04 23:00:00,4496.8798828125,4515.759765625,4496.83984375,4502.580078125,130623600
2024-06-05 23:00:00,4502.580078125,4523.10986328125,4502.580078125,4521.72998046875,130671200
2024-06-06 23:00:00,4521.72998046875,4526.31982421875,4480.81005859375,4498.2001953125,110616600
2024-06-09 23:00:00,4498.2001953125,4498.27978515625,4467.419921875,4487.0,111308300
2024-06-10 23:00:00,4487.0,4503.97021484375,4429.31005859375,4444.06982421875,155837300
2024-06-11 23:00:00,4444.06982421875,4492.5498046875,4444.06982421875,4482.39990234375,164751300
2024-06-12 23:00:00,4482.39990234375,4482.39990234375,4443.259765625,4448.68994140625,131372000
2024-06-13 23:00:00,4448.68994140625,4455.89990234375,4421.7900390625,4438.3701171875,115406900
2024-06-16 23:00:00,4438.3701171875,4460.7099609375,4425.83984375,4437.52978515625,123510400
2024-06-17 23:00:00,4437.52978515625,4470.66015625,4437.52978515625,4467.9501953125,111487600
2024-06-18 23:00:00,4467.9501953125,4479.1201171875,4454.72998046875,4473.3701171875,102245400
2024-06-19 23:00:00,4473.3701171875,4508.43994140625,4472.5400390625,4508.43994140625,131274300
2024-06-20 23:00:00,4508.43994140625,4513.830078125,4465.31982421875,4490.919921875,282379700
2024-06-23 23:00:00,4490.919921875,4527.2900390625,4480.31005859375,4514.759765625,122643700
2024-06-24 23:00:00,4514.759765625,4518.9501953125,4491.7900390625,4493.06982421875,121635900
2024-06-25 23:00:00,4493.06982421875,4520.5,4470.33984375,4480.66015625,149007400
2024-06-26 23:00:00,4480.66015625,4484.22021484375,4460.27001953125,4460.27001953125,113359600
2024-06-27 23:00:00,4460.27001953125,4487.5400390625,4450.509765625,4451.919921875,117741100
2024-06-30 23:00:00,4451.919921875,4483.740234375,4451.47998046875,4451.47998046875,98404600
2024-07-01 23:00:00,4451.47998046875,4451.5400390625,4422.47998046875,4429.66015625,110454000
2024-07-02 23:00:00,4429.66015625,4463.10986328125,4429.66015625,4463.08984375,150825600
2024-07-03 23:00:00,4463.08984375,4504.6201171875,4463.02001953125,4497.97021484375,82939700
2024-07-04 23:00:00,4497.97021484375,4527.06982421875,4474.91015625,4486.080078125,144396800
2024-07-07 23:00:00,4486.080078125,4500.330078125,4471.47021484375,4481.830078125,108294000
2024-07-08 23:00:00,4481.830078125,4492.68017578125,4448.22998046875,4452.60986328125,150175600
2024-07-09 23:00:00,4452.60986328125,4486.2099609375,4451.8798828125,4486.2099609375,109271700
2024-07-10 23:00:00,4486.2099609375,4509.93017578125,4484.22021484375,4508.5498046875,102961800
2024-07-11 23:00:00,4508.5498046875,4533.08984375,4508.5498046875,4522.75,82349200
2024-07-14 23:00:00,4522.75,4522.75,4482.9599609375,4490.18994140625,88323900
2024-07-15 23:00:00,4490.18994140625,4490.18994140625,4462.14013671875,4482.43994140625,90432200
2024-07-16 23:00:00,4482.43994140625,4497.3798828125,4464.10986328125,4489.240234375,104561300
2024-07-17 23:00:00,4489.240234375,4527.93017578125,4489.240234375,4501.39013671875,89036300
2024-07-18 23:00:00,4471.8798828125,4488.14990234375,4463.91015625,4473.43994140625,90764100
2024-07-21 23:00:00,4473.43994140625,4516.5400390625,4473.43994140625,4495.4599609375,110907800
2024-07-22 23:00:00,4495.4599609375,4507.9599609375,4470.56982421875,4479.490234375,126465500
2024-07-23 23:00:00,4479.490234375,4480.0,4452.02001953125,4468.58984375,104847700
2024-07-24 23:00:00,4468.58984375,4482.43017578125,4415.66015625,4481.6298828125,138927200
2024-07-25 23:00:00,4481.6298828125,4544.4599609375,4478.97998046875,4542.33984375,102063400
2024-07-28 23:00:00,4542.33984375,4583.18017578125,4542.18017578125,4542.18017578125,111618900
2024-07-29 23:00:00,4542.18017578125,4552.5498046875,4520.89990234375,4539.490234375,110725500
2024-07-30 23:00:00,4539.490234375,4602.02001953125,4539.490234375,4588.31005859375,126521500
2024-07-31 23:00:00,4588.31005859375,4607.4599609375,4534.91015625,4544.9501953125,141485900
2024-08-01 23:00:00,4544.9501953125,4544.9501953125,4466.31982421875,4474.39990234375,169207900
2024-08-04 23:00:00,4474.39990234375,4474.39990234375,4326.0,4377.740234375,216236800
2024-08-05 23:00:00,4377.740234375,4407.41015625,4350.5498046875,4390.77001953125,179370500
2024-08-06 23:00:00,4390.77001953125,4466.830078125,4390.77001953125,4462.580078125,116249600
2024-08-07 23:00:00,4462.580078125,4462.580078125,4407.330078125,4450.47998046875,110432200
2024-08-08 23:00:00,4450.47998046875,4483.7001953125,4450.31982421875,4465.0400390625,112245900
2024-08-11 23:00:00,4465.0400390625,4492.43017578125,4465.0400390625,4486.47021484375,205562900
2024-08-12 23:00:00,4486.47021484375,4502.68017578125,4476.14990234375,4500.10986328125,91865800
2024-08-13 23:00:00,4500.10986328125,4528.72998046875,4497.9599609375,4527.66015625,101646400
2024-08-14 23:00:00,4527.66015625,4572.43994140625,4523.7998046875,4562.81982421875,116064400
2024-08-15 23:00:00,4562.81982421875,4563.7900390625,4534.830078125,4544.97021484375,82762900
2024-08-18 23:00:00,4544.97021484375,4577.740234375,4532.0498046875,4569.52001953125,91453800
2024-08-19 23:00:00,4569.52001953125,4569.6298828125,4525.7001953125,4525.7001953125,78040000
2024-08-20 23:00:00,4525.7001953125,4537.7001953125,4524.72998046875,4536.490234375,121122200
2024-08-21 23:00:00,4536.490234375,4552.8798828125,4532.14013671875,4536.02001953125,147991800
2024-08-22 23:00:00,4536.02001953125,4559.93994140625,4536.009765625,4557.240234375,86567100
2024-08-26 23:00:00,4557.240234375,4593.64990234375,4557.240234375,4564.68017578125,119285800
2024-08-27 23:00:00,4564.68017578125,4572.6298828125,4551.0400390625,4560.740234375,89688000
2024-08-28 23:00:00,4560.740234375,4585.240234375,4556.68017578125,4576.33984375,99258500
2024-08-29 23:00:00,4576.33984375,4594.669921875,4571.0498046875,4576.72998046875,146508200
2024-09-01 23:00:00,4576.72998046875,4578.93017578125,4562.68994140625,4567.4599609375,78439300
2024-09-02 23:00:00,4567.4599609375,4576.3701171875,4526.1298828125,4531.6298828125,134002900
2024-09-03 23:00:00,4531.6298828125,4531.64013671875,4489.77978515625,4518.0498046875,118657900
2024-09-04 23:00:00,4518.0498046875,4526.06005859375,4503.759765625,4503.759765625,119729300
2024-09-05 23:00:00,4503.759765625,4511.4501953125,4461.330078125,4467.47021484375,105859100
2024-09-08 23:00:00,4467.47021484375,4515.33984375,4467.47021484375,4513.72021484375,95700400
2024-09-09 23:00:00,4513.72021484375,4514.0400390625,4477.60009765625,4483.759765625,120310900
2024-09-10 23:00:00,4483.759765625,4495.81982421875,4462.509765625,4474.25,134697400
2024-09-11 23:00:00,4474.25,4529.14990234375,4474.25,4501.27001953125,148065500
2024-09-12 23:00:00,4501.27001953125,4529.97021484375,4497.990234375,4522.47998046875,88266800
2024-09-15 23:00:00,4522.47998046875,4530.66015625,4510.02001953125,4525.9501953125,83689800
2024-09-16 23:00:00,4525.9501953125,4563.2998046875,4525.9501953125,4541.0,119526300
2024-09-17 23:00:00,4541.0,4541.08984375,4508.02001953125,4511.60009765625,118793700
2024-09-18 23:00:00,4511.60009765625,4574.10986328125,4511.56005859375,4556.58984375,127947800
2024-09-19 23:00:00,4556.58984375,4556.58984375,4498.18017578125,4501.080078125,248320500
2024-09-22 23:00:00,4501.080078125,4517.81982421875,4491.27978515625,4515.0,100112900
2024-09-23 23:00:00,4515.0,4539.10009765625,4513.7900390625,4523.3701171875,136718700
2024-09-24 23:00:00,4523.3701171875,4544.93994140625,4504.759765625,4516.2099609375,109866700
2024-09-25 23:00:00,4516.2099609375,4550.0400390625,4515.419921875,4531.5498046875,139025600
2024-09-26 23:00:00,4531.5498046875,4559.14013671875,4530.97021484375,4555.43994140625,131608600
2024-09-29 23:00:00,4555.43994140625,4555.830078125,4508.8798828125,4511.0,132544700
2024-09-30 23:00:00,4511.0,4538.3798828125,4505.64990234375,4525.27001953125,134671400
2024-10-01 23:00:00,4525.27001953125,4546.509765625,4517.7099609375,4528.14013671875,118691400
2024-10-02 23:00:00,4528.14013671875,4548.0,4513.3701171875,4523.169921875,121530500
2024-10-03 23:00:00,4523.169921875,4536.47998046875,4502.06005859375,4527.240234375,104754100
2024-10-06 23:00:00,4527.240234375,4546.22021484375,4514.22998046875,4536.43017578125,102529000
2024-10-07 23:00:00,4536.43017578125,4536.56982421875,4473.580078125,4477.14990234375,119630400
2024-10-08 23:00:00,4477.14990234375,4507.43994140625,4476.259765625,4507.43994140625,90145300
2024-10-09 23:00:00,4507.43994140625,4520.5,4493.0498046875,4501.3701171875,110752800
2024-10-10 23:00:00,4501.3701171875,4516.419921875,4489.009765625,4510.35009765625,85069800
2024-10-13 23:00:00,4510.35009765625,4530.10009765625,4501.3798828125,4530.10009765625,104624600
2024-10-14 23:00:00,4530.10009765625,4536.10986328125,4506.02978515625,4509.10986328125,125779700
2024-10-15 23:00:00,4509.10986328125,4561.66015625,4509.10986328125,4551.77001953125,142571000
2024-10-16 23:00:00,4551.77001953125,4585.56005859375,4547.97021484375,4581.39013671875,135798800
2024-10-17 23:00:00,4581.39013671875,4581.39013671875,4548.2900390625,4570.2998046875,123974700
2024-10-20 23:00:00,4570.2998046875,4587.02001953125,4544.06005859375,4544.06005859375,98482300
2024-10-21 23:00:00,4544.06005859375,4544.240234375,4510.16015625,4539.68994140625,100011800
2024-10-22 23:00:00,4539.68994140625,4548.33984375,4511.06982421875,4514.2099609375,109425600
2024-10-23 23:00:00,4514.2099609375,4552.6201171875,4513.16015625,4517.97021484375,142071100
2024-10-24 23:00:00,4517.97021484375,4522.58984375,4506.72021484375,4509.3701171875,131822400
2024-10-28 00:00:00,4509.3701171875,4530.83984375,4489.97021484375,4526.60009765625,140593600
2024-10-29 00:00:00,4526.60009765625,4544.97998046875,4487.47021484375,4489.39013671875,148402000
2024-10-30 00:00:00,4489.39013671875,4491.740234375,4459.830078125,4464.18994140625,156825500
2024-10-31 00:00:00,4464.18994140625,4464.2099609375,4412.31005859375,4431.830078125,146613000
2024-11-01 00:00:00,4431.830078125,4478.5,4429.60009765625,4465.60986328125,120133400
2024-11-04 00:00:00,4465.60986328125,4497.490234375,4463.7099609375,4468.3701171875,124130600
2024-11-05 00:00:00,4468.3701171875,4485.56982421875,4450.7099609375,4460.27001953125,117790700
2024-11-06 00:00:00,4460.27001953125,4533.580078125,4448.3701171875,4460.02978515625,149079400
2024-11-07 00:00:00,4460.02978515625,4475.3701171875,4453.47998046875,4453.47998046875,141432600
2024-11-08 00:00:00,4453.47998046875,4460.77001953125,4412.47998046875,4417.830078125,125436400
2024-11-11 00:00:00,4417.830078125,4461.27001953125,4417.830078125,4448.669921875,106834500
2024-11-12 00:00:00,4448.669921875,4448.669921875,4390.240234375,4393.14013671875,151448600
2024-11-13 00:00:00,4393.14013671875,4412.81005859375,4375.669921875,4392.8798828125,144091500
2024-11-14 00:00:00,4392.8798828125,4421.330078125,4384.330078125,4417.25,110424100
2024-11-15 00:00:00,4417.25,4427.16015625,4395.89013671875,4412.18994140625,108264100
2024-11-18 00:00:00,4412.18994140625,4431.1298828125,4403.169921875,4431.1298828125,114429300
2024-11-19 00:00:00,4431.1298828125,4449.85009765625,4401.25,4427.06005859375,110897100
2024-11-20 00:00:00,4427.06005859375,4441.14013671875,4408.990234375,4414.9501953125,116857900
2024-11-21 00:00:00,4414.9501953125,4448.31005859375,4403.35986328125,4448.06005859375,144559900
2024-11-22 00:00:00,4448.06005859375,4514.64990234375,4447.91015625,4507.56982421875,115721400
2024-11-25 00:00:00,4507.56982421875,4533.18994140625,4507.41015625,4526.419921875,252352300
2024-11-26 00:00:00,4526.419921875,4526.419921875,4500.419921875,4505.580078125,107259200
2024-11-27 00:00:00,4505.580078125,4517.3701171875,4495.990234375,4514.10009765625,105083600
2024-11-28 00:00:00,4514.10009765625,4532.2900390625,4513.72021484375,4521.5400390625,84328800
2024-11-29 00:00:00,4521.5400390625,4527.08984375,4507.2998046875,4524.8798828125,106807400
2024-12-02 00:00:00,4524.8798828125,4547.10009765625,4517.60009765625,4536.91015625,113949400
2024-12-03 00:00:00,4536.91015625,4576.509765625,4536.509765625,4562.5400390625,126444200
2024-12-04 00:00:00,4562.5400390625,4565.06005859375,4546.9599609375,4554.93994140625,116346600
2024-12-05 00:00:00,4554.93994140625,4561.93017578125,4546.8798828125,4561.2099609375,123840700
2024-12-06 00:00:00,4561.2099609375,4566.60009765625,4540.85986328125,4543.97998046875,146134500
2024-12-09 00:00:00,4543.97998046875,4574.5400390625,4543.9599609375,4564.3798828125,113428100
2024-12-10 00:00:00,4564.3798828125,4564.43017578125,4525.25,4528.64013671875,101908000
2024-12-11 00:00:00,4528.64013671875,4546.72998046875,4511.60986328125,4538.41015625,172628700
2024-12-12 00:00:00,4538.41015625,4552.64990234375,4536.81005859375,4542.56005859375,99792300
2024-12-13 00:00:00,4542.56005859375,4553.009765625,4527.27978515625,4535.41015625,97487800
2024-12-16 00:00:00,4535.41015625,4537.64013671875,4511.85009765625,4515.16015625,94291900
2024-12-17 00:00:00,4515.16015625,4515.16015625,4475.080078125,4475.5498046875,168849700
2024-12-18 00:00:00,4475.5498046875,4495.02001953125,4475.5498046875,4478.990234375,124654200
2024-12-19 00:00:00,4478.990234375,4478.990234375,4415.2001953125,4428.91015625,131715300
2024-12-20 00:00:00,4428.91015625,4430.22021484375,4376.509765625,4421.10986328125,238113000
2024-12-23 00:00:00,4421.10986328125,4432.89990234375,4403.83984375,4428.72998046875,85130000
2024-12-24 00:00:00,4428.72998046875,4456.080078125,4428.72998046875,4449.60986328125,34863800
2024-12-27 00:00:00,4449.60986328125,4454.4501953125,4436.0498046875,4453.14013671875,52605100
2024-12-30 00:00:00,4453.14013671875,4453.14013671875,4422.919921875,4437.14013671875,51223400
